Gammal kod,Gammalt namn,Ny kod,Nytt namn,Datum ikraftträdande,Ändringstyp,Ändring
010201,Björkö-Arholma,018802,Björkö-Arholma,1971-01-01,21,Kodändrad; ny kommuntillhörighet
010202,Väddö,018803,Väddö,1971-01-01,21,Kodändrad; ny kommuntillhörighet
010301,Singö,018804,Singö,1971-01-01,21,Kodändrad; ny kommuntillhörighet
010302,Häverö,018805,Häverö,1971-01-01,21,Kodändrad; ny kommuntillhörighet
010303,Edebo,018806,Edebo,1971-01-01,21,Kodändrad; ny kommuntillhörighet
010304,Ununge,018807,Ununge,1971-01-01,21,Kodändrad; ny kommuntillhörighet
010401,Edsbro,018808,Edsbro,1971-01-01,21,Kodändrad; ny kommuntillhörighet
010402,Knutby,038028,Knutby,1971-01-01,22,Kodändrad; både ny läns- och kommuntillhörighet
010403,Bladåker,038029,Bladåker,1971-01-01,22,Kodändrad; både ny läns- och kommuntillhörighet
010404,Faringe,038030,Faringe,1971-01-01,22,Kodändrad; både ny läns- och kommuntillhörighet
010501,Almunge,038031,Almunge,1971-01-01,22,Kodändrad; både ny läns- och kommuntillhörighet
010601,Fasterna,018809,Fasterna,1971-01-01,21,Kodändrad; ny kommuntillhörighet
010602,Rimbo,018810,Rimbo,1971-01-01,21,Kodändrad; ny kommuntillhörighet
010603,Rö,018811,Rö,1971-01-01,21,Kodändrad; ny kommuntillhörighet
010604,Skederid,018812,Skederid,1971-01-01,21,Kodändrad; ny kommuntillhörighet
010605,Husby-Sjuhundra,018813,Husby-Sjuhundra,1971-01-01,21,Kodändrad; ny kommuntillhörighet
010606,Gottröra,018814,Gottröra,1971-01-01,21,Kodändrad; ny kommuntillhörighet
010607,Närtuna,018815,Närtuna,1971-01-01,21,Kodändrad; ny kommuntillhörighet
010701,Malsta,018816,Malsta,1971-01-01,21,Kodändrad; ny kommuntillhörighet
010702,Lohärad,018817,Lohärad,1971-01-01,21,Kodändrad; ny kommuntillhörighet
010703,Estuna,018818,Estuna,1971-01-01,21,Kodändrad; ny kommuntillhörighet
010704,Söderby-Karl,018819,Söderby-Karl,1971-01-01,21,Kodändrad; ny kommuntillhörighet
010705,Roslags-Bro,018820,Roslags-Bro,1971-01-01,21,Kodändrad; ny kommuntillhörighet
010706,Vätö,018821,Vätö,1971-01-01,21,Kodändrad; ny kommuntillhörighet
010801,Rådmansö,018822,Rådmansö,1971-01-01,21,Kodändrad; ny kommuntillhörighet
010802,Frötuna,018823,Frötuna,1971-01-01,21,Kodändrad; ny kommuntillhörighet
010901,Blidö,018824,Blidö,1971-01-01,21,Kodändrad; ny kommuntillhörighet
011001,Länna,018825,Länna,1971-01-01,21,Kodändrad; ny kommuntillhörighet
011003,Riala,018826,Riala,1971-01-01,21,Kodändrad; ny kommuntillhörighet
011101,Lagga,038032,Lagga,1971-01-01,22,Kodändrad; både ny läns- och kommuntillhörighet
011102,Alsike,038033,Alsike,1971-01-01,22,Kodändrad; både ny läns- och kommuntillhörighet
011103,Vassunda,038034,Vassunda,1971-01-01,22,Kodändrad; både ny läns- och kommuntillhörighet
011104,Knivsta,038035,Knivsta,1971-01-01,22,Kodändrad; både ny läns- och kommuntillhörighet
011105,Östuna,038036,Östuna,1971-01-01,22,Kodändrad; både ny läns- och kommuntillhörighet
011106,Husby-Långhundra,038037,Husby-Långhundra,1971-01-01,22,Kodändrad; både ny läns- och kommuntillhörighet
011301,Odensala,019105,Odensala,1971-01-01,21,Kodändrad; ny kommuntillhörighet
011302,Husby-Ärlinghundra,019106,Husby-Ärlinghundra,1971-01-01,21,Kodändrad; ny kommuntillhörighet
011303,Skånela,019107,Skånela,1971-01-01,21,Kodändrad; ny kommuntillhörighet
011304,Norrsunda,019108,Norrsunda,1971-01-01,21,Kodändrad; ny kommuntillhörighet
011305,Skepptuna,019109,Skepptuna,1971-01-01,21,Kodändrad; ny kommuntillhörighet
011306,Lunda,019110,Lunda,1971-01-01,21,Kodändrad; ny kommuntillhörighet
011307,Vidbo,019111,Vidbo,1971-01-01,21,Kodändrad; ny kommuntillhörighet
011501,Vallentuna,011501,Vallentuna,2006-01-01,15,Utvidgas
011502,Markim,011501,Vallentuna,2006-01-01,10,Upphör; till befintlig
011503,Orkesta,011501,Vallentuna,2006-01-01,10,Upphör; till befintlig
011504,Frösunda,011501,Vallentuna,2006-01-01,10,Upphör; till befintlig
011505,Kårsta,011507,Össeby,2006-01-01,10,Upphör; till befintlig
011506,Vada,011507,Össeby,2006-01-01,10,Upphör; till befintlig
011507,Össeby-Garn,011507,Össeby,2006-01-01,16,Utvidgas och namnändras
011508,Angarn,011507,Össeby,2006-01-01,10,Upphör; till befintlig
011601,Kårsta,011505,Kårsta,1971-01-01,21,Kodändrad; ny kommuntillhörighet
011602,Vada,011506,Vada,1971-01-01,21,Kodändrad; ny kommuntillhörighet
011603,Össeby-Garn,011507,Össeby-Garn,1971-01-01,21,Kodändrad; ny kommuntillhörighet
011604,Angarn,011508,Angarn,1971-01-01,21,Kodändrad; ny kommuntillhörighet
011701,Östra Ryd,011702,Österåker-Östra Ryd,1992-01-01,10,Upphör; till befintlig
011701,Östra Ryd,018702,Östra Ryd,1974-01-01,21,Kodändrad; ny kommuntillhörighet
011702,Österåker,018703,Österåker,1974-01-01,21,Kodändrad; ny kommuntillhörighet
011702,Österåker,011702,Österåker-Östra Ryd,1992-01-01,16,Utvidgas och namnändras
011703,Ljusterö,011703,Ljusterö-Kulla,1998-01-01,16,Utvidgas och namnändras
011703,Ljusterö,018704,Ljusterö,1974-01-01,21,Kodändrad; ny kommuntillhörighet
011704,Roslags-Kulla,018705,Roslags-Kulla,1974-01-01,21,Kodändrad; ny kommuntillhörighet
011704,Roslags-Kulla,011703,Ljusterö-Kulla,1998-01-01,10,Upphör; till befintlig
011901,Möja,012002,Möja,1974-01-01,21,Kodändrad; ny kommuntillhörighet
011902,Djurö,012003,Djurö,1974-01-01,21,Kodändrad; ny kommuntillhörighet
011903,Nämdö,012004,Nämdö,1974-01-01,21,Kodändrad; ny kommuntillhörighet
012002,Möja,012003,"Djurö, Möja och Nämdö",2002-01-01,10,Upphör; till befintlig
012003,Djurö,012003,"Djurö, Möja och Nämdö",2002-01-01,16,Utvidgas och namnändras
012004,Nämdö,012003,"Djurö, Möja och Nämdö",2002-01-01,10,Upphör; till befintlig
012005,Ingarö,012006,Gustavsberg-Ingarö,2010-01-01,10,Upphör; till befintlig
012006,Gustavsberg,012006,Gustavsberg-Ingarö,2010-01-01,16,Utvidgas och namnändras
012101,Ingarö,012005,Ingarö,1974-01-01,21,Kodändrad; ny kommuntillhörighet
012102,Gustavsberg,012006,Gustavsberg,1974-01-01,21,Kodändrad; ny kommuntillhörighet
012201,Boo,018203,Boo,1971-01-01,21,Kodändrad; ny kommuntillhörighet
012301,Järfälla,012305,Kallhäll,1992-01-01,11,Upphör; till nybildad
012301,Järfälla,012302,Barkarby,1992-01-01,11,Upphör; till nybildad
012301,Järfälla,012303,Viksjö,1992-01-01,11,Upphör; till nybildad
012301,Järfälla,012304,Jakobsberg,1992-01-01,11,Upphör; till nybildad
012302,Barkarby,012304,Järfälla,2010-01-01,10,Upphör; till befintlig
012303,Viksjö,012304,Järfälla,2010-01-01,10,Upphör; till befintlig
012304,Jakobsberg,012304,Järfälla,2010-01-01,16,Utvidgas och namnändras
012305,Kallhäll,012304,Järfälla,2010-01-01,10,Upphör; till befintlig
012401,Hilleshög,012505,Hilleshög,1971-01-01,21,Kodändrad; ny kommuntillhörighet
012402,Skå,012506,Skå,1971-01-01,21,Kodändrad; ny kommuntillhörighet
012403,Sånga,012507,Sånga,1971-01-01,21,Kodändrad; ny kommuntillhörighet
012404,Färentuna,012508,Färentuna,1971-01-01,21,Kodändrad; ny kommuntillhörighet
012501,Munsö,012501,Adelsö-Munsö,2006-01-01,16,Utvidgas och namnändras
012502,Adelsö,012501,Adelsö-Munsö,2006-01-01,10,Upphör; till befintlig
012505,Hilleshög,012509,Färingsö,1992-01-01,11,Upphör; till nybildad
012506,Skå,012509,Färingsö,1992-01-01,11,Upphör; till nybildad
012507,Sånga,012509,Färingsö,1992-01-01,11,Upphör; till nybildad
012508,Färentuna,012509,Färingsö,1992-01-01,11,Upphör; till nybildad
012601,Huddinge,012602,Trångsund,1974-01-01,12,Ger del till nybildad
012601,Huddinge,012603,S:t Mikael,1989-01-01,13,Ger delar till nybildade
012601,Huddinge,012604,Flemingsberg,1989-01-01,13,Ger delar till nybildade
012602,Trångsund,012602,Trångsund-Skogås,2012-01-01,40,Namnändrad (ej kodändrad)
012701,Botkyrka,012701,Botkyrka,2006-01-01,15,Utvidgas
012701,Botkyrka,012703,Tumba,1974-01-01,12,Ger del till nybildad
012703,Tumba,012705,Tullinge,1992-01-01,12,Ger del till nybildad
012703,Tumba,012701,Botkyrka,2006-01-01,10,Upphör; till befintlig
012704,Salem,012801,Salem,1983-01-01,21,Kodändrad; ny kommuntillhörighet
012705,Tullinge,012701,Botkyrka,2006-01-01,10,Upphör; till befintlig
012801,Salem,012704,Salem,1974-01-01,21,Kodändrad; ny kommuntillhörighet
012901,Grödinge,012702,Grödinge,1971-01-01,21,Kodändrad; ny kommuntillhörighet
013101,Turinge,018105,Turinge,1971-01-01,21,Kodändrad; ny kommuntillhörighet
013201,Vårdinge,018106,Vårdinge,1971-01-01,21,Kodändrad; ny kommuntillhörighet
013202,Överjärna,018107,Överjärna,1971-01-01,21,Kodändrad; ny kommuntillhörighet
013203,Ytterjärna,018108,Ytterjärna,1971-01-01,21,Kodändrad; ny kommuntillhörighet
013301,Sorunda,019202,Sorunda,1974-01-01,21,Kodändrad; ny kommuntillhörighet
013401,Torö,019203,Torö,1974-01-01,21,Kodändrad; ny kommuntillhörighet
013402,Ösmo,019204,Ösmo,1974-01-01,21,Kodändrad; ny kommuntillhörighet
013501,Västerhaninge,013606,Västerhaninge,1971-01-01,21,Kodändrad; ny kommuntillhörighet
013502,Muskö,013607,Muskö,1971-01-01,21,Kodändrad; ny kommuntillhörighet
013603,Utö,013605,Dalarö-Ornö-Utö,2002-01-01,10,Upphör; till befintlig
013604,Ornö,013605,Dalarö-Ornö-Utö,2002-01-01,10,Upphör; till befintlig
013605,Dalarö,013605,Dalarö-Ornö-Utö,2002-01-01,16,Utvidgas och namnändras
013606,Västerhaninge,013606,Västerhaninge-Muskö,2002-01-01,16,Utvidgas och namnändras
013607,Muskö,013606,Västerhaninge-Muskö,2002-01-01,10,Upphör; till befintlig
013901,Bro,013901,Bro,2006-01-01,15,Utvidgas
013901,Bro,013901,Bro,2010-01-01,15,Utvidgas
013902,Låssa,013901,Bro,2006-01-01,10,Upphör; till befintlig
013903,Kungsängen,013903,Kungsängen-Västra Ryd,1998-01-01,16,Utvidgas och namnändras
013904,Västra Ryd,013903,Kungsängen-Västra Ryd,1998-01-01,10,Upphör; till befintlig
013905,Håbo-Tibble,013901,Bro,2006-01-01,10,Upphör; till befintlig
013906,Håtuna,013901,Bro,2010-01-01,10,Upphör; till befintlig
014001,Turinge,014001,Turinge-Taxinge,2002-01-01,16,Utvidgas och namnändras
014002,Taxinge,014001,Turinge-Taxinge,2002-01-01,10,Upphör; till befintlig
016201,"Danderyd, del",016201,Danderyd,1971-01-01,16,Utvidgas och namnändras
016401,Saltsjöbaden,018202,Saltsjöbaden,1971-01-01,21,Kodändrad; ny kommuntillhörighet
018001,Storkyrkoförsamlingen,018001,Stockholms domkyrkoförs.,1989-01-01,16,Utvidgas och namnändras
018002,Klara,018001,Stockholms domkyrkoförs.,1989-01-01,10,Upphör; till befintlig
018003,Jakob,018001,Stockholms domkyrkoförs.,1989-01-01,10,Upphör; till befintlig
018004,Johannes,018004,S:t Johannes,2002-06-17,40,Namnändrad (ej kodändrad)
018007,Matteus,018007,S:t Matteus,2001-06-18,40,Namnändrad (ej kodändrad)
018018,Kungsholm,018019,Västermalm,2014-01-01,10,Upphör; till befintlig
018019,S:t Göran,018019,Västermalm,2014-01-01,16,Utvidgas och namnändras
018021,Brännkyrka,018034,Enskede-Årsta,2015-01-01,14,Ger del/delar till befintlig
018021,Brännkyrka,018039,Hägersten,2014-01-01,14,Ger del/delar till befintlig
018028,Essinge,018019,Västermalm,2014-01-01,10,Upphör; till befintlig
018030,Spånga,018041,Spånga kbfd,1976-01-01,11,Upphör; till nybildad
018030,Spånga kbfd,018030,Spånga,1974-01-01,40,Namnändrad (ej kodändrad)
018030,Spånga,018042,Kista kbfd,1976-01-01,11,Upphör; till nybildad
018031,Vällingby kbfd,018031,Vällingby,1974-01-01,40,Namnändrad (ej kodändrad)
018034,Enskede,018034,Enskede-Årsta,2008-01-01,40,Namnändrad (ej kodändrad)
018034,Enskede-Årsta,018034,Enskede-Årsta,2015-01-01,15,Utvidgas
018039,Hägersten,018021,Brännkyrka,2014-01-01,14,Ger del/delar till befintlig
018041,Spånga kbfd,018041,Spånga,1980-01-01,40,Namnändrad (ej kodändrad)
018041,Spånga,018041,Spånga-Kista,2010-01-01,16,Utvidgas och namnändras
018042,Kista,018041,Spånga-Kista,2010-01-01,10,Upphör; till befintlig
018042,Kista kbfd,018042,Kista,1980-01-01,40,Namnändrad (ej kodändrad)
018101,Södertälje,018101,Södertälje-Tveta,2002-01-01,16,Utvidgas och namnändras
018101,Södertälje,018112,Västertälje,1973-01-01,12,Ger del till nybildad
018101,Södertälje-Tveta,018101,Södertälje,2010-01-01,16,Utvidgas och namnändras
018103,Tveta,018101,Södertälje-Tveta,2002-01-01,10,Upphör; till befintlig
018105,Turinge,014001,Turinge,1999-01-01,21,Kodändrad; ny kommuntillhörighet
018109,Taxinge,014002,Taxinge,1999-01-01,21,Kodändrad; ny kommuntillhörighet
018110,Hölö,018110,Hölö-Mörkö,2010-01-01,16,Utvidgas och namnändras
018111,Mörkö,018110,Hölö-Mörkö,2010-01-01,10,Upphör; till befintlig
018112,Västertälje,018101,Södertälje,2010-01-01,10,Upphör; till befintlig
018401,Solna,018401,Solna,2008-01-01,15,Utvidgas
018402,Råsunda,018401,Solna,2008-01-01,10,Upphör; till befintlig
018501,"Danderyd, del",016201,Danderyd,1971-01-01,10,Upphör; till befintlig
018601,Lidingö,018601,Lidingö,2012-01-01,15,Utvidgas
018602,"Vaxholm, del",018601,Lidingö,2012-01-01,10,Upphör; till befintlig
018701,Vaxholm,018602,"Vaxholm, del",2011-01-01,12,Ger del till nybildad
018701,Vaxholm,018701,"Vaxholm, del",2011-01-01,40,Namnändrad (ej kodändrad)
018701,"Vaxholm, del",018701,Vaxholm,2012-01-01,40,Namnändrad (ej kodändrad)
018702,Östra Ryd,011701,Östra Ryd,1983-01-01,21,Kodändrad; ny kommuntillhörighet
018703,Österåker,011702,Österåker,1983-01-01,21,Kodändrad; ny kommuntillhörighet
018704,Ljusterö,011703,Ljusterö,1983-01-01,21,Kodändrad; ny kommuntillhörighet
018705,Roslags-Kulla,011704,Roslags-Kulla,1983-01-01,21,Kodändrad; ny kommuntillhörighet
018801,Norrtälje,018801,Norrtälje-Malsta,2001-01-01,16,Utvidgas och namnändras
018802,Björkö-Arholma,018803,Väddö och Björkö-Arholma,2014-01-01,10,Upphör; till befintlig
018803,Väddö,018803,Väddö och Björkö-Arholma,2014-01-01,16,Utvidgas och namnändras
018803,Väddö och Björkö-Arholma,018803,Väddö,2018-01-01,16,Utvidgas och namnändras
018804,Singö,018805,Häverö-Singö,2006-01-01,10,Upphör; till befintlig
018805,Häverö,018805,Häverö-Singö,2006-01-01,16,Utvidgas och namnändras
018805,Häverö-Singö,018805,Häverö-Edebo-Singö,2010-01-01,16,Utvidgas och namnändras
018805,Häverö-Edebo-Singö,018805,Häverö-Edebo-Singö,2018-01-01,40,Namnändrad (ej kodändrad)
018805,Häverö-Edebo-Singö,018805,Häverö-Edebo-Singö,2018-01-01,40,Namnändrad (ej kodändrad)
018805,Häverö-Edebo-Singö,018805,Häverö-Edebo,2018-01-01,40,Namnändrad (ej kodändrad)
018805,Häverö-Edebo-Singö,018805,Häverö-Edebo,2018-01-01,40,Namnändrad (ej kodändrad)
018805,Häverö-Edebo-Singö,018803,Väddö,2018-01-01,14,Ger del/delar till befintlig
018805,Häverö-Edebo-Singö,018803,Väddö,2018-01-01,14,Ger del/delar till befintlig
018806,Edebo,018805,Häverö-Edebo-Singö,2010-01-01,10,Upphör; till befintlig
018807,Ununge,018808,Edsbro-Ununge,2010-01-01,10,Upphör; till befintlig
018808,Edsbro,018808,Edsbro-Ununge,2010-01-01,16,Utvidgas och namnändras
018811,Rö,018812,"Husby, Skederid och Rö",2008-01-01,10,Upphör; till befintlig
018812,Skederid,018812,"Husby, Skederid och Rö",2008-01-01,16,Utvidgas och namnändras
018813,Husby-Sjuhundra,018812,"Husby, Skederid och Rö",2008-01-01,10,Upphör; till befintlig
018816,Malsta,018801,Norrtälje-Malsta,2001-01-01,10,Upphör; till befintlig
018818,Estuna,018818,Estuna och Söderby-Karl,2006-01-01,16,Utvidgas och namnändras
018819,Söderby-Karl,018818,Estuna och Söderby-Karl,2006-01-01,10,Upphör; till befintlig
018820,Roslags-Bro,018820,Roslagsbro-Vätö,2010-01-01,16,Utvidgas och namnändras
018821,Vätö,018820,Roslagsbro-Vätö,2010-01-01,10,Upphör; till befintlig
018901,Östhammar,038201,Östhammar,1971-01-01,20,Kodändrad; ny länstillhörighet
018902,Forsmark,038202,Forsmark,1971-01-01,20,Kodändrad; ny länstillhörighet
018903,Valö,038203,Valö,1971-01-01,20,Kodändrad; ny länstillhörighet
018904,Börstil,038204,Börstil,1971-01-01,20,Kodändrad; ny länstillhörighet
018905,Hökhuvud,038205,Hökhuvud,1971-01-01,20,Kodändrad; ny länstillhörighet
018906,Harg,038206,Harg,1971-01-01,20,Kodändrad; ny länstillhörighet
018907,Öregrund,038207,Öregrund,1971-01-01,20,Kodändrad; ny länstillhörighet
018908,Gräsö,038208,Gräsö,1971-01-01,20,Kodändrad; ny länstillhörighet
019101,Sigtuna,019101,Sigtuna,2002-01-01,15,Utvidgas
019102,S:t Olof,019101,Sigtuna,2002-01-01,10,Upphör; till befintlig
019103,S:t Per,019101,Sigtuna,2002-01-01,10,Upphör; till befintlig
019104,Haga,019101,Sigtuna,2002-01-01,10,Upphör; till befintlig
019105,Odensala,019106,Husby-Ärlinghundra,1998-01-01,10,Upphör; till befintlig
019106,Husby-Ärlinghundra,019106,Husby-Ärlinghundra,1998-01-01,15,Utvidgas
019106,Husby-Ärlinghundra,019112,Valsta,1998-01-01,12,Ger del till nybildad
019107,Skånela,019108,Norrsunda,1998-01-01,10,Upphör; till befintlig
019108,Norrsunda,019108,Norrsunda,1998-01-01,15,Utvidgas
019109,Skepptuna,019109,Skepptuna,1998-01-01,15,Utvidgas
019110,Lunda,019109,Skepptuna,1998-01-01,10,Upphör; till befintlig
019111,Vidbo,019109,Skepptuna,1998-01-01,10,Upphör; till befintlig
019203,Torö,019204,Ösmo-Torö,2006-01-01,10,Upphör; till befintlig
019204,Ösmo,019204,Ösmo-Torö,2006-01-01,16,Utvidgas och namnändras
030101,Enköpings-Näs,038102,Enköpings-Näs,1971-01-01,21,Kodändrad; ny kommuntillhörighet
030102,Teda,038103,Teda,1971-01-01,21,Kodändrad; ny kommuntillhörighet
030103,Svinnegarn,038104,Svinnegarn,1971-01-01,21,Kodändrad; ny kommuntillhörighet
030104,Tillinge,038105,Tillinge,1971-01-01,21,Kodändrad; ny kommuntillhörighet
030105,Bred,038106,Bred,1971-01-01,21,Kodändrad; ny kommuntillhörighet
030106,Sparrsätra,038107,Sparrsätra,1971-01-01,21,Kodändrad; ny kommuntillhörighet
030107,Vårfrukyrka,038108,Vårfrukyrka,1971-01-01,21,Kodändrad; ny kommuntillhörighet
030201,Boglösa,038109,Boglösa,1971-01-01,21,Kodändrad; ny kommuntillhörighet
030202,Lillkyrka,038110,Lillkyrka,1971-01-01,21,Kodändrad; ny kommuntillhörighet
030203,Vallby,038111,Vallby,1971-01-01,21,Kodändrad; ny kommuntillhörighet
030204,Kungs-Husby,038112,Kungs-Husby,1971-01-01,21,Kodändrad; ny kommuntillhörighet
030205,Torsvi,038113,Torsvi,1971-01-01,21,Kodändrad; ny kommuntillhörighet
030206,Veckholm,038114,Veckholm,1971-01-01,21,Kodändrad; ny kommuntillhörighet
030301,Hacksta,038115,Hacksta,1971-01-01,21,Kodändrad; ny kommuntillhörighet
030302,Löt,038116,Löt,1971-01-01,21,Kodändrad; ny kommuntillhörighet
030303,Villberga,038117,Villberga,1971-01-01,21,Kodändrad; ny kommuntillhörighet
030304,Husby-Sjutolft,038118,Husby-Sjutolft,1971-01-01,21,Kodändrad; ny kommuntillhörighet
030305,Litslena,038119,Litslena,1971-01-01,21,Kodändrad; ny kommuntillhörighet
030306,Härkeberga,038120,Härkeberga,1971-01-01,21,Kodändrad; ny kommuntillhörighet
030401,Bro,013901,Bro,1971-01-01,20,Kodändrad; ny länstillhörighet
030402,Låssa,013902,Låssa,1971-01-01,20,Kodändrad; ny länstillhörighet
030403,Kungsängen,013903,Kungsängen,1971-01-01,20,Kodändrad; ny länstillhörighet
030404,Västra Ryd,013904,Västra Ryd,1971-01-01,20,Kodändrad; ny länstillhörighet
030405,Håbo-Tibble,013905,Håbo-Tibble,1971-01-01,20,Kodändrad; ny länstillhörighet
030406,Håtuna,013906,Håtuna,1971-01-01,20,Kodändrad; ny länstillhörighet
030501,Kalmar,030501,Kalmar-Yttergran,2010-01-01,16,Utvidgas och namnändras
030502,Yttergran,030501,Kalmar-Yttergran,2010-01-01,10,Upphör; till befintlig
030601,Holm,038121,Holm,1971-01-01,21,Kodändrad; ny kommuntillhörighet
030602,Fittja,038122,Fittja,1971-01-01,21,Kodändrad; ny kommuntillhörighet
030603,Kulla,038123,Kulla,1971-01-01,21,Kodändrad; ny kommuntillhörighet
030604,Hjälsta,038124,Hjälsta,1971-01-01,21,Kodändrad; ny kommuntillhörighet
030605,Giresta,038125,Giresta,1971-01-01,21,Kodändrad; ny kommuntillhörighet
030606,Fröslunda,038126,Fröslunda,1971-01-01,21,Kodändrad; ny kommuntillhörighet
030607,Biskopskulla,038127,Biskopskulla,1971-01-01,21,Kodändrad; ny kommuntillhörighet
030608,Långtora,038128,Långtora,1971-01-01,21,Kodändrad; ny kommuntillhörighet
030609,Nysätra,038129,Nysätra,1971-01-01,21,Kodändrad; ny kommuntillhörighet
030610,Gryta,038130,Gryta,1971-01-01,21,Kodändrad; ny kommuntillhörighet
030801,Läby,038013,Läby,1971-01-01,21,Kodändrad; ny kommuntillhörighet
030802,Vänge,038014,Vänge,1971-01-01,21,Kodändrad; ny kommuntillhörighet
030803,Åland,038015,Åland,1971-01-01,21,Kodändrad; ny kommuntillhörighet
030804,Skogs-Tibble,038016,Skogs-Tibble,1971-01-01,21,Kodändrad; ny kommuntillhörighet
030805,Järlåsa,038017,Järlåsa,1971-01-01,21,Kodändrad; ny kommuntillhörighet
030901,Jumkil,038018,Jumkil,1971-01-01,21,Kodändrad; ny kommuntillhörighet
030902,Börje,038019,Börje,1971-01-01,21,Kodändrad; ny kommuntillhörighet
030903,Åkerby,038020,Åkerby,1971-01-01,21,Kodändrad; ny kommuntillhörighet
030904,Bälinge,038021,Bälinge,1971-01-01,21,Kodändrad; ny kommuntillhörighet
030905,Skuttunge,038022,Skuttunge,1971-01-01,21,Kodändrad; ny kommuntillhörighet
031201,Stavby,038039,Stavby,1974-01-01,21,Kodändrad; ny kommuntillhörighet
031202,Tuna,038040,Tuna,1974-01-01,21,Kodändrad; ny kommuntillhörighet
031203,Alunda,038209,Alunda,1974-01-01,21,Kodändrad; ny kommuntillhörighet
031204,Ekeby,038210,Ekeby,1974-01-01,21,Kodändrad; ny kommuntillhörighet
031205,Skäfthammar,038211,Skäfthammar,1974-01-01,21,Kodändrad; ny kommuntillhörighet
031206,Rasbo,038041,Rasbo,1974-01-01,21,Kodändrad; ny kommuntillhörighet
031207,Rasbokil,038042,Rasbokil,1974-01-01,21,Kodändrad; ny kommuntillhörighet
031301,Morkarla,038212,Morkarla,1974-01-01,21,Kodändrad; ny kommuntillhörighet
031302,Film,038213,Film,1974-01-01,21,Kodändrad; ny kommuntillhörighet
031303,Dannemora,038214,Dannemora,1974-01-01,21,Kodändrad; ny kommuntillhörighet
031401,Tensta,038023,Tensta,1971-01-01,21,Kodändrad; ny kommuntillhörighet
031402,Lena,038024,Lena,1971-01-01,21,Kodändrad; ny kommuntillhörighet
031403,Ärentuna,038025,Ärentuna,1971-01-01,21,Kodändrad; ny kommuntillhörighet
031501,Björklinge,038026,Björklinge,1971-01-01,21,Kodändrad; ny kommuntillhörighet
031502,Viksta,038027,Viksta,1971-01-01,21,Kodändrad; ny kommuntillhörighet
031601,Vendel,036003,Vendel,1974-01-01,21,Kodändrad; ny kommuntillhörighet
031602,Tegelsmora,036004,Tegelsmora,1974-01-01,21,Kodändrad; ny kommuntillhörighet
031701,Tierp,036005,Tierp,1974-01-01,21,Kodändrad; ny kommuntillhörighet
031801,Söderfors,036006,Söderfors,1974-01-01,21,Kodändrad; ny kommuntillhörighet
031901,Älvkarleby,031902,Älvkarleby-Skutskär,2006-01-01,10,Upphör; till befintlig
031902,Skutskär,031902,Älvkarleby-Skutskär,2006-01-01,16,Utvidgas och namnändras
032001,Västland,036007,Västland,1974-01-01,21,Kodändrad; ny kommuntillhörighet
032101,Österlövsta,036008,Österlövsta,1974-01-01,21,Kodändrad; ny kommuntillhörighet
032201,Hållnäs,036009,Hållnäs,1974-01-01,21,Kodändrad; ny kommuntillhörighet
036003,Vendel,036003,Vendel-Tegelsmora,2014-01-01,16,Utvidgas och namnändras
036004,Tegelsmora,036003,Vendel-Tegelsmora,2014-01-01,10,Upphör; till befintlig
036005,Tierp,036005,Tierp-Söderfors,2009-01-01,16,Utvidgas och namnändras
036006,Söderfors,036005,Tierp-Söderfors,2009-01-01,10,Upphör; till befintlig
036008,Österlövsta,036008,Hållnäs-Österlövsta,2006-01-01,16,Utvidgas och namnändras
036009,Hållnäs,036008,Hållnäs-Österlövsta,2006-01-01,10,Upphör; till befintlig
038002,Helga Trefaldighet,038038,Gottsunda,1974-01-01,12,Ger del till nybildad
038003,Gamla Uppsala,038025,Ärentuna,2015-01-01,14,Ger del/delar till befintlig
038005,Danmark,038005,Danmark-Funbo,2010-01-01,16,Utvidgas och namnändras
038006,Funbo,038005,Danmark-Funbo,2010-01-01,10,Upphör; till befintlig
038013,Läby,038014,Norra Hagunda,2006-01-01,10,Upphör; till befintlig
038014,Vänge,038014,Norra Hagunda,2006-01-01,16,Utvidgas och namnändras
038015,Åland,038014,Norra Hagunda,2006-01-01,10,Upphör; till befintlig
038016,Skogs-Tibble,038014,Norra Hagunda,2006-01-01,10,Upphör; till befintlig
038017,Järlåsa,038014,Norra Hagunda,2006-01-01,10,Upphör; till befintlig
038018,Jumkil,038021,Bälingebygden,2010-01-01,10,Upphör; till befintlig
038019,Börje,038021,Bälingebygden,2010-01-01,10,Upphör; till befintlig
038020,Åkerby,038021,Bälingebygden,2010-01-01,10,Upphör; till befintlig
038021,Bälinge,038021,Bälingebygden,2010-01-01,16,Utvidgas och namnändras
038025,Ärentuna,038025,Ärentuna,2015-01-01,15,Utvidgas
038028,Knutby,038028,Knutby-Bladåker,2010-01-01,16,Utvidgas och namnändras
038029,Bladåker,038028,Knutby-Bladåker,2010-01-01,10,Upphör; till befintlig
038032,Lagga,033004,Lagga,2003-01-01,21,Kodändrad; ny kommuntillhörighet
038033,Alsike,033005,Alsike,2003-01-01,21,Kodändrad; ny kommuntillhörighet
038034,Vassunda,033006,Vassunda,2003-01-01,21,Kodändrad; ny kommuntillhörighet
038035,Knivsta,033001,Knivsta,2003-01-01,21,Kodändrad; ny kommuntillhörighet
038036,Östuna,033002,Östuna,2003-01-01,21,Kodändrad; ny kommuntillhörighet
038037,Husby-Långhundra,033003,Husby-Långhundra,2003-01-01,21,Kodändrad; ny kommuntillhörighet
038101,Enköping,038101,Enköping,1972-01-01,15,Utvidgas
038102,Enköpings-Näs,038104,Södra Åsunda,2006-01-01,10,Upphör; till befintlig
038103,Teda,038104,Södra Åsunda,2006-01-01,10,Upphör; till befintlig
038104,Svinnegarn,038104,Södra Åsunda,2006-01-01,16,Utvidgas och namnändras
038104,Södra Åsunda,038105,Tillinge och Södra Åsunda,2010-01-01,10,Upphör; till befintlig
038105,Tillinge,038105,Tillinge och Södra Åsunda,2010-01-01,16,Utvidgas och namnändras
038106,Bred,038107,Sparrsätra-Bred,2006-01-01,10,Upphör; till befintlig
038107,Sparrsätra,038107,Sparrsätra-Bred,2006-01-01,16,Utvidgas och namnändras
038108,Vårfrukyrka,038101,Enköping,1972-01-01,10,Upphör; till befintlig
038109,Boglösa,038111,Boglösa,2006-01-01,10,Upphör; till befintlig
038110,Lillkyrka,038111,Boglösa,2006-01-01,10,Upphör; till befintlig
038111,Vallby,038111,Boglösa,2006-01-01,16,Utvidgas och namnändras
038112,Kungs-Husby,038114,Veckholm,2006-01-01,10,Upphör; till befintlig
038113,Torsvi,038114,Veckholm,2006-01-01,10,Upphör; till befintlig
038114,Veckholm,038114,Veckholm,2006-01-01,15,Utvidgas
038115,Hacksta,038117,Villberga-Hacksta-Löt,2007-01-01,10,Upphör; till befintlig
038116,Löt,038117,Villberga-Hacksta-Löt,2007-01-01,10,Upphör; till befintlig
038117,Villberga,038117,Villberga-Hacksta-Löt,2007-01-01,16,Utvidgas och namnändras
038117,Villberga-Hacksta-Löt,038117,Villberga,2013-01-01,16,Utvidgas och namnändras
038118,Husby-Sjutolft,038119,Litslena,2010-01-01,10,Upphör; till befintlig
038119,Litslena,038119,Litslena,2010-01-01,15,Utvidgas
038119,Litslena,038117,Villberga,2013-01-01,10,Upphör; till befintlig
038120,Härkeberga,038119,Litslena,2010-01-01,10,Upphör; till befintlig
038121,Holm,038130,Lagunda,2010-01-01,10,Upphör; till befintlig
038122,Fittja,038130,Lagunda,2010-01-01,10,Upphör; till befintlig
038123,Kulla,038130,Lagunda,2010-01-01,10,Upphör; till befintlig
038124,Hjälsta,038130,Lagunda,2010-01-01,10,Upphör; till befintlig
038125,Giresta,038130,Lagunda,2010-01-01,10,Upphör; till befintlig
038126,Fröslunda,038130,Lagunda,2010-01-01,10,Upphör; till befintlig
038127,Biskopskulla,038130,Lagunda,2010-01-01,10,Upphör; till befintlig
038128,Långtora,038130,Lagunda,2010-01-01,10,Upphör; till befintlig
038129,Nysätra,038130,Lagunda,2010-01-01,10,Upphör; till befintlig
038130,Gryta,038130,Lagunda,2010-01-01,16,Utvidgas och namnändras
038131,Simtuna,038131,Fjärdhundra,2006-01-01,16,Utvidgas och namnändras
038132,Frösthult,038131,Fjärdhundra,2006-01-01,10,Upphör; till befintlig
038133,Härnevi,038131,Fjärdhundra,2006-01-01,10,Upphör; till befintlig
038134,Torstuna,038131,Fjärdhundra,2006-01-01,10,Upphör; till befintlig
038135,Österunda,038131,Fjärdhundra,2006-01-01,10,Upphör; till befintlig
038136,Altuna,038131,Fjärdhundra,2006-01-01,10,Upphör; till befintlig
038201,Östhammar,038204,Frösåker,2006-01-01,10,Upphör; till befintlig
038202,Forsmark,038204,Frösåker,2006-01-01,10,Upphör; till befintlig
038203,Valö,038204,Frösåker,2006-01-01,10,Upphör; till befintlig
038204,Börstil,038204,Frösåker,2006-01-01,16,Utvidgas och namnändras
038205,Hökhuvud,038211,Skäfthammar-Hökhuvud,2014-01-01,10,Upphör; till befintlig
038206,Harg,038204,Frösåker,2006-01-01,10,Upphör; till befintlig
038207,Öregrund,038207,Öregrund-Gräsö,2002-01-01,16,Utvidgas och namnändras
038208,Gräsö,038207,Öregrund-Gräsö,2002-01-01,10,Upphör; till befintlig
038211,Skäfthammar,038211,Skäfthammar-Hökhuvud,2014-01-01,16,Utvidgas och namnändras
038212,Morkarla,038213,Dannemorabygden,2010-01-01,10,Upphör; till befintlig
038213,Film,038213,Dannemorabygden,2010-01-01,16,Utvidgas och namnändras
038214,Dannemora,038213,Dannemorabygden,2010-01-01,10,Upphör; till befintlig
040101,Tunaberg,048005,Tunaberg,1971-01-01,21,Kodändrad; ny kommuntillhörighet
040201,Bergshammar,048006,Bergshammar,1971-01-01,21,Kodändrad; ny kommuntillhörighet
040202,Tuna,048007,Tuna,1971-01-01,21,Kodändrad; ny kommuntillhörighet
040203,Lunda,048008,Lunda,1971-01-01,21,Kodändrad; ny kommuntillhörighet
040204,Kila,048009,Kila,1971-01-01,21,Kodändrad; ny kommuntillhörighet
040301,Björkvik,048302,Björkvik,1971-01-01,21,Kodändrad; ny kommuntillhörighet
040401,Stigtomta,048010,Stigtomta,1971-01-01,21,Kodändrad; ny kommuntillhörighet
040402,Halla,048011,Halla,1971-01-01,21,Kodändrad; ny kommuntillhörighet
040403,Nykyrka,048012,Nykyrka,1971-01-01,21,Kodändrad; ny kommuntillhörighet
040404,Bärbo,048013,Bärbo,1971-01-01,21,Kodändrad; ny kommuntillhörighet
040501,Råby-Rönö,048014,Råby-Rönö,1971-01-01,21,Kodändrad; ny kommuntillhörighet
040502,Lid,048015,Lid,1971-01-01,21,Kodändrad; ny kommuntillhörighet
040503,Ripsa,048016,Ripsa,1971-01-01,21,Kodändrad; ny kommuntillhörighet
040504,Ludgo,048017,Ludgo,1971-01-01,21,Kodändrad; ny kommuntillhörighet
040505,Spelvik,048018,Spelvik,1971-01-01,21,Kodändrad; ny kommuntillhörighet
040506,Runtuna,048019,Runtuna,1971-01-01,21,Kodändrad; ny kommuntillhörighet
040701,Tystberga,048020,Tystberga,1971-01-01,21,Kodändrad; ny kommuntillhörighet
040702,Bogsta,048021,Bogsta,1971-01-01,21,Kodändrad; ny kommuntillhörighet
040703,Sättersta,048022,Sättersta,1971-01-01,21,Kodändrad; ny kommuntillhörighet
040704,Lästringe,048023,Lästringe,1971-01-01,21,Kodändrad; ny kommuntillhörighet
040705,Bälinge,048024,Bälinge,1971-01-01,21,Kodändrad; ny kommuntillhörighet
040706,Torsåker,048025,Torsåker,1971-01-01,21,Kodändrad; ny kommuntillhörighet
040801,Västerljung,048030,Västerljung,1974-01-01,21,Kodändrad; ny kommuntillhörighet
040802,Trosa-Vagnhärad,048031,Trosa-Vagnhärad,1974-01-01,21,Kodändrad; ny kommuntillhörighet
040901,Hölö,018110,Hölö,1971-01-01,22,Kodändrad; både ny läns- och kommuntillhörighet
040902,Mörkö,018111,Mörkö,1971-01-01,22,Kodändrad; både ny läns- och kommuntillhörighet
041101,Gåsinge-Dillnäs,048032,Gåsinge-Dillnäs,1974-01-01,21,Kodändrad; ny kommuntillhörighet
041102,Björnlunda,048033,Björnlunda,1974-01-01,21,Kodändrad; ny kommuntillhörighet
041103,Gryt,048034,Gryt,1974-01-01,21,Kodändrad; ny kommuntillhörighet
041201,Länna,048605,Länna,1971-01-01,21,Kodändrad; ny kommuntillhörighet
041202,Åker,048606,Åker,1971-01-01,21,Kodändrad; ny kommuntillhörighet
041401,Toresund,048607,Toresund,1971-01-01,21,Kodändrad; ny kommuntillhörighet
041402,Ytterselö,048608,Ytterselö,1971-01-01,21,Kodändrad; ny kommuntillhörighet
041403,Överselö,048609,Överselö,1971-01-01,21,Kodändrad; ny kommuntillhörighet
041501,Aspö,048603,Aspö,1971-01-01,21,Kodändrad; ny kommuntillhörighet
041502,"Strängnäs domkyrkoförs., del",048601,Strängnäs domkyrkoförs.,1971-01-01,10,Upphör; till befintlig
041601,Vansö,048610,Vansö,1971-01-01,21,Kodändrad; ny kommuntillhörighet
041602,Fogdö,048611,Fogdö,1971-01-01,21,Kodändrad; ny kommuntillhörighet
041603,Helgarö,048612,Helgarö,1971-01-01,21,Kodändrad; ny kommuntillhörighet
041604,Härad,048613,Härad,1971-01-01,21,Kodändrad; ny kommuntillhörighet
041701,Barva,048404,Barva,1971-01-01,21,Kodändrad; ny kommuntillhörighet
041702,Jäder,048405,Jäder,1971-01-01,21,Kodändrad; ny kommuntillhörighet
041703,Kjula,048406,Kjula,1971-01-01,21,Kodändrad; ny kommuntillhörighet
041704,Hammarby,048407,Hammarby,1971-01-01,21,Kodändrad; ny kommuntillhörighet
041705,Sundby,048408,Sundby,1971-01-01,21,Kodändrad; ny kommuntillhörighet
041706,Vallby,048409,Vallby,1971-01-01,21,Kodändrad; ny kommuntillhörighet
041801,Torshälla landsförs.,048410,Hällby,1971-01-01,31,Kod- och namnändrad; ny kommuntillhörighet
041802,Tumbo,048411,Tumbo,1971-01-01,21,Kodändrad; ny kommuntillhörighet
041803,Råby-Rekarne,048412,Råby-Rekarne,1971-01-01,21,Kodändrad; ny kommuntillhörighet
041901,Gillberga,048413,Gillberga,1971-01-01,21,Kodändrad; ny kommuntillhörighet
041902,Lista,048414,Lista,1971-01-01,21,Kodändrad; ny kommuntillhörighet
041903,Öja,048415,Öja,1971-01-01,21,Kodändrad; ny kommuntillhörighet
041904,Västermo,048416,Västermo,1971-01-01,21,Kodändrad; ny kommuntillhörighet
042001,Näshulta,048417,Näshulta,1971-01-01,21,Kodändrad; ny kommuntillhörighet
042002,Husby-Rekarne,048418,Husby-Rekarne,1971-01-01,21,Kodändrad; ny kommuntillhörighet
042101,Stenkvista,048419,Stenkvista,1971-01-01,21,Kodändrad; ny kommuntillhörighet
042102,Ärla,048420,Ärla,1971-01-01,21,Kodändrad; ny kommuntillhörighet
042201,Mellösa,048207,Mellösa,1971-01-01,21,Kodändrad; ny kommuntillhörighet
042401,Husby-Oppunda,048026,Husby-Oppunda,1971-01-01,21,Kodändrad; ny kommuntillhörighet
042402,Vrena,048027,Vrena,1971-01-01,21,Kodändrad; ny kommuntillhörighet
042403,Bettna,048208,Bettna,1971-01-01,21,Kodändrad; ny kommuntillhörighet
042404,Blacksta,048209,Blacksta,1971-01-01,21,Kodändrad; ny kommuntillhörighet
042405,Forssa,048210,Forssa,1971-01-01,21,Kodändrad; ny kommuntillhörighet
042406,Vadsbro,048211,Vadsbro,1971-01-01,21,Kodändrad; ny kommuntillhörighet
042501,Lerbo,048303,Lerbo,1971-01-01,21,Kodändrad; ny kommuntillhörighet
042502,Sköldinge,048304,Sköldinge,1971-01-01,21,Kodändrad; ny kommuntillhörighet
042601,Floda,048305,Floda,1971-01-01,21,Kodändrad; ny kommuntillhörighet
042701,Stora Malm,048306,Stora Malm,1971-01-01,21,Kodändrad; ny kommuntillhörighet
042702,Östra Vingåker,048307,Östra Vingåker,1971-01-01,21,Kodändrad; ny kommuntillhörighet
042901,Österåker,042802,Österåker,1971-01-01,21,Kodändrad; ny kommuntillhörighet
042902,Julita,048308,Julita,1971-01-01,21,Kodändrad; ny kommuntillhörighet
046001,Lilla Malma,048205,Lilla Malma,1971-01-01,21,Kodändrad; ny kommuntillhörighet
046002,Dunker,048206,Dunker,1971-01-01,21,Kodändrad; ny kommuntillhörighet
046101,Frustuna-Kattnäs,048029,Frustuna-Kattnäs,1974-01-01,21,Kodändrad; ny kommuntillhörighet
046101,Frustuna-Kattnäs,046101,Frustuna,1993-01-01,40,Namnändrad (ej kodändrad)
046103,Gåsinge-Dillnäs,046104,Daga,2006-01-01,10,Upphör; till befintlig
046104,Björnlunda,046104,Daga,2006-01-01,16,Utvidgas och namnändras
046105,Gryt,046104,Daga,2006-01-01,10,Upphör; till befintlig
048001,Nyköpings S:t Nicolai,048002,Nyköping,2014-01-01,10,Upphör; till befintlig
048002,Nyköpings Alla Helgona,048002,Nyköping,2014-01-01,16,Utvidgas och namnändras
048002,Nyköpings östra,048002,Nyköpings Alla Helgona,1989-01-01,16,Utvidgas och namnändras
048002,Nyköpings Alla Helgona,048002,Nyköpings Alla Helgona förs. med Svärta,2002-01-01,16,Utvidgas och namnändras
048002,Nyköpings Alla Helgona förs. med Svärta,048002,Nyköpings Alla Helgona,2004-09-08,40,Namnändrad (ej kodändrad)
048003,Helgona,048002,Nyköpings Alla Helgona,1989-01-01,10,Upphör; till befintlig
048004,Svärta,048002,Nyköpings Alla Helgona förs. med Svärta,2002-01-01,10,Upphör; till befintlig
048006,Bergshammar,048007,Kiladalen,2006-01-01,10,Upphör; till befintlig
048007,Tuna,048007,Kiladalen,2006-01-01,16,Utvidgas och namnändras
048008,Lunda,048007,Kiladalen,2006-01-01,10,Upphör; till befintlig
048009,Kila,048007,Kiladalen,2006-01-01,10,Upphör; till befintlig
048010,Stigtomta,048010,Stigtomta-Vrena,2002-01-01,16,Utvidgas och namnändras
048010,Stigtomta,048010,Stigtomta,1995-01-01,15,Utvidgas
048011,Halla,048027,Vrena,1995-01-01,10,Upphör; till befintlig
048012,Nykyrka,048010,Stigtomta,1995-01-01,10,Upphör; till befintlig
048013,Bärbo,048010,Stigtomta,1995-01-01,10,Upphör; till befintlig
048014,Råby-Ripsa,048019,Rönö,2002-01-01,10,Upphör; till befintlig
048014,Råby-Rönö,048014,Råby-Ripsa,1995-01-01,16,Utvidgas och namnändras
048015,Lid,048019,Rönö,2002-01-01,10,Upphör; till befintlig
048016,Ripsa,048014,Råby-Ripsa,1995-01-01,10,Upphör; till befintlig
048017,Ludgo,048017,Ludgo-Spelvik,1992-01-01,16,Utvidgas och namnändras
048017,Ludgo-Spelvik,048019,Rönö,2002-01-01,10,Upphör; till befintlig
048018,Spelvik,048017,Ludgo-Spelvik,1992-01-01,10,Upphör; till befintlig
048019,Runtuna,048019,Rönö,2002-01-01,16,Utvidgas och namnändras
048020,Tystberga,048020,Tystberga-Bälinge,1998-01-01,16,Utvidgas och namnändras
048020,Tystberga-Bälinge,048020,Tystbergabygden,2002-01-01,16,Utvidgas och namnändras
048021,Bogsta,048023,Lästringe,1980-01-01,10,Upphör; till befintlig
048022,Sättersta,048023,Lästringe,1980-01-01,10,Upphör; till befintlig
048023,Lästringe,048023,Lästringe,1980-01-01,15,Utvidgas
048023,Lästringe,048020,Tystbergabygden,2002-01-01,10,Upphör; till befintlig
048024,Bälinge,048020,Tystberga-Bälinge,1998-01-01,10,Upphör; till befintlig
048025,Torsåker,048023,Lästringe,1980-01-01,10,Upphör; till befintlig
048026,Husby-Oppunda,048027,Vrena,1995-01-01,10,Upphör; till befintlig
048027,Vrena,048027,Vrena,1995-01-01,15,Utvidgas
048027,Vrena,048010,Stigtomta-Vrena,2002-01-01,10,Upphör; till befintlig
048028,Trosa stadsförs.,048801,Trosa stadsförs.,1992-01-01,21,Kodändrad; ny kommuntillhörighet
048029,Frustuna-Kattnäs,046101,Frustuna-Kattnäs,1992-01-01,21,Kodändrad; ny kommuntillhörighet
048030,Västerljung,048803,Västerljung,1992-01-01,21,Kodändrad; ny kommuntillhörighet
048031,Trosa-Vagnhärad,048802,Trosa-Vagnhärad,1992-01-01,21,Kodändrad; ny kommuntillhörighet
048032,Gåsinge-Dillnäs,046103,Gåsinge-Dillnäs,1992-01-01,21,Kodändrad; ny kommuntillhörighet
048033,Björnlunda,046104,Björnlunda,1992-01-01,21,Kodändrad; ny kommuntillhörighet
048034,Gryt,046105,Gryt,1992-01-01,21,Kodändrad; ny kommuntillhörighet
048201,Flen,048201,"Flen, Helgesta-Hyltinge",2010-01-01,16,Utvidgas och namnändras
048202,Helgesta-Hyltinge,048201,"Flen, Helgesta-Hyltinge",2010-01-01,10,Upphör; till befintlig
048202,Hyltinge,048202,Helgesta-Hyltinge,1995-01-01,16,Utvidgas och namnändras
048203,Helgesta,048202,Helgesta-Hyltinge,1995-01-01,10,Upphör; till befintlig
048204,Årdala,048208,Bettna,2010-01-01,10,Upphör; till befintlig
048205,Lilla Malma,048205,Dunker-Lilla Malma,2006-01-01,16,Utvidgas och namnändras
048206,Dunker,048205,Dunker-Lilla Malma,2006-01-01,10,Upphör; till befintlig
048208,Bettna,048208,Bettna,2010-01-01,15,Utvidgas
048209,Blacksta,048208,Bettna,2010-01-01,10,Upphör; till befintlig
048210,Forssa,048208,Bettna,2010-01-01,10,Upphör; till befintlig
048211,Vadsbro,048208,Bettna,2010-01-01,10,Upphör; till befintlig
048301,Katrineholm,048301,Katrineholm-Stora Malm,2002-01-01,16,Utvidgas och namnändras
048301,Katrineholm,048309,Nävertorp,1995-01-01,12,Ger del till nybildad
048301,Katrineholm-Stora Malm,048301,Katrineholmsbygden,2010-01-01,16,Utvidgas och namnändras
048303,Lerbo,048301,Katrineholmsbygden,2010-01-01,10,Upphör; till befintlig
048304,Sköldinge,048301,Katrineholmsbygden,2010-01-01,10,Upphör; till befintlig
048305,Floda,048301,Katrineholmsbygden,2010-01-01,10,Upphör; till befintlig
048306,Stora Malm,048301,Katrineholm-Stora Malm,2002-01-01,10,Upphör; till befintlig
048307,Östra Vingåker,048309,Nävertorp-Östra Vingåker,2006-01-01,10,Upphör; till befintlig
048308,Julita,048301,Katrineholmsbygden,2010-01-01,10,Upphör; till befintlig
048309,Nävertorp-Östra Vingåker,048301,Katrineholmsbygden,2010-01-01,10,Upphör; till befintlig
048309,Nävertorp,048309,Nävertorp-Östra Vingåker,2006-01-01,16,Utvidgas och namnändras
048401,Eskilstuna Fors,048402,Eskilstuna,2010-01-01,10,Upphör; till befintlig
048402,Eskilstuna Kloster,048402,Eskilstuna,2010-01-01,16,Utvidgas och namnändras
048404,Barva,048421,Kafjärden,1995-01-01,11,Upphör; till nybildad
048405,Jäder,048421,Kafjärden,1995-01-01,11,Upphör; till nybildad
048406,Kjula,048421,Kafjärden,1995-01-01,11,Upphör; till nybildad
048407,Hammarby,048421,Kafjärden,1995-01-01,11,Upphör; till nybildad
048408,Sundby,048421,Kafjärden,1995-01-01,11,Upphör; till nybildad
048409,Vallby,048421,Kafjärden,1995-01-01,11,Upphör; till nybildad
048410,Hällby,048410,Hällby förs. med Tumbo och Råby-Rekarne,2002-01-01,16,Utvidgas och namnändras
048411,Tumbo,048410,Hällby förs. med Tumbo och Råby-Rekarne,2002-01-01,10,Upphör; till befintlig
048412,Råby-Rekarne,048410,Hällby förs. med Tumbo och Råby-Rekarne,2002-01-01,10,Upphör; till befintlig
048413,Gillberga,048413,Västra Rekarne,2002-01-01,16,Utvidgas och namnändras
048414,Lista,048413,Västra Rekarne,2002-01-01,10,Upphör; till befintlig
048415,Öja,048413,Västra Rekarne,2002-01-01,10,Upphör; till befintlig
048416,Västermo,048413,Västra Rekarne,2002-01-01,10,Upphör; till befintlig
048419,Stenkvista,048420,Stenkvista-Ärla,2006-01-01,10,Upphör; till befintlig
048420,Ärla,048420,Stenkvista-Ärla,2006-01-01,16,Utvidgas och namnändras
048501,Torshälla stadsförs.,048403,Torshälla,1971-01-01,31,Kod- och namnändrad; ny kommuntillhörighet
048601,"Strängnäs domkyrkoförs., del",048601,Strängnäs domkyrkoförs.,1971-01-01,16,Utvidgas och namnändras
048601,Strängnäs domkyrkoförs.,048601,Strängnäs domkyrkoförs. med Aspö,2002-01-01,16,Utvidgas och namnändras
048603,Aspö,048601,Strängnäs domkyrkoförs. med Aspö,2002-01-01,10,Upphör; till befintlig
048605,Länna,048606,Åker-Länna,2002-01-01,10,Upphör; till befintlig
048606,Åker,048606,Åker-Länna,2002-01-01,16,Utvidgas och namnändras
048607,Toresund,048607,Stallarholmen,2002-01-01,16,Utvidgas och namnändras
048608,Ytterselö,048607,Stallarholmen,2002-01-01,10,Upphör; till befintlig
048609,Överselö,048607,Stallarholmen,2002-01-01,10,Upphör; till befintlig
048610,Vansö,048614,Vårfruberga,1998-01-01,11,Upphör; till nybildad
048611,Fogdö,048614,Vårfruberga,1998-01-01,11,Upphör; till nybildad
048612,Helgarö,048614,Vårfruberga,1998-01-01,11,Upphör; till nybildad
048613,Härad,048614,Vårfruberga-Härad,2006-01-01,10,Upphör; till befintlig
048614,Vårfruberga,048614,Vårfruberga-Härad,2006-01-01,16,Utvidgas och namnändras
048701,Mariefred,048604,Mariefred,1971-01-01,21,Kodändrad; ny kommuntillhörighet
048703,Taxinge,018109,Taxinge,1971-01-01,22,Kodändrad; både ny läns- och kommuntillhörighet
048801,Trosa stadsförs.,048802,Trosa,2010-01-01,10,Upphör; till befintlig
048801,Trosa stadsförs.,048028,Trosa stadsförs.,1974-01-01,21,Kodändrad; ny kommuntillhörighet
048802,Trosa-Vagnhärad,048802,Trosa,2010-01-01,16,Utvidgas och namnändras
048803,Västerljung,048802,Trosa,2010-01-01,10,Upphör; till befintlig
050101,Västra Ny,058303,Västra Ny,1971-01-01,21,Kodändrad; ny kommuntillhörighet
050102,Godegård,058304,Godegård,1971-01-01,21,Kodändrad; ny kommuntillhörighet
050201,Tjällmo,058322,Tjällmo,1974-01-01,21,Kodändrad; ny kommuntillhörighet
050301,Kristberg,058305,Kristberg,1971-01-01,21,Kodändrad; ny kommuntillhörighet
050302,Brunneby,058306,Brunneby,1971-01-01,21,Kodändrad; ny kommuntillhörighet
050303,Klockrike,058307,Klockrike,1971-01-01,21,Kodändrad; ny kommuntillhörighet
050401,Älvestad,058308,Älvestad,1971-01-01,21,Kodändrad; ny kommuntillhörighet
050402,Normlösa,058607,Normlösa,1971-01-01,21,Kodändrad; ny kommuntillhörighet
050403,Vallerstad,058608,Vallerstad,1971-01-01,21,Kodändrad; ny kommuntillhörighet
050404,Skeppsås,058609,Skeppsås,1971-01-01,21,Kodändrad; ny kommuntillhörighet
050405,Fornåsa,058309,Fornåsa,1971-01-01,21,Kodändrad; ny kommuntillhörighet
050406,Lönsås,058310,Lönsås,1971-01-01,21,Kodändrad; ny kommuntillhörighet
050407,Ekebyborna,058311,Ekebyborna,1971-01-01,21,Kodändrad; ny kommuntillhörighet
050408,Ask,058312,Ask,1971-01-01,21,Kodändrad; ny kommuntillhörighet
050501,Varv och Styra,058323,Varv och Styra,1974-01-01,21,Kodändrad; ny kommuntillhörighet
050502,Västra Stenby,058324,Västra Stenby,1974-01-01,21,Kodändrad; ny kommuntillhörighet
050503,Hagebyhöga,058325,Hagebyhöga,1974-01-01,21,Kodändrad; ny kommuntillhörighet
050504,Fivelstad,058326,Fivelstad,1974-01-01,21,Kodändrad; ny kommuntillhörighet
050505,Orlunda,058327,Orlunda,1974-01-01,21,Kodändrad; ny kommuntillhörighet
050701,Hov,058410,Hov,1971-01-01,21,Kodändrad; ny kommuntillhörighet
050702,Appuna,058610,Appuna,1971-01-01,21,Kodändrad; ny kommuntillhörighet
050703,Hogstad,058611,Hogstad,1971-01-01,21,Kodändrad; ny kommuntillhörighet
050704,Rinna,056003,Rinna,1971-01-01,21,Kodändrad; ny kommuntillhörighet
050705,Väderstad,058612,Väderstad,1971-01-01,21,Kodändrad; ny kommuntillhörighet
050706,Kumla,058613,Kumla,1971-01-01,21,Kodändrad; ny kommuntillhörighet
050901,Stora Åby,050902,Ödeshög,2006-01-01,10,Upphör; till befintlig
050902,Ödeshög,050902,Ödeshög,2006-01-01,15,Utvidgas
050903,Svanshals,050902,Ödeshög,2006-01-01,10,Upphör; till befintlig
050904,Västra Tollstad,050902,Ödeshög,2006-01-01,10,Upphör; till befintlig
050905,Heda,050902,Ödeshög,2006-01-01,10,Upphör; till befintlig
050906,Rök,050902,Ödeshög,2006-01-01,10,Upphör; till befintlig
050907,Trehörna,050902,Ödeshög,2006-01-01,10,Upphör; till befintlig
051001,Åsbo,056004,Åsbo,1971-01-01,21,Kodändrad; ny kommuntillhörighet
051002,Blåvik,056005,Blåvik,1971-01-01,21,Kodändrad; ny kommuntillhörighet
051003,Malexander,056006,Malexander,1971-01-01,21,Kodändrad; ny kommuntillhörighet
051101,Västra Harg,058614,Västra Harg,1971-01-01,21,Kodändrad; ny kommuntillhörighet
051102,Sya,058615,Sya,1971-01-01,21,Kodändrad; ny kommuntillhörighet
051103,Östra Tollstad,058616,Östra Tollstad,1971-01-01,21,Kodändrad; ny kommuntillhörighet
051104,Viby,058617,Viby,1971-01-01,21,Kodändrad; ny kommuntillhörighet
051105,Veta,058618,Veta,1971-01-01,21,Kodändrad; ny kommuntillhörighet
051106,Herrberga,058619,Herrberga,1971-01-01,21,Kodändrad; ny kommuntillhörighet
051201,Torpa,051201,Norra Ydre,2009-01-01,16,Utvidgas och namnändras
051202,Asby,051201,Norra Ydre,2009-01-01,10,Upphör; till befintlig
051203,Sund,051203,Sund-Svinhult,2009-01-01,16,Utvidgas och namnändras
051205,Svinhult,051203,Sund-Svinhult,2009-01-01,10,Upphör; till befintlig
051206,Norra Vi,051201,Norra Ydre,2009-01-01,10,Upphör; till befintlig
051306,Oppeby,051309,Rimforsa,2010-01-01,10,Upphör; till befintlig
051307,Hägerstad,051309,Rimforsa,2010-01-01,10,Upphör; till befintlig
051308,Kättilstad,051309,Rimforsa,2010-01-01,10,Upphör; till befintlig
051309,Tjärstad,051309,Rimforsa,2010-01-01,16,Utvidgas och namnändras
051401,Horn,051304,Horn,1974-01-01,21,Kodändrad; ny kommuntillhörighet
051402,Hycklinge,051305,Hycklinge,1974-01-01,21,Kodändrad; ny kommuntillhörighet
051501,Oppeby,051306,Oppeby,1974-01-01,21,Kodändrad; ny kommuntillhörighet
051502,Hägerstad,051307,Hägerstad,1974-01-01,21,Kodändrad; ny kommuntillhörighet
051503,Kättilstad,051308,Kättilstad,1974-01-01,21,Kodändrad; ny kommuntillhörighet
051504,Tjärstad,051309,Tjärstad,1974-01-01,21,Kodändrad; ny kommuntillhörighet
051601,Grebo,056102,Grebo,1971-01-01,21,Kodändrad; ny kommuntillhörighet
051602,Värna,056103,Värna,1971-01-01,21,Kodändrad; ny kommuntillhörighet
051603,Björsäter,056104,Björsäter,1971-01-01,21,Kodändrad; ny kommuntillhörighet
051604,Yxnerum,056105,Yxnerum,1971-01-01,21,Kodändrad; ny kommuntillhörighet
051901,Vist,058008,Vist,1971-01-01,21,Kodändrad; ny kommuntillhörighet
051902,Vårdnäs,058009,Vårdnäs,1971-01-01,21,Kodändrad; ny kommuntillhörighet
051903,Skeda,058010,Skeda,1971-01-01,21,Kodändrad; ny kommuntillhörighet
052001,Nykil,058011,Nykil,1971-01-01,21,Kodändrad; ny kommuntillhörighet
052002,Ulrika,058012,Ulrika,1971-01-01,21,Kodändrad; ny kommuntillhörighet
052003,Gammalkil,058013,Gammalkil,1971-01-01,21,Kodändrad; ny kommuntillhörighet
052101,Sjögestad,058014,Sjögestad,1971-01-01,21,Kodändrad; ny kommuntillhörighet
052102,Västerlösa,058015,Västerlösa,1971-01-01,21,Kodändrad; ny kommuntillhörighet
052103,Björkeberg,058016,Björkeberg,1971-01-01,21,Kodändrad; ny kommuntillhörighet
052104,Rappestad,058017,Rappestad,1971-01-01,21,Kodändrad; ny kommuntillhörighet
052105,Vikingstad,058018,Vikingstad,1971-01-01,21,Kodändrad; ny kommuntillhörighet
052301,Vreta kloster,058019,Vreta kloster,1971-01-01,21,Kodändrad; ny kommuntillhörighet
052302,Flistad,058020,Flistad,1971-01-01,21,Kodändrad; ny kommuntillhörighet
052303,Ljung,058021,Ljung,1971-01-01,21,Kodändrad; ny kommuntillhörighet
052304,Stjärnorp,058022,Stjärnorp,1971-01-01,21,Kodändrad; ny kommuntillhörighet
052401,Östra Harg,058023,Östra Harg,1971-01-01,21,Kodändrad; ny kommuntillhörighet
052402,Rystad,058024,Rystad,1971-01-01,21,Kodändrad; ny kommuntillhörighet
052403,Törnevalla,058025,Törnevalla,1971-01-01,21,Kodändrad; ny kommuntillhörighet
052404,Östra Skrukeby,058026,Östra Skrukeby,1971-01-01,21,Kodändrad; ny kommuntillhörighet
052405,Lillkyrka,058027,Lillkyrka,1971-01-01,21,Kodändrad; ny kommuntillhörighet
052406,Gistad,058028,Gistad,1971-01-01,21,Kodändrad; ny kommuntillhörighet
052407,Örtomta,058029,Örtomta,1971-01-01,21,Kodändrad; ny kommuntillhörighet
052408,Askeby,058030,Askeby,1971-01-01,21,Kodändrad; ny kommuntillhörighet
052409,Bankekind,058031,Bankekind,1971-01-01,21,Kodändrad; ny kommuntillhörighet
052410,Vårdsberg,058032,Vårdsberg,1971-01-01,21,Kodändrad; ny kommuntillhörighet
052601,Kullerstad,058109,Kullerstad,1971-01-01,21,Kodändrad; ny kommuntillhörighet
052602,Vånga,058110,Vånga,1971-01-01,21,Kodändrad; ny kommuntillhörighet
052603,Skärkind,058111,Skärkind,1971-01-01,21,Kodändrad; ny kommuntillhörighet
052604,Kimstad,058112,Kimstad,1971-01-01,21,Kodändrad; ny kommuntillhörighet
052701,Hällestad,056202,Hällestad,1971-01-01,21,Kodändrad; ny kommuntillhörighet
052801,Regna,056203,Regna,1971-01-01,21,Kodändrad; ny kommuntillhörighet
052802,Skedevi,056204,Skedevi,1971-01-01,21,Kodändrad; ny kommuntillhörighet
052901,Simonstorp,058113,Simonstorp,1971-01-01,21,Kodändrad; ny kommuntillhörighet
052902,Kvillinge,058114,Kvillinge,1971-01-01,21,Kodändrad; ny kommuntillhörighet
053001,Krokek,058115,Krokek,1971-01-01,21,Kodändrad; ny kommuntillhörighet
053002,Kvarsebo,058116,Kvarsebo,1971-01-01,21,Kodändrad; ny kommuntillhörighet
053101,Östra Stenby,058117,Östra Stenby,1974-01-01,21,Kodändrad; ny kommuntillhörighet
053102,Konungsund,058118,Konungsund,1974-01-01,21,Kodändrad; ny kommuntillhörighet
053103,Dagsberg,058119,Dagsberg,1974-01-01,21,Kodändrad; ny kommuntillhörighet
053104,Furingstad,058120,Furingstad,1974-01-01,21,Kodändrad; ny kommuntillhörighet
053105,Tåby,058121,Tåby,1974-01-01,21,Kodändrad; ny kommuntillhörighet
053106,Kuddby,058122,Kuddby,1974-01-01,21,Kodändrad; ny kommuntillhörighet
053107,Å,058123,Å,1974-01-01,21,Kodändrad; ny kommuntillhörighet
053108,Östra Ny,058124,Östra Ny,1974-01-01,21,Kodändrad; ny kommuntillhörighet
053109,Östra Husby,058125,Östra Husby,1974-01-01,21,Kodändrad; ny kommuntillhörighet
053110,Häradshammar,058126,Häradshammar,1974-01-01,21,Kodändrad; ny kommuntillhörighet
053111,Jonsberg,058127,Jonsberg,1974-01-01,21,Kodändrad; ny kommuntillhörighet
053112,Rönö,058128,Rönö,1974-01-01,21,Kodändrad; ny kommuntillhörighet
053301,Skällvik,058207,Skällvik,1974-01-01,21,Kodändrad; ny kommuntillhörighet
053302,S:t Anna,058208,S:t Anna,1974-01-01,21,Kodändrad; ny kommuntillhörighet
053303,Börrum,058209,Börrum,1974-01-01,21,Kodändrad; ny kommuntillhörighet
053304,Mogata,058210,Mogata,1974-01-01,21,Kodändrad; ny kommuntillhörighet
053401,Västra Husby,058204,Västra Husby,1971-01-01,21,Kodändrad; ny kommuntillhörighet
053402,Gårdeby,058205,Gårdeby,1971-01-01,21,Kodändrad; ny kommuntillhörighet
053403,Östra Ryd,058206,Östra Ryd,1971-01-01,21,Kodändrad; ny kommuntillhörighet
053501,Ringarums kbfd,056302,Ringarums kbfd,1971-01-01,21,Kodändrad; ny kommuntillhörighet
053502,Gusums kbfd,056303,Gusums kbfd,1971-01-01,21,Kodändrad; ny kommuntillhörighet
053601,Gryt,056304,Gryt,1971-01-01,21,Kodändrad; ny kommuntillhörighet
056001,Ekeby norra kbfd,056002,Ekeby,1986-01-01,10,Upphör; till befintlig
056002,Ekeby södra kbfd,056002,Ekeby,1986-01-01,16,Utvidgas och namnändras
056002,Ekeby,056002,Boxholm,2010-01-01,16,Utvidgas och namnändras
056003,Rinna,056002,Boxholm,2010-01-01,10,Upphör; till befintlig
056004,Åsbo,056002,Boxholm,2010-01-01,10,Upphör; till befintlig
056005,Blåvik,056002,Boxholm,2010-01-01,10,Upphör; till befintlig
056006,Malexander,056002,Boxholm,2010-01-01,10,Upphör; till befintlig
056101,Åtvid,056101,Åtvid,2010-01-01,15,Utvidgas
056102,Grebo-Värna,056101,Åtvid,2010-01-01,10,Upphör; till befintlig
056102,Grebo,056102,Grebo-Värna,2006-01-01,16,Utvidgas och namnändras
056103,Värna,056102,Grebo-Värna,2006-01-01,10,Upphör; till befintlig
056104,Björsäter-Yxnerum,056101,Åtvid,2010-01-01,10,Upphör; till befintlig
056104,Björsäter,056104,Björsäter-Yxnerum,2006-01-01,16,Utvidgas och namnändras
056105,Yxnerum,056104,Björsäter-Yxnerum,2006-01-01,10,Upphör; till befintlig
056106,Hannäs,056101,Åtvid,2010-01-01,10,Upphör; till befintlig
056107,Gärdserum,056101,Åtvid,2010-01-01,10,Upphör; till befintlig
056201,Risinge,056201,Finspång,2013-01-01,16,Utvidgas och namnändras
056202,Hällestad,056201,Finspång,2013-01-01,10,Upphör; till befintlig
056203,Regna,056201,Finspång,2013-01-01,10,Upphör; till befintlig
056204,Skedevi,056201,Finspång,2013-01-01,10,Upphör; till befintlig
056301,Valdemarsvik,056301,Valdemarsvik,2010-01-01,15,Utvidgas
056302,Ringarums kbfd,056302,Ringarum,1985-01-01,16,Utvidgas och namnändras
056303,Gusums kbfd,056302,Ringarum,1985-01-01,10,Upphör; till befintlig
056304,Gryt,056301,Valdemarsvik,2010-01-01,10,Upphör; till befintlig
056305,Tryserum,056301,Valdemarsvik,2010-01-01,10,Upphör; till befintlig
056306,Östra Ed,056301,Valdemarsvik,2010-01-01,10,Upphör; till befintlig
058001,Linköpings domkyrkoförs.,058035,Linköpings Skäggetorp,1989-01-01,13,Ger delar till nybildade
058001,Linköpings domkyrkoförs.,058036,Linköpings Ryd,1989-01-01,13,Ger delar till nybildade
058001,Linköpings domkyrkoförs.,058037,Gottfridsberg,2006-01-01,12,Ger del till nybildad
058002,Linköpings S:t Lars,058033,Linköpings Berga,1972-01-01,13,Ger delar till nybildade
058002,Linköpings S:t Lars,058034,Linköpings Johannelund,1972-01-01,13,Ger delar till nybildade
058005,Kärna,058005,Kärna,2014-01-01,15,Utvidgas
058006,Kaga,058005,Kärna,2014-01-01,10,Upphör; till befintlig
058007,Ledberg,058005,Kärna,2014-01-01,10,Upphör; till befintlig
058011,Nykil,058011,Nykil-Gammalkil,2010-01-01,16,Utvidgas och namnändras
058013,Gammalkil,058011,Nykil-Gammalkil,2010-01-01,10,Upphör; till befintlig
058014,Sjögestad,058018,Vikingstad,2006-01-01,10,Upphör; till befintlig
058015,Västerlösa,058018,Vikingstad,2006-01-01,10,Upphör; till befintlig
058016,Björkeberg,058018,Vikingstad,2006-01-01,10,Upphör; till befintlig
058017,Rappestad,058018,Vikingstad,2006-01-01,10,Upphör; till befintlig
058018,Vikingstad,058018,Vikingstad,2006-01-01,15,Utvidgas
058019,Vreta kloster,058019,Vreta kloster,2010-01-01,15,Utvidgas
058019,Vreta kloster,058019,Vreta kloster,2006-01-01,15,Utvidgas
058020,Flistad,058019,Vreta kloster,2006-01-01,10,Upphör; till befintlig
058021,Ljung,058019,Vreta kloster,2006-01-01,10,Upphör; till befintlig
058022,Stjärnorp,058019,Vreta kloster,2010-01-01,10,Upphör; till befintlig
058023,Östra Harg,058024,Åkerbo,2009-01-01,10,Upphör; till befintlig
058024,Rystad,058024,Åkerbo,2009-01-01,16,Utvidgas och namnändras
058025,Törnevalla,058024,Åkerbo,2009-01-01,10,Upphör; till befintlig
058026,Östra Skrukeby,058024,Åkerbo,2009-01-01,10,Upphör; till befintlig
058027,Lillkyrka,058024,Åkerbo,2009-01-01,10,Upphör; till befintlig
058028,Gistad,058024,Åkerbo,2009-01-01,10,Upphör; till befintlig
058029,Örtomta,058024,Åkerbo,2009-01-01,10,Upphör; till befintlig
058030,Askeby,058024,Åkerbo,2009-01-01,10,Upphör; till befintlig
058031,Bankekind,058024,Åkerbo,2009-01-01,10,Upphör; till befintlig
058032,Vårdsberg,058024,Åkerbo,2009-01-01,10,Upphör; till befintlig
058101,Norrköpings S:t Olai,058102,Norrköpings S:t Olof,2010-01-01,10,Upphör; till befintlig
058102,Norrköpings Hedvig,058102,Norrköpings S:t Olof,2010-01-01,16,Utvidgas och namnändras
058103,Norrköpings Matteus,058102,Norrköpings S:t Olof,2010-01-01,10,Upphör; till befintlig
058104,Norrköpings Östra Eneby,058104,Kolmården,2010-01-01,16,Utvidgas och namnändras
058104,Norrköpings Östra Eneby,058130,Svärtinge,1995-01-01,12,Ger del till nybildad
058105,Norrköpings Borg,058105,Norrköpings Borg,2010-01-01,15,Utvidgas
058105,Norrköpings Borg,058129,Vrinnevi,1992-01-01,12,Ger del till nybildad
058106,Norrköpings S:t Johannes,058106,Norrköpings S:t Johannes,2010-01-01,15,Utvidgas
058106,Norrköpings S:t Johannes,058129,Vrinnevi,1992-01-01,12,Ger del till nybildad
058107,Styrstad,058106,Norrköpings S:t Johannes,2010-01-01,10,Upphör; till befintlig
058108,Tingstad,058106,Norrköpings S:t Johannes,2010-01-01,10,Upphör; till befintlig
058108,Tingstad,058129,Vrinnevi,1992-01-01,12,Ger del till nybildad
058109,Kullerstad,058105,Norrköpings Borg,2010-01-01,10,Upphör; till befintlig
058110,Vånga,058105,Norrköpings Borg,2010-01-01,10,Upphör; till befintlig
058111,Skärkind,058105,Norrköpings Borg,2010-01-01,10,Upphör; till befintlig
058112,Kimstad,058105,Norrköpings Borg,2010-01-01,10,Upphör; till befintlig
058113,Simonstorp,058104,Kolmården,2010-01-01,10,Upphör; till befintlig
058114,Kvillinge,058104,Kolmården,2010-01-01,10,Upphör; till befintlig
058115,Krokek,058104,Kolmården,2010-01-01,10,Upphör; till befintlig
058116,Kvarsebo,058104,Kolmården,2010-01-01,10,Upphör; till befintlig
058117,Östra Stenby,058119,Västra Vikbolandet,2008-01-01,10,Upphör; till befintlig
058118,Konungsund,058119,Västra Vikbolandet,2008-01-01,10,Upphör; till befintlig
058119,Dagsberg,058119,Västra Vikbolandet,2008-01-01,16,Utvidgas och namnändras
058120,Furingstad,058119,Västra Vikbolandet,2008-01-01,10,Upphör; till befintlig
058121,Tåby,058119,Västra Vikbolandet,2008-01-01,10,Upphör; till befintlig
058122,Kuddby,058119,Västra Vikbolandet,2008-01-01,10,Upphör; till befintlig
058123,Å,058119,Västra Vikbolandet,2008-01-01,10,Upphör; till befintlig
058124,Östra Ny,058127,Jonsberg,2010-01-01,10,Upphör; till befintlig
058125,Östra Husby,058125,Östra Husby,2010-01-01,15,Utvidgas
058126,Häradshammar,058125,Östra Husby,2010-01-01,10,Upphör; till befintlig
058127,Jonsberg,058127,Jonsberg,2010-01-01,15,Utvidgas
058128,Rönö,058127,Jonsberg,2010-01-01,10,Upphör; till befintlig
058129,Vrinnevi,058105,Norrköpings Borg,2010-01-01,10,Upphör; till befintlig
058130,Svärtinge,058104,Kolmården,2010-01-01,10,Upphör; till befintlig
058201,S:t Laurentii,058201,Söderköping,2005-01-01,16,Utvidgas och namnändras
058201,Söderköping,058201,Söderköping S:t Anna,2010-01-01,16,Utvidgas och namnändras
058202,Drothem,058201,Söderköping,2005-01-01,10,Upphör; till befintlig
058203,Skönberga,058201,Söderköping,2005-01-01,10,Upphör; till befintlig
058204,Västra Husby,058204,Östra Ryd,2011-01-01,16,Utvidgas och namnändras
058205,Gårdeby,058204,Östra Ryd,2011-01-01,10,Upphör; till befintlig
058206,Östra Ryd,058204,Östra Ryd,2011-01-01,10,Upphör; till befintlig
058207,Skällvik,058210,S:t Anna,2002-01-01,10,Upphör; till befintlig
058208,S:t Anna,058210,S:t Anna,2002-01-01,10,Upphör; till befintlig
058209,Börrum,058210,S:t Anna,2002-01-01,10,Upphör; till befintlig
058210,Mogata,058210,S:t Anna,2002-01-01,16,Utvidgas och namnändras
058210,S:t Anna,058201,Söderköping S:t Anna,2010-01-01,10,Upphör; till befintlig
058305,Kristberg,058306,Borensberg,2006-01-01,10,Upphör; till befintlig
058306,Brunneby,058306,Borensberg,2006-01-01,16,Utvidgas och namnändras
058308,Älvestad,058309,Fornåsa,2008-01-01,10,Upphör; till befintlig
058309,Fornåsa,058309,Fornåsa,2008-01-01,15,Utvidgas
058310,Lönsås,058309,Fornåsa,2008-01-01,10,Upphör; till befintlig
058311,Ekebyborna,058309,Fornåsa,2008-01-01,10,Upphör; till befintlig
058312,Ask,058309,Fornåsa,2008-01-01,10,Upphör; till befintlig
058313,Vadstena,058401,Vadstena,1980-01-01,21,Kodändrad; ny kommuntillhörighet
058314,Strå,058403,Strå,1980-01-01,21,Kodändrad; ny kommuntillhörighet
058315,Nässja,058404,Nässja,1980-01-01,21,Kodändrad; ny kommuntillhörighet
058316,Örberga,058405,Örberga,1980-01-01,21,Kodändrad; ny kommuntillhörighet
058317,Herrestad,058406,Herrestad,1980-01-01,21,Kodändrad; ny kommuntillhörighet
058318,Källstad,058407,Källstad,1980-01-01,21,Kodändrad; ny kommuntillhörighet
058319,Rogslösa,058408,Rogslösa,1980-01-01,21,Kodändrad; ny kommuntillhörighet
058320,Väversunda,058409,Väversunda,1980-01-01,21,Kodändrad; ny kommuntillhörighet
058321,Hov,058410,Hov,1980-01-01,21,Kodändrad; ny kommuntillhörighet
058323,Varv och Styra,058324,"Aska, del",2006-01-01,10,Upphör; till befintlig
058324,Västra Stenby,058324,"Aska, del",2006-01-01,16,Utvidgas och namnändras
058325,Hagebyhöga,058411,Hagebyhöga,1980-01-01,21,Kodändrad; ny kommuntillhörighet
058326,Fivelstad,058324,"Aska, del",2006-01-01,10,Upphör; till befintlig
058327,Orlunda,058412,Orlunda,1980-01-01,21,Kodändrad; ny kommuntillhörighet
058401,Vadstena,058401,Vadstena,2006-01-01,15,Utvidgas
058401,Vadstena,058313,Vadstena,1974-01-01,21,Kodändrad; ny kommuntillhörighet
058403,Strå,058314,Strå,1974-01-01,21,Kodändrad; ny kommuntillhörighet
058403,Strå,058401,Vadstena,2006-01-01,10,Upphör; till befintlig
058404,Nässja,058408,Dal,2006-01-01,10,Upphör; till befintlig
058404,Nässja,058315,Nässja,1974-01-01,21,Kodändrad; ny kommuntillhörighet
058405,Örberga,058316,Örberga,1974-01-01,21,Kodändrad; ny kommuntillhörighet
058405,Örberga,058408,Dal,2006-01-01,10,Upphör; till befintlig
058406,Herrestad,058408,Dal,2006-01-01,10,Upphör; till befintlig
058406,Herrestad,058317,Herrestad,1974-01-01,21,Kodändrad; ny kommuntillhörighet
058407,Källstad,058318,Källstad,1974-01-01,21,Kodändrad; ny kommuntillhörighet
058407,Källstad,058408,Dal,2006-01-01,10,Upphör; till befintlig
058408,Rogslösa,058408,Dal,2006-01-01,16,Utvidgas och namnändras
058408,Rogslösa,058319,Rogslösa,1974-01-01,21,Kodändrad; ny kommuntillhörighet
058409,Väversunda,058320,Väversunda,1974-01-01,21,Kodändrad; ny kommuntillhörighet
058409,Väversunda,058408,Dal,2006-01-01,10,Upphör; till befintlig
058410,Hov,058401,Vadstena,2006-01-01,10,Upphör; till befintlig
058410,Hov,058321,Hov,1974-01-01,21,Kodändrad; ny kommuntillhörighet
058411,Hagebyhöga,058411,"Aska, del",2006-01-01,16,Utvidgas och namnändras
058412,Orlunda,058411,"Aska, del",2006-01-01,10,Upphör; till befintlig
058501,Skänninge,058603,Skänninge,1971-01-01,21,Kodändrad; ny kommuntillhörighet
058502,Bjälbo,058604,Bjälbo,1971-01-01,21,Kodändrad; ny kommuntillhörighet
058503,Allhelgona,058605,Allhelgona,1971-01-01,21,Kodändrad; ny kommuntillhörighet
058504,Järstad,058606,Järstad,1971-01-01,21,Kodändrad; ny kommuntillhörighet
058601,Mjölby,058601,Mjölby,2006-01-01,15,Utvidgas
058602,Högby,058601,Mjölby,2006-01-01,10,Upphör; till befintlig
058603,Skänninge,058603,Skänninge-Allhelgona,2006-01-01,16,Utvidgas och namnändras
058603,Skänninge-Allhelgona,058603,Skänninge,2010-01-01,16,Utvidgas och namnändras
058604,Bjälbo,058603,Skänninge,2010-01-01,10,Upphör; till befintlig
058605,Allhelgona,058603,Skänninge-Allhelgona,2006-01-01,10,Upphör; till befintlig
058606,Järstad,058603,Skänninge,2010-01-01,10,Upphör; till befintlig
058607,Normlösa,058603,Skänninge,2010-01-01,10,Upphör; till befintlig
058608,Vallerstad,058603,Skänninge,2010-01-01,10,Upphör; till befintlig
058609,Skeppsås,058603,Skänninge,2010-01-01,10,Upphör; till befintlig
058610,Appuna,058612,Väderstad,2006-01-01,10,Upphör; till befintlig
058611,Hogstad,058612,Väderstad,2006-01-01,10,Upphör; till befintlig
058612,Väderstad,058612,Väderstad,2006-01-01,15,Utvidgas
058613,Kumla,058612,Väderstad,2006-01-01,10,Upphör; till befintlig
058614,Västra Harg,058618,Vifolka,2018-01-01,10,Upphör; till befintlig
058615,Sya,058618,Veta,2010-01-01,10,Upphör; till befintlig
058617,Viby,058618,Vifolka,2018-01-01,10,Upphör; till befintlig
058618,Veta,058618,Vifolka,2018-01-01,16,Utvidgas och namnändras
058618,Veta,058618,Veta,2010-01-01,15,Utvidgas
058619,Herrberga,058618,Veta,2010-01-01,10,Upphör; till befintlig
060101,Bellö,068604,Bellö,1971-01-01,21,Kodändrad; ny kommuntillhörighet
060102,Ingatorp,068605,Ingatorp,1971-01-01,21,Kodändrad; ny kommuntillhörighet
060201,Hult,068606,Hult,1971-01-01,21,Kodändrad; ny kommuntillhörighet
060202,Edshult,068607,Edshult,1971-01-01,21,Kodändrad; ny kommuntillhörighet
060203,Mellby,068608,Mellby,1971-01-01,21,Kodändrad; ny kommuntillhörighet
060204,Höreda,068609,Höreda,1971-01-01,21,Kodändrad; ny kommuntillhörighet
060301,Norra Solberga,068205,Norra Solberga,1971-01-01,21,Kodändrad; ny kommuntillhörighet
060302,Flisby,068206,Flisby,1971-01-01,21,Kodändrad; ny kommuntillhörighet
060401,Bälaryd,060402,Aneby,2006-01-01,10,Upphör; till befintlig
060402,Bredestad,060402,Aneby,2006-01-01,16,Utvidgas och namnändras
060404,Marbäck,060402,Aneby,2006-01-01,10,Upphör; till befintlig
060407,Haurida,060408,Haurida-Vireda,2006-01-01,10,Upphör; till befintlig
060408,Vireda,060408,Haurida-Vireda,2006-01-01,16,Utvidgas och namnändras
060701,Visingsö,068009,Visingsö,1971-01-01,21,Kodändrad; ny kommuntillhörighet
060801,Skärstad,068010,Skärstad,1971-01-01,21,Kodändrad; ny kommuntillhörighet
060802,Ölmstad,068011,Ölmstad,1971-01-01,21,Kodändrad; ny kommuntillhörighet
060901,Svarttorp,068012,Svarttorp,1971-01-01,21,Kodändrad; ny kommuntillhörighet
060902,Järsnäs,068013,Järsnäs,1971-01-01,21,Kodändrad; ny kommuntillhörighet
060903,Lekeryd,068014,Lekeryd,1971-01-01,21,Kodändrad; ny kommuntillhörighet
061101,Rogberga,068015,Rogberga,1971-01-01,21,Kodändrad; ny kommuntillhörighet
061102,Barnarp,068016,Barnarp,1971-01-01,21,Kodändrad; ny kommuntillhörighet
061103,Ödestugu,068017,Ödestugu,1971-01-01,21,Kodändrad; ny kommuntillhörighet
061104,Öggestorp,068018,Öggestorp,1971-01-01,21,Kodändrad; ny kommuntillhörighet
061201,Forserum,068207,Forserum,1971-01-01,21,Kodändrad; ny kommuntillhörighet
061202,Barkeryd,068208,Barkeryd,1971-01-01,21,Kodändrad; ny kommuntillhörighet
061301,Månsarp,068019,Månsarp,1971-01-01,21,Kodändrad; ny kommuntillhörighet
061401,Bankeryd,068020,Bankeryd,1971-01-01,21,Kodändrad; ny kommuntillhörighet
061501,Bottnaryd,068021,Bottnaryd,1971-01-01,21,Kodändrad; ny kommuntillhörighet
061502,Mulseryd,068022,Mulseryd,1971-01-01,21,Kodändrad; ny kommuntillhörighet
061503,Angerdshestra,068023,Angerdshestra,1971-01-01,21,Kodändrad; ny kommuntillhörighet
061601,Norra Unnaryd,068024,Norra Unnaryd,1971-01-01,21,Kodändrad; ny kommuntillhörighet
061602,Stengårdshult,066205,Stengårdshult,1974-01-01,21,Kodändrad; ny kommuntillhörighet
061603,Valdshult,066206,Valdshult,1974-01-01,21,Kodändrad; ny kommuntillhörighet
061604,Öreryd,066207,Öreryd,1974-01-01,21,Kodändrad; ny kommuntillhörighet
061605,Norra Hestra,066208,Norra Hestra,1974-01-01,21,Kodändrad; ny kommuntillhörighet
061901,Villstad,066209,Villstad,1974-01-01,21,Kodändrad; ny kommuntillhörighet
062001,Burseryd,066210,Burseryd,1974-01-01,21,Kodändrad; ny kommuntillhörighet
062002,Sandvik,066211,Sandvik,1974-01-01,21,Kodändrad; ny kommuntillhörighet
062003,Gryteryd,066212,Gryteryd,1974-01-01,21,Kodändrad; ny kommuntillhörighet
062004,Södra Hestra,066213,Södra Hestra,1974-01-01,21,Kodändrad; ny kommuntillhörighet
062101,Långaryd,131504,Långaryd,1974-01-01,23,Kodändrad; annat än 20-22
062102,Färgaryd,131505,Färgaryd,1974-01-01,20,Kodändrad; ny länstillhörighet
062103,Femsjö,131506,Femsjö,1974-01-01,20,Kodändrad; ny länstillhörighet
062201,Södra Unnaryd,131507,Södra Unnaryd,1974-01-01,22,Kodändrad; både ny läns- och kommuntillhörighet
062202,Jälluntofta,131508,Jälluntofta,1974-01-01,22,Kodändrad; både ny läns- och kommuntillhörighet
062203,Bolmsö,062204,"Bolmsö, del",1971-01-01,33,Kod- och namnändrad; annat än 30-32
062204,"Bolmsö, del",066214,Ås,1974-01-01,10,Upphör; till befintlig
062204,"Bolmsö, del",078118,"Bolmsö, del",1971-01-01,12,Ger del till nybildad
062301,Ås,066214,Ås,1974-01-01,21,Kodändrad; ny kommuntillhörighet
062302,Kållerstad,066215,Kållerstad,1974-01-01,21,Kodändrad; ny kommuntillhörighet
062303,Reftele,066216,Reftele,1974-01-01,21,Kodändrad; ny kommuntillhörighet
062401,Bredaryd,068302,Bredaryd,1971-01-01,21,Kodändrad; ny kommuntillhörighet
062402,"Kulltorp, del",068303,"Kulltorp, del",1971-01-01,21,Kodändrad; ny kommuntillhörighet
062501,Kärda,068304,Kärda,1971-01-01,21,Kodändrad; ny kommuntillhörighet
062502,Hånger,068305,Hånger,1971-01-01,21,Kodändrad; ny kommuntillhörighet
062503,Forsheda,068306,Forsheda,1971-01-01,21,Kodändrad; ny kommuntillhörighet
062504,Torskinge,068307,Torskinge,1971-01-01,21,Kodändrad; ny kommuntillhörighet
062505,Dannäs,068308,Dannäs,1971-01-01,21,Kodändrad; ny kommuntillhörighet
062506,Tannåker,078119,Tannåker,1971-01-01,22,Kodändrad; både ny läns- och kommuntillhörighet
062601,Tånnö,068309,Tånnö,1971-01-01,21,Kodändrad; ny kommuntillhörighet
062602,Voxtorp,068310,Voxtorp,1971-01-01,21,Kodändrad; ny kommuntillhörighet
062603,Gällaryd,068311,Gällaryd,1971-01-01,21,Kodändrad; ny kommuntillhörighet
062701,Rydaholm,068312,Rydaholm,1971-01-01,21,Kodändrad; ny kommuntillhörighet
062801,Fryele,068313,Fryele,1971-01-01,21,Kodändrad; ny kommuntillhörighet
062802,Hagshult,066504,Hagshult,1971-01-01,21,Kodändrad; ny kommuntillhörighet
062803,Åker,066505,Åker,1971-01-01,21,Kodändrad; ny kommuntillhörighet
062804,"Tofteryd, del",066503,Tofteryd,1971-01-01,10,Upphör; till befintlig
063001,Svenarum,066506,Svenarum,1971-01-01,21,Kodändrad; ny kommuntillhörighet
063002,Nydala,068314,Nydala,1971-01-01,21,Kodändrad; ny kommuntillhörighet
063003,Vrigstad,068403,Vrigstad,1971-01-01,21,Kodändrad; ny kommuntillhörighet
063004,Hylletofta,068404,Hylletofta,1971-01-01,21,Kodändrad; ny kommuntillhörighet
063101,Malmbäck,068209,Malmbäck,1971-01-01,21,Kodändrad; ny kommuntillhörighet
063102,Almesåkra,068210,Almesåkra,1971-01-01,21,Kodändrad; ny kommuntillhörighet
063201,Bringetofta,068204,Bringetofta,1971-01-01,21,Kodändrad; ny kommuntillhörighet
063202,Norra Sandsjö kbfd,068203,Norra Sandsjö kbfd,1971-01-01,21,Kodändrad; ny kommuntillhörighet
063301,Hjälmseryd,068406,Hjälmseryd,1974-01-01,21,Kodändrad; ny kommuntillhörighet
063302,Stockaryd,068407,Stockaryd,1974-01-01,21,Kodändrad; ny kommuntillhörighet
063303,Hultsjö,068408,Hultsjö,1974-01-01,21,Kodändrad; ny kommuntillhörighet
063401,Skepperstad,068405,Skepperstad,1971-01-01,21,Kodändrad; ny kommuntillhörighet
063402,Fröderyd,068505,Fröderyd,1971-01-01,21,Kodändrad; ny kommuntillhörighet
063403,Bäckaby,068506,Bäckaby,1971-01-01,21,Kodändrad; ny kommuntillhörighet
063404,Ramkvilla,068507,Ramkvilla,1971-01-01,21,Kodändrad; ny kommuntillhörighet
063501,Södra Solberga,068508,Södra Solberga,1971-01-01,21,Kodändrad; ny kommuntillhörighet
063502,Korsberga,068509,Korsberga,1971-01-01,21,Kodändrad; ny kommuntillhörighet
063503,Lemnhult,068510,Lemnhult,1971-01-01,21,Kodändrad; ny kommuntillhörighet
063601,Näshult,068511,Näshult,1971-01-01,21,Kodändrad; ny kommuntillhörighet
063602,Stenberga,068512,Stenberga,1971-01-01,21,Kodändrad; ny kommuntillhörighet
063603,Skirö,068513,Skirö,1971-01-01,21,Kodändrad; ny kommuntillhörighet
063604,Nye,068514,Nye,1971-01-01,21,Kodändrad; ny kommuntillhörighet
063701,Alseda,068515,Alseda,1971-01-01,21,Kodändrad; ny kommuntillhörighet
063702,Ökna,068516,Ökna,1971-01-01,21,Kodändrad; ny kommuntillhörighet
063703,Karlstorp,068517,Karlstorp,1971-01-01,21,Kodändrad; ny kommuntillhörighet
063704,Skede,068518,Skede,1971-01-01,21,Kodändrad; ny kommuntillhörighet
063801,"Vetlanda, del",068501,Vetlanda,1971-01-01,10,Upphör; till befintlig
063802,Bäckseda,068503,Bäckseda,1971-01-01,23,Kodändrad; annat än 20-22
063803,Näsby,068504,Näsby,1971-01-01,23,Kodändrad; annat än 20-22
063901,Björkö,068519,Björkö,1971-01-01,21,Kodändrad; ny kommuntillhörighet
063902,Nävelsjö,068520,Nävelsjö,1971-01-01,21,Kodändrad; ny kommuntillhörighet
064001,Lannaskede,068521,Lannaskede,1971-01-01,21,Kodändrad; ny kommuntillhörighet
064002,Myresjö,068522,Myresjö,1971-01-01,21,Kodändrad; ny kommuntillhörighet
064201,Utvängstorp,064202,Sandhem-Utvängstorp,2002-01-01,10,Upphör; till befintlig
064202,Sandhem,064202,Sandhem-Utvängstorp,2002-01-01,16,Utvidgas och namnändras
064202,Sandhem-Utvängstorp,064203,Mullsjö-Sandhem,2010-01-01,10,Upphör; till befintlig
064203,Mullsjö,064203,Mullsjö-Sandhem,2010-01-01,16,Utvidgas och namnändras
064203,Nykyrka,064203,Mullsjö,2002-01-01,16,Utvidgas och namnändras
064204,Bjurbäck,064203,Mullsjö,2002-01-01,10,Upphör; till befintlig
066001,Hässleby,068602,Hässleby,1971-01-01,21,Kodändrad; ny kommuntillhörighet
066002,Kråkshult,068603,Kråkshult,1971-01-01,21,Kodändrad; ny kommuntillhörighet
066101,Norrahammar,068008,Norrahammar,1971-01-01,21,Kodändrad; ny kommuntillhörighet
066205,Stengårdshult,066208,Norra Hestra,2010-01-01,10,Upphör; till befintlig
066206,Valdshult,066208,Norra Hestra,2010-01-01,10,Upphör; till befintlig
066207,Öreryd,066208,Norra Hestra,2010-01-01,10,Upphör; till befintlig
066208,Norra Hestra,066208,Norra Hestra,2010-01-01,15,Utvidgas
066210,Burseryd,066210,Burseryd,1995-01-01,15,Utvidgas
066210,Burseryd,066210,Burseryd,2014-01-01,15,Utvidgas
066211,Sandvik,066210,Burseryd,1995-01-01,10,Upphör; till befintlig
066212,Gryteryd,066210,Burseryd,2014-01-01,10,Upphör; till befintlig
066213,Södra Hestra,066210,Burseryd,2014-01-01,10,Upphör; till befintlig
066214,Ås,066216,Västbo S:t Sigfrid,2014-01-01,10,Upphör; till befintlig
066214,Ås,066214,Ås,1974-01-01,15,Utvidgas
066215,Kållerstad,066216,Västbo S:t Sigfrid,2014-01-01,10,Upphör; till befintlig
066216,Reftele,066216,Västbo S:t Sigfrid,2014-01-01,16,Utvidgas och namnändras
066301,"Tofteryd, del",066503,Tofteryd,1971-01-01,21,Kodändrad; ny kommuntillhörighet
066401,Bodafors kbfd,068202,Bodafors kbfd,1971-01-01,21,Kodändrad; ny kommuntillhörighet
066501,Byarum,066501,Byarum-Bondstorp,2010-01-01,16,Utvidgas och namnändras
066502,Bondstorp,066501,Byarum-Bondstorp,2010-01-01,10,Upphör; till befintlig
066503,Tofteryd,066503,Tofteryd,1971-01-01,16,Utvidgas och namnändras
066503,Tofteryd,066503,Skillingaryd,2014-01-01,16,Utvidgas och namnändras
066504,Hagshult,066503,Skillingaryd,2014-01-01,10,Upphör; till befintlig
066505,Åker,066503,Skillingaryd,2014-01-01,10,Upphör; till befintlig
066601,Anderstorp,066204,Anderstorp,1974-01-01,21,Kodändrad; ny kommuntillhörighet
068001,Jönköpings Sofia-Järstorp,068002,Jönköping,2018-01-01,10,Upphör; till befintlig
068001,Jönköpings Sofia,068001,Jönköpings Sofia-Järstorp,2010-01-01,16,Utvidgas och namnändras
068002,Jönköpings Kristina,068002,Jönköpings Kristina-Ljungarum,2006-01-01,16,Utvidgas och namnändras
068002,Jönköpings Kristina-Ljungarum,068002,Jönköping,2018-01-01,16,Utvidgas och namnändras
068003,Ljungarum,068002,Jönköpings Kristina-Ljungarum,2006-01-01,10,Upphör; till befintlig
068004,Järstorp,068001,Jönköpings Sofia-Järstorp,2010-01-01,10,Upphör; till befintlig
068010,Skärstad,068010,Skärstad-Ölmstad,2010-01-01,16,Utvidgas och namnändras
068011,Ölmstad,068010,Skärstad-Ölmstad,2010-01-01,10,Upphör; till befintlig
068012,Svarttorp,068014,Lekeryd,2006-01-01,10,Upphör; till befintlig
068013,Järsnäs,068014,Lekeryd,2006-01-01,10,Upphör; till befintlig
068014,Lekeryd,068014,Lekeryd,2006-01-01,15,Utvidgas
068015,Rogberga,068015,Rogberga-Öggestorp,2006-01-01,16,Utvidgas och namnändras
068016,Barnarp,068016,Barnarp-Ödestugu,2018-01-01,16,Utvidgas och namnändras
068017,Ödestugu,068016,Barnarp-Ödestugu,2018-01-01,10,Upphör; till befintlig
068018,Öggestorp,068015,Rogberga-Öggestorp,2006-01-01,10,Upphör; till befintlig
068021,Norra Mo,068021,Norra Mo,2006-01-01,15,Utvidgas
068021,Bottnaryd,068021,Norra Mo,2002-01-01,16,Utvidgas och namnändras
068022,Mulseryd,068021,Norra Mo,2002-01-01,10,Upphör; till befintlig
068023,Angerdshestra,068021,Norra Mo,2002-01-01,10,Upphör; till befintlig
068024,Norra Unnaryd,068021,Norra Mo,2006-01-01,10,Upphör; till befintlig
068101,Huskvarna,068005,Huskvarna,1971-01-01,21,Kodändrad; ny kommuntillhörighet
068102,Hakarp,068006,Hakarp,1971-01-01,21,Kodändrad; ny kommuntillhörighet
068202,Bodafors kbfd,068203,Norra Sandsjö,1992-01-01,10,Upphör; till befintlig
068203,Norra Sandsjö kbfd,068203,Norra Sandsjö,1992-01-01,16,Utvidgas och namnändras
068205,Norra Solberga,068205,Norra Solberga-Flisby,2007-01-01,16,Utvidgas och namnändras
068206,Flisby,068205,Norra Solberga-Flisby,2007-01-01,10,Upphör; till befintlig
068207,Forserum,068207,Barkeryd-Forserum,2010-01-01,16,Utvidgas och namnändras
068208,Barkeryd,068207,Barkeryd-Forserum,2010-01-01,10,Upphör; till befintlig
068304,Kärda,068306,Forshedabygden,2012-01-01,10,Upphör; till befintlig
068305,Hånger,068306,Forshedabygden,2012-01-01,10,Upphör; till befintlig
068306,Forsheda,068306,Forshedabygden,2012-01-01,16,Utvidgas och namnändras
068307,Torskinge,068306,Forshedabygden,2012-01-01,10,Upphör; till befintlig
068308,Dannäs,068306,Forshedabygden,2012-01-01,10,Upphör; till befintlig
068313,Fryele,068313,Nydala-Fryele,2013-01-01,16,Utvidgas och namnändras
068314,Nydala,068313,Nydala-Fryele,2013-01-01,10,Upphör; till befintlig
068401,Sävsjö,068401,Sävsjö,2010-01-01,15,Utvidgas
068402,Hjärtlanda,068401,Sävsjö,2010-01-01,10,Upphör; till befintlig
068403,Vrigstad,068403,Vrigstad-Hylletofta,2006-01-01,16,Utvidgas och namnändras
068404,Hylletofta,068403,Vrigstad-Hylletofta,2006-01-01,10,Upphör; till befintlig
068405,Skepperstad,068401,Sävsjö,2010-01-01,10,Upphör; till befintlig
068501,"Vetlanda, del",068501,Vetlanda,1971-01-01,16,Utvidgas och namnändras
068505,Fröderyd,068521,Lannaskede,2010-01-01,10,Upphör; till befintlig
068506,Bäckaby,068521,Lannaskede,2010-01-01,10,Upphör; till befintlig
068507,Ramkvilla,068521,Lannaskede,2010-01-01,10,Upphör; till befintlig
068508,Södra Solberga,068509,Korsberga,2006-01-01,10,Upphör; till befintlig
068509,Korsberga,068509,Korsberga,2006-01-01,15,Utvidgas
068510,Lemnhult,068509,Korsberga,2006-01-01,10,Upphör; till befintlig
068511,Näshult,068514,"Nye, Näshult och Stenberga",2006-01-01,10,Upphör; till befintlig
068512,Stenberga,068514,"Nye, Näshult och Stenberga",2006-01-01,10,Upphör; till befintlig
068513,Skirö,068515,Alseda,2010-01-01,10,Upphör; till befintlig
068514,Nye,068514,"Nye, Näshult och Stenberga",2006-01-01,16,Utvidgas och namnändras
068515,Alseda,068515,Alseda,2010-01-01,15,Utvidgas
068516,Ökna,068515,Alseda,2010-01-01,10,Upphör; till befintlig
068517,Karlstorp,068515,Alseda,2010-01-01,10,Upphör; till befintlig
068517,Karlstorp,068517,Karlstorp,2006-01-01,15,Utvidgas
068518,Skede,068515,Alseda,2010-01-01,10,Upphör; till befintlig
068521,Lannaskede,068521,Lannaskede,2010-01-01,15,Utvidgas
068522,Myresjö,068521,Lannaskede,2010-01-01,10,Upphör; till befintlig
068523,"Kråkshult, del",068517,Karlstorp,2006-01-01,10,Upphör; till befintlig
068602,Hässleby,068602,Hässleby-Kråkshult,2010-01-01,16,Utvidgas och namnändras
068603,Kråkshult,068602,Hässleby-Kråkshult,2010-01-01,10,Upphör; till befintlig
068603,Kråkshult,068523,"Kråkshult, del",2005-01-01,12,Ger del till nybildad
068603,Kråkshult,068603,"Kråkshult, del",2005-01-01,40,Namnändrad (ej kodändrad)
068603,"Kråkshult, del",068603,Kråkshult,2006-01-01,40,Namnändrad (ej kodändrad)
068604,Bellö,068605,Ingatorp-Bellö,2005-01-01,10,Upphör; till befintlig
068605,Ingatorp,068605,Ingatorp-Bellö,2005-01-01,16,Utvidgas och namnändras
068606,Hult,068606,Hult-Edshult,2018-01-01,16,Utvidgas och namnändras
068607,Edshult,068606,Hult-Edshult,2018-01-01,10,Upphör; till befintlig
068801,Gränna,068007,Gränna,1971-01-01,21,Kodändrad; ny kommuntillhörighet
070201,Nottebäck,076004,Nottebäck,1971-01-01,21,Kodändrad; ny kommuntillhörighet
070301,Sjösås,078003,Sjösås,1971-01-01,21,Kodändrad; ny kommuntillhörighet
070302,Hornaryd,078004,Hornaryd,1971-01-01,21,Kodändrad; ny kommuntillhörighet
070303,Drev,078005,Drev,1971-01-01,21,Kodändrad; ny kommuntillhörighet
070304,Dädesjö,078006,Dädesjö,1971-01-01,21,Kodändrad; ny kommuntillhörighet
070501,Älghult,076005,Älghult,1971-01-01,21,Kodändrad; ny kommuntillhörighet
070701,Ekeberga,076103,Ekeberga,1971-01-01,21,Kodändrad; ny kommuntillhörighet
070901,Långasjö,086204,Långasjö,1971-01-01,22,Kodändrad; både ny läns- och kommuntillhörighet
070902,Älmeboda,076303,Älmeboda,1971-01-01,21,Kodändrad; ny kommuntillhörighet
071001,Ljuder,076104,Ljuder,1971-01-01,21,Kodändrad; ny kommuntillhörighet
071101,Hemmesjö med Tegnaby,078007,Hemmesjö med Tegnaby,1971-01-01,21,Kodändrad; ny kommuntillhörighet
071102,Östra Torsås,078008,Östra Torsås,1971-01-01,21,Kodändrad; ny kommuntillhörighet
071201,Nöbbele,078009,Nöbbele,1971-01-01,21,Kodändrad; ny kommuntillhörighet
071202,Linneryd,076304,Linneryd,1971-01-01,21,Kodändrad; ny kommuntillhörighet
071301,Södra Sandsjö,076305,Södra Sandsjö,1971-01-01,21,Kodändrad; ny kommuntillhörighet
071401,Väckelsång,076306,Väckelsång,1971-01-01,21,Kodändrad; ny kommuntillhörighet
071402,Uråsa,078010,Uråsa,1971-01-01,21,Kodändrad; ny kommuntillhörighet
071403,Jät,078011,Jät,1971-01-01,21,Kodändrad; ny kommuntillhörighet
071501,Urshult,076307,Urshult,1971-01-01,21,Kodändrad; ny kommuntillhörighet
071701,Kalvsvik,078012,Kalvsvik,1971-01-01,21,Kodändrad; ny kommuntillhörighet
071702,Tävelsås,078013,Tävelsås,1971-01-01,21,Kodändrad; ny kommuntillhörighet
071703,Dänningelanda,078014,Dänningelanda,1971-01-01,21,Kodändrad; ny kommuntillhörighet
071704,Vederslöv,078015,Vederslöv,1971-01-01,21,Kodändrad; ny kommuntillhörighet
071801,Öja,078016,Öja,1971-01-01,21,Kodändrad; ny kommuntillhörighet
071802,Bergunda,078017,Bergunda,1971-01-01,21,Kodändrad; ny kommuntillhörighet
071803,Öjaby,078018,Öjaby,1971-01-01,21,Kodändrad; ny kommuntillhörighet
071901,Tjureda,078019,Tjureda,1971-01-01,21,Kodändrad; ny kommuntillhörighet
071902,Gårdsby,078020,Gårdsby,1971-01-01,21,Kodändrad; ny kommuntillhörighet
071903,Söraby,078021,Söraby,1971-01-01,21,Kodändrad; ny kommuntillhörighet
071904,Tolg,078022,Tolg,1971-01-01,21,Kodändrad; ny kommuntillhörighet
072001,Asa,078023,Asa,1971-01-01,21,Kodändrad; ny kommuntillhörighet
072002,Aneboda,078024,Aneboda,1971-01-01,21,Kodändrad; ny kommuntillhörighet
072003,Berg,078025,Berg,1971-01-01,21,Kodändrad; ny kommuntillhörighet
072101,Ormesberga,078026,Ormesberga,1971-01-01,21,Kodändrad; ny kommuntillhörighet
072102,Ör,078027,Ör,1971-01-01,21,Kodändrad; ny kommuntillhörighet
072103,Moheda,076405,Moheda,1971-01-01,21,Kodändrad; ny kommuntillhörighet
072104,Slätthög,076406,Slätthög,1971-01-01,21,Kodändrad; ny kommuntillhörighet
072105,Mistelås,076407,Mistelås,1971-01-01,21,Kodändrad; ny kommuntillhörighet
072301,Blädinge,076408,Blädinge,1971-01-01,21,Kodändrad; ny kommuntillhörighet
072302,Vislanda,076409,Vislanda,1971-01-01,21,Kodändrad; ny kommuntillhörighet
072401,Skatelöv,076410,Skatelöv,1971-01-01,21,Kodändrad; ny kommuntillhörighet
072501,Västra Torsås,076411,Västra Torsås,1971-01-01,21,Kodändrad; ny kommuntillhörighet
072601,Virestad,076503,Virestad,1971-01-01,21,Kodändrad; ny kommuntillhörighet
072701,Stenbrohult,076504,Stenbrohult,1971-01-01,21,Kodändrad; ny kommuntillhörighet
072801,Agunnaryd,078102,Agunnaryd,1971-01-01,21,Kodändrad; ny kommuntillhörighet
072802,Ryssby,078103,Ryssby,1971-01-01,21,Kodändrad; ny kommuntillhörighet
072803,Tutaryd,078104,Tutaryd,1971-01-01,21,Kodändrad; ny kommuntillhörighet
072901,Södra Ljunga,078105,Södra Ljunga,1971-01-01,21,Kodändrad; ny kommuntillhörighet
072902,Hamneda,078106,Hamneda,1971-01-01,21,Kodändrad; ny kommuntillhörighet
072903,Kånna,078107,Kånna,1971-01-01,21,Kodändrad; ny kommuntillhörighet
073001,Berga,078108,Berga,1971-01-01,21,Kodändrad; ny kommuntillhörighet
073002,Dörarp,078109,Dörarp,1971-01-01,21,Kodändrad; ny kommuntillhörighet
073003,Vittaryd,078110,Vittaryd,1971-01-01,21,Kodändrad; ny kommuntillhörighet
073101,Angelstad,078111,Angelstad,1971-01-01,21,Kodändrad; ny kommuntillhörighet
073102,Annerstad,078112,Annerstad,1971-01-01,21,Kodändrad; ny kommuntillhörighet
073103,Nöttja,078113,Nöttja,1971-01-01,21,Kodändrad; ny kommuntillhörighet
073104,Torpa,078114,Torpa,1971-01-01,21,Kodändrad; ny kommuntillhörighet
073201,Vrå,078115,Vrå,1971-01-01,21,Kodändrad; ny kommuntillhörighet
073202,Lidhult,078116,Lidhult,1971-01-01,21,Kodändrad; ny kommuntillhörighet
073203,Odensjö,078117,Odensjö,1971-01-01,21,Kodändrad; ny kommuntillhörighet
073301,Göteryd,076505,Göteryd,1971-01-01,21,Kodändrad; ny kommuntillhörighet
073302,Pjätteryd,076506,Pjätteryd,1971-01-01,21,Kodändrad; ny kommuntillhörighet
073303,Hallaryd,076507,Hallaryd,1971-01-01,21,Kodändrad; ny kommuntillhörighet
076002,Herråkra,076003,Lenhovda-Herråkra,2012-01-01,10,Upphör; till befintlig
076003,Lenhovda,076003,Lenhovda-Herråkra,2012-01-01,16,Utvidgas och namnändras
076201,Hovmantorp,076102,Hovmantorp,1971-01-01,21,Kodändrad; ny kommuntillhörighet
076202,Furuby,078002,Furuby,1971-01-01,21,Kodändrad; ny kommuntillhörighet
076401,Alvesta,076401,Alvesta,2010-01-01,15,Utvidgas
076402,Lekaryd,076401,Alvesta,2010-01-01,10,Upphör; till befintlig
076403,Härlöv,076401,Alvesta,2010-01-01,10,Upphör; till befintlig
076404,Hjortsberga med Kvenneberga,076401,Alvesta,2010-01-01,10,Upphör; till befintlig
076502,Härlunda,076503,Virestad-Härlunda,2018-01-01,10,Upphör; till befintlig
076503,Virestad,076503,Virestad-Härlunda,2018-01-01,16,Utvidgas och namnändras
076601,Hinneryd,076702,Hinneryd,1971-01-01,21,Kodändrad; ny kommuntillhörighet
076602,Traryd,076703,Traryd,1971-01-01,21,Kodändrad; ny kommuntillhörighet
076801,Herråkra,076002,Herråkra,1971-01-01,21,Kodändrad; ny kommuntillhörighet
076802,Lenhovda,076003,Lenhovda,1971-01-01,21,Kodändrad; ny kommuntillhörighet
076901,Almundsryd,076302,Almundsryd,1971-01-01,21,Kodändrad; ny kommuntillhörighet
076902,Härlunda,076502,Härlunda,1971-01-01,21,Kodändrad; ny kommuntillhörighet
078001,Växjö,078001,Växjö domkyrkoförs.,1977-01-01,40,Namnändrad (ej kodändrad)
078001,Växjö domkyrkoförs.,078001,Växjö stads- och domkyrkoförs.,2014-01-01,16,Utvidgas och namnändras
078001,Växjö,078028,Skogslyckan,1977-01-01,12,Ger del till nybildad
078001,Växjö domkyrkoförs.,078030,Teleborg,1995-01-01,12,Ger del till nybildad
078002,Furuby,078007,Hemmesjö-Furuby,2014-01-01,10,Upphör; till befintlig
078003,Sjösås,078003,Sjösås,2010-01-01,15,Utvidgas
078004,Hornaryd,078005,Drev-Hornaryd,2006-01-01,10,Upphör; till befintlig
078005,Drev,078005,Drev-Hornaryd,2006-01-01,16,Utvidgas och namnändras
078005,Drev-Hornaryd,078003,Sjösås,2010-01-01,10,Upphör; till befintlig
078007,Hemmesjö med Tegnaby,078007,Hemmesjö-Furuby,2014-01-01,16,Utvidgas och namnändras
078008,Östra Torsås,078008,Ingelstad,2014-01-01,16,Utvidgas och namnändras
078009,Nöbbele,078008,Ingelstad,2014-01-01,10,Upphör; till befintlig
078010,Uråsa,078008,Ingelstad,2014-01-01,10,Upphör; till befintlig
078011,Jät,078008,Ingelstad,2014-01-01,10,Upphör; till befintlig
078014,Dänningelanda,078015,Vederslöv-Dänningelanda,2002-01-01,10,Upphör; till befintlig
078015,Vederslöv,078015,Vederslöv-Dänningelanda,2002-01-01,16,Utvidgas och namnändras
078015,Vederslöv-Dänningelanda,078015,Vederslöv,2015-01-01,40,Namnändrad (ej kodändrad)
078015,Vederslöv-Dänningelanda,078001,Växjö stads- och domkyrkoförs.,2014-01-01,14,Ger del/delar till befintlig
078016,Öja,078016,Gemla,2014-01-01,16,Utvidgas och namnändras
078017,Bergunda,078016,Gemla,2014-01-01,10,Upphör; till befintlig
078017,Bergunda,078018,Öjaby,2014-01-01,10,Upphör; till befintlig
078017,Bergunda,078001,Växjö stads- och domkyrkoförs.,2014-01-01,10,Upphör; till befintlig
078018,Öjaby,078018,Öjaby,2014-01-01,15,Utvidgas
078019,Tjureda,078021,"Söraby, Tolg och Tjureda",2006-01-01,10,Upphör; till befintlig
078021,Söraby,078021,"Söraby, Tolg och Tjureda",2006-01-01,16,Utvidgas och namnändras
078021,"Söraby, Tolg och Tjureda",078021,Söraby,2014-01-01,40,Namnändrad (ej kodändrad)
078022,Tolg,078021,"Söraby, Tolg och Tjureda",2006-01-01,10,Upphör; till befintlig
078023,Asa,078024,Aneboda-Asa-Berg,2010-01-01,10,Upphör; till befintlig
078024,Aneboda,078024,Aneboda-Asa-Berg,2010-01-01,16,Utvidgas och namnändras
078024,Aneboda-Asa-Berg,078024,Lammhult,2014-01-01,40,Namnändrad (ej kodändrad)
078025,Berg,078024,Aneboda-Asa-Berg,2010-01-01,10,Upphör; till befintlig
078026,Ormesberga,078027,Ör-Ormesberga,2006-01-01,10,Upphör; till befintlig
078027,Ör,078027,Ör-Ormesberga,2006-01-01,16,Utvidgas och namnändras
078027,Ör-Ormesberga,078018,Öjaby,2014-01-01,10,Upphör; till befintlig
078028,Skogslyckan,078001,Växjö stads- och domkyrkoförs.,2014-01-01,10,Upphör; till befintlig
078028,Skogslyckan,078029,Växjö Maria,1995-01-01,12,Ger del till nybildad
078029,Växjö Maria,078001,Växjö stads- och domkyrkoförs.,2014-01-01,10,Upphör; till befintlig
078030,Teleborg,078001,Växjö stads- och domkyrkoförs.,2014-01-01,10,Upphör; till befintlig
078101,Ljungby,078120,Ljungby Maria,2002-01-01,12,Ger del till nybildad
078105,Södra Ljunga,078107,Södra Ljunga,2006-01-01,10,Upphör; till befintlig
078106,Hamneda,078107,Södra Ljunga,2006-01-01,10,Upphör; till befintlig
078107,Kånna,078107,Södra Ljunga,2006-01-01,16,Utvidgas och namnändras
078113,Nöttja,078107,Södra Ljunga,2006-01-01,10,Upphör; till befintlig
078118,"Bolmsö, del",078118,Bolmsö,1974-01-01,40,Namnändrad (ej kodändrad)
080101,Hannäs,056106,Hannäs,1971-01-01,22,Kodändrad; både ny läns- och kommuntillhörighet
080102,Ukna,088305,Ukna,1971-01-01,21,Kodändrad; ny kommuntillhörighet
080103,Gärdserum,056107,Gärdserum,1971-01-01,22,Kodändrad; både ny läns- och kommuntillhörighet
080201,Dalhem,088306,Dalhem,1971-01-01,21,Kodändrad; ny kommuntillhörighet
080202,Överum,088307,Överum,1971-01-01,21,Kodändrad; ny kommuntillhörighet
080301,Västra Ed,088308,Västra Ed,1971-01-01,21,Kodändrad; ny kommuntillhörighet
080302,Tryserum,056305,Tryserum,1971-01-01,22,Kodändrad; både ny läns- och kommuntillhörighet
080303,Östra Ed,056306,Östra Ed,1971-01-01,22,Kodändrad; både ny läns- och kommuntillhörighet
080401,Loftahammar,088309,Loftahammar,1971-01-01,21,Kodändrad; ny kommuntillhörighet
080501,Lofta,088310,Lofta,1971-01-01,21,Kodändrad; ny kommuntillhörighet
080502,Gamleby,088311,Gamleby,1971-01-01,21,Kodändrad; ny kommuntillhörighet
080503,Odensvi,088312,Odensvi,1971-01-01,21,Kodändrad; ny kommuntillhörighet
080601,Hallingebergs norra kbfd,088313,Hallingebergs norra kbfd,1971-01-01,21,Kodändrad; ny kommuntillhörighet
080602,Hallingebergs södra kbfd,088314,Hallingebergs södra kbfd,1971-01-01,21,Kodändrad; ny kommuntillhörighet
080801,Hjorted,088315,Hjorted,1971-01-01,21,Kodändrad; ny kommuntillhörighet
080901,Blackstad,088316,Blackstad,1971-01-01,21,Kodändrad; ny kommuntillhörighet
080902,Locknevi,088406,Locknevi,1971-01-01,21,Kodändrad; ny kommuntillhörighet
081001,Djursdala,088407,Djursdala,1971-01-01,21,Kodändrad; ny kommuntillhörighet
081002,Södra Vi,088408,Södra Vi,1971-01-01,21,Kodändrad; ny kommuntillhörighet
081101,Rumskulla,088403,Rumskulla,1971-01-01,21,Kodändrad; ny kommuntillhörighet
081102,Pelarne,088404,Pelarne,1971-01-01,21,Kodändrad; ny kommuntillhörighet
081103,"Vimmerby, del",088401,Vimmerby,1971-01-01,10,Upphör; till befintlig
081104,Frödinge,088405,Frödinge,1971-01-01,21,Kodändrad; ny kommuntillhörighet
081201,Tuna,088409,Tuna,1971-01-01,21,Kodändrad; ny kommuntillhörighet
081501,Vena,086006,Vena,1971-01-01,21,Kodändrad; ny kommuntillhörighet
081901,Tveta,086007,Tveta,1971-01-01,21,Kodändrad; ny kommuntillhörighet
081902,Mörlunda,086008,Mörlunda,1971-01-01,21,Kodändrad; ny kommuntillhörighet
082201,Fliseryd,086102,Fliseryd,1974-01-01,21,Kodändrad; ny kommuntillhörighet
082401,Ålem,086103,Ålem,1974-01-01,21,Kodändrad; ny kommuntillhörighet
082601,Ryssby,088005,Ryssby,1971-01-01,21,Kodändrad; ny kommuntillhörighet
082701,Åby,088006,Åby,1971-01-01,21,Kodändrad; ny kommuntillhörighet
082702,Förlösa,088007,Förlösa,1971-01-01,21,Kodändrad; ny kommuntillhörighet
082902,Ljungby,088008,Ljungby,1971-01-01,21,Kodändrad; ny kommuntillhörighet
083001,Hagby,088009,Hagby,1971-01-01,21,Kodändrad; ny kommuntillhörighet
083002,Voxtorp,088010,Voxtorp,1971-01-01,21,Kodändrad; ny kommuntillhörighet
083003,Halltorp,088011,Halltorp,1971-01-01,21,Kodändrad; ny kommuntillhörighet
083004,Arby,088012,Arby,1971-01-01,21,Kodändrad; ny kommuntillhörighet
083101,Mortorp,088013,Mortorp,1971-01-01,21,Kodändrad; ny kommuntillhörighet
083102,Karlslunda,088014,Karlslunda,1971-01-01,21,Kodändrad; ny kommuntillhörighet
083403,Söderåkra norra kbfd,083404,Söderåkra,1992-01-01,10,Upphör; till befintlig
083404,Söderåkra södra kbfd,083404,Söderåkra,1992-01-01,16,Utvidgas och namnändras
083501,Söderåkra norra kbfd,083403,Söderåkra norra kbfd,1971-01-01,21,Kodändrad; ny kommuntillhörighet
083502,Söderåkra södra kbfd,083404,Söderåkra södra kbfd,1971-01-01,21,Kodändrad; ny kommuntillhörighet
083601,Böda,088513,Böda,1974-01-01,21,Kodändrad; ny kommuntillhörighet
083602,Högby,088514,Högby,1974-01-01,21,Kodändrad; ny kommuntillhörighet
083603,Källa,088515,Källa,1974-01-01,21,Kodändrad; ny kommuntillhörighet
083604,Persnäs,088516,Persnäs,1974-01-01,21,Kodändrad; ny kommuntillhörighet
083901,Glömminge,084013,Glömminge,1974-01-01,21,Kodändrad; ny kommuntillhörighet
083902,Algutsrum,084014,Algutsrum,1974-01-01,21,Kodändrad; ny kommuntillhörighet
083903,Torslunda,084015,Torslunda,1974-01-01,21,Kodändrad; ny kommuntillhörighet
083904,Norra Möckleby,084016,Norra Möckleby,1974-01-01,21,Kodändrad; ny kommuntillhörighet
083905,Gårdby,084017,Gårdby,1974-01-01,21,Kodändrad; ny kommuntillhörighet
083906,Sandby,084018,Sandby,1974-01-01,21,Kodändrad; ny kommuntillhörighet
084001,Vickleby,084001,Resmo-Vickleby,2006-01-01,16,Utvidgas och namnändras
084002,Resmo,084001,Resmo-Vickleby,2006-01-01,10,Upphör; till befintlig
084003,Mörbylånga,084003,Mörbylånga-Kastlösa,2002-01-01,16,Utvidgas och namnändras
084004,Stenåsa,084005,Hulterstad-Stenåsa,2002-01-01,10,Upphör; till befintlig
084005,Hulterstad,084005,Hulterstad-Stenåsa,2002-01-01,16,Utvidgas och namnändras
084006,Kastlösa,084003,Mörbylånga-Kastlösa,2002-01-01,10,Upphör; till befintlig
084007,Smedby,084008,Sydöland,2002-01-01,10,Upphör; till befintlig
084008,Södra Möckleby,084008,Sydöland,2002-01-01,16,Utvidgas och namnändras
084009,Segerstad,084008,Sydöland,2002-01-01,10,Upphör; till befintlig
084010,Gräsgård,084008,Sydöland,2002-01-01,10,Upphör; till befintlig
084011,Ventlinge,084008,Sydöland,2002-01-01,10,Upphör; till befintlig
084012,Ås,084008,Sydöland,2002-01-01,10,Upphör; till befintlig
084013,Glömminge,084014,Glömminge-Algutsrum,2017-01-01,10,Upphör; till befintlig
084014,Algutsrum,084014,Glömminge-Algutsrum,2017-01-01,16,Utvidgas och namnändras
084016,Norra Möckleby,084016,"Norra Möckleby, Sandby och Gårdby",2002-01-01,16,Utvidgas och namnändras
084017,Gårdby,084016,"Norra Möckleby, Sandby och Gårdby",2002-01-01,10,Upphör; till befintlig
084018,Sandby,084016,"Norra Möckleby, Sandby och Gårdby",2002-01-01,10,Upphör; till befintlig
086007,Tveta,086008,Mörlunda-Tveta,2006-01-01,10,Upphör; till befintlig
086008,Mörlunda,086008,Mörlunda-Tveta,2006-01-01,16,Utvidgas och namnändras
086301,Järeda,086004,Järeda,1971-01-01,21,Kodändrad; ny kommuntillhörighet
086302,Virserum,086005,Virserum,1971-01-01,21,Kodändrad; ny kommuntillhörighet
088001,Kalmar,088001,Kalmar domkyrkoförs.,1989-01-01,40,Namnändrad (ej kodändrad)
088001,Kalmar,088015,Kalmar S:t Johannes,1989-01-01,13,Ger delar till nybildade
088001,Kalmar,088016,Heliga Korset,1989-01-01,13,Ger delar till nybildade
088001,Kalmar,088017,S:ta Birgitta,1989-01-01,13,Ger delar till nybildade
088001,Kalmar,088018,Två systrar,1989-01-01,13,Ger delar till nybildade
088002,Kläckeberga,088002,Förlösa-Kläckeberga,1998-01-01,16,Utvidgas och namnändras
088007,Förlösa,088002,Förlösa-Kläckeberga,1998-01-01,10,Upphör; till befintlig
088009,Hagby,088009,Arby-Hagby,2010-01-01,16,Utvidgas och namnändras
088010,Voxtorp,088011,Halltorp-Voxtorp,2010-01-01,10,Upphör; till befintlig
088011,Halltorp,088011,Halltorp-Voxtorp,2010-01-01,16,Utvidgas och namnändras
088012,Arby,088009,Arby-Hagby,2010-01-01,10,Upphör; till befintlig
088013,Mortorp,088013,Karlslunda-Mortorp,2010-01-01,16,Utvidgas och namnändras
088014,Karlslunda,088013,Karlslunda-Mortorp,2010-01-01,10,Upphör; till befintlig
088101,Nybro,088101,Nybro-S:t Sigfrid,2006-01-01,16,Utvidgas och namnändras
088107,S:t Sigfrid,088101,Nybro-S:t Sigfrid,2006-01-01,10,Upphör; till befintlig
088202,Misterhults norra kbfd,088203,Misterhult,1992-01-01,10,Upphör; till befintlig
088203,Misterhults södra kbfd,088203,Misterhult,1992-01-01,16,Utvidgas och namnändras
088204,Kristdala,088205,Döderhult,2010-01-01,10,Upphör; till befintlig
088205,Döderhult,088205,Döderhult,2010-01-01,15,Utvidgas
088205,Döderhults kbfd,088205,Döderhult,1992-01-01,16,Utvidgas och namnändras
088206,Påskallaviks kbfd,088205,Döderhult,1992-01-01,10,Upphör; till befintlig
088303,Gladhammar,088303,Gladhammar-Västrum,2006-01-01,16,Utvidgas och namnändras
088304,Västrum,088303,Gladhammar-Västrum,2006-01-01,10,Upphör; till befintlig
088313,Hallingebergs norra kbfd,088314,Hallingeberg,1977-01-01,10,Upphör; till befintlig
088314,Hallingebergs södra kbfd,088314,Hallingeberg,1977-01-01,16,Utvidgas och namnändras
088314,Hallingeberg,088314,Hallingeberg-Blackstad,2012-01-01,16,Utvidgas och namnändras
088316,Blackstad,088314,Hallingeberg-Blackstad,2012-01-01,10,Upphör; till befintlig
088401,"Vimmerby, del",088401,Vimmerby,1971-01-01,16,Utvidgas och namnändras
088407,Djursdala,088408,Södra Vi-Djursdala,2002-01-01,10,Upphör; till befintlig
088408,Södra Vi,088408,Södra Vi-Djursdala,2002-01-01,16,Utvidgas och namnändras
088502,Föra,088502,Föra-Alböke-Löt,2006-01-01,16,Utvidgas och namnändras
088503,Alböke,088502,Föra-Alböke-Löt,2006-01-01,10,Upphör; till befintlig
088504,Löt,088502,Föra-Alböke-Löt,2006-01-01,10,Upphör; till befintlig
088505,Egby,088507,Köpingsvik,2006-01-01,10,Upphör; till befintlig
088506,Bredsättra,088507,Köpingsvik,2006-01-01,10,Upphör; till befintlig
088507,Köping,088507,Köpingsvik,2006-01-01,16,Utvidgas och namnändras
088508,Räpplinge,088509,Räpplinge-Högsrum,2006-01-01,10,Upphör; till befintlig
088509,Högsrum,088509,Räpplinge-Högsrum,2006-01-01,16,Utvidgas och namnändras
088510,Gärdslösa,088510,"Gärdslösa, Långlöt och Runsten",2006-01-01,16,Utvidgas och namnändras
088511,Långlöt,088510,"Gärdslösa, Långlöt och Runsten",2006-01-01,10,Upphör; till befintlig
088512,Runsten,088510,"Gärdslösa, Långlöt och Runsten",2006-01-01,10,Upphör; till befintlig
088513,Böda,088514,Nordöland,2010-01-01,10,Upphör; till befintlig
088514,Högby-Källa-Persnäs,088514,Nordöland,2010-01-01,16,Utvidgas och namnändras
088514,Högby,088514,Högby-Källa-Persnäs,2006-01-01,16,Utvidgas och namnändras
088515,Källa,088514,Högby-Källa-Persnäs,2006-01-01,10,Upphör; till befintlig
088516,Persnäs,088514,Högby-Källa-Persnäs,2006-01-01,10,Upphör; till befintlig
090101,Fårö,098004,Fårö,1971-01-01,21,Kodändrad; ny kommuntillhörighet
090102,Bunge,098005,Bunge,1971-01-01,21,Kodändrad; ny kommuntillhörighet
090103,Rute,098006,Rute,1971-01-01,21,Kodändrad; ny kommuntillhörighet
090104,Fleringe,098007,Fleringe,1971-01-01,21,Kodändrad; ny kommuntillhörighet
090201,Hall,098008,Hall,1971-01-01,21,Kodändrad; ny kommuntillhörighet
090202,Hangvar,098009,Hangvar,1971-01-01,21,Kodändrad; ny kommuntillhörighet
090203,Lärbro,098010,Lärbro,1971-01-01,21,Kodändrad; ny kommuntillhörighet
090204,Hellvi,098011,Hellvi,1971-01-01,21,Kodändrad; ny kommuntillhörighet
090301,Bäl,098012,Bäl,1971-01-01,21,Kodändrad; ny kommuntillhörighet
090302,Hejnum,098013,Hejnum,1971-01-01,21,Kodändrad; ny kommuntillhörighet
090303,Tingstäde,098014,Tingstäde,1971-01-01,21,Kodändrad; ny kommuntillhörighet
090304,Stenkyrka,098015,Stenkyrka,1971-01-01,21,Kodändrad; ny kommuntillhörighet
090305,Lummelunda,098016,Lummelunda,1971-01-01,21,Kodändrad; ny kommuntillhörighet
090306,Martebo,098017,Martebo,1971-01-01,21,Kodändrad; ny kommuntillhörighet
090307,Väskinde,098018,Väskinde,1971-01-01,21,Kodändrad; ny kommuntillhörighet
090308,Bro,098019,Bro,1971-01-01,21,Kodändrad; ny kommuntillhörighet
090309,Lokrume,098020,Lokrume,1971-01-01,21,Kodändrad; ny kommuntillhörighet
090310,Fole,098021,Fole,1971-01-01,21,Kodändrad; ny kommuntillhörighet
090401,Ekeby,098022,Ekeby,1971-01-01,21,Kodändrad; ny kommuntillhörighet
090402,Källunge,098023,Källunge,1971-01-01,21,Kodändrad; ny kommuntillhörighet
090403,Vallstena,098024,Vallstena,1971-01-01,21,Kodändrad; ny kommuntillhörighet
090404,Gothem,098025,Gothem,1971-01-01,21,Kodändrad; ny kommuntillhörighet
090405,Hörsne med Bara,098026,Hörsne med Bara,1971-01-01,21,Kodändrad; ny kommuntillhörighet
090406,Norrlanda,098027,Norrlanda,1971-01-01,21,Kodändrad; ny kommuntillhörighet
090407,Ganthem,098028,Ganthem,1971-01-01,21,Kodändrad; ny kommuntillhörighet
090408,Dalhem,098029,Dalhem,1971-01-01,21,Kodändrad; ny kommuntillhörighet
090501,Barlingbo,098030,Barlingbo,1971-01-01,21,Kodändrad; ny kommuntillhörighet
090502,Endre,098031,Endre,1971-01-01,21,Kodändrad; ny kommuntillhörighet
090503,Hejdeby,098032,Hejdeby,1971-01-01,21,Kodändrad; ny kommuntillhörighet
090504,Follingbo,098033,Follingbo,1971-01-01,21,Kodändrad; ny kommuntillhörighet
090505,Akebäck,098034,Akebäck,1971-01-01,21,Kodändrad; ny kommuntillhörighet
090506,Roma,098035,Roma,1971-01-01,21,Kodändrad; ny kommuntillhörighet
090507,Björke,098036,Björke,1971-01-01,21,Kodändrad; ny kommuntillhörighet
090508,Viklau,098037,Viklau,1971-01-01,21,Kodändrad; ny kommuntillhörighet
090509,Halla,098038,Halla,1971-01-01,21,Kodändrad; ny kommuntillhörighet
090510,Sjonhem,098039,Sjonhem,1971-01-01,21,Kodändrad; ny kommuntillhörighet
090511,Vänge,098040,Vänge,1971-01-01,21,Kodändrad; ny kommuntillhörighet
090512,Guldrupe,098041,Guldrupe,1971-01-01,21,Kodändrad; ny kommuntillhörighet
090513,Buttle,098042,Buttle,1971-01-01,21,Kodändrad; ny kommuntillhörighet
090514,Ala,098043,Ala,1971-01-01,21,Kodändrad; ny kommuntillhörighet
090515,Kräklingbo,098044,Kräklingbo,1971-01-01,21,Kodändrad; ny kommuntillhörighet
090516,Anga,098045,Anga,1971-01-01,21,Kodändrad; ny kommuntillhörighet
090517,Gammelgarn,098046,Gammelgarn,1971-01-01,21,Kodändrad; ny kommuntillhörighet
090518,Östergarn,098047,Östergarn,1971-01-01,21,Kodändrad; ny kommuntillhörighet
090601,Västerhejde,098048,Västerhejde,1971-01-01,21,Kodändrad; ny kommuntillhörighet
090602,Träkumla,098049,Träkumla,1971-01-01,21,Kodändrad; ny kommuntillhörighet
090603,Vall,098050,Vall,1971-01-01,21,Kodändrad; ny kommuntillhörighet
090604,Atlingbo,098051,Atlingbo,1971-01-01,21,Kodändrad; ny kommuntillhörighet
090605,Hogrän,098052,Hogrän,1971-01-01,21,Kodändrad; ny kommuntillhörighet
090606,Stenkumla,098053,Stenkumla,1971-01-01,21,Kodändrad; ny kommuntillhörighet
090607,Tofta,098054,Tofta,1971-01-01,21,Kodändrad; ny kommuntillhörighet
090608,Eskelhem,098055,Eskelhem,1971-01-01,21,Kodändrad; ny kommuntillhörighet
090701,Västergarn,098056,Västergarn,1971-01-01,21,Kodändrad; ny kommuntillhörighet
090702,Sanda,098057,Sanda,1971-01-01,21,Kodändrad; ny kommuntillhörighet
090703,Mästerby,098058,Mästerby,1971-01-01,21,Kodändrad; ny kommuntillhörighet
090704,Väte,098059,Väte,1971-01-01,21,Kodändrad; ny kommuntillhörighet
090705,Hejde,098060,Hejde,1971-01-01,21,Kodändrad; ny kommuntillhörighet
090706,Klinte,098061,Klinte,1971-01-01,21,Kodändrad; ny kommuntillhörighet
090707,Fröjel,098062,Fröjel,1971-01-01,21,Kodändrad; ny kommuntillhörighet
090708,Eksta,098063,Eksta,1971-01-01,21,Kodändrad; ny kommuntillhörighet
090709,Sproge,098064,Sproge,1971-01-01,21,Kodändrad; ny kommuntillhörighet
090801,Ardre,098065,Ardre,1971-01-01,21,Kodändrad; ny kommuntillhörighet
090802,Alskog,098066,Alskog,1971-01-01,21,Kodändrad; ny kommuntillhörighet
090803,Garde,098067,Garde,1971-01-01,21,Kodändrad; ny kommuntillhörighet
090804,Etelhem,098068,Etelhem,1971-01-01,21,Kodändrad; ny kommuntillhörighet
090805,Lye,098069,Lye,1971-01-01,21,Kodändrad; ny kommuntillhörighet
090806,Lau,098070,Lau,1971-01-01,21,Kodändrad; ny kommuntillhörighet
090901,När,098071,När,1971-01-01,21,Kodändrad; ny kommuntillhörighet
090902,Burs,098072,Burs,1971-01-01,21,Kodändrad; ny kommuntillhörighet
090903,Stånga,098073,Stånga,1971-01-01,21,Kodändrad; ny kommuntillhörighet
091001,Lojsta,098074,Lojsta,1971-01-01,21,Kodändrad; ny kommuntillhörighet
091002,Linde,098075,Linde,1971-01-01,21,Kodändrad; ny kommuntillhörighet
091003,Hemse,098076,Hemse,1971-01-01,21,Kodändrad; ny kommuntillhörighet
091004,Rone,098077,Rone,1971-01-01,21,Kodändrad; ny kommuntillhörighet
091005,Alva,098078,Alva,1971-01-01,21,Kodändrad; ny kommuntillhörighet
091006,Fardhem,098079,Fardhem,1971-01-01,21,Kodändrad; ny kommuntillhörighet
091007,Gerum,098080,Gerum,1971-01-01,21,Kodändrad; ny kommuntillhörighet
091008,Levide,098081,Levide,1971-01-01,21,Kodändrad; ny kommuntillhörighet
091101,Silte,098082,Silte,1971-01-01,21,Kodändrad; ny kommuntillhörighet
091102,Hablingbo,098083,Hablingbo,1971-01-01,21,Kodändrad; ny kommuntillhörighet
091103,Havdhem,098084,Havdhem,1971-01-01,21,Kodändrad; ny kommuntillhörighet
091104,Eke,098085,Eke,1971-01-01,21,Kodändrad; ny kommuntillhörighet
091105,Grötlingbo,098086,Grötlingbo,1971-01-01,21,Kodändrad; ny kommuntillhörighet
091106,Näs,098087,Näs,1971-01-01,21,Kodändrad; ny kommuntillhörighet
091201,Fide,098088,Fide,1971-01-01,21,Kodändrad; ny kommuntillhörighet
091202,Öja,098089,Öja,1971-01-01,21,Kodändrad; ny kommuntillhörighet
091203,Hamra,098090,Hamra,1971-01-01,21,Kodändrad; ny kommuntillhörighet
091204,Vamlingbo,098091,Vamlingbo,1971-01-01,21,Kodändrad; ny kommuntillhörighet
091205,Sundre,098092,Sundre,1971-01-01,21,Kodändrad; ny kommuntillhörighet
096001,Othem,098002,Othem,1971-01-01,21,Kodändrad; ny kommuntillhörighet
096002,Boge,098003,Boge,1971-01-01,21,Kodändrad; ny kommuntillhörighet
098001,Visby,098001,Visby domkyrkoförs.,1987-01-01,40,Namnändrad (ej kodändrad)
098002,Othem,098002,Othem-Boge,2006-01-01,16,Utvidgas och namnändras
098003,Boge,098002,Othem-Boge,2006-01-01,10,Upphör; till befintlig
098005,Bunge,098005,Bunge,2010-01-01,15,Utvidgas
098005,Bunge,098005,"Bunge, Rute och Fleringe",2013-01-01,40,Namnändrad (ej kodändrad)
098006,Rute,098005,Bunge,2010-01-01,10,Upphör; till befintlig
098007,Fleringe,098005,Bunge,2010-01-01,10,Upphör; till befintlig
098008,Hall,098009,Hangvar-Hall,2002-01-01,10,Upphör; till befintlig
098009,Hangvar,098009,Hangvar-Hall,2002-01-01,16,Utvidgas och namnändras
098009,Hangvar-Hall,098010,Forsa,2012-01-01,10,Upphör; till befintlig
098010,Lärbro-Hellvi,098010,Forsa,2012-01-01,16,Utvidgas och namnändras
098010,Lärbro,098010,Lärbro-Hellvi,2010-01-01,16,Utvidgas och namnändras
098011,Hellvi,098010,Lärbro-Hellvi,2010-01-01,10,Upphör; till befintlig
098012,Bäl,098018,Väskinde,2007-01-01,10,Upphör; till befintlig
098013,Hejnum,098018,Väskinde,2007-01-01,10,Upphör; till befintlig
098014,Tingstäde,098015,Stenkyrka,2006-01-01,10,Upphör; till befintlig
098015,Stenkyrka,098015,Stenkyrka,2006-01-01,15,Utvidgas
098016,Lummelunda,098015,Stenkyrka,2006-01-01,10,Upphör; till befintlig
098017,Martebo,098015,Stenkyrka,2006-01-01,10,Upphör; till befintlig
098018,Väskinde,098018,Väskinde,2007-01-01,15,Utvidgas
098019,Bro,098018,Väskinde,2007-01-01,10,Upphör; till befintlig
098020,Lokrume,098018,Väskinde,2007-01-01,10,Upphör; till befintlig
098021,Fole,098018,Väskinde,2007-01-01,10,Upphör; till befintlig
098022,Ekeby,098029,Dalhem,2006-01-01,10,Upphör; till befintlig
098023,Källunge,098025,Gothem,2010-01-01,10,Upphör; till befintlig
098024,Vallstena,098025,Gothem,2010-01-01,10,Upphör; till befintlig
098025,Gothem,098025,Gothem,2010-01-01,15,Utvidgas
098026,Hörsne med Bara,098029,Dalhem,2006-01-01,10,Upphör; till befintlig
098027,Norrlanda,098025,Gothem,2010-01-01,10,Upphör; till befintlig
098028,Ganthem,098029,Dalhem,2006-01-01,10,Upphör; till befintlig
098029,Dalhem,098029,Dalhem,2006-01-01,15,Utvidgas
098037,Viklau,098040,Vänge,2006-01-01,10,Upphör; till befintlig
098038,Halla,098040,Vänge,2006-01-01,10,Upphör; till befintlig
098039,Sjonhem,098040,Vänge,2006-01-01,10,Upphör; till befintlig
098040,Vänge,098040,Vänge,2006-01-01,15,Utvidgas
098041,Guldrupe,098040,Vänge,2006-01-01,10,Upphör; till befintlig
098042,Buttle,098040,Vänge,2006-01-01,10,Upphör; till befintlig
098043,Ala,098047,Östergarn,2007-01-01,10,Upphör; till befintlig
098044,Kräklingbo,098047,Östergarn,2007-01-01,10,Upphör; till befintlig
098045,Anga,098047,Östergarn,2007-01-01,10,Upphör; till befintlig
098046,Gammelgarn,098047,Östergarn,2007-01-01,10,Upphör; till befintlig
098047,Östergarn,098047,Östergarn,2007-01-01,15,Utvidgas
098048,Västerhejde,098048,Stenkumla,2010-01-01,16,Utvidgas och namnändras
098049,Träkumla,098048,Stenkumla,2010-01-01,10,Upphör; till befintlig
098050,Vall,098050,"Vall, Hogrän och Atlingbo",2006-01-01,16,Utvidgas och namnändras
098051,Atlingbo,098050,"Vall, Hogrän och Atlingbo",2006-01-01,10,Upphör; till befintlig
098052,Hogrän,098050,"Vall, Hogrän och Atlingbo",2006-01-01,10,Upphör; till befintlig
098053,Stenkumla,098048,Stenkumla,2010-01-01,10,Upphör; till befintlig
098054,Tofta,098055,Eskelhem-Tofta,2006-01-01,10,Upphör; till befintlig
098055,Eskelhem,098055,Eskelhem-Tofta,2006-01-01,16,Utvidgas och namnändras
098056,Västergarn,098057,"Sanda, Västergarn och Mästerby",2012-01-01,10,Upphör; till befintlig
098057,Sanda,098057,"Sanda, Västergarn och Mästerby",2012-01-01,16,Utvidgas och namnändras
098058,Mästerby,098057,"Sanda, Västergarn och Mästerby",2012-01-01,10,Upphör; till befintlig
098065,Ardre,098065,Garde,2006-01-01,16,Utvidgas och namnändras
098066,Alskog,098065,Garde,2006-01-01,10,Upphör; till befintlig
098067,Garde,098065,Garde,2006-01-01,10,Upphör; till befintlig
098068,Etelhem,098065,Garde,2006-01-01,10,Upphör; till befintlig
098069,Lye,098065,Garde,2006-01-01,10,Upphör; till befintlig
098070,Lau,098071,När-Lau,2006-01-01,10,Upphör; till befintlig
098071,När,098071,När-Lau,2006-01-01,16,Utvidgas och namnändras
098072,Burs,098073,Stånga-Burs,2006-01-01,10,Upphör; till befintlig
098073,Stånga,098073,Stånga-Burs,2006-01-01,16,Utvidgas och namnändras
098076,Hemse,098076,"Alva, Hemse och Rone",2006-01-01,16,Utvidgas och namnändras
098077,Rone,098076,"Alva, Hemse och Rone",2006-01-01,10,Upphör; till befintlig
098078,Alva,098076,"Alva, Hemse och Rone",2006-01-01,10,Upphör; till befintlig
098082,Silte,098084,Havdhem,2010-01-01,10,Upphör; till befintlig
098083,Hablingbo,098084,Havdhem,2010-01-01,10,Upphör; till befintlig
098084,Havdhem,098084,Havdhem,2010-01-01,15,Utvidgas
098085,Eke,098084,Havdhem,2010-01-01,10,Upphör; till befintlig
098086,Grötlingbo,098084,Havdhem,2010-01-01,10,Upphör; till befintlig
098087,Näs,098084,Havdhem,2010-01-01,10,Upphör; till befintlig
098088,Fide,098089,Hoburg,2006-01-01,10,Upphör; till befintlig
098089,Öja,098089,Hoburg,2006-01-01,16,Utvidgas och namnändras
098090,Hamra,098089,Hoburg,2006-01-01,10,Upphör; till befintlig
098091,Vamlingbo,098089,Hoburg,2006-01-01,10,Upphör; till befintlig
098092,Sundre,098089,Hoburg,2006-01-01,10,Upphör; till befintlig
100101,Kristianopel,108008,Kristianopel,1974-01-01,21,Kodändrad; ny kommuntillhörighet
100102,Jämjö,108009,Jämjö,1974-01-01,21,Kodändrad; ny kommuntillhörighet
100103,Torhamn,108010,Torhamn,1974-01-01,21,Kodändrad; ny kommuntillhörighet
100104,Sturkö,108011,Sturkö,1974-01-01,21,Kodändrad; ny kommuntillhörighet
100105,Ramdala,108012,Ramdala,1974-01-01,21,Kodändrad; ny kommuntillhörighet
100501,Rödeby norra kbfd,108013,Rödeby norra kbfd,1974-01-01,21,Kodändrad; ny kommuntillhörighet
100502,Rödeby södra kbfd,108014,Rödeby södra kbfd,1974-01-01,21,Kodändrad; ny kommuntillhörighet
100601,Fridlevstad,108015,Fridlevstad,1974-01-01,21,Kodändrad; ny kommuntillhörighet
100602,Sillhövda,108016,Sillhövda,1974-01-01,21,Kodändrad; ny kommuntillhörighet
100603,Tving,108017,Tving,1974-01-01,21,Kodändrad; ny kommuntillhörighet
100701,Nättraby,108018,Nättraby,1974-01-01,21,Kodändrad; ny kommuntillhörighet
100801,Hasslö,108019,Hasslö,1974-01-01,21,Kodändrad; ny kommuntillhörighet
101901,Gammalstorp,108302,Gammalstorp,1971-01-01,21,Kodändrad; ny kommuntillhörighet
101902,Ysane,108303,Ysane,1971-01-01,21,Kodändrad; ny kommuntillhörighet
102001,Mjällby,108304,Mjällby,1971-01-01,21,Kodändrad; ny kommuntillhörighet
106001,Olofströms kbfd,106002,Jämshög,1992-01-01,10,Upphör; till befintlig
106002,Jämshögs kbfd,106002,Jämshög,1992-01-01,16,Utvidgas och namnändras
108005,Lösen,108006,Lyckå,2002-01-01,10,Upphör; till befintlig
108006,Augerum,108006,Lyckå,2002-01-01,16,Utvidgas och namnändras
108007,Flymen,108006,Lyckå,2002-01-01,10,Upphör; till befintlig
108013,Rödeby norra kbfd,108014,Rödeby,1984-01-01,10,Upphör; till befintlig
108014,Rödeby södra kbfd,108014,Rödeby,1984-01-01,16,Utvidgas och namnändras
108015,Fridlevstad,108015,Fridlevstad,2010-01-01,15,Utvidgas
108016,Sillhövda,108015,Fridlevstad,2010-01-01,10,Upphör; till befintlig
108017,Tving,108015,Fridlevstad,2010-01-01,10,Upphör; till befintlig
108018,Nättraby,108018,Nättraby-Hasslö,2010-01-01,16,Utvidgas och namnändras
108019,Hasslö,108018,Nättraby-Hasslö,2010-01-01,10,Upphör; till befintlig
108101,Ronneby kbfd,108101,Ronneby,1992-01-01,16,Utvidgas och namnändras
108101,Ronneby,108101,Ronneby,2010-01-01,15,Utvidgas
108101,Ronneby,108101,Ronneby,2006-01-01,15,Utvidgas
108102,Kallinge kbfd,108101,Ronneby,1992-01-01,10,Upphör; till befintlig
108103,Backaryd,108101,Ronneby,2006-01-01,10,Upphör; till befintlig
108104,Öljehult,108101,Ronneby,2006-01-01,10,Upphör; till befintlig
108105,Eringsboda,108101,Ronneby,2006-01-01,10,Upphör; till befintlig
108106,Förkärla,108107,Listerby,2002-01-01,10,Upphör; till befintlig
108107,Listerby,108107,Listerby,2002-01-01,15,Utvidgas
108107,Listerby,108101,Ronneby,2010-01-01,10,Upphör; till befintlig
108108,Edestad,108107,Listerby,2002-01-01,10,Upphör; till befintlig
108109,Hjortsberga,108107,Listerby,2002-01-01,10,Upphör; till befintlig
108206,Mörrum,108206,Mörrum-Elleholm,2006-01-01,16,Utvidgas och namnändras
108207,Elleholm,108206,Mörrum-Elleholm,2006-01-01,10,Upphör; till befintlig
108301,Sölvesborg,108301,Sölvesborg,2014-01-01,15,Utvidgas
108302,Gammalstorp,108303,Gammalstorp-Ysane,2006-01-01,10,Upphör; till befintlig
108303,Ysane,108303,Gammalstorp-Ysane,2006-01-01,16,Utvidgas och namnändras
108303,Gammalstorp-Ysane,108304,Mjällby,2014-01-01,10,Upphör; till befintlig
108303,Gammalstorp-Ysane,108301,Sölvesborg,2014-01-01,10,Upphör; till befintlig
108304,Mjällby,108304,Mjällby,2014-01-01,15,Utvidgas
110401,Hörup,128616,Hörup,1971-01-01,22,Kodändrad; både ny läns- och kommuntillhörighet
110402,Löderup,128617,Löderup,1971-01-01,22,Kodändrad; både ny läns- och kommuntillhörighet
110403,Valleberga,128618,Valleberga,1971-01-01,22,Kodändrad; både ny läns- och kommuntillhörighet
110501,Ingelstorp,128619,Ingelstorp,1971-01-01,21,Kodändrad; ny kommuntillhörighet
110502,Glemminge,128620,Glemminge,1971-01-01,22,Kodändrad; både ny läns- och kommuntillhörighet
110503,Bollerup,116016,Bollerup,1971-01-01,21,Kodändrad; ny kommuntillhörighet
110504,Tosterup,116017,Tosterup,1971-01-01,21,Kodändrad; ny kommuntillhörighet
110505,Övraby,116018,Övraby,1971-01-01,21,Kodändrad; ny kommuntillhörighet
110801,Sankt Olof,118117,S:t Olof,1974-01-01,21,Kodändrad; ny kommuntillhörighet
110802,Rörum,118118,Rörum,1974-01-01,21,Kodändrad; ny kommuntillhörighet
110803,Södra Mellby,118119,Södra Mellby,1974-01-01,21,Kodändrad; ny kommuntillhörighet
110804,Vitaby,118120,Vitaby,1974-01-01,21,Kodändrad; ny kommuntillhörighet
111001,Maglehem,118026,Maglehem,1974-01-01,21,Kodändrad; ny kommuntillhörighet
111002,Hörröd,118027,Hörröd,1974-01-01,21,Kodändrad; ny kommuntillhörighet
111003,Huaröd,118028,Huaröd,1974-01-01,21,Kodändrad; ny kommuntillhörighet
111004,Degeberga,118029,Degeberga,1974-01-01,21,Kodändrad; ny kommuntillhörighet
111005,Vittskövle,118030,Vittskövle,1974-01-01,21,Kodändrad; ny kommuntillhörighet
111101,Östra Sönnarslöv,118016,Östra Sönnarslöv,1971-01-01,21,Kodändrad; ny kommuntillhörighet
111102,Everöd,118017,Everöd,1971-01-01,21,Kodändrad; ny kommuntillhörighet
111103,Lyngsjö,118018,Lyngsjö,1971-01-01,21,Kodändrad; ny kommuntillhörighet
111201,Östra Vram,118031,Östra Vram,1974-01-01,21,Kodändrad; ny kommuntillhörighet
111202,Västra Vram,118032,Västra Vram,1974-01-01,21,Kodändrad; ny kommuntillhörighet
111203,Linderöd,118033,Linderöd,1974-01-01,21,Kodändrad; ny kommuntillhörighet
111501,Rinkaby,118019,Rinkaby,1971-01-01,21,Kodändrad; ny kommuntillhörighet
111502,Nymö,118020,Nymö,1971-01-01,21,Kodändrad; ny kommuntillhörighet
111503,Trolle-Ljungby,118021,Trolle-Ljungby,1971-01-01,21,Kodändrad; ny kommuntillhörighet
111504,Ivö,118022,Ivö,1971-01-01,21,Kodändrad; ny kommuntillhörighet
111505,Kiaby,118023,Kiaby,1971-01-01,21,Kodändrad; ny kommuntillhörighet
111506,Fjälkinge,118024,Fjälkinge,1971-01-01,21,Kodändrad; ny kommuntillhörighet
111507,Gustav Adolf,118025,Gustav Adolf,1971-01-01,21,Kodändrad; ny kommuntillhörighet
111801,Näsum,116203,Näsum,1974-01-01,21,Kodändrad; ny kommuntillhörighet
111901,Vånga,118034,Vånga,1974-01-01,21,Kodändrad; ny kommuntillhörighet
111902,Oppmanna,118035,Oppmanna,1974-01-01,21,Kodändrad; ny kommuntillhörighet
112001,Hjärsås,112104,Hjärsås,1974-01-01,21,Kodändrad; ny kommuntillhörighet
112101,Knislinge,125601,Knislinge,1997-01-01,20,Kodändrad; ny länstillhörighet
112102,Gryt,125602,Gryt,1997-01-01,20,Kodändrad; ny länstillhörighet
112103,Kviinge,125603,Kviinge,1997-01-01,20,Kodändrad; ny länstillhörighet
112104,Hjärsås,125604,Hjärsås,1997-01-01,20,Kodändrad; ny länstillhörighet
112105,Emmislöv,125605,Emmislöv,1997-01-01,20,Kodändrad; ny länstillhörighet
112106,Östra Broby,125606,Östra Broby,1997-01-01,20,Kodändrad; ny länstillhörighet
112107,Glimåkra,125607,Glimåkra,1997-01-01,20,Kodändrad; ny länstillhörighet
112301,Emmislöv,112105,Emmislöv,1974-01-01,21,Kodändrad; ny kommuntillhörighet
112302,Östra Broby,112106,Östra Broby,1974-01-01,21,Kodändrad; ny kommuntillhörighet
112401,Glimåkra,112107,Glimåkra,1974-01-01,21,Kodändrad; ny kommuntillhörighet
112501,Örkened,116302,Örkened,1974-01-01,21,Kodändrad; ny kommuntillhörighet
112601,Loshult,116303,Loshult,1974-01-01,21,Kodändrad; ny kommuntillhörighet
112801,Hästveda,118309,Hästveda,1974-01-01,21,Kodändrad; ny kommuntillhörighet
112802,Farstorp,118310,Farstorp,1974-01-01,21,Kodändrad; ny kommuntillhörighet
112901,Verum,118311,Verum,1974-01-01,21,Kodändrad; ny kommuntillhörighet
112902,Visseltofta,116304,Visseltofta,1974-01-01,21,Kodändrad; ny kommuntillhörighet
112903,Vittsjö,118312,Vittsjö,1974-01-01,21,Kodändrad; ny kommuntillhörighet
113001,Norra Åkarp,118313,Norra Åkarp,1974-01-01,21,Kodändrad; ny kommuntillhörighet
113002,Vankiva,118314,Vankiva,1974-01-01,21,Kodändrad; ny kommuntillhörighet
113101,Ignaberga,118302,Ignaberga,1971-01-01,21,Kodändrad; ny kommuntillhörighet
113102,Stoby,118303,Stoby,1971-01-01,21,Kodändrad; ny kommuntillhörighet
113103,Norra Sandby,118304,Norra Sandby,1971-01-01,21,Kodändrad; ny kommuntillhörighet
113201,Gumlösa,118306,Gumlösa,1974-01-01,21,Kodändrad; ny kommuntillhörighet
113202,Sörby,118307,Sörby,1974-01-01,21,Kodändrad; ny kommuntillhörighet
113203,"Vinslöv, del",118305,Vinslöv,1974-01-01,10,Upphör; till befintlig
113204,Nävlinge,118308,Nävlinge,1974-01-01,21,Kodändrad; ny kommuntillhörighet
113301,Norra Mellby,118315,Norra Mellby,1974-01-01,21,Kodändrad; ny kommuntillhörighet
113302,Häglinge,118316,Häglinge,1974-01-01,21,Kodändrad; ny kommuntillhörighet
113304,Brönnestad,118317,Brönnestad,1974-01-01,21,Kodändrad; ny kommuntillhörighet
113401,Matteröd,118318,Matteröd,1974-01-01,21,Kodändrad; ny kommuntillhörighet
113402,Finja,118319,Finja,1974-01-01,21,Kodändrad; ny kommuntillhörighet
113403,Hörja,118320,Hörja,1974-01-01,21,Kodändrad; ny kommuntillhörighet
113404,Röke,118321,Röke,1974-01-01,21,Kodändrad; ny kommuntillhörighet
113405,Västra Torup,118322,Västra Torup,1974-01-01,21,Kodändrad; ny kommuntillhörighet
113501,Färingtofta,116604,Färingtofta,1974-01-01,21,Kodändrad; ny kommuntillhörighet
113502,Riseberga,116605,Riseberga,1974-01-01,21,Kodändrad; ny kommuntillhörighet
113601,Skånes-Fagerhult,113703,Skånes-Fagerhult,1971-01-01,21,Kodändrad; ny kommuntillhörighet
113701,Örkelljunga,125701,Örkelljunga,1997-01-01,20,Kodändrad; ny länstillhörighet
113702,Rya,125702,Rya,1997-01-01,20,Kodändrad; ny länstillhörighet
113703,Skånes-Fagerhult,125703,Skånes-Fagerhult,1997-01-01,20,Kodändrad; ny länstillhörighet
113801,Tåssjö,118204,Tåssjö,1971-01-01,21,Kodändrad; ny kommuntillhörighet
113802,Munka-Ljungby,118205,Munka-Ljungby,1971-01-01,21,Kodändrad; ny kommuntillhörighet
113901,Össjö,118212,Össjö,1974-01-01,21,Kodändrad; ny kommuntillhörighet
113902,Källna,116606,Källna,1974-01-01,21,Kodändrad; ny kommuntillhörighet
113903,Östra Ljungby,116607,Östra Ljungby,1974-01-01,21,Kodändrad; ny kommuntillhörighet
114001,Kvidinge,116703,Kvidinge,1974-01-01,21,Kodändrad; ny kommuntillhörighet
114101,Strövelstorp,118206,Strövelstorp,1971-01-01,21,Kodändrad; ny kommuntillhörighet
114102,Ausås,118207,Ausås,1971-01-01,21,Kodändrad; ny kommuntillhörighet
114103,Starby,118208,Starby,1971-01-01,21,Kodändrad; ny kommuntillhörighet
114201,Barkåkra,118209,Barkåkra,1971-01-01,21,Kodändrad; ny kommuntillhörighet
114301,Tåstarp,118210,Tåstarp,1971-01-01,21,Kodändrad; ny kommuntillhörighet
114302,Hjärnarp,118211,Hjärnarp,1971-01-01,21,Kodändrad; ny kommuntillhörighet
114401,Förslöv,116802,Förslöv,1971-01-01,21,Kodändrad; ny kommuntillhörighet
114402,Grevie,116803,Grevie,1971-01-01,21,Kodändrad; ny kommuntillhörighet
114501,Västra Karup,116804,Västra Karup,1971-01-01,21,Kodändrad; ny kommuntillhörighet
114502,Hov,116805,Hov,1971-01-01,21,Kodändrad; ny kommuntillhörighet
114503,Torekov,116806,Torekov,1971-01-01,21,Kodändrad; ny kommuntillhörighet
116001,Ullstorp,127001,Ullstorp,1997-01-01,20,Kodändrad; ny länstillhörighet
116002,Benestad,127002,Benestad,1997-01-01,20,Kodändrad; ny länstillhörighet
116003,Ramsåsa,127003,Ramsåsa,1997-01-01,20,Kodändrad; ny länstillhörighet
116004,Tryde,127004,Tryde,1997-01-01,20,Kodändrad; ny länstillhörighet
116005,Tomelilla,127005,Tomelilla,1997-01-01,20,Kodändrad; ny länstillhörighet
116006,Spjutstorp,127006,Spjutstorp,1997-01-01,20,Kodändrad; ny länstillhörighet
116007,Tranås,127007,Tranås,1997-01-01,20,Kodändrad; ny länstillhörighet
116008,Onslunda,127008,Onslunda,1997-01-01,20,Kodändrad; ny länstillhörighet
116009,Smedstorp,127009,Smedstorp,1997-01-01,20,Kodändrad; ny länstillhörighet
116010,Kverrestad,127010,Kverrestad,1997-01-01,20,Kodändrad; ny länstillhörighet
116011,Eljaröd,127011,Eljaröd,1997-01-01,20,Kodändrad; ny länstillhörighet
116012,Fågeltofta,127012,Fågeltofta,1997-01-01,20,Kodändrad; ny länstillhörighet
116013,Andrarum,127013,Andrarum,1997-01-01,20,Kodändrad; ny länstillhörighet
116014,Brösarp,127014,Brösarp,1997-01-01,20,Kodändrad; ny länstillhörighet
116015,Östra Ingelstad,127015,Östra Ingelstad,1997-01-01,20,Kodändrad; ny länstillhörighet
116016,Bollerup,127016,Bollerup,1997-01-01,20,Kodändrad; ny länstillhörighet
116017,Tosterup,127017,Tosterup,1997-01-01,20,Kodändrad; ny länstillhörighet
116018,Övraby,127018,Övraby,1997-01-01,20,Kodändrad; ny länstillhörighet
116101,Åhus,118015,Åhus,1971-01-01,21,Kodändrad; ny kommuntillhörighet
116201,Ivetofta,127201,Ivetofta,1997-01-01,20,Kodändrad; ny länstillhörighet
116202,Gualöv,127202,Gualöv,1997-01-01,20,Kodändrad; ny länstillhörighet
116203,Näsum,127203,Näsum,1997-01-01,20,Kodändrad; ny länstillhörighet
116301,Osby,127301,Osby,1997-01-01,20,Kodändrad; ny länstillhörighet
116302,Örkened,127302,Örkened,1997-01-01,20,Kodändrad; ny länstillhörighet
116303,Loshult,127303,Loshult,1997-01-01,20,Kodändrad; ny länstillhörighet
116304,Visseltofta,127304,Visseltofta,1997-01-01,20,Kodändrad; ny länstillhörighet
116401,"Vinslöv, del",118305,Vinslöv,1974-01-01,21,Kodändrad; ny kommuntillhörighet
116501,Perstorp,116501,Perstorp,1971-01-01,15,Utvidgas
116501,Perstorp,127501,Perstorp,1997-01-01,20,Kodändrad; ny länstillhörighet
116502,Oderljunga,116501,Perstorp,1971-01-01,10,Upphör; till befintlig
116601,Klippan,127601,Klippan,1997-01-01,20,Kodändrad; ny länstillhörighet
116602,Vedby,127602,Vedby,1997-01-01,20,Kodändrad; ny länstillhörighet
116603,Västra Sönnarslöv,127603,Västra Sönnarslöv,1997-01-01,20,Kodändrad; ny länstillhörighet
116604,Färingtofta,127604,Färingtofta,1997-01-01,20,Kodändrad; ny länstillhörighet
116605,Riseberga,127605,Riseberga,1997-01-01,20,Kodändrad; ny länstillhörighet
116606,Källna,116607,Östra Ljungby,1977-01-01,10,Upphör; till befintlig
116607,Östra Ljungby,116607,Östra Ljungby,1977-01-01,15,Utvidgas
116607,Östra Ljungby,127607,Östra Ljungby,1997-01-01,20,Kodändrad; ny länstillhörighet
116701,Björnekulla,127701,Björnekulla,1997-01-01,20,Kodändrad; ny länstillhörighet
116702,Västra Broby,127702,Västra Broby,1997-01-01,20,Kodändrad; ny länstillhörighet
116703,Kvidinge,127703,Kvidinge,1997-01-01,20,Kodändrad; ny länstillhörighet
116801,Båstad,127801,Båstad,1997-01-01,20,Kodändrad; ny länstillhörighet
116802,Förslöv,127802,Förslöv,1997-01-01,20,Kodändrad; ny länstillhörighet
116803,Grevie,127803,Grevie,1997-01-01,20,Kodändrad; ny länstillhörighet
116804,Västra Karup,127804,Västra Karup,1997-01-01,20,Kodändrad; ny länstillhörighet
116805,Hov,127805,Hov,1997-01-01,20,Kodändrad; ny länstillhörighet
116806,Torekov,127806,Torekov,1997-01-01,20,Kodändrad; ny länstillhörighet
116807,Östra Karup,127807,Östra Karup,1997-01-01,20,Kodändrad; ny länstillhörighet
118001,Kristianstads Heliga Trefaldighet,129001,Kristianstads Heliga Trefaldighet,1997-01-01,20,Kodändrad; ny länstillhörighet
118002,Norra Åsum,129002,Norra Åsum,1997-01-01,20,Kodändrad; ny länstillhörighet
118003,Äsphult,129003,Äsphult,1997-01-01,20,Kodändrad; ny länstillhörighet
118004,Djurröd,129004,Djurröd,1997-01-01,20,Kodändrad; ny länstillhörighet
118005,Träne,129005,Träne,1997-01-01,20,Kodändrad; ny länstillhörighet
118006,Skepparslöv,129006,Skepparslöv,1997-01-01,20,Kodändrad; ny länstillhörighet
118007,Vä,129007,Vä,1997-01-01,20,Kodändrad; ny länstillhörighet
118008,Köpinge,129008,Köpinge,1997-01-01,20,Kodändrad; ny länstillhörighet
118009,Nosaby,129009,Nosaby,1997-01-01,20,Kodändrad; ny länstillhörighet
118010,Fjälkestad,129010,Fjälkestad,1997-01-01,20,Kodändrad; ny länstillhörighet
118011,Österslöv,129011,Österslöv,1997-01-01,20,Kodändrad; ny länstillhörighet
118012,Norra Strö,129012,Norra Strö,1997-01-01,20,Kodändrad; ny länstillhörighet
118013,Önnestad,129013,Önnestad,1997-01-01,20,Kodändrad; ny länstillhörighet
118014,Färlöv,129014,Färlöv,1997-01-01,20,Kodändrad; ny länstillhörighet
118015,Åhus,129015,Åhus,1997-01-01,20,Kodändrad; ny länstillhörighet
118016,Östra Sönnarslöv,129016,Östra Sönnarslöv,1997-01-01,20,Kodändrad; ny länstillhörighet
118017,Everöd,129017,Everöd,1997-01-01,20,Kodändrad; ny länstillhörighet
118018,Lyngsjö,129018,Lyngsjö,1997-01-01,20,Kodändrad; ny länstillhörighet
118019,Rinkaby,129019,Rinkaby,1997-01-01,20,Kodändrad; ny länstillhörighet
118020,Nymö,129020,Nymö,1997-01-01,20,Kodändrad; ny länstillhörighet
118021,Trolle-Ljungby,129021,Trolle-Ljungby,1997-01-01,20,Kodändrad; ny länstillhörighet
118022,Ivö,129022,Ivö,1997-01-01,20,Kodändrad; ny länstillhörighet
118023,Kiaby,129023,Kiaby,1997-01-01,20,Kodändrad; ny länstillhörighet
118024,Fjälkinge,129024,Fjälkinge,1997-01-01,20,Kodändrad; ny länstillhörighet
118025,Gustav Adolf,129025,Gustav Adolf,1997-01-01,20,Kodändrad; ny länstillhörighet
118026,Maglehem,129026,Maglehem,1997-01-01,20,Kodändrad; ny länstillhörighet
118027,Hörröd,129027,Hörröd,1997-01-01,20,Kodändrad; ny länstillhörighet
118028,Huaröd,129028,Huaröd,1997-01-01,20,Kodändrad; ny länstillhörighet
118029,Degeberga,129029,Degeberga,1997-01-01,20,Kodändrad; ny länstillhörighet
118030,Vittskövle,129030,Vittskövle,1997-01-01,20,Kodändrad; ny länstillhörighet
118031,Östra Vram,129031,Östra Vram,1997-01-01,20,Kodändrad; ny länstillhörighet
118032,Västra Vram,129032,Västra Vram,1997-01-01,20,Kodändrad; ny länstillhörighet
118033,Linderöd,129033,Linderöd,1997-01-01,20,Kodändrad; ny länstillhörighet
118034,Vånga,129034,Vånga,1997-01-01,20,Kodändrad; ny länstillhörighet
118035,Oppmanna,129035,Oppmanna,1997-01-01,20,Kodändrad; ny länstillhörighet
118101,Simrishamn,129101,Simrishamn,1997-01-01,20,Kodändrad; ny länstillhörighet
118102,Simris,129102,Simris,1997-01-01,20,Kodändrad; ny länstillhörighet
118103,Östra Nöbbelöv,129103,Östra Nöbbelöv,1997-01-01,20,Kodändrad; ny länstillhörighet
118104,Järrestad,129104,Järrestad,1997-01-01,20,Kodändrad; ny länstillhörighet
118105,Gladsax,129105,Gladsax,1997-01-01,20,Kodändrad; ny länstillhörighet
118106,Östra Hoby,129106,Östra Hoby,1997-01-01,20,Kodändrad; ny länstillhörighet
118107,Borrby,129107,Borrby,1997-01-01,20,Kodändrad; ny länstillhörighet
118108,Bolshög,129108,Bolshög,1997-01-01,20,Kodändrad; ny länstillhörighet
118109,Östra Tommarp,129109,Östra Tommarp,1997-01-01,20,Kodändrad; ny länstillhörighet
118110,Östra Vemmerlöv,129110,Östra Vemmerlöv,1997-01-01,20,Kodändrad; ny länstillhörighet
118111,Stiby,129111,Stiby,1997-01-01,20,Kodändrad; ny länstillhörighet
118112,Ravlunda,129112,Ravlunda,1997-01-01,20,Kodändrad; ny länstillhörighet
118113,Östra Herrestad,129113,Östra Herrestad,1997-01-01,20,Kodändrad; ny länstillhörighet
118114,Hannas,129114,Hannas,1997-01-01,20,Kodändrad; ny länstillhörighet
118115,Hammenhög,129115,Hammenhög,1997-01-01,20,Kodändrad; ny länstillhörighet
118116,Vallby,129116,Vallby,1997-01-01,20,Kodändrad; ny länstillhörighet
118117,S:t Olof,129117,S:t Olof,1997-01-01,20,Kodändrad; ny länstillhörighet
118118,Rörum,129118,Rörum,1997-01-01,20,Kodändrad; ny länstillhörighet
118119,Södra Mellby,129119,Södra Mellby,1997-01-01,20,Kodändrad; ny länstillhörighet
118120,Vitaby,129120,Vitaby,1997-01-01,20,Kodändrad; ny länstillhörighet
118201,Ängelholm,129201,Ängelholm,1997-01-01,20,Kodändrad; ny länstillhörighet
118202,Rebbelberga,129202,Rebbelberga,1997-01-01,20,Kodändrad; ny länstillhörighet
118203,Höja,129203,Höja,1997-01-01,20,Kodändrad; ny länstillhörighet
118204,Tåssjö,129204,Tåssjö,1997-01-01,20,Kodändrad; ny länstillhörighet
118205,Munka-Ljungby,129205,Munka-Ljungby,1997-01-01,20,Kodändrad; ny länstillhörighet
118206,Strövelstorp,129206,Strövelstorp,1997-01-01,20,Kodändrad; ny länstillhörighet
118207,Ausås,129207,Ausås,1997-01-01,20,Kodändrad; ny länstillhörighet
118208,Starby,129208,Starby,1997-01-01,20,Kodändrad; ny länstillhörighet
118209,Barkåkra,129209,Barkåkra,1997-01-01,20,Kodändrad; ny länstillhörighet
118210,Tåstarp,129210,Tåstarp,1997-01-01,20,Kodändrad; ny länstillhörighet
118211,Hjärnarp,129211,Hjärnarp,1997-01-01,20,Kodändrad; ny länstillhörighet
118212,Össjö,129212,Össjö,1997-01-01,20,Kodändrad; ny länstillhörighet
118301,Hässleholm,129301,Hässleholm,1997-01-01,20,Kodändrad; ny länstillhörighet
118302,Ignaberga,129302,Ignaberga,1997-01-01,20,Kodändrad; ny länstillhörighet
118303,Stoby,129303,Stoby,1997-01-01,20,Kodändrad; ny länstillhörighet
118304,Norra Sandby,129304,Norra Sandby,1997-01-01,20,Kodändrad; ny länstillhörighet
118305,Vinslöv,129305,Vinslöv,1997-01-01,20,Kodändrad; ny länstillhörighet
118305,Vinslöv,118305,Vinslöv,1974-01-01,16,Utvidgas och namnändras
118306,Gumlösa,129306,Gumlösa,1997-01-01,20,Kodändrad; ny länstillhörighet
118307,Sörby,129307,Sörby,1997-01-01,20,Kodändrad; ny länstillhörighet
118308,Nävlinge,129308,Nävlinge,1997-01-01,20,Kodändrad; ny länstillhörighet
118309,Hästveda,129309,Hästveda,1997-01-01,20,Kodändrad; ny länstillhörighet
118310,Farstorp,129310,Farstorp,1997-01-01,20,Kodändrad; ny länstillhörighet
118311,Verum,129311,Verum,1997-01-01,20,Kodändrad; ny länstillhörighet
118312,Vittsjö,129312,Vittsjö,1997-01-01,20,Kodändrad; ny länstillhörighet
118313,Norra Åkarp,129313,Norra Åkarp,1997-01-01,20,Kodändrad; ny länstillhörighet
118314,Vankiva,129314,Vankiva,1997-01-01,20,Kodändrad; ny länstillhörighet
118315,Norra Mellby,129315,Norra Mellby,1997-01-01,20,Kodändrad; ny länstillhörighet
118316,Häglinge,129316,Häglinge,1997-01-01,20,Kodändrad; ny länstillhörighet
118317,Brönnestad,129317,Brönnestad,1997-01-01,20,Kodändrad; ny länstillhörighet
118318,Matteröd,129318,Matteröd,1997-01-01,20,Kodändrad; ny länstillhörighet
118319,Finja,129319,Finja,1997-01-01,20,Kodändrad; ny länstillhörighet
118320,Hörja,129320,Hörja,1997-01-01,20,Kodändrad; ny länstillhörighet
118321,Röke,129321,Röke,1997-01-01,20,Kodändrad; ny länstillhörighet
118322,Västra Torup,129322,Västra Torup,1997-01-01,20,Kodändrad; ny länstillhörighet
120101,Brunnby,128404,Brunnby,1971-01-01,21,Kodändrad; ny kommuntillhörighet
120301,Jonstorp,128405,Jonstorp,1971-01-01,21,Kodändrad; ny kommuntillhörighet
120302,Farhult,128406,Farhult,1971-01-01,21,Kodändrad; ny kommuntillhörighet
120401,Välinge,128304,Välinge,1971-01-01,21,Kodändrad; ny kommuntillhörighet
120402,Kattarp,128305,Kattarp,1971-01-01,21,Kodändrad; ny kommuntillhörighet
120501,Allerum,128306,Allerum,1971-01-01,21,Kodändrad; ny kommuntillhörighet
120502,Fleninge,128307,Fleninge,1971-01-01,21,Kodändrad; ny kommuntillhörighet
120601,Kropp,128308,Kropp,1971-01-01,21,Kodändrad; ny kommuntillhörighet
120602,Välluv,128309,Välluv,1971-01-01,21,Kodändrad; ny kommuntillhörighet
120603,Frillestad,128310,Frillestad,1971-01-01,21,Kodändrad; ny kommuntillhörighet
120604,Hässlunda,128311,Hässlunda,1971-01-01,21,Kodändrad; ny kommuntillhörighet
120605,Mörarp,128312,Mörarp,1971-01-01,21,Kodändrad; ny kommuntillhörighet
120701,Risekatslösa,126002,Risekatslösa,1974-01-01,21,Kodändrad; ny kommuntillhörighet
120702,Norra Vram,126003,Norra Vram,1974-01-01,21,Kodändrad; ny kommuntillhörighet
120901,Ekeby,126004,Ekeby,1974-01-01,21,Kodändrad; ny kommuntillhörighet
121001,Bårslöv,128313,Bårslöv,1971-01-01,21,Kodändrad; ny kommuntillhörighet
121002,Ottarp,128314,Ottarp,1971-01-01,21,Kodändrad; ny kommuntillhörighet
121003,Fjärestad,128315,Fjärestad,1971-01-01,21,Kodändrad; ny kommuntillhörighet
121004,Kvistofta,128316,Kvistofta,1971-01-01,21,Kodändrad; ny kommuntillhörighet
121201,Glumslöv,128207,Glumslöv,1974-01-01,21,Kodändrad; ny kommuntillhörighet
121202,Härslöv,128208,Härslöv,1974-01-01,21,Kodändrad; ny kommuntillhörighet
121203,Säby,128209,Säby,1974-01-01,21,Kodändrad; ny kommuntillhörighet
121204,Vadensjö,128210,Vadensjö,1974-01-01,21,Kodändrad; ny kommuntillhörighet
121205,Örja,128211,Örja,1974-01-01,21,Kodändrad; ny kommuntillhörighet
121401,Tirup,121402,Svalövsbygden,2002-01-01,10,Upphör; till befintlig
121402,Svalöv,121402,Svalövsbygden,2002-01-01,16,Utvidgas och namnändras
121402,Svalövsbygden,121402,Svalöv,2014-01-01,40,Namnändrad (ej kodändrad)
121403,Felestad,121402,Svalövsbygden,2002-01-01,10,Upphör; till befintlig
121404,Stenestad,121405,Kågeröd-Röstånga,2006-01-01,10,Upphör; till befintlig
121405,Kågeröd,121405,Kågeröd-Röstånga,2006-01-01,16,Utvidgas och namnändras
121406,Halmstad,121405,Kågeröd-Röstånga,2006-01-01,10,Upphör; till befintlig
121407,Sireköpinge,121408,Billeberga-Sireköpinge,2006-01-01,10,Upphör; till befintlig
121408,Billeberga,121408,Billeberga-Sireköpinge,2006-01-01,16,Utvidgas och namnändras
121409,Källs-Nöbbelöv,121410,Teckomatorp,2006-01-01,10,Upphör; till befintlig
121410,Norra Skrävlinge,121410,Teckomatorp,2006-01-01,16,Utvidgas och namnändras
121411,Norrvidinge,121410,Teckomatorp,2006-01-01,10,Upphör; till befintlig
121412,Konga,121405,Kågeröd-Röstånga,2006-01-01,10,Upphör; till befintlig
121413,Röstånga,121405,Kågeröd-Röstånga,2006-01-01,10,Upphör; till befintlig
121414,Ask,121405,Kågeröd-Röstånga,2006-01-01,10,Upphör; till befintlig
121415,Torrlösa,121402,Svalövsbygden,2002-01-01,10,Upphör; till befintlig
121601,Reslöv,128511,Reslöv,1971-01-01,21,Kodändrad; ny kommuntillhörighet
121602,Östra Karaby,128512,Östra Karaby,1971-01-01,21,Kodändrad; ny kommuntillhörighet
121603,Torrlösa,121415,Torrlösa,1971-01-01,21,Kodändrad; ny kommuntillhörighet
122101,Hofterup,126110,Hofterup,1974-01-01,21,Kodändrad; ny kommuntillhörighet
122102,Barsebäck,126111,Barsebäck,1974-01-01,21,Kodändrad; ny kommuntillhörighet
122103,Löddeköpinge,126112,Löddeköpinge,1974-01-01,21,Kodändrad; ny kommuntillhörighet
122104,Hög,126113,Hög,1974-01-01,21,Kodändrad; ny kommuntillhörighet
122501,Hardeberga,128112,Hardeberga,1974-01-01,21,Kodändrad; ny kommuntillhörighet
122502,Södra Sandby,128113,Södra Sandby,1974-01-01,21,Kodändrad; ny kommuntillhörighet
122503,Revinge,128114,Revinge,1974-01-01,21,Kodändrad; ny kommuntillhörighet
122601,Hällestad,128115,Hällestad,1974-01-01,21,Kodändrad; ny kommuntillhörighet
122602,Dalby,128116,Dalby,1974-01-01,21,Kodändrad; ny kommuntillhörighet
122603,Bonderup,128117,Bonderup,1974-01-01,21,Kodändrad; ny kommuntillhörighet
122701,Gödelöv,128118,Gödelöv,1974-01-01,21,Kodändrad; ny kommuntillhörighet
122702,Lyngby,128119,Lyngby,1974-01-01,21,Kodändrad; ny kommuntillhörighet
122703,Genarp,128120,Genarp,1974-01-01,21,Kodändrad; ny kommuntillhörighet
122801,Veberöd,128121,Veberöd,1974-01-01,21,Kodändrad; ny kommuntillhörighet
122802,Vomb,128122,Vomb,1974-01-01,21,Kodändrad; ny kommuntillhörighet
122803,Silvåkra,128123,Silvåkra,1974-01-01,21,Kodändrad; ny kommuntillhörighet
122901,Bjärshög,126305,Bjärshög,1977-01-01,21,Kodändrad; ny kommuntillhörighet
122902,Skabersjö,126306,Skabersjö,1977-01-01,21,Kodändrad; ny kommuntillhörighet
122903,Bara,126307,Bara,1977-01-01,21,Kodändrad; ny kommuntillhörighet
122904,Hyby,126308,Hyby,1977-01-01,21,Kodändrad; ny kommuntillhörighet
123001,Esarp,123013,S:t Staffan,2000-01-01,11,Upphör; till nybildad
123002,Kyrkheddinge,123013,S:t Staffan,2000-01-01,11,Upphör; till nybildad
123003,Bjällerup,123013,S:t Staffan,2000-01-01,11,Upphör; till nybildad
123004,Knästorp,123006,Uppåkra,2002-01-01,10,Upphör; till befintlig
123006,Uppåkra,123006,Uppåkra,2002-01-01,15,Utvidgas
123007,Staffanstorp,123013,S:t Staffan,2000-01-01,11,Upphör; till nybildad
123009,Mölleberga,123006,Uppåkra,2002-01-01,10,Upphör; till befintlig
123010,Särslöv,123006,Uppåkra,2002-01-01,10,Upphör; till befintlig
123011,Görslöv,123006,Uppåkra,2002-01-01,10,Upphör; till befintlig
123012,Tottarp,123006,Uppåkra,2002-01-01,10,Upphör; till befintlig
123201,Bunkeflo,128019,Bunkeflo,1971-01-01,21,Kodändrad; ny kommuntillhörighet
123202,Västra Klagstorp,128020,Västra Klagstorp,1971-01-01,21,Kodändrad; ny kommuntillhörighet
123203,Tygelsjö,128021,Tygelsjö,1971-01-01,21,Kodändrad; ny kommuntillhörighet
123301,Gässie,123301,Gessie,1986-01-01,40,Namnändrad (ej kodändrad)
123301,Gessie,123304,Vellinge-Månstorp,2002-01-01,10,Upphör; till befintlig
123302,Eskilstorp,123304,Vellinge-Månstorp,2002-01-01,10,Upphör; till befintlig
123303,Hököpinge,123304,Vellinge-Månstorp,2002-01-01,10,Upphör; till befintlig
123304,Vellinge,123304,Vellinge-Månstorp,2002-01-01,16,Utvidgas och namnändras
123305,Skanör,123305,Skanör-Falsterbo,2002-01-01,16,Utvidgas och namnändras
123306,Falsterbo,123305,Skanör-Falsterbo,2002-01-01,10,Upphör; till befintlig
123307,Håslöv,123309,Räng,1998-01-01,10,Upphör; till befintlig
123308,Stora Hammar,123309,Höllviken,2002-01-01,10,Upphör; till befintlig
123309,Räng,123309,Höllviken,2002-01-01,16,Utvidgas och namnändras
123309,Räng,123309,Räng,1998-01-01,15,Utvidgas
123310,Södra Åkarp,123304,Vellinge-Månstorp,2002-01-01,10,Upphör; till befintlig
123311,Mellan-Grevie,123304,Vellinge-Månstorp,2002-01-01,10,Upphör; till befintlig
123312,Östra Grevie,123304,Vellinge-Månstorp,2002-01-01,10,Upphör; till befintlig
123313,Västra Ingelstad,123304,Vellinge-Månstorp,2002-01-01,10,Upphör; till befintlig
123314,Arrie,123304,Vellinge-Månstorp,2002-01-01,10,Upphör; till befintlig
123401,Håslöv,123307,Håslöv,1974-01-01,21,Kodändrad; ny kommuntillhörighet
123402,Stora Hammar,123308,Stora Hammar,1974-01-01,21,Kodändrad; ny kommuntillhörighet
123403,Räng,123309,Räng,1974-01-01,21,Kodändrad; ny kommuntillhörighet
123601,Södra Åkarp,123310,Södra Åkarp,1974-01-01,21,Kodändrad; ny kommuntillhörighet
123602,Mellan-Grevie,123311,Mellan-Grevie,1974-01-01,21,Kodändrad; ny kommuntillhörighet
123603,Östra Grevie,123312,Östra Grevie,1974-01-01,21,Kodändrad; ny kommuntillhörighet
123604,Västra Ingelstad,123313,Västra Ingelstad,1974-01-01,21,Kodändrad; ny kommuntillhörighet
123605,Västra Kärrstorp,126303,Västra Kärrstorp,1974-01-01,21,Kodändrad; ny kommuntillhörighet
123606,Törringe,126304,Törringe,1974-01-01,21,Kodändrad; ny kommuntillhörighet
123607,Arrie,123314,Arrie,1974-01-01,21,Kodändrad; ny kommuntillhörighet
124201,Svenstorp,126403,Svenstorp,1971-01-01,21,Kodändrad; ny kommuntillhörighet
124202,Västra Vemmenhög,126404,Västra Vemmenhög,1971-01-01,21,Kodändrad; ny kommuntillhörighet
124203,Östra Vemmenhög,126405,Östra Vemmenhög,1971-01-01,21,Kodändrad; ny kommuntillhörighet
124204,Skivarp,126406,Skivarp,1971-01-01,21,Kodändrad; ny kommuntillhörighet
124205,Västra Nöbbelöv,126407,Västra Nöbbelöv,1971-01-01,21,Kodändrad; ny kommuntillhörighet
124301,Katslösa,126408,Katslösa,1971-01-01,21,Kodändrad; ny kommuntillhörighet
124302,Solberga,126409,Solberga,1971-01-01,21,Kodändrad; ny kommuntillhörighet
124303,Örsjö,126410,Örsjö,1971-01-01,21,Kodändrad; ny kommuntillhörighet
124304,Slimminge,126411,Slimminge,1971-01-01,21,Kodändrad; ny kommuntillhörighet
124305,Villie,126412,Villie,1971-01-01,21,Kodändrad; ny kommuntillhörighet
124401,Skårby,128602,Skårby,1971-01-01,21,Kodändrad; ny kommuntillhörighet
124402,Sjörup,128603,Sjörup,1971-01-01,21,Kodändrad; ny kommuntillhörighet
124403,Snårestad,128604,Snårestad,1971-01-01,21,Kodändrad; ny kommuntillhörighet
124404,Balkåkra,128605,Balkåkra,1971-01-01,21,Kodändrad; ny kommuntillhörighet
124405,Bjäresjö,128606,Bjäresjö,1971-01-01,21,Kodändrad; ny kommuntillhörighet
124501,Hedeskoga,128607,Hedeskoga,1971-01-01,21,Kodändrad; ny kommuntillhörighet
124502,Bromma,128608,Bromma,1971-01-01,21,Kodändrad; ny kommuntillhörighet
124503,Öja,128609,Öja,1971-01-01,21,Kodändrad; ny kommuntillhörighet
124504,Stora Herrestad,128610,Stora Herrestad,1971-01-01,21,Kodändrad; ny kommuntillhörighet
124505,Stora Köpinge,128611,Stora Köpinge,1971-01-01,21,Kodändrad; ny kommuntillhörighet
124506,Högestad,128612,Högestad,1971-01-01,21,Kodändrad; ny kommuntillhörighet
124507,Borrie,128613,Borrie,1971-01-01,21,Kodändrad; ny kommuntillhörighet
124508,Sövestad,128614,Sövestad,1971-01-01,21,Kodändrad; ny kommuntillhörighet
124509,Baldringe,128615,Baldringe,1971-01-01,21,Kodändrad; ny kommuntillhörighet
124601,Sövde,126504,Sövde,1974-01-01,21,Kodändrad; ny kommuntillhörighet
124602,Blentarp,126505,Blentarp,1974-01-01,21,Kodändrad; ny kommuntillhörighet
124603,Everlöv,126506,Everlöv,1974-01-01,21,Kodändrad; ny kommuntillhörighet
124701,Tolånga,126507,Tolånga,1974-01-01,21,Kodändrad; ny kommuntillhörighet
124702,Röddinge,126508,Röddinge,1974-01-01,21,Kodändrad; ny kommuntillhörighet
124703,Vanstad,126509,Vanstad,1974-01-01,21,Kodändrad; ny kommuntillhörighet
124704,Lövestad,126510,Lövestad,1974-01-01,21,Kodändrad; ny kommuntillhörighet
124801,Fränninge,126511,Fränninge,1974-01-01,21,Kodändrad; ny kommuntillhörighet
124802,Vollsjö,126512,Vollsjö,1974-01-01,21,Kodändrad; ny kommuntillhörighet
124803,Brandstad,126513,Brandstad,1974-01-01,21,Kodändrad; ny kommuntillhörighet
124901,Öved,126514,Öved,1974-01-01,21,Kodändrad; ny kommuntillhörighet
124902,Östra Kärrstorp,126515,Östra Kärrstorp,1974-01-01,21,Kodändrad; ny kommuntillhörighet
124903,Östraby,126610,Östraby,1974-01-01,21,Kodändrad; ny kommuntillhörighet
124904,Västerstad,126611,Västerstad,1974-01-01,21,Kodändrad; ny kommuntillhörighet
125201,Högseröd,128513,Högseröd,1971-01-01,21,Kodändrad; ny kommuntillhörighet
125202,Harlösa,128514,Harlösa,1971-01-01,21,Kodändrad; ny kommuntillhörighet
125203,Hammarlunda,128515,Hammarlunda,1971-01-01,21,Kodändrad; ny kommuntillhörighet
125301,Holmby,128516,Holmby,1971-01-01,21,Kodändrad; ny kommuntillhörighet
125302,Gårdstånga,128517,Gårdstånga,1971-01-01,21,Kodändrad; ny kommuntillhörighet
125303,Skeglinge,128518,Skeglinge,1971-01-01,21,Kodändrad; ny kommuntillhörighet
125304,Borlunda,128519,Borlunda,1971-01-01,21,Kodändrad; ny kommuntillhörighet
125305,Skarhult,128520,Skarhult,1971-01-01,21,Kodändrad; ny kommuntillhörighet
125306,Östra Strö,128521,Östra Strö,1971-01-01,21,Kodändrad; ny kommuntillhörighet
125601,Knislinge,125601,Knislinge-Gryt,2006-01-01,16,Utvidgas och namnändras
125602,Gryt,125601,Knislinge-Gryt,2006-01-01,10,Upphör; till befintlig
125605,Emmislöv,125606,Broby-Emmislöv,2014-01-01,10,Upphör; till befintlig
125606,Östra Broby,125606,Broby-Emmislöv,2014-01-01,16,Utvidgas och namnändras
126001,Bjuv,126001,Bjuv,2006-01-01,15,Utvidgas
126002,Risekatslösa,126001,Bjuv,2006-01-01,10,Upphör; till befintlig
126003,Norra Vram,126001,Bjuv,2006-01-01,10,Upphör; till befintlig
126101,Kävlinge,126101,Kävlinge,2006-01-01,15,Utvidgas
126102,Dagstorp,126103,Västra Karaby och Dagstorp,2016-01-01,10,Upphör; till befintlig
126103,Västra Karaby,126103,Västra Karaby och Dagstorp,2016-01-01,16,Utvidgas och namnändras
126104,Lackalänga,126104,Lackalänga-Stävie,1998-01-01,16,Utvidgas och namnändras
126105,Stävie,126104,Lackalänga-Stävie,1998-01-01,10,Upphör; till befintlig
126106,Södervidinge,126101,Kävlinge,2006-01-01,10,Upphör; till befintlig
126107,Virke,126101,Kävlinge,2006-01-01,10,Upphör; till befintlig
126108,Lilla Harrie,126101,Kävlinge,2006-01-01,10,Upphör; till befintlig
126109,Stora Harrie,126101,Kävlinge,2006-01-01,10,Upphör; till befintlig
126111,Barsebäck,126112,Löddebygden,2002-01-01,10,Upphör; till befintlig
126112,Löddeköpinge,126112,Löddebygden,2002-01-01,16,Utvidgas och namnändras
126113,Hög,126112,Löddebygden,2002-01-01,10,Upphör; till befintlig
126202,Borgeby,126205,Bjärred,2000-01-01,11,Upphör; till nybildad
126203,Flädie,126205,Bjärred,2000-01-01,11,Upphör; till nybildad
126204,Fjelie,126205,Bjärred,2000-01-01,11,Upphör; till nybildad
126301,Svedala,126301,Svedala,2002-01-01,15,Utvidgas
126302,Börringe,126301,Svedala,2002-01-01,10,Upphör; till befintlig
126303,Törringe-Västra Kärrstorp,126301,Svedala,2002-01-01,10,Upphör; till befintlig
126303,Västra Kärrstorp,126303,Törringe-Västra Kärrstorp,1998-01-01,16,Utvidgas och namnändras
126304,Törringe,126303,Törringe-Västra Kärrstorp,1998-01-01,10,Upphör; till befintlig
126305,Bjärshög,126307,Värby,2002-01-01,10,Upphör; till befintlig
126306,Skabersjö,126307,Värby,2002-01-01,10,Upphör; till befintlig
126307,Bara,126307,Värby,2002-01-01,16,Utvidgas och namnändras
126308,Hyby,126307,Värby,2002-01-01,10,Upphör; till befintlig
126401,Skurup,126401,Skurup,1995-01-01,15,Utvidgas
126402,Hassle-Bösarp,126401,Skurup,1995-01-01,10,Upphör; till befintlig
126403,Svenstorp,126406,Skivarp,2002-01-01,10,Upphör; till befintlig
126404,Västra Vemmenhög,126406,Skivarp,2002-01-01,10,Upphör; till befintlig
126405,Östra Vemmenhög,126406,Skivarp,2002-01-01,10,Upphör; till befintlig
126406,Skivarp,126406,Skivarp,2002-01-01,15,Utvidgas
126407,Västra Nöbbelöv,126406,Skivarp,2002-01-01,10,Upphör; till befintlig
126408,Katslösa,126412,Villie,2002-01-01,10,Upphör; till befintlig
126409,Solberga,126412,Villie,2002-01-01,10,Upphör; till befintlig
126410,Örsjö,126412,Villie,2002-01-01,10,Upphör; till befintlig
126411,Slimminge,126412,Villie,2002-01-01,10,Upphör; till befintlig
126412,Villie,126412,Villie,2002-01-01,15,Utvidgas
126501,Ilstorp,126503,Sjöbo,2002-01-01,10,Upphör; till befintlig
126502,Björka,126503,Sjöbo,2002-01-01,10,Upphör; till befintlig
126503,Södra Åsum,126503,Sjöbo,2002-01-01,16,Utvidgas och namnändras
126504,Sövde,126505,Blentarp,2006-01-01,10,Upphör; till befintlig
126505,Blentarp,126505,Blentarp,2006-01-01,15,Utvidgas
126506,Everlöv,126505,Blentarp,2006-01-01,10,Upphör; till befintlig
126507,Tolånga,126510,Lövestad,2010-01-01,10,Upphör; till befintlig
126508,Röddinge,126510,Lövestad,2010-01-01,10,Upphör; till befintlig
126509,Vanstad,126510,Lövestad,2010-01-01,10,Upphör; till befintlig
126510,Lövestad,126510,Lövestad,2010-01-01,15,Utvidgas
126511,Fränninge,126511,Fränninge-Vollsjö,2002-01-01,16,Utvidgas och namnändras
126511,Fränninge-Vollsjö,126511,Vollsjö,2010-01-01,16,Utvidgas och namnändras
126512,Vollsjö,126511,Fränninge-Vollsjö,2002-01-01,10,Upphör; till befintlig
126513,Brandstad,126515,Östra Kärrstorp,2002-01-01,10,Upphör; till befintlig
126514,Öved,126515,Östra Kärrstorp,2002-01-01,10,Upphör; till befintlig
126515,Östra Kärrstorp,126515,Östra Kärrstorp,2002-01-01,15,Utvidgas
126515,Östra Kärrstorp,126511,Vollsjö,2010-01-01,10,Upphör; till befintlig
126602,Hörby,126602,Hörby,2014-01-01,15,Utvidgas
126602,Hörby,126602,Hörby,2002-01-01,15,Utvidgas
126603,Östra Sallerup,126611,Västerstad,2006-01-01,10,Upphör; till befintlig
126604,Långaröd,126611,Västerstad,2006-01-01,10,Upphör; till befintlig
126605,Svensköp,126602,Hörby,2002-01-01,10,Upphör; till befintlig
126606,Äspinge,126602,Hörby,2002-01-01,10,Upphör; till befintlig
126607,Södra Rörum,126602,Hörby,2002-01-01,10,Upphör; till befintlig
126608,Fulltofta,126602,Hörby,2002-01-01,10,Upphör; till befintlig
126609,Lyby,126602,Hörby,2002-01-01,10,Upphör; till befintlig
126610,Östraby,126611,Västerstad,2006-01-01,10,Upphör; till befintlig
126611,Västerstad,126611,Västerstad,2006-01-01,15,Utvidgas
126611,Västerstad,126602,Hörby,2014-01-01,10,Upphör; till befintlig
126702,Höör,126702,Höör,2006-01-01,15,Utvidgas
126703,Gudmuntorp,126704,"Ringsjö, del",2002-01-01,10,Upphör; till befintlig
126704,Bosjökloster,126704,"Ringsjö, del",2002-01-01,16,Utvidgas och namnändras
126705,Munkarp,126702,Höör,2006-01-01,10,Upphör; till befintlig
126706,Hallaröd,126702,Höör,2006-01-01,10,Upphör; till befintlig
126707,Norra Rörum,126702,Höör,2006-01-01,10,Upphör; till befintlig
126708,Tjörnarp,126702,Höör,2006-01-01,10,Upphör; till befintlig
127001,Ullstorp,127005,Tomelillabygden,2002-01-01,10,Upphör; till befintlig
127002,Benestad,127005,Tomelillabygden,2002-01-01,10,Upphör; till befintlig
127003,Ramsåsa,127005,Tomelillabygden,2002-01-01,10,Upphör; till befintlig
127004,Tryde,127005,Tomelillabygden,2002-01-01,10,Upphör; till befintlig
127005,Tomelilla,127005,Tomelillabygden,2002-01-01,16,Utvidgas och namnändras
127006,Spjutstorp,127014,Brösarp-Tranås,2002-01-01,10,Upphör; till befintlig
127007,Tranås,127014,Brösarp-Tranås,2002-01-01,10,Upphör; till befintlig
127008,Onslunda,127014,Brösarp-Tranås,2002-01-01,10,Upphör; till befintlig
127009,Smedstorp,127009,Smedstorp,2002-01-01,15,Utvidgas
127010,Kverrestad,127009,Smedstorp,2002-01-01,10,Upphör; till befintlig
127011,Eljaröd,127014,Brösarp-Tranås,2002-01-01,10,Upphör; till befintlig
127012,Fågeltofta,127014,Brösarp-Tranås,2002-01-01,10,Upphör; till befintlig
127013,Andrarum,127014,Brösarp-Tranås,2002-01-01,10,Upphör; till befintlig
127014,Brösarp,127014,Brösarp-Tranås,2002-01-01,16,Utvidgas och namnändras
127015,Östra Ingelstad,127009,Smedstorp,2002-01-01,10,Upphör; till befintlig
127016,Bollerup,127009,Smedstorp,2002-01-01,10,Upphör; till befintlig
127017,Tosterup,127009,Smedstorp,2002-01-01,10,Upphör; till befintlig
127018,Övraby,127009,Smedstorp,2002-01-01,10,Upphör; till befintlig
127201,Ivetofta,127201,Ivetofta-Gualöv,2010-01-01,16,Utvidgas och namnändras
127202,Gualöv,127201,Ivetofta-Gualöv,2010-01-01,10,Upphör; till befintlig
127301,Osby,127301,Osby-Visseltofta,2006-01-01,16,Utvidgas och namnändras
127304,Visseltofta,127301,Osby-Visseltofta,2006-01-01,10,Upphör; till befintlig
127601,Klippan,127601,Klippan,2006-01-01,15,Utvidgas
127602,Vedby,127601,Klippan,2006-01-01,10,Upphör; till befintlig
127603,Västra Sönnarslöv,127601,Klippan,2006-01-01,10,Upphör; till befintlig
127604,Färingtofta,127605,Riseberga-Färingtofta,2010-01-01,10,Upphör; till befintlig
127605,Riseberga,127605,Riseberga-Färingtofta,2010-01-01,16,Utvidgas och namnändras
127701,Björnekulla,127701,Björnekulla-Västra Broby,2002-01-01,16,Utvidgas och namnändras
127702,Västra Broby,127701,Björnekulla-Västra Broby,2002-01-01,10,Upphör; till befintlig
127801,Båstad,127801,Båstad-Östra Karup,2010-01-01,16,Utvidgas och namnändras
127802,Förslöv,127802,Förslöv-Grevie,2002-01-01,16,Utvidgas och namnändras
127803,Grevie,127802,Förslöv-Grevie,2002-01-01,10,Upphör; till befintlig
127804,Västra Karup,127804,Västra Karup-Hov,2010-01-01,16,Utvidgas och namnändras
127805,Hov,127804,Västra Karup-Hov,2010-01-01,10,Upphör; till befintlig
127807,Östra Karup,127801,Båstad-Östra Karup,2010-01-01,10,Upphör; till befintlig
128001,Malmö S:t Petri,128002,Malmö S:t Petri,2014-01-01,10,Upphör; till befintlig
128001,Malmö S:t Petri,128006,Malmö S:t Johannes,2014-01-01,10,Upphör; till befintlig
128002,Slottsstaden,128002,Malmö S:t Petri,2014-01-01,16,Utvidgas och namnändras
128003,Kirseberg,128002,Malmö S:t Petri,2014-01-01,10,Upphör; till befintlig
128003,Kirseberg,128010,Husie,2014-01-01,10,Upphör; till befintlig
128004,Malmö S:t Pauli,128010,Husie,2014-01-01,10,Upphör; till befintlig
128004,Malmö S:t Pauli,128006,Malmö S:t Johannes,2014-01-01,10,Upphör; till befintlig
128005,Malmö S:t Johannes,128006,Malmö S:t Johannes,2014-01-01,10,Upphör; till befintlig
128005,Malmö S:t Johannes,128002,Malmö S:t Petri,2014-01-01,10,Upphör; till befintlig
128005,Malmö S:t Johannes,128016,Hyllie,2014-01-01,10,Upphör; till befintlig
128006,Möllevången,128006,Möllevången-Sofielund,2002-01-01,16,Utvidgas och namnändras
128006,Möllevången-Sofielund,128006,Malmö S:t Johannes,2014-01-01,16,Utvidgas och namnändras
128007,Limhamn,128007,Limhamn,2014-01-01,15,Utvidgas
128007,Limhamn,128016,Hyllie,2014-01-01,14,Ger del/delar till befintlig
128008,Fosie,128008,Fosie,2014-01-01,15,Utvidgas
128009,Västra Skrävlinge,128008,Fosie,2014-01-01,10,Upphör; till befintlig
128009,Västra Skrävlinge,128010,Husie,2014-01-01,10,Upphör; till befintlig
128010,Husie och Södra Sallerup,128010,Husie,2014-01-01,16,Utvidgas och namnändras
128010,Husie,128010,Husie och Södra Sallerup,2002-01-01,16,Utvidgas och namnändras
128011,Södra Sallerup,128010,Husie och Södra Sallerup,2002-01-01,10,Upphör; till befintlig
128012,Glostorp,128014,Oxie,1983-01-01,10,Upphör; till befintlig
128013,Lockarp,128014,Oxie,1983-01-01,10,Upphör; till befintlig
128014,Oxie,128014,Oxie,1983-01-01,15,Utvidgas
128014,Oxie,128016,Hyllie,2014-01-01,10,Upphör; till befintlig
128014,Oxie,128010,Husie,2014-01-01,10,Upphör; till befintlig
128014,Oxie,128008,Fosie,2014-01-01,10,Upphör; till befintlig
128015,Sofielund,128006,Möllevången-Sofielund,2002-01-01,10,Upphör; till befintlig
128016,Hyllie,128007,Limhamn,2014-01-01,14,Ger del/delar till befintlig
128016,Hyllie,128016,Hyllie,2014-01-01,15,Utvidgas
128017,Eriksfält,128016,Hyllie,2014-01-01,10,Upphör; till befintlig
128017,Eriksfält,128008,Fosie,2014-01-01,10,Upphör; till befintlig
128018,Kulladal,128008,Fosie,2014-01-01,10,Upphör; till befintlig
128018,Kulladal,128016,Hyllie,2014-01-01,10,Upphör; till befintlig
128019,Bunkeflo,128016,Hyllie,2014-01-01,10,Upphör; till befintlig
128019,Bunkeflo,128008,Fosie,2014-01-01,10,Upphör; till befintlig
128019,Bunkeflo,128007,Limhamn,2014-01-01,10,Upphör; till befintlig
128020,Västra Klagstorp,128021,Tygelsjö-Västra Klagstorp,2006-01-01,10,Upphör; till befintlig
128021,Tygelsjö,128021,Tygelsjö-Västra Klagstorp,2006-01-01,16,Utvidgas och namnändras
128021,Tygelsjö-Västra Klagstorp,128007,Limhamn,2014-01-01,10,Upphör; till befintlig
128021,Tygelsjö-Västra Klagstorp,128008,Fosie,2014-01-01,10,Upphör; till befintlig
128101,Lunds domkyrkoförs.,128124,Helgeand,1992-01-01,12,Ger del till nybildad
128102,S:t Peters Kloster,128102,S:t Peters kloster,2009-12-29,40,Namnändrad (ej kodändrad)
128103,Stora Råby,128125,Lunds östra stadsförs.,2012-01-01,10,Upphör; till befintlig
128104,Lunds Allhelgonaförs.,128125,S:t Hans,1992-01-01,13,Ger delar till nybildade
128104,Lunds Allhelgonaförs.,128126,Östra Torn,1992-01-01,13,Ger delar till nybildade
128106,Vallkärra,128127,Torn,1992-01-01,11,Upphör; till nybildad
128107,Stångby,128127,Torn,1992-01-01,11,Upphör; till nybildad
128108,Västra Hoby,128127,Torn,1992-01-01,11,Upphör; till nybildad
128109,Håstad,128127,Torn,1992-01-01,11,Upphör; till nybildad
128110,Igelösa,128127,Torn,1992-01-01,11,Upphör; till nybildad
128111,Odarslöv,128127,Torn,1992-01-01,11,Upphör; till nybildad
128112,Hardeberga,128113,Södra Sandby,2006-01-01,10,Upphör; till befintlig
128113,Södra Sandby,128113,Södra Sandby,2006-01-01,15,Utvidgas
128114,Revinge,128113,Södra Sandby,2006-01-01,10,Upphör; till befintlig
128115,Hällestad,128116,Dalby,2002-01-01,10,Upphör; till befintlig
128116,Dalby,128116,Dalby,2002-01-01,15,Utvidgas
128117,Bonderup,128116,Dalby,2002-01-01,10,Upphör; till befintlig
128118,Gödelöv,128120,Genarp,1995-01-01,10,Upphör; till befintlig
128119,Lyngby,128120,Genarp,1995-01-01,10,Upphör; till befintlig
128120,Genarp,128120,Genarp,1995-01-01,15,Utvidgas
128121,Veberöd,128121,Veberöd,2002-01-01,15,Utvidgas
128122,Vomb,128121,Veberöd,2002-01-01,10,Upphör; till befintlig
128123,Silvåkra,128121,Veberöd,2002-01-01,10,Upphör; till befintlig
128125,S:t Hans,128125,Lunds östra stadsförs.,2012-01-01,16,Utvidgas och namnändras
128126,Östra Torn,128125,Lunds östra stadsförs.,2012-01-01,10,Upphör; till befintlig
128201,Landskrona,128201,"Landskrona, del",2006-01-01,16,Utvidgas och namnändras
128202,S:t Ibb,128201,"Landskrona, del",2006-01-01,10,Upphör; till befintlig
128203,Annelöv,128204,Saxtorp-Annelöv,2006-01-01,10,Upphör; till befintlig
128204,Saxtorp,128204,Saxtorp-Annelöv,2006-01-01,16,Utvidgas och namnändras
128204,Saxtorp-Annelöv,128204,Häljarp,2010-01-01,16,Utvidgas och namnändras
128205,Tofta,128206,Asmundtorp-Tofta,2005-01-01,10,Upphör; till befintlig
128206,Asmundtorp,128206,Asmundtorp-Tofta,2005-01-01,16,Utvidgas och namnändras
128206,Asmundtorp-Tofta,128204,Häljarp,2010-01-01,10,Upphör; till befintlig
128207,Glumslöv,128207,"Kvistofta, del",2010-01-01,40,Namnändrad (ej kodändrad)
128208,Härslöv,128208,Härslöv,1995-01-01,15,Utvidgas
128208,Härslöv,128201,"Landskrona, del",2006-01-01,10,Upphör; till befintlig
128209,Säby,128208,Härslöv,1995-01-01,10,Upphör; till befintlig
128210,Vadensjö,128208,Härslöv,1995-01-01,10,Upphör; till befintlig
128211,Örja,128208,Härslöv,1995-01-01,10,Upphör; till befintlig
128301,Hälsingborgs Maria,128301,Helsingborgs Maria,1971-01-01,40,Namnändrad (ej kodändrad)
128301,Helsingborgs Maria,128317,Filborna,1977-01-01,12,Ger del till nybildad
128304,Välinge,128305,Välinge-Kattarp,2002-01-01,10,Upphör; till befintlig
128305,Kattarp,128305,Välinge-Kattarp,2002-01-01,16,Utvidgas och namnändras
128306,Allerum,128301,Helsingborgs Maria,2014-01-01,14,Ger del/delar till befintlig
128308,Kropp,128309,Kropp,2010-01-01,10,Upphör; till befintlig
128309,Välluv-Frillestad,128309,Kropp,2010-01-01,16,Utvidgas och namnändras
128309,Välluv,128309,Välluv-Frillestad,2002-01-01,16,Utvidgas och namnändras
128310,Frillestad,128309,Välluv-Frillestad,2002-01-01,10,Upphör; till befintlig
128311,Hässlunda,128312,Mörarp-Hässlunda,2002-01-01,10,Upphör; till befintlig
128312,Mörarp,128312,Mörarp-Hässlunda,2002-01-01,16,Utvidgas och namnändras
128312,Mörarp-Hässlunda,128309,Kropp,2010-01-01,10,Upphör; till befintlig
128313,Bårslöv,128316,"Kvistofta, del",2010-01-01,10,Upphör; till befintlig
128314,Ottarp,128314,"Landskrona, del",2006-01-01,16,Utvidgas och namnändras
128315,Fjärestad,128316,"Kvistofta, del",2010-01-01,10,Upphör; till befintlig
128316,Kvistofta,128316,"Kvistofta, del",2010-01-01,15,Utvidgas
128405,Jonstorp,128405,Farhult-Jonstorp,2002-01-01,16,Utvidgas och namnändras
128406,Farhult,128405,Farhult-Jonstorp,2002-01-01,10,Upphör; till befintlig
128501,Eslöv,128501,Eslöv,1971-01-01,15,Utvidgas
128501,Eslöv,128501,Eslöv,2006-01-01,15,Utvidgas
128501,Eslöv,128501,Eslöv,2008-01-01,15,Utvidgas
128502,Stehag,128502,Östra Onsjö,2002-01-01,16,Utvidgas och namnändras
128503,Bosarp,128502,Östra Onsjö,2002-01-01,10,Upphör; till befintlig
128504,Trollenäs,128502,Östra Onsjö,2002-01-01,10,Upphör; till befintlig
128505,Västra Strö,128502,Östra Onsjö,2002-01-01,10,Upphör; till befintlig
128506,Remmarlöv,128501,Eslöv,1971-01-01,10,Upphör; till befintlig
128507,Örtofta,128501,Eslöv,2006-01-01,10,Upphör; till befintlig
128508,Billinge,128502,Östra Onsjö,2002-01-01,10,Upphör; till befintlig
128509,Hurva,128509,"Ringsjö, del",2002-01-01,40,Namnändrad (ej kodändrad)
128511,Reslöv,128511,Reslöv-Östra Karaby,2002-01-01,16,Utvidgas och namnändras
128511,Reslöv-Östra Karaby,128511,Marieholm,2014-01-01,40,Namnändrad (ej kodändrad)
128512,Östra Karaby,128511,Reslöv-Östra Karaby,2002-01-01,10,Upphör; till befintlig
128513,Högseröd,128513,Löberöd,2006-01-01,16,Utvidgas och namnändras
128514,Harlösa,128513,Löberöd,2006-01-01,10,Upphör; till befintlig
128515,Hammarlunda,128513,Löberöd,2006-01-01,10,Upphör; till befintlig
128516,Holmby,128516,Gårdstånga-Holmby,1998-01-01,16,Utvidgas och namnändras
128516,Gårdstånga-Holmby,128501,Eslöv,2008-01-01,10,Upphör; till befintlig
128517,Gårdstånga,128516,Gårdstånga-Holmby,1998-01-01,10,Upphör; till befintlig
128518,Skeglinge,128519,Borlunda-Skeglinge,1992-01-01,10,Upphör; till befintlig
128519,Borlunda,128519,Borlunda-Skeglinge,1992-01-01,16,Utvidgas och namnändras
128519,Borlunda-Skeglinge,128501,Eslöv,2006-01-01,10,Upphör; till befintlig
128520,Skarhult,128521,Östra Strö-Skarhult,2002-01-01,10,Upphör; till befintlig
128521,Östra Strö,128521,Östra Strö-Skarhult,2002-01-01,16,Utvidgas och namnändras
128521,Östra Strö-Skarhult,128501,Eslöv,2006-01-01,10,Upphör; till befintlig
128602,Skårby,128605,Ljunits,2002-01-01,10,Upphör; till befintlig
128603,Sjörup,128605,Ljunits,2002-01-01,10,Upphör; till befintlig
128604,Snårestad,128605,Ljunits,2002-01-01,10,Upphör; till befintlig
128605,Balkåkra,128605,Ljunits,2002-01-01,16,Utvidgas och namnändras
128606,Bjäresjö,128605,Ljunits,2002-01-01,10,Upphör; till befintlig
128607,Hedeskoga,128614,Sövestadsbygden,2002-01-01,10,Upphör; till befintlig
128608,Bromma,128614,Sövestadsbygden,2002-01-01,10,Upphör; till befintlig
128609,Öja,128611,Stora Köpinge,2002-01-01,10,Upphör; till befintlig
128610,Stora Herrestad,128611,Stora Köpinge,2002-01-01,10,Upphör; till befintlig
128611,Stora Köpinge,128611,Stora Köpinge,2002-01-01,15,Utvidgas
128612,Högestad,128614,Sövestadsbygden,2002-01-01,10,Upphör; till befintlig
128613,Borrie,128611,Stora Köpinge,2002-01-01,10,Upphör; till befintlig
128614,Sövestad,128614,Sövestadsbygden,2002-01-01,16,Utvidgas och namnändras
128615,Baldringe,128614,Sövestadsbygden,2002-01-01,10,Upphör; till befintlig
128616,Hörup,128617,Löderup,2002-01-01,10,Upphör; till befintlig
128617,Löderup,128617,Löderup,2002-01-01,15,Utvidgas
128618,Valleberga,128617,Löderup,2002-01-01,10,Upphör; till befintlig
128619,Ingelstorp,128617,Löderup,2002-01-01,10,Upphör; till befintlig
128620,Glemminge,128617,Löderup,2002-01-01,10,Upphör; till befintlig
128702,Maglarp,128706,Hammarlöv,2002-01-01,10,Upphör; till befintlig
128703,Västra Tommarp,128706,Hammarlöv,2002-01-01,10,Upphör; till befintlig
128704,Västra Vemmerlöv,128706,Hammarlöv,2002-01-01,10,Upphör; till befintlig
128705,Hammarlöv,128706,Hammarlöv,2002-01-01,10,Upphör; till befintlig
128706,Skegrie,128706,Hammarlöv,2002-01-01,16,Utvidgas och namnändras
128707,Bodarp,128706,Hammarlöv,2002-01-01,10,Upphör; till befintlig
128708,Fuglie,128706,Hammarlöv,2002-01-01,10,Upphör; till befintlig
128709,Fru Alstad,128710,Alstad,1980-01-01,10,Upphör; till befintlig
128710,Västra Alstad,128710,Alstad,1980-01-01,16,Utvidgas och namnändras
128710,Alstad,128731,Anderslöv,2010-01-01,10,Upphör; till befintlig
128711,Lilla Slågarp,128710,Alstad,1980-01-01,10,Upphör; till befintlig
128712,Stora Slågarp,128710,Alstad,1980-01-01,10,Upphör; till befintlig
128713,Gylle,128715,Dalköpinge,2002-01-01,10,Upphör; till befintlig
128714,Kyrkoköpinge,128715,Dalköpinge,2002-01-01,10,Upphör; till befintlig
128715,Dalköpinge,128715,Dalköpinge,2002-01-01,15,Utvidgas
128716,Gislöv,128715,Dalköpinge,2002-01-01,10,Upphör; till befintlig
128717,Simlinge,128715,Dalköpinge,2002-01-01,10,Upphör; till befintlig
128718,Bösarp,128715,Dalköpinge,2002-01-01,10,Upphör; till befintlig
128719,Södra Åby,128721,Källstorp,2002-01-01,10,Upphör; till befintlig
128720,Lilla Isie,128721,Källstorp,2002-01-01,10,Upphör; till befintlig
128721,Östra Torp,128721,Källstorp,2002-01-01,16,Utvidgas och namnändras
128722,Hemmesdynge,128721,Källstorp,2002-01-01,10,Upphör; till befintlig
128723,Östra Klagstorp,128721,Källstorp,2002-01-01,10,Upphör; till befintlig
128724,Äspö,128721,Källstorp,2002-01-01,10,Upphör; till befintlig
128725,Lilla Beddinge,128721,Källstorp,2002-01-01,10,Upphör; till befintlig
128726,Tullstorp,128721,Källstorp,2002-01-01,10,Upphör; till befintlig
128727,Källstorp,128721,Källstorp,2002-01-01,10,Upphör; till befintlig
128728,Önnarp,128731,Anderslöv,2002-01-01,10,Upphör; till befintlig
128729,Gärdslöv,128731,Anderslöv,2002-01-01,10,Upphör; till befintlig
128730,Grönby,128731,Anderslöv,2002-01-01,10,Upphör; till befintlig
128731,Anderslöv,128731,Anderslöv,2002-01-01,15,Utvidgas
128731,Anderslöv,128731,Anderslöv,2010-01-01,15,Utvidgas
128801,Skanör,123305,Skanör,1974-01-01,21,Kodändrad; ny kommuntillhörighet
128802,Falsterbo,123306,Falsterbo,1974-01-01,21,Kodändrad; ny kommuntillhörighet
129004,Djurröd,129005,Träne-Djurröd,2002-01-01,10,Upphör; till befintlig
129005,Träne,129005,Träne-Djurröd,2002-01-01,16,Utvidgas och namnändras
129006,Skepparslöv,129007,Vä-Skepparslöv,2002-01-01,10,Upphör; till befintlig
129007,Vä,129007,Vä-Skepparslöv,2002-01-01,16,Utvidgas och namnändras
129009,Nosaby,129009,Nosaby,2006-01-01,15,Utvidgas
129010,Fjälkestad,129009,Nosaby,2006-01-01,10,Upphör; till befintlig
129011,Österslöv,129009,Nosaby,2006-01-01,10,Upphör; till befintlig
129012,Norra Strö,129014,Araslöv,2003-01-01,10,Upphör; till befintlig
129013,Önnestad,129014,Araslöv,2003-01-01,10,Upphör; till befintlig
129014,Färlöv,129014,Araslöv,2003-01-01,16,Utvidgas och namnändras
129016,Östra Sönnarslöv,129036,Everödsbygden,2000-01-01,11,Upphör; till nybildad
129017,Everöd,129036,Everödsbygden,2000-01-01,11,Upphör; till nybildad
129018,Lyngsjö,129036,Everödsbygden,2000-01-01,11,Upphör; till nybildad
129019,Rinkaby,129025,Gustav Adolf-Rinkaby,2002-01-01,10,Upphör; till befintlig
129020,Nymö,129024,Fjälkinge-Nymö,2006-01-01,10,Upphör; till befintlig
129021,Trolle-Ljungby,129023,Bäckaskog,2002-01-01,10,Upphör; till befintlig
129022,Ivö,129023,Bäckaskog,2002-01-01,10,Upphör; till befintlig
129023,Kiaby,129023,Bäckaskog,2002-01-01,16,Utvidgas och namnändras
129024,Fjälkinge,129024,Fjälkinge-Nymö,2006-01-01,16,Utvidgas och namnändras
129025,Gustav Adolf,129025,Gustav Adolf-Rinkaby,2002-01-01,16,Utvidgas och namnändras
129026,Maglehem,129029,Degeberga,2010-01-01,10,Upphör; till befintlig
129027,Hörröd,129029,Degeberga,2010-01-01,10,Upphör; till befintlig
129028,Huaröd,129029,Degeberga,2010-01-01,10,Upphör; till befintlig
129029,Degeberga,129029,Degeberga,2010-01-01,15,Utvidgas
129029,Degeberga,129029,Degeberga-Everöd,2014-01-01,16,Utvidgas och namnändras
129030,Vittskövle,129029,Degeberga,2010-01-01,10,Upphör; till befintlig
129031,Östra Vram,129032,Västra och Östra Vram,2006-01-01,10,Upphör; till befintlig
129032,Västra Vram,129032,Västra och Östra Vram,2006-01-01,16,Utvidgas och namnändras
129034,Vånga,129035,Oppmanna-Vånga,2017-01-01,10,Upphör; till befintlig
129035,Oppmanna,129035,Oppmanna-Vånga,2017-01-01,16,Utvidgas och namnändras
129036,Everödsbygden,129029,Degeberga-Everöd,2014-01-01,10,Upphör; till befintlig
129101,Simrishamn,129101,Simrishamn,2006-01-01,15,Utvidgas
129102,Simris,129101,Simrishamn,2006-01-01,10,Upphör; till befintlig
129103,Östra Nöbbelöv,129101,Simrishamn,2006-01-01,10,Upphör; till befintlig
129104,Järrestad,129101,Simrishamn,2006-01-01,10,Upphör; till befintlig
129105,Gladsax,129101,Simrishamn,2006-01-01,10,Upphör; till befintlig
129106,Östra Hoby,129107,Borrby-Östra Hoby,2000-01-01,10,Upphör; till befintlig
129107,Borrby,129107,Borrby-Östra Hoby,2000-01-01,16,Utvidgas och namnändras
129107,Borrby-Östra Hoby,129107,Gärsnäs,2017-01-01,16,Utvidgas och namnändras
129108,Bolshög,129111,Stiby,2003-01-01,10,Upphör; till befintlig
129109,Östra Tommarp,129111,Stiby,2003-01-01,10,Upphör; till befintlig
129110,Östra Vemmerlöv,129111,Stiby,2003-01-01,10,Upphör; till befintlig
129111,Stiby,129111,Stiby,2003-01-01,15,Utvidgas
129111,Stiby,129107,Gärsnäs,2017-01-01,10,Upphör; till befintlig
129112,Ravlunda,129119,Kivik,2002-01-01,10,Upphör; till befintlig
129113,Östra Herrestad,129115,Hammenhög,2002-01-01,10,Upphör; till befintlig
129114,Hannas,129115,Hammenhög,2002-01-01,10,Upphör; till befintlig
129115,Hammenhög,129115,Hammenhög,2002-01-01,15,Utvidgas
129115,Hammenhög,129107,Gärsnäs,2017-01-01,10,Upphör; till befintlig
129116,Vallby,129115,Hammenhög,2002-01-01,10,Upphör; till befintlig
129119,Södra Mellby,129119,Kivik,2002-01-01,16,Utvidgas och namnändras
129120,Vitaby,129119,Kivik,2002-01-01,10,Upphör; till befintlig
129201,Ängelholm,129201,Ängelholm,2010-01-01,15,Utvidgas
129202,Rebbelberga,129201,Ängelholm,2010-01-01,10,Upphör; till befintlig
129203,Höja,129201,Ängelholm,2010-01-01,10,Upphör; till befintlig
129204,Tåssjö,129205,Munka Ljungby,2006-01-01,10,Upphör; till befintlig
129205,Munka-Ljungby,129205,Munka Ljungby,2006-01-01,16,Utvidgas och namnändras
129206,Strövelstorp,129206,Strövelstorp,1998-01-01,15,Utvidgas
129207,Ausås,129206,Strövelstorp,1998-01-01,10,Upphör; till befintlig
129208,Starby,129206,Strövelstorp,1998-01-01,10,Upphör; till befintlig
129210,Tåstarp,129211,Hjärnarp-Tåstarp,2002-01-01,10,Upphör; till befintlig
129211,Hjärnarp,129211,Hjärnarp-Tåstarp,2002-01-01,16,Utvidgas och namnändras
129212,Össjö,129205,Munka Ljungby,2006-01-01,10,Upphör; till befintlig
129301,Hässleholm,129301,Hässleholm,2014-01-01,15,Utvidgas
129302,Ignaberga,129303,Stoby,2006-01-01,10,Upphör; till befintlig
129303,Stoby-Norra Sandby,129303,Stoby,2006-01-01,16,Utvidgas och namnändras
129303,Stoby,129301,Hässleholm,2014-01-01,10,Upphör; till befintlig
129303,Stoby,129303,Stoby-Norra Sandby,2002-01-01,16,Utvidgas och namnändras
129304,Norra Sandby,129303,Stoby-Norra Sandby,2002-01-01,10,Upphör; till befintlig
129305,Vinslöv,129305,Vinslöv,2006-01-01,15,Utvidgas
129306,Gumlösa,129305,Vinslöv,2006-01-01,10,Upphör; till befintlig
129307,Sörby,129305,Vinslöv,2006-01-01,10,Upphör; till befintlig
129308,Nävlinge,129305,Vinslöv,2006-01-01,10,Upphör; till befintlig
129309,Hästveda,129301,Hässleholm,2014-01-01,10,Upphör; till befintlig
129315,Norra Mellby,129315,Sösdala,2012-01-01,16,Utvidgas och namnändras
129316,Häglinge,129315,Sösdala,2012-01-01,10,Upphör; till befintlig
129317,Brönnestad,129315,Sösdala,2012-01-01,10,Upphör; till befintlig
129318,Matteröd,129319,Tyringe,2010-01-01,10,Upphör; till befintlig
129319,Finja,129319,Tyringe,2010-01-01,16,Utvidgas och namnändras
129320,Hörja,129319,Tyringe,2010-01-01,10,Upphör; till befintlig
130101,Hishult,138106,Hishult,1974-01-01,21,Kodändrad; ny kommuntillhörighet
130201,Våxtorp,138103,Våxtorp,1971-01-01,21,Kodändrad; ny kommuntillhörighet
130301,Hasslöv,138104,Hasslöv,1971-01-01,21,Kodändrad; ny kommuntillhörighet
130302,Östra Karup,116807,Östra Karup,1971-01-01,22,Kodändrad; både ny läns- och kommuntillhörighet
130303,Skummeslöv,138105,Skummeslöv,1971-01-01,21,Kodändrad; ny kommuntillhörighet
130401,Ränneslöv,138107,Ränneslöv,1974-01-01,21,Kodändrad; ny kommuntillhörighet
130402,Ysby,138108,Ysby,1974-01-01,21,Kodändrad; ny kommuntillhörighet
130501,Knäred,138109,Knäred,1974-01-01,21,Kodändrad; ny kommuntillhörighet
130601,Laholms landsförs.,138102,Laholms landsförs.,1971-01-01,21,Kodändrad; ny kommuntillhörighet
130701,Tjärby,138110,Tjärby,1974-01-01,21,Kodändrad; ny kommuntillhörighet
130702,Veinge,138111,Veinge,1974-01-01,21,Kodändrad; ny kommuntillhörighet
130801,Tönnersjö,138006,Tönnersjö,1974-01-01,21,Kodändrad; ny kommuntillhörighet
130802,Eldsberga,138007,Eldsberga,1974-01-01,21,Kodändrad; ny kommuntillhörighet
130803,Trönninge,138008,Trönninge,1974-01-01,21,Kodändrad; ny kommuntillhörighet
131001,Söndrum,138009,Söndrum,1974-01-01,21,Kodändrad; ny kommuntillhörighet
131002,Vapnö,138010,Vapnö,1974-01-01,21,Kodändrad; ny kommuntillhörighet
131101,Harplinge,138011,Harplinge,1974-01-01,21,Kodändrad; ny kommuntillhörighet
131102,Steninge,138012,Steninge,1974-01-01,21,Kodändrad; ny kommuntillhörighet
131201,Rävinge,138013,Rävinge,1974-01-01,21,Kodändrad; ny kommuntillhörighet
131202,Getinge,138014,Getinge,1974-01-01,21,Kodändrad; ny kommuntillhörighet
131301,Kvibille,138015,Kvibille,1974-01-01,21,Kodändrad; ny kommuntillhörighet
131302,Holm,138016,Holm,1974-01-01,21,Kodändrad; ny kommuntillhörighet
131303,Slättåkra,138017,Slättåkra,1974-01-01,21,Kodändrad; ny kommuntillhörighet
131401,Övraby,138018,Övraby,1974-01-01,21,Kodändrad; ny kommuntillhörighet
131402,Enslöv,138019,Enslöv,1974-01-01,21,Kodändrad; ny kommuntillhörighet
131501,Torup,131501,Torup,2014-01-01,15,Utvidgas
131502,Kinnared,131501,Torup,2014-01-01,10,Upphör; till befintlig
131503,Drängsered,131501,Torup,2014-01-01,10,Upphör; till befintlig
131507,Södra Unnaryd,131507,Unnaryd,2010-01-01,16,Utvidgas och namnändras
131508,Jälluntofta,131507,Unnaryd,2010-01-01,10,Upphör; till befintlig
131601,Abild,138203,Abild,1971-01-01,21,Kodändrad; ny kommuntillhörighet
131602,Asige,138204,Asige,1971-01-01,21,Kodändrad; ny kommuntillhörighet
131603,Årstad,138205,Årstad,1971-01-01,21,Kodändrad; ny kommuntillhörighet
131604,Slöinge,138206,Slöinge,1971-01-01,21,Kodändrad; ny kommuntillhörighet
131605,Eftra,138207,Eftra,1971-01-01,21,Kodändrad; ny kommuntillhörighet
131701,Stafsinge,138208,Stafsinge,1971-01-01,21,Kodändrad; ny kommuntillhörighet
131702,Morup,138209,Morup,1971-01-01,21,Kodändrad; ny kommuntillhörighet
131801,Ljungby,138210,Ljungby,1971-01-01,21,Kodändrad; ny kommuntillhörighet
131802,Vinberg,138211,Vinberg,1971-01-01,21,Kodändrad; ny kommuntillhörighet
131901,Alfshög,138212,Alfshög,1971-01-01,21,Kodändrad; ny kommuntillhörighet
131902,Vessige,138213,Vessige,1971-01-01,21,Kodändrad; ny kommuntillhörighet
131903,Askome,138214,Askome,1971-01-01,21,Kodändrad; ny kommuntillhörighet
131904,Köinge,138215,Köinge,1971-01-01,21,Kodändrad; ny kommuntillhörighet
131905,Svartrå,138216,Svartrå,1971-01-01,21,Kodändrad; ny kommuntillhörighet
131906,Okome,138217,Okome,1971-01-01,21,Kodändrad; ny kommuntillhörighet
132001,Gällared,138218,Gällared,1971-01-01,21,Kodändrad; ny kommuntillhörighet
132002,Krogsered,138219,Krogsered,1971-01-01,21,Kodändrad; ny kommuntillhörighet
132003,Gunnarp,138220,Gunnarp,1971-01-01,21,Kodändrad; ny kommuntillhörighet
132101,Fagered,138221,Fagered,1971-01-01,21,Kodändrad; ny kommuntillhörighet
132102,Källsjö,138222,Källsjö,1971-01-01,21,Kodändrad; ny kommuntillhörighet
132103,Ullared,138223,Ullared,1971-01-01,21,Kodändrad; ny kommuntillhörighet
132201,Nösslinge,138303,Nösslinge,1971-01-01,21,Kodändrad; ny kommuntillhörighet
132202,Skällinge,138304,Skällinge,1971-01-01,21,Kodändrad; ny kommuntillhörighet
132203,Rolfstorp,138305,Rolfstorp,1971-01-01,21,Kodändrad; ny kommuntillhörighet
132204,Gödestad,138306,Gödestad,1971-01-01,21,Kodändrad; ny kommuntillhörighet
132205,Hunnestad,138307,Hunnestad,1971-01-01,21,Kodändrad; ny kommuntillhörighet
132206,Grimeton,138308,Grimeton,1971-01-01,21,Kodändrad; ny kommuntillhörighet
132301,Dagsås,138309,Dagsås,1971-01-01,21,Kodändrad; ny kommuntillhörighet
132302,Sibbarp,138310,Sibbarp,1971-01-01,21,Kodändrad; ny kommuntillhörighet
132303,Tvååker,138311,Tvååker,1971-01-01,21,Kodändrad; ny kommuntillhörighet
132304,Spannarp,138312,Spannarp,1971-01-01,21,Kodändrad; ny kommuntillhörighet
132501,Lindberg,138313,Lindberg,1971-01-01,21,Kodändrad; ny kommuntillhörighet
132502,Torpa,138314,Torpa,1971-01-01,21,Kodändrad; ny kommuntillhörighet
132503,Valinge,138315,Valinge,1971-01-01,21,Kodändrad; ny kommuntillhörighet
132504,Stamnared,138316,Stamnared,1971-01-01,21,Kodändrad; ny kommuntillhörighet
132601,Sällstorp,138317,Sällstorp,1971-01-01,21,Kodändrad; ny kommuntillhörighet
132602,Ås,138318,Ås,1971-01-01,21,Kodändrad; ny kommuntillhörighet
132603,Veddige,138319,Veddige,1971-01-01,21,Kodändrad; ny kommuntillhörighet
132701,Värö,138320,Värö,1971-01-01,21,Kodändrad; ny kommuntillhörighet
132702,Stråvalla,138321,Stråvalla,1971-01-01,21,Kodändrad; ny kommuntillhörighet
132801,Frillesås,138406,Frillesås,1974-01-01,21,Kodändrad; ny kommuntillhörighet
132802,Landa,138407,Landa,1974-01-01,21,Kodändrad; ny kommuntillhörighet
132803,Ölmevalla,138408,Ölmevalla,1974-01-01,21,Kodändrad; ny kommuntillhörighet
132804,Gällinge,138409,Gällinge,1974-01-01,21,Kodändrad; ny kommuntillhörighet
132805,Idala,138410,Idala,1974-01-01,21,Kodändrad; ny kommuntillhörighet
132901,Förlanda,138411,Förlanda,1974-01-01,21,Kodändrad; ny kommuntillhörighet
132902,Fjärås,138412,Fjärås,1974-01-01,21,Kodändrad; ny kommuntillhörighet
132903,Hanhals,138413,Hanhals,1974-01-01,21,Kodändrad; ny kommuntillhörighet
133001,Onsala,138414,Onsala,1974-01-01,21,Kodändrad; ny kommuntillhörighet
133101,Vallda,138404,Vallda,1971-01-01,21,Kodändrad; ny kommuntillhörighet
133102,Släp,138405,Släp,1971-01-01,21,Kodändrad; ny kommuntillhörighet
133301,Lindome,148103,Lindome,1971-01-01,22,Kodändrad; både ny läns- och kommuntillhörighet
136001,Oskarström,138005,Oskarström,1974-01-01,21,Kodändrad; ny kommuntillhörighet
138001,S:t Nikolai,138002,Halmstad,2016-01-01,10,Upphör; till befintlig
138001,S:t Nikolai,138001,S:t Nikolai,2010-01-01,15,Utvidgas
138002,Martin Luther,138002,Halmstad,2016-01-01,16,Utvidgas och namnändras
138003,Snöstorp,138003,Snöstorp,2013-01-01,15,Utvidgas
138004,Breared,138003,Snöstorp,2013-01-01,10,Upphör; till befintlig
138006,Tönnersjö,138008,Eldsbergabygden,2006-01-01,10,Upphör; till befintlig
138007,Eldsberga,138008,Eldsbergabygden,2006-01-01,10,Upphör; till befintlig
138008,Trönninge,138008,Eldsbergabygden,2006-01-01,16,Utvidgas och namnändras
138008,Eldsbergabygden,138003,Snöstorp,2013-01-01,10,Upphör; till befintlig
138009,Söndrum,138009,Söndrum-Vapnö,2006-01-01,16,Utvidgas och namnändras
138010,Vapnö,138009,Söndrum-Vapnö,2006-01-01,10,Upphör; till befintlig
138013,Rävinge,138014,Getinge-Rävinge,2008-01-01,10,Upphör; till befintlig
138014,Getinge,138014,Getinge-Rävinge,2008-01-01,16,Utvidgas och namnändras
138015,Kvibille,138015,Slättåkra-Kvibille,2008-01-01,16,Utvidgas och namnändras
138016,Holm,138001,S:t Nikolai,2010-01-01,10,Upphör; till befintlig
138017,Slättåkra,138015,Slättåkra-Kvibille,2008-01-01,10,Upphör; till befintlig
138018,Övraby,138001,S:t Nikolai,2010-01-01,10,Upphör; till befintlig
138101,Laholms stadsförs.,138101,Laholm,1972-01-01,16,Utvidgas och namnändras
138102,Laholms landsförs.,138101,Laholm,1972-01-01,10,Upphör; till befintlig
138103,Våxtorp,138103,Hasslöv-Våxtorp,2006-01-01,16,Utvidgas och namnändras
138104,Hasslöv,138103,Hasslöv-Våxtorp,2006-01-01,10,Upphör; till befintlig
138107,Ränneslöv,138107,Ränneslöv-Ysby,2002-01-01,16,Utvidgas och namnändras
138108,Ysby,138107,Ränneslöv-Ysby,2002-01-01,10,Upphör; till befintlig
138110,Tjärby,138111,Veinge-Tjärby,1998-01-01,10,Upphör; till befintlig
138111,Veinge,138111,Veinge-Tjärby,1998-01-01,16,Utvidgas och namnändras
138203,Abild,138206,Susedalen,2010-01-01,10,Upphör; till befintlig
138204,Asige,138206,Susedalen,2010-01-01,10,Upphör; till befintlig
138205,Årstad,138206,Susedalen,2010-01-01,10,Upphör; till befintlig
138206,Slöinge,138206,Susedalen,2010-01-01,16,Utvidgas och namnändras
138207,Eftra,138206,Susedalen,2010-01-01,10,Upphör; till befintlig
138210,Ljungby,138211,Vinberg-Ljungby,2010-01-01,10,Upphör; till befintlig
138211,Vinberg,138211,Vinberg-Ljungby,2010-01-01,16,Utvidgas och namnändras
138212,Alfshög,138213,Vessige,2006-01-01,10,Upphör; till befintlig
138213,Vessige,138213,Vessige,2006-01-01,15,Utvidgas
138214,Askome,138213,Vessige,2006-01-01,10,Upphör; till befintlig
138215,Köinge,138217,Okome,2006-01-01,10,Upphör; till befintlig
138216,Svartrå,138217,Okome,2006-01-01,10,Upphör; till befintlig
138217,Okome,138217,Okome,2006-01-01,15,Utvidgas
138303,Nösslinge,138305,Himledalen,2002-01-01,10,Upphör; till befintlig
138304,Skällinge,138305,Himledalen,2002-01-01,10,Upphör; till befintlig
138305,Rolfstorp,138305,Himledalen,2002-01-01,16,Utvidgas och namnändras
138306,Gödestad,138305,Himledalen,2002-01-01,10,Upphör; till befintlig
138307,Hunnestad,138305,Himledalen,2002-01-01,10,Upphör; till befintlig
138308,Grimeton,138305,Himledalen,2002-01-01,10,Upphör; till befintlig
138309,Dagsås,138310,Sibbarp-Dagsås,2006-01-01,10,Upphör; till befintlig
138310,Sibbarp,138310,Sibbarp-Dagsås,2006-01-01,16,Utvidgas och namnändras
138313,Lindberg,138313,Lindberga,2010-01-01,16,Utvidgas och namnändras
138314,Torpa,138313,Lindberga,2010-01-01,10,Upphör; till befintlig
138315,Valinge,138313,Lindberga,2010-01-01,10,Upphör; till befintlig
138316,Stamnared,138313,Lindberga,2010-01-01,10,Upphör; till befintlig
138317,Sällstorp,138319,Veddige,2006-01-01,10,Upphör; till befintlig
138318,Ås,138319,Veddige,2006-01-01,10,Upphör; till befintlig
138319,Veddige,138319,Veddige,2006-01-01,15,Utvidgas
138319,Veddige,138319,Veddige-Kungsäter,2012-01-01,16,Utvidgas och namnändras
138320,Värö,138320,Värö-Stråvalla,2014-01-01,16,Utvidgas och namnändras
138321,Stråvalla,138320,Värö-Stråvalla,2014-01-01,10,Upphör; till befintlig
138322,Grimmared,138324,Kungsäter,2006-01-01,10,Upphör; till befintlig
138323,Karl Gustav,138324,Kungsäter,2006-01-01,10,Upphör; till befintlig
138324,Kungsäter,138324,Kungsäter,2006-01-01,15,Utvidgas
138324,Kungsäter,138319,Veddige-Kungsäter,2012-01-01,10,Upphör; till befintlig
138325,Gunnarsjö,138324,Kungsäter,2006-01-01,10,Upphör; till befintlig
138401,Kungsbacka,138401,Kungsbacka-Hanhals,2013-01-01,16,Utvidgas och namnändras
138405,Släp,138415,Kullavik,2015-01-01,12,Ger del till nybildad
138411,Förlanda,138412,Fjärås-Förlanda,2013-01-01,10,Upphör; till befintlig
138412,Fjärås,138412,Fjärås-Förlanda,2013-01-01,16,Utvidgas och namnändras
138413,Hanhals,138401,Kungsbacka-Hanhals,2013-01-01,10,Upphör; till befintlig
140201,Partille kbfd,140201,Partille,1992-01-01,16,Utvidgas och namnändras
140201,Partille,140204,Furulund,2015-01-01,12,Ger del till nybildad
140202,Jonsereds kbfd,140201,Partille,1992-01-01,10,Upphör; till befintlig
140203,Sävedalens kbfd,140203,Sävedalen,1971-01-01,40,Namnändrad (ej kodändrad)
140301,Råda,140103,Råda,1971-01-01,21,Kodändrad; ny kommuntillhörighet
140401,Kållered,148102,Kållered,1971-01-01,21,Kodändrad; ny kommuntillhörighet
140501,Askim,148036,Askim,1974-01-01,21,Kodändrad; ny kommuntillhörighet
140601,Styrsö,148037,Styrsö,1974-01-01,21,Kodändrad; ny kommuntillhörighet
141101,Harestad,148204,Harestad,1971-01-01,21,Kodändrad; ny kommuntillhörighet
141102,Torsby,148205,Torsby,1971-01-01,21,Kodändrad; ny kommuntillhörighet
141103,Lycke,148206,Lycke,1971-01-01,21,Kodändrad; ny kommuntillhörighet
141201,Ytterby,148207,Ytterby,1971-01-01,21,Kodändrad; ny kommuntillhörighet
141301,Romelanda,148208,Romelanda,1971-01-01,21,Kodändrad; ny kommuntillhörighet
141302,Kareby,148209,Kareby,1971-01-01,21,Kodändrad; ny kommuntillhörighet
141401,Hålta,148210,Hålta,1971-01-01,21,Kodändrad; ny kommuntillhörighet
141402,Solberga,148211,Solberga,1971-01-01,21,Kodändrad; ny kommuntillhörighet
141403,Jörlanda,141505,Jörlanda,1971-01-01,21,Kodändrad; ny kommuntillhörighet
141501,Spekeröd,141504,Spekeröd-Ucklum,2011-01-01,10,Upphör; till befintlig
141504,Ucklum,141504,Spekeröd-Ucklum,2011-01-01,16,Utvidgas och namnändras
141601,Västerlanda,156206,Västerlanda,1971-01-01,22,Kodändrad; både ny läns- och kommuntillhörighet
141602,Hjärtum,156207,Hjärtum,1971-01-01,22,Kodändrad; både ny läns- och kommuntillhörighet
141701,Grinneröd,148502,Grinneröd,1971-01-01,21,Kodändrad; ny kommuntillhörighet
141702,Ljung,148503,Ljung,1971-01-01,21,Kodändrad; ny kommuntillhörighet
141703,Resteröd,148504,Resteröd,1971-01-01,21,Kodändrad; ny kommuntillhörighet
141801,Forshälla,148505,Forshälla,1971-01-01,21,Kodändrad; ny kommuntillhörighet
141903,Rönnäng,141903,Rönnäng,2010-01-01,15,Utvidgas
141904,Klädesholmen,141903,Rönnäng,2010-01-01,10,Upphör; till befintlig
142001,Mollösund,142107,Mollösund,1971-01-01,21,Kodändrad; ny kommuntillhörighet
142002,Käringön,142108,Käringön,1971-01-01,21,Kodändrad; ny kommuntillhörighet
142003,Gullholmen,142109,Gullholmen,1971-01-01,21,Kodändrad; ny kommuntillhörighet
142004,Morlanda,142110,Morlanda,1971-01-01,21,Kodändrad; ny kommuntillhörighet
142107,Mollösund,142110,Morlanda,2006-01-01,10,Upphör; till befintlig
142108,Käringön,142110,Morlanda,2006-01-01,10,Upphör; till befintlig
142109,Gullholmen,142110,Morlanda,2006-01-01,10,Upphör; till befintlig
142110,Morlanda,142110,Morlanda,2006-01-01,15,Utvidgas
142301,Skaftö,148403,Skaftö,1971-01-01,21,Kodändrad; ny kommuntillhörighet
142302,Dragsmark,148506,Dragsmark,1971-01-01,21,Kodändrad; ny kommuntillhörighet
142303,Bokenäs,148507,Bokenäs,1971-01-01,21,Kodändrad; ny kommuntillhörighet
142401,Högås,148508,Högås,1971-01-01,21,Kodändrad; ny kommuntillhörighet
142402,Skredsvik,148509,Skredsvik,1971-01-01,21,Kodändrad; ny kommuntillhörighet
142403,Herrestad,148510,Herrestad,1971-01-01,21,Kodändrad; ny kommuntillhörighet
142501,Lane-Ryr,148511,Lane-Ryr,1971-01-01,21,Kodändrad; ny kommuntillhörighet
142601,Smögen,142704,Smögen,1974-01-01,21,Kodändrad; ny kommuntillhörighet
142701,Kungshamn,142701,Södra Sotenäs,2010-01-01,16,Utvidgas och namnändras
142702,Malmön,142701,Södra Sotenäs,2010-01-01,10,Upphör; till befintlig
142703,Askum,142701,Södra Sotenäs,2010-01-01,10,Upphör; till befintlig
142704,Smögen,142701,Södra Sotenäs,2010-01-01,10,Upphör; till befintlig
142705,Hunnebostrand,142706,Tossene,1992-01-01,10,Upphör; till befintlig
142706,Tossene,142706,Tossene,1992-01-01,15,Utvidgas
142706,Tossene,142705,Hunnebostrand,1995-01-01,12,Ger del till nybildad
142801,Hunnebostrand,142705,Hunnebostrand,1974-01-01,21,Kodändrad; ny kommuntillhörighet
142802,Tossene,142706,Tossene,1974-01-01,21,Kodändrad; ny kommuntillhörighet
142901,Bro,148404,Bro,1971-01-01,21,Kodändrad; ny kommuntillhörighet
142902,Brastad,148405,Brastad,1971-01-01,21,Kodändrad; ny kommuntillhörighet
143001,Foss,143001,Foss,2006-01-01,15,Utvidgas
143002,Håby,143001,Foss,2006-01-01,10,Upphör; till befintlig
143003,Valbo-Ryr,143001,Foss,2006-01-01,10,Upphör; till befintlig
143004,Bärfendal,143005,Svarteborg-Bärfendal,2010-01-01,10,Upphör; till befintlig
143005,Svarteborg,143005,Svarteborg-Bärfendal,2010-01-01,16,Utvidgas och namnändras
143006,Hede,143008,Sörbygden,2006-01-01,10,Upphör; till befintlig
143007,Sanne,143008,Sörbygden,2006-01-01,10,Upphör; till befintlig
143008,Krokstad,143008,Sörbygden,2006-01-01,16,Utvidgas och namnändras
143101,Bärfendal,143004,Bärfendal,1974-01-01,21,Kodändrad; ny kommuntillhörighet
143102,Svarteborg,143005,Svarteborg,1974-01-01,21,Kodändrad; ny kommuntillhörighet
143201,Hede,143006,Hede,1974-01-01,21,Kodändrad; ny kommuntillhörighet
143202,Sanne,143007,Sanne,1974-01-01,21,Kodändrad; ny kommuntillhörighet
143203,Krokstad,143008,Krokstad,1974-01-01,21,Kodändrad; ny kommuntillhörighet
143301,Naverstad,143504,Naverstad,1971-01-01,21,Kodändrad; ny kommuntillhörighet
143302,Mo,143505,Mo,1971-01-01,21,Kodändrad; ny kommuntillhörighet
143401,Kville kbfd,143506,Kville kbfd,1971-01-01,21,Kodändrad; ny kommuntillhörighet
143402,Fjällbacka kbfd,143507,Fjällbacka kbfd,1971-01-01,21,Kodändrad; ny kommuntillhörighet
143403,Bottna,143508,Bottna,1971-01-01,21,Kodändrad; ny kommuntillhörighet
143404,Svenneby,143509,Svenneby,1971-01-01,21,Kodändrad; ny kommuntillhörighet
143501,Grebbestads kyrkoområde,143502,Tanum,1992-01-01,10,Upphör; till befintlig
143502,Tanums kyrkoområde,143502,Tanum,1992-01-01,16,Utvidgas och namnändras
143504,Naverstad,143504,Naverstad-Mo,2002-01-01,16,Utvidgas och namnändras
143505,Mo,143504,Naverstad-Mo,2002-01-01,10,Upphör; till befintlig
143506,Kville kbfd,143506,Kville,1992-01-01,16,Utvidgas och namnändras
143506,Kville,143507,Fjällbacka,1995-01-01,12,Ger del till nybildad
143507,Fjällbacka kbfd,143506,Kville,1992-01-01,10,Upphör; till befintlig
143801,Håbol,143803,Dals-Ed,2010-01-01,10,Upphör; till befintlig
143802,Nössemark,143803,Dals-Ed,2010-01-01,10,Upphör; till befintlig
143803,Dals-Ed,143803,Dals-Ed,2010-01-01,15,Utvidgas
143804,Töftedal,143803,Dals-Ed,2010-01-01,10,Upphör; till befintlig
143805,Gesäter,143803,Dals-Ed,2010-01-01,10,Upphör; till befintlig
143806,Rölanda,143803,Dals-Ed,2010-01-01,10,Upphör; till befintlig
143901,Färgelanda,143901,Färgelanda,2010-01-01,15,Utvidgas
143902,Ödeborg,143901,Färgelanda,2010-01-01,10,Upphör; till befintlig
143903,Torp,143901,Färgelanda,2010-01-01,10,Upphör; till befintlig
143904,Järbo,143904,Järbo-Råggärd,2010-01-01,16,Utvidgas och namnändras
143905,Råggärd,143904,Järbo-Råggärd,2010-01-01,10,Upphör; till befintlig
143906,Lerdal,143907,Rännelanda-Lerdal,2010-01-01,10,Upphör; till befintlig
143907,Rännelanda,143907,Rännelanda-Lerdal,2010-01-01,16,Utvidgas och namnändras
144002,Hålanda,144003,Skepplanda-Hålanda,2010-01-01,10,Upphör; till befintlig
144003,Skepplanda,144003,Skepplanda-Hålanda,2010-01-01,16,Utvidgas och namnändras
144004,Kilanda,144005,Starrkärr-Kilanda,2008-01-01,10,Upphör; till befintlig
144005,Starrkärr,144005,Starrkärr-Kilanda,2008-01-01,16,Utvidgas och namnändras
144201,Lena-Bergstena,144201,Lena,2002-01-01,16,Utvidgas och namnändras
144203,Fullestad,144201,Lena,2002-01-01,10,Upphör; till befintlig
144204,Siene,144206,Hol,2002-01-01,10,Upphör; till befintlig
144205,Horla,144206,Hol,2002-01-01,10,Upphör; till befintlig
144206,Hol,144206,Hol,2002-01-01,15,Utvidgas
144207,Skogsbygden,144208,Nårunga,2006-01-01,10,Upphör; till befintlig
144208,Nårunga,144208,Nårunga,2006-01-01,15,Utvidgas
144209,Ljur,144208,Nårunga,2006-01-01,10,Upphör; till befintlig
144210,Ornunga,144210,Asklanda,2006-01-01,16,Utvidgas och namnändras
144211,Asklanda,144210,Asklanda,2006-01-01,10,Upphör; till befintlig
144212,Kvinnestad,144210,Asklanda,2006-01-01,10,Upphör; till befintlig
144213,Algutstorp,144214,Algutstorp,2002-01-01,10,Upphör; till befintlig
144214,Kullings-Skövde,144214,Algutstorp,2002-01-01,16,Utvidgas och namnändras
144215,Södra Härene,144214,Algutstorp,2002-01-01,10,Upphör; till befintlig
144217,Landa,144214,Algutstorp,2002-01-01,10,Upphör; till befintlig
144401,Täng,144403,Särestad,2002-01-01,10,Upphör; till befintlig
144402,Håle,144403,Särestad,2002-01-01,10,Upphör; till befintlig
144403,Särestad,144403,Särestad,2002-01-01,15,Utvidgas
144404,Flakeberg,144403,Särestad,2002-01-01,10,Upphör; till befintlig
144405,Bjärby,144403,Särestad,2002-01-01,10,Upphör; till befintlig
144406,Ås,144408,Flo,2002-01-01,10,Upphör; till befintlig
144407,Sal,144408,Flo,2002-01-01,10,Upphör; till befintlig
144408,Flo,144408,Flo,2002-01-01,15,Utvidgas
144411,Längnum,144412,"Fridhem, del",2002-01-01,10,Upphör; till befintlig
144412,Hyringa,144412,"Fridhem, del",2002-01-01,16,Utvidgas och namnändras
144501,Malma,144501,"Fridhem, del",2002-01-01,40,Namnändrad (ej kodändrad)
144502,Främmestad,144502,Främmestad-Bäreberg,2002-01-01,16,Utvidgas och namnändras
144503,Bäreberg,144502,Främmestad-Bäreberg,2002-01-01,10,Upphör; till befintlig
144504,Essunga,144504,Essunga,2002-01-01,15,Utvidgas
144505,Kyrkås,144504,Essunga,2002-01-01,10,Upphör; till befintlig
144506,Fåglum,144504,Essunga,2002-01-01,10,Upphör; till befintlig
144507,Barne-Åsaka,144507,Lekåsa-Barne Åsaka,2002-01-01,16,Utvidgas och namnändras
144508,Lekåsa,144507,Lekåsa-Barne Åsaka,2002-01-01,10,Upphör; till befintlig
144701,Amnehärad,144701,Amnehärad,2006-01-01,15,Utvidgas
144702,Hova,144702,"Hova-Älgarås, del",2006-01-01,16,Utvidgas och namnändras
144703,Södra Råda,144701,Amnehärad,2006-01-01,10,Upphör; till befintlig
145201,Tranemo,145201,Tranemo,2014-01-01,15,Utvidgas
145202,Ambjörnarp,145201,Tranemo,2014-01-01,10,Upphör; till befintlig
145203,Sjötofta,145201,Tranemo,2014-01-01,10,Upphör; till befintlig
145204,Mossebo,145201,Tranemo,2014-01-01,10,Upphör; till befintlig
145205,Södra Åsarp,145206,"Länghem, del",2014-01-01,10,Upphör; till befintlig
145206,Länghem,145206,"Länghem, del",2014-01-01,16,Utvidgas och namnändras
145207,Månstad,145206,"Länghem, del",2014-01-01,10,Upphör; till befintlig
145208,Nittorp,145208,Dalstorp,2010-01-01,16,Utvidgas och namnändras
145209,Ljungsarp,145208,Dalstorp,2010-01-01,10,Upphör; till befintlig
145210,Ölsremma,145208,Dalstorp,2010-01-01,10,Upphör; till befintlig
145211,Dalstorp,145208,Dalstorp,2010-01-01,10,Upphör; till befintlig
145212,Hulared,145208,Dalstorp,2010-01-01,10,Upphör; till befintlig
146003,Laxarby,146003,Laxarby-Vårvik,2012-01-01,16,Utvidgas och namnändras
146004,Vårvik,146003,Laxarby-Vårvik,2012-01-01,10,Upphör; till befintlig
146006,Steneby,146006,Steneby-Tisselskog,2010-01-01,16,Utvidgas och namnändras
146007,Tisselskog,146006,Steneby-Tisselskog,2010-01-01,10,Upphör; till befintlig
146008,Ödskölt,146009,Bäcke-Ödskölt,2010-01-01,10,Upphör; till befintlig
146009,Bäcke,146009,Bäcke-Ödskölt,2010-01-01,16,Utvidgas och namnändras
146101,Holm,146101,Holm,2010-01-01,15,Utvidgas
146102,Järn,146101,Holm,2010-01-01,10,Upphör; till befintlig
146103,Grinstad,146103,Bolstad,2010-01-01,16,Utvidgas och namnändras
146104,Erikstad,146103,Bolstad,2010-01-01,10,Upphör; till befintlig
146105,Bolstad,146103,Bolstad,2010-01-01,10,Upphör; till befintlig
146106,Ör,146107,Ör,2010-01-01,10,Upphör; till befintlig
146107,Gunnarsnäs,146107,Ör,2010-01-01,16,Utvidgas och namnändras
146108,Dalskog,146107,Ör,2010-01-01,10,Upphör; till befintlig
146201,Fuxerna,146201,Fuxerna-Åsbräcka,2002-01-01,16,Utvidgas och namnändras
146202,Åsbräcka,146201,Fuxerna-Åsbräcka,2002-01-01,10,Upphör; till befintlig
146203,Tunge,146204,Lödöse,2010-01-01,10,Upphör; till befintlig
146204,S:t Peder,146204,Lödöse,2010-01-01,16,Utvidgas och namnändras
146205,Ale-Skövde,146204,Lödöse,2010-01-01,10,Upphör; till befintlig
146306,Skephult,146307,Fritsla-Skephult,2010-01-01,10,Upphör; till befintlig
146307,Fritsla,146307,Fritsla-Skephult,2010-01-01,16,Utvidgas och namnändras
146308,Hajom,146312,Västra Mark,2011-01-01,10,Upphör; till befintlig
146309,Berghem,146312,Västra Mark,2011-01-01,10,Upphör; till befintlig
146310,Fotskäl,146312,Västra Mark,2011-01-01,10,Upphör; till befintlig
146311,Tostared,146312,Västra Mark,2011-01-01,10,Upphör; till befintlig
146312,Surteby-Kattunga,146312,Västra Mark,2011-01-01,16,Utvidgas och namnändras
146501,Svenljunga-Ullasjö,146501,Svenljungabygden,2006-01-01,16,Utvidgas och namnändras
146502,Holsljunga,146503,Mjöbäck-Holsljunga,2014-01-01,10,Upphör; till befintlig
146503,Mjöbäck,146503,Mjöbäck-Holsljunga,2014-01-01,16,Utvidgas och namnändras
146504,Mårdaklev,146506,Kindaholm,2006-01-01,10,Upphör; till befintlig
146505,Kalv,146506,Kindaholm,2006-01-01,10,Upphör; till befintlig
146506,Östra Frölunda,146506,Kindaholm,2006-01-01,16,Utvidgas och namnändras
146507,Håcksvik,146506,Kindaholm,2006-01-01,10,Upphör; till befintlig
146508,Örsås,146501,Svenljungabygden,2006-01-01,10,Upphör; till befintlig
146509,Revesjö,146501,Svenljungabygden,2006-01-01,10,Upphör; till befintlig
146510,Redslared,146501,Svenljungabygden,2006-01-01,10,Upphör; till befintlig
146512,Sexdrega,146512,"Sexdrega, del",2006-01-01,16,Utvidgas och namnändras
146513,Roasjö,146512,"Sexdrega, del",2006-01-01,10,Upphör; till befintlig
146514,Hillared,146512,"Sexdrega, del",2006-01-01,10,Upphör; till befintlig
146601,Bråttensby,146602,Herrljunga landsbygdsförs.,2010-01-01,10,Upphör; till befintlig
146602,Eggvena,146602,Herrljunga landsbygdsförs.,2010-01-01,16,Utvidgas och namnändras
146603,Fölene,146602,Herrljunga landsbygdsförs.,2010-01-01,10,Upphör; till befintlig
146604,Remmene,146602,Herrljunga landsbygdsförs.,2010-01-01,10,Upphör; till befintlig
146607,Hudene,146607,Hudene,2010-01-01,15,Utvidgas
146608,Källunga,146607,Hudene,2010-01-01,10,Upphör; till befintlig
146609,Mjäldrunga,146617,Östra Gäsene,2010-01-01,10,Upphör; till befintlig
146610,Eriksberg,146617,Östra Gäsene,2010-01-01,10,Upphör; till befintlig
146611,Skölvene,146607,Hudene,2010-01-01,10,Upphör; till befintlig
146612,Södra Björke,146607,Hudene,2010-01-01,10,Upphör; till befintlig
146613,Jällby,146607,Hudene,2010-01-01,10,Upphör; till befintlig
146614,Grude,146618,Hov,2010-01-01,10,Upphör; till befintlig
146615,Vesene,146618,Hov,2010-01-01,10,Upphör; till befintlig
146616,Molla,146618,Hov,2010-01-01,10,Upphör; till befintlig
146617,Od,146617,Östra Gäsene,2010-01-01,16,Utvidgas och namnändras
146618,Hov,146618,Hov,2010-01-01,15,Utvidgas
146620,Alboga,146617,Östra Gäsene,2010-01-01,10,Upphör; till befintlig
146621,Broddarp,146617,Östra Gäsene,2010-01-01,10,Upphör; till befintlig
146622,Öra,146617,Östra Gäsene,2010-01-01,10,Upphör; till befintlig
147001,Vara,147001,Vara,2002-01-01,15,Utvidgas
147001,Vara,147001,Varabygden,2018-01-01,16,Utvidgas och namnändras
147002,Sparlösa,147004,Levene,2002-01-01,10,Upphör; till befintlig
147003,Slädene,147004,Levene,2002-01-01,10,Upphör; till befintlig
147004,Levene,147004,Levene,2002-01-01,15,Utvidgas
147004,Levene,147001,Varabygden,2018-01-01,10,Upphör; till befintlig
147005,Long,147004,Levene,2002-01-01,10,Upphör; till befintlig
147006,Hällum,147001,Vara,2002-01-01,10,Upphör; till befintlig
147007,Skarstad,147001,Vara,2002-01-01,10,Upphör; till befintlig
147008,Önum,147001,Vara,2002-01-01,10,Upphör; till befintlig
147009,Naum,147010,Ryda,2002-01-01,10,Upphör; till befintlig
147010,Södra Kedum,147010,Ryda,2002-01-01,16,Utvidgas och namnändras
147010,Ryda,147001,Varabygden,2018-01-01,10,Upphör; till befintlig
147011,Ryda,147010,Ryda,2002-01-01,10,Upphör; till befintlig
147012,Eling,147014,Vedum,2002-01-01,10,Upphör; till befintlig
147013,Bitterna,147014,Vedum,2002-01-01,10,Upphör; till befintlig
147014,Laske-Vedum,147014,Vedum,2002-01-01,16,Utvidgas och namnändras
147014,Vedum,147001,Varabygden,2018-01-01,10,Upphör; till befintlig
147015,Södra Lundby,147014,Vedum,2002-01-01,10,Upphör; till befintlig
147024,Larv,147024,Larv,2002-01-01,15,Utvidgas
147024,Larv,147001,Varabygden,2018-01-01,10,Upphör; till befintlig
147025,Längjum,147024,Larv,2002-01-01,10,Upphör; till befintlig
147026,Tråvad,147024,Larv,2002-01-01,10,Upphör; till befintlig
147027,Jung,147029,Kvänum,2002-01-01,10,Upphör; till befintlig
147028,Fyrunga,147029,Kvänum,2002-01-01,10,Upphör; till befintlig
147029,Kvänum,147029,Kvänum,2002-01-01,15,Utvidgas
147029,Kvänum,147001,Varabygden,2018-01-01,10,Upphör; till befintlig
147030,Öttum,147029,Kvänum,2002-01-01,10,Upphör; till befintlig
147031,Norra Vånga,147029,Kvänum,2002-01-01,10,Upphör; till befintlig
147032,Edsvära,147029,Kvänum,2002-01-01,10,Upphör; till befintlig
147101,Kleva-Sil,147101,Husaby,2017-01-01,16,Utvidgas och namnändras
147102,Götene,147102,Götene,2002-01-01,15,Utvidgas
147103,Kinne-Vedum,147102,Götene,2002-01-01,10,Upphör; till befintlig
147104,Holmestad,147102,Götene,2002-01-01,10,Upphör; till befintlig
147105,Vättlösa,147102,Götene,2002-01-01,10,Upphör; till befintlig
147106,Skeby,147112,Källby,2002-01-01,10,Upphör; till befintlig
147107,Hangelösa,147112,Källby,2002-01-01,10,Upphör; till befintlig
147108,Ova,147113,Husaby,2010-01-01,10,Upphör; till befintlig
147109,Ledsjö,147101,Husaby,2017-01-01,10,Upphör; till befintlig
147110,Skälvum,147113,Husaby,2010-01-01,10,Upphör; till befintlig
147111,Broby,147112,Källby,2002-01-01,10,Upphör; till befintlig
147112,Källby,147112,Källby,2002-01-01,15,Utvidgas
147113,Husaby,147101,Husaby,2017-01-01,10,Upphör; till befintlig
147113,Husaby,147113,Husaby,2010-01-01,15,Utvidgas
147115,Kestad,147118,Kinnekulle,2002-01-01,10,Upphör; till befintlig
147116,Fullösa,147118,Kinnekulle,2002-01-01,10,Upphör; till befintlig
147117,Forshem,147118,Kinnekulle,2002-01-01,10,Upphör; till befintlig
147118,Österplana,147118,Kinnekulle,2002-01-01,16,Utvidgas och namnändras
147119,Medelplana,147118,Kinnekulle,2002-01-01,10,Upphör; till befintlig
147120,Västerplana,147118,Kinnekulle,2002-01-01,10,Upphör; till befintlig
147301,Töreboda,147301,Töreboda,2002-01-01,15,Utvidgas
147302,Fredsberg,147302,Fredsberg-Bäck,2010-01-01,16,Utvidgas och namnändras
147303,Bäck,147302,Fredsberg-Bäck,2010-01-01,10,Upphör; till befintlig
147304,Sveneby,147307,Fägre,2002-01-01,10,Upphör; till befintlig
147305,Hjälstad,147307,Fägre,2002-01-01,10,Upphör; till befintlig
147306,Trästena,147307,Fägre,2002-01-01,10,Upphör; till befintlig
147307,Fägre,147307,Fägre,2002-01-01,15,Utvidgas
147308,Mo,147307,Fägre,2002-01-01,10,Upphör; till befintlig
147309,Bällefors,147307,Fägre,2002-01-01,10,Upphör; till befintlig
147310,Ekeskog,147307,Fägre,2002-01-01,10,Upphör; till befintlig
147311,Beateberg,147307,Fägre,2002-01-01,10,Upphör; till befintlig
147312,Halna,147301,Töreboda,2002-01-01,10,Upphör; till befintlig
147313,Älgarås,147313,"Hova-Älgarås, del",2006-01-01,16,Utvidgas och namnändras
148001,Göteborgs Gustavi,148001,Domkyrkoförs. i Göteborg,1974-01-01,16,Utvidgas och namnändras
148002,Göteborgs Kristine,148001,Domkyrkoförs. i Göteborg,1974-01-01,10,Upphör; till befintlig
148004,Nylöse kbfd,148004,Nylöse,1971-01-01,40,Namnändrad (ej kodändrad)
148006,Härlanda,148038,Björkekärr,1992-01-01,12,Ger del till nybildad
148011,Göteborgs Oskar Fredrik,148011,Göteborgs Oscar Fredrik,2002-10-28,40,Namnändrad (ej kodändrad)
148013,Göteborgs Karl Johan,148013,Göteborgs Carl Johan,2003-06-04,40,Namnändrad (ej kodändrad)
148017,Lundby,148017,Lundby,2010-01-01,15,Utvidgas
148017,Lundby,148028,Torslanda-Björlanda,2010-01-01,14,Ger del/delar till befintlig
148018,Biskopsgården,148028,Torslanda-Björlanda,2010-01-01,10,Upphör; till befintlig
148018,Biskopsgården,148017,Lundby,2010-01-01,10,Upphör; till befintlig
148019,Brämaregården,148017,Lundby,2010-01-01,10,Upphör; till befintlig
148020,Backa,148020,Backa,2010-01-01,15,Utvidgas
148020,Backa,148039,Brunnsbo,1995-01-01,13,Ger delar till nybildade
148020,Backa,148040,Bäckebol,1995-01-01,13,Ger delar till nybildade
148024,Tynnered,148041,Näset,1995-01-01,12,Ger del till nybildad
148025,Göteborgs tyska,148025,Tyska Kristine,2000-01-01,40,Namnändrad (ej kodändrad)
148025,Tyska Kristine,148025,Tyska Christinae,2006-01-01,40,Namnändrad (ej kodändrad)
148026,Angered,148034,Gunnared,1971-01-01,12,Ger del till nybildad
148026,Angered,148034,Angered,2014-01-01,10,Upphör; till befintlig
148027,Bergum,148034,Angered,2014-01-01,10,Upphör; till befintlig
148028,Torslanda,148028,Torslanda-Björlanda,2010-01-01,16,Utvidgas och namnändras
148029,Björlanda,148028,Torslanda-Björlanda,2010-01-01,10,Upphör; till befintlig
148029,Björlanda,148031,Tuve-Säve,2010-01-01,10,Upphör; till befintlig
148029,Björlanda,148017,Lundby,2010-01-01,10,Upphör; till befintlig
148030,Tuve,148017,Lundby,2010-01-01,10,Upphör; till befintlig
148030,Tuve,148031,Tuve-Säve,2010-01-01,10,Upphör; till befintlig
148031,Säve,148031,Tuve-Säve,2010-01-01,16,Utvidgas och namnändras
148031,Säve,148020,Backa,2010-01-01,14,Ger del/delar till befintlig
148032,Bergsjöns kbfd,148032,Bergsjön,1971-01-01,40,Namnändrad (ej kodändrad)
148034,Gunnared,148034,Angered,2014-01-01,16,Utvidgas och namnändras
148035,Rödbo,148031,Tuve-Säve,2010-01-01,10,Upphör; till befintlig
148039,Brunnsbo,148020,Backa,2010-01-01,10,Upphör; till befintlig
148040,Bäckebol,148020,Backa,2010-01-01,10,Upphör; till befintlig
148101,Mölndal,148101,Fässberg,1977-01-01,40,Namnändrad (ej kodändrad)
148101,Mölndal,148104,Stensjön,1977-01-01,12,Ger del till nybildad
148201,Kungälv,148201,Kungälv-Ytterby,2015-01-01,16,Utvidgas och namnändras
148202,Rödbo,148035,Rödbo,1974-01-01,21,Kodändrad; ny kommuntillhörighet
148207,Ytterby,148201,Kungälv-Ytterby,2015-01-01,10,Upphör; till befintlig
148301,Marstrand,148203,Marstrand,1971-01-01,21,Kodändrad; ny kommuntillhörighet
148501,Uddevalla,148512,Bäve,1974-01-01,12,Ger del till nybildad
148502,Grinneröd,148503,Ljungskile,2011-01-01,10,Upphör; till befintlig
148503,Ljung,148503,Ljungskile,2011-01-01,16,Utvidgas och namnändras
148504,Resteröd,148503,Ljungskile,2011-01-01,10,Upphör; till befintlig
148505,Forshälla,148503,Ljungskile,2011-01-01,10,Upphör; till befintlig
148506,Dragsmark,148509,Bokenäset,2010-01-01,10,Upphör; till befintlig
148507,Bokenäs,148509,Bokenäset,2010-01-01,10,Upphör; till befintlig
148508,Högås,148509,Bokenäset,2010-01-01,10,Upphör; till befintlig
148509,Skredsvik,148509,Bokenäset,2010-01-01,16,Utvidgas och namnändras
148512,Bäve,148513,Dalaberg,2015-01-01,12,Ger del till nybildad
148602,Skee,148602,Skee-Tjärnö,2006-01-01,16,Utvidgas och namnändras
148604,Näsinge,148606,Idefjorden,2002-01-01,10,Upphör; till befintlig
148605,Lommeland,148606,Idefjorden,2002-01-01,10,Upphör; till befintlig
148606,Hogdal,148606,Idefjorden,2002-01-01,16,Utvidgas och namnändras
148607,Tjärnö,148602,Skee-Tjärnö,2006-01-01,10,Upphör; till befintlig
148701,Vänersborg,148701,Vänersborg och Väne-Ryr,2010-01-01,16,Utvidgas och namnändras
148702,Väne-Ryr,148701,Vänersborg och Väne-Ryr,2010-01-01,10,Upphör; till befintlig
148802,Norra Björke,148803,Åsaka-Björke,2002-01-01,10,Upphör; till befintlig
148803,Väne-Åsaka,148803,Åsaka-Björke,2002-01-01,16,Utvidgas och namnändras
148806,Rommele,148807,Fors-Rommele,2008-01-01,10,Upphör; till befintlig
148807,Fors,148807,Fors-Rommele,2008-01-01,16,Utvidgas och namnändras
148808,Lagmansered,148808,"Bjärke, del",2006-01-01,16,Utvidgas och namnändras
148905,Stora Mellby,148908,"Bjärke, del",2006-01-01,10,Upphör; till befintlig
148906,Magra,148908,"Bjärke, del",2006-01-01,10,Upphör; till befintlig
148907,Långared,148908,"Bjärke, del",2006-01-01,10,Upphör; till befintlig
148908,Erska,148908,"Bjärke, del",2006-01-01,16,Utvidgas och namnändras
149004,Rångedala,149006,Toarp,2014-01-01,10,Upphör; till befintlig
149005,Äspered,149006,Toarp,2014-01-01,10,Upphör; till befintlig
149006,Toarp,149006,Toarp,2014-01-01,15,Utvidgas
149007,Dannike,149007,"Länghem, del",2014-01-01,40,Namnändrad (ej kodändrad)
149008,Ljushult,149008,"Sexdrega, del",2006-01-01,16,Utvidgas och namnändras
149010,Tärby,149011,Fristad,2010-01-01,10,Upphör; till befintlig
149011,Fristad-Gingri,149011,Fristad,2010-01-01,16,Utvidgas och namnändras
149012,Borgstena,149011,Fristad,2010-01-01,10,Upphör; till befintlig
149013,Tämta,149011,Fristad,2010-01-01,10,Upphör; till befintlig
149014,Vänga,149011,Fristad,2010-01-01,10,Upphör; till befintlig
149015,Bredared,149016,Sandhult-Bredared,2018-01-01,10,Upphör; till befintlig
149016,Sandhult,149016,Sandhult-Bredared,2018-01-01,16,Utvidgas och namnändras
149102,Kärråkra,149105,Hällstad,2006-01-01,10,Upphör; till befintlig
149104,Möne,149105,Hällstad,2006-01-01,10,Upphör; till befintlig
149105,Hällstad,149105,Hällstad,2006-01-01,15,Utvidgas
149106,Murum,149105,Hällstad,2006-01-01,10,Upphör; till befintlig
149108,Fänneslunda,149110,Södra Ving,2006-01-01,10,Upphör; till befintlig
149109,Härna,149110,Södra Ving,2006-01-01,10,Upphör; till befintlig
149110,Södra Ving,149110,Södra Ving,2006-01-01,15,Utvidgas
149111,Varnum,149110,Södra Ving,2006-01-01,10,Upphör; till befintlig
149112,Södra Säm,149116,Gällstad och Södra Säm,2002-01-01,10,Upphör; till befintlig
149113,Finnekumla,149116,Åsunden,2006-01-01,10,Upphör; till befintlig
149114,Tvärred,149116,Åsunden,2006-01-01,10,Upphör; till befintlig
149115,Marbäck,149116,Åsunden,2006-01-01,10,Upphör; till befintlig
149116,Gällstad och Södra Säm,149116,Åsunden,2006-01-01,16,Utvidgas och namnändras
149116,Gällstad,149116,Gällstad och Södra Säm,2002-01-01,16,Utvidgas och namnändras
149117,Grönahög,149116,Åsunden,2006-01-01,10,Upphör; till befintlig
149118,Strängsered,149120,Hössna,2006-01-01,10,Upphör; till befintlig
149119,Gullered,149120,Hössna,2006-01-01,10,Upphör; till befintlig
149120,Hössna,149120,Hössna,2006-01-01,15,Utvidgas
149121,Liared,149128,Redväg,2006-01-01,10,Upphör; till befintlig
149122,Kölingared,149128,Redväg,2006-01-01,10,Upphör; till befintlig
149123,Knätte,149128,Redväg,2006-01-01,10,Upphör; till befintlig
149124,Böne,149128,Redväg,2006-01-01,10,Upphör; till befintlig
149125,Kölaby,149128,Redväg,2006-01-01,10,Upphör; till befintlig
149126,Humla,149128,Redväg,2006-01-01,10,Upphör; till befintlig
149127,Blidsberg,149128,Redväg,2006-01-01,10,Upphör; till befintlig
149128,Dalum,149128,Redväg,2006-01-01,16,Utvidgas och namnändras
149201,Åmål,149201,Åmål,2010-01-01,15,Utvidgas
149203,Mo,149201,Åmål,2010-01-01,10,Upphör; till befintlig
149204,Tösse med Tydje,149201,Åmål,2010-01-01,10,Upphör; till befintlig
149205,Ånimskog,149201,Åmål,2010-01-01,10,Upphör; till befintlig
149206,Fröskog-Edsleskog,149201,Åmål,2010-01-01,10,Upphör; till befintlig
149206,Fröskog,149206,Fröskog-Edsleskog,2006-01-01,16,Utvidgas och namnändras
149207,Edsleskog,149206,Fröskog-Edsleskog,2006-01-01,10,Upphör; till befintlig
149301,Mariestad,149301,Mariestad,2006-01-01,15,Utvidgas
149302,Leksberg,149301,Mariestad,2006-01-01,10,Upphör; till befintlig
149303,Ullervad,149303,Ullervad,2009-01-01,15,Utvidgas
149304,Utby,149303,Ullervad,2009-01-01,10,Upphör; till befintlig
149305,Ekby,149303,Ullervad,2009-01-01,10,Upphör; till befintlig
149306,Tidavad,149303,Ullervad,2009-01-01,10,Upphör; till befintlig
149307,Odensåker,149303,Ullervad,2009-01-01,10,Upphör; till befintlig
149308,Låstad,149303,Ullervad,2009-01-01,10,Upphör; till befintlig
149309,Ek,149303,Ullervad,2009-01-01,10,Upphör; till befintlig
149310,Lugnås,149312,Lugnås,2006-01-01,10,Upphör; till befintlig
149311,Bredsäter,149312,Lugnås,2006-01-01,10,Upphör; till befintlig
149312,Björsäter,149312,Lugnås,2006-01-01,16,Utvidgas och namnändras
149313,Torsö,149301,Mariestad,2006-01-01,10,Upphör; till befintlig
149314,Enåsa,149318,Lyrestad,2004-01-01,10,Upphör; till befintlig
149315,Hassle,149318,Lyrestad,2004-01-01,10,Upphör; till befintlig
149316,Berga,149318,Lyrestad,2004-01-01,10,Upphör; till befintlig
149317,Färed,149318,Lyrestad,2004-01-01,10,Upphör; till befintlig
149318,Lyrestad,149318,Lyrestad,2004-01-01,15,Utvidgas
149402,Uvered,149403,Järpås,2002-01-01,10,Upphör; till befintlig
149403,Järpås,149403,Järpås,2002-01-01,15,Utvidgas
149404,Häggesled,149403,Järpås,2002-01-01,10,Upphör; till befintlig
149405,Råda,149405,Kållands-Råda,2006-01-01,16,Utvidgas och namnändras
149406,Mellby,149405,Kållands-Råda,2006-01-01,10,Upphör; till befintlig
149407,Kållands-Åsaka,149405,Kållands-Råda,2006-01-01,10,Upphör; till befintlig
149408,Skalunda,149413,Sunnersberg,2002-01-01,10,Upphör; till befintlig
149409,Rackeby,149413,Sunnersberg,2002-01-01,10,Upphör; till befintlig
149410,Strö,149413,Sunnersberg,2002-01-01,10,Upphör; till befintlig
149411,Otterstad,149413,Sunnersberg,2002-01-01,10,Upphör; till befintlig
149412,Sunnersberg,149413,Sunnersberg,2002-01-01,10,Upphör; till befintlig
149413,Gösslunda,149413,Sunnersberg,2002-01-01,16,Utvidgas och namnändras
149414,Saleby,149424,Sävare,2006-01-01,10,Upphör; till befintlig
149415,Trässberg,149424,Sävare,2006-01-01,10,Upphör; till befintlig
149416,Härjevad,149424,Sävare,2006-01-01,10,Upphör; till befintlig
149417,Karaby,149431,Örslösa,2006-01-01,10,Upphör; till befintlig
149418,Tun,149431,Örslösa,2006-01-01,10,Upphör; till befintlig
149419,Friel,149431,Örslösa,2006-01-01,10,Upphör; till befintlig
149420,Hovby,149424,Sävare,2006-01-01,10,Upphör; till befintlig
149421,Norra Härene,149424,Sävare,2006-01-01,10,Upphör; till befintlig
149422,Lindärva,149424,Sävare,2006-01-01,10,Upphör; till befintlig
149423,Hasslösa,149424,Sävare,2006-01-01,10,Upphör; till befintlig
149424,Sävare,149424,Sävare,2006-01-01,15,Utvidgas
149425,Lavad,149431,Örslösa,2006-01-01,10,Upphör; till befintlig
149426,Gillstad,149431,Örslösa,2006-01-01,10,Upphör; till befintlig
149427,Tranum,149431,Örslösa,2006-01-01,10,Upphör; till befintlig
149428,Tådene,149431,Örslösa,2006-01-01,10,Upphör; till befintlig
149429,Norra Kedum,149431,Örslösa,2006-01-01,10,Upphör; till befintlig
149430,Väla,149431,Örslösa,2006-01-01,10,Upphör; till befintlig
149431,Örslösa,149431,Örslösa,2006-01-01,15,Utvidgas
149432,Söne,149431,Örslösa,2006-01-01,10,Upphör; till befintlig
149503,Öglunda,149504,Eggby-Öglunda,2006-01-01,10,Upphör; till befintlig
149504,Eggby-Istrum,149504,Eggby-Öglunda,2006-01-01,16,Utvidgas och namnändras
149504,Eggby-Öglunda,149508,Valle,2018-01-01,10,Upphör; till befintlig
149505,Varnhem,149508,Valle,2018-01-01,10,Upphör; till befintlig
149505,Varnhem,149505,Varnhem,2006-01-01,15,Utvidgas
149506,Norra Lundby,149505,Varnhem,2006-01-01,10,Upphör; till befintlig
149507,Skärv,149508,Axvall,2010-01-01,10,Upphör; till befintlig
149508,Norra Ving,149508,Axvall,2010-01-01,16,Utvidgas och namnändras
149508,Axvall,149508,Valle,2018-01-01,16,Utvidgas och namnändras
149508,Norra Ving,149508,Norra Ving,2006-01-01,15,Utvidgas
149509,Stenum,149508,Norra Ving,2006-01-01,10,Upphör; till befintlig
149510,Skånings-Åsaka,149508,Norra Ving,2006-01-01,10,Upphör; till befintlig
149511,Händene,149516,Ardala,2006-01-01,10,Upphör; till befintlig
149512,Synnerby,149516,Ardala,2006-01-01,10,Upphör; till befintlig
149514,Härlunda,149516,Ardala,2006-01-01,10,Upphör; till befintlig
149515,Vinköl,149516,Ardala,2006-01-01,10,Upphör; till befintlig
149516,Marum-Gerum,149516,Ardala,2006-01-01,16,Utvidgas och namnändras
149517,Skallmeja,149516,Ardala,2006-01-01,10,Upphör; till befintlig
149601,Skövde,149601,Skövde,2014-01-01,15,Utvidgas
149603,Våmb,149601,Skövde,2014-01-01,10,Upphör; till befintlig
149604,Ryd,149601,Skövde,2014-01-01,10,Upphör; till befintlig
149605,Häggum,149608,Skultorp,2010-01-01,10,Upphör; till befintlig
149607,Sjogerstad-Rådene,149608,Skultorp,2010-01-01,10,Upphör; till befintlig
149608,Norra Kyrketorp,149608,Skultorp,2010-01-01,16,Utvidgas och namnändras
149608,Norra Kyrketorp,149608,Norra Kyrketorp,2002-01-01,15,Utvidgas
149609,Hagelberg,149608,Norra Kyrketorp,2002-01-01,10,Upphör; till befintlig
149612,Varola,149615,Värsås-Varola-Vreten,2010-01-01,10,Upphör; till befintlig
149613,Forsby,149614,Sventorp-Forsby,2002-01-01,10,Upphör; till befintlig
149614,Sventorp,149614,Sventorp-Forsby,2002-01-01,16,Utvidgas och namnändras
149615,Värsås,149615,Värsås-Varola-Vreten,2010-01-01,16,Utvidgas och namnändras
149616,Locketorp,149617,Väring,2002-01-01,10,Upphör; till befintlig
149617,Väring,149617,Väring,2002-01-01,15,Utvidgas
149618,Horn,149620,Frösve,2002-01-01,10,Upphör; till befintlig
149619,Binneberg,149620,Frösve,2002-01-01,10,Upphör; till befintlig
149620,Frösve,149620,Frösve,2002-01-01,15,Utvidgas
149621,Säter,149620,Frösve,2002-01-01,10,Upphör; till befintlig
149622,Berg,149624,Berg,2002-01-01,10,Upphör; till befintlig
149623,Lerdala,149624,Berg,2002-01-01,10,Upphör; till befintlig
149624,Timmersdala,149624,Berg,2002-01-01,16,Utvidgas och namnändras
149625,Böja,149624,Berg,2002-01-01,10,Upphör; till befintlig
149626,Flistad,149627,Götlunda,2002-01-01,10,Upphör; till befintlig
149627,Götlunda,149627,Götlunda,2002-01-01,15,Utvidgas
149628,Vad,149627,Götlunda,2002-01-01,10,Upphör; till befintlig
149629,Vreten,149615,Värsås-Varola-Vreten,2010-01-01,10,Upphör; till befintlig
149701,Hjo,149701,Hjo,2002-01-01,15,Utvidgas
149703,Grevbäck,149701,Hjo,2002-01-01,10,Upphör; till befintlig
149705,Södra Fågelås,149706,Fågelås,2006-01-01,10,Upphör; till befintlig
149706,Norra Fågelås,149706,Fågelås,2006-01-01,16,Utvidgas och namnändras
149707,Fridene,149708,Korsberga-Fridene,2010-01-01,10,Upphör; till befintlig
149708,Korsberga,149708,Korsberga-Fridene,2010-01-01,16,Utvidgas och namnändras
149801,Tidaholm,149801,Tidaholm,2010-01-01,15,Utvidgas
149802,Härja,149803,Hökensås,2010-01-01,10,Upphör; till befintlig
149803,Daretorp,149803,Hökensås,2010-01-01,16,Utvidgas och namnändras
149804,Velinga,149803,Hökensås,2010-01-01,10,Upphör; till befintlig
149805,Baltak,149801,Tidaholm,2010-01-01,10,Upphör; till befintlig
149809,Suntak,149812,Valstad,2002-01-01,10,Upphör; till befintlig
149810,Vättak,149812,Valstad,2002-01-01,10,Upphör; till befintlig
149811,Kymbo,149812,Valstad,2002-01-01,10,Upphör; till befintlig
149812,Valstad,149812,Valstad,2002-01-01,15,Utvidgas
149813,Hångsdala,149812,Valstad,2002-01-01,10,Upphör; till befintlig
149814,Östra Gerum,149812,Valstad,2002-01-01,10,Upphör; till befintlig
149815,Dimbo-Ottravad,149816,Varv,2010-01-01,10,Upphör; till befintlig
149816,Varv,149816,Varv,2010-01-01,15,Utvidgas
149817,Acklinga,149816,Varv,2010-01-01,10,Upphör; till befintlig
149818,Hömb,149819,Kungslena-Hömb,2006-01-01,10,Upphör; till befintlig
149819,Kungslena,149819,Kungslena-Hömb,2006-01-01,16,Utvidgas och namnändras
149819,Kungslena-Hömb,149816,Varv,2010-01-01,10,Upphör; till befintlig
149901,Falköping,149901,Falköping,2006-01-01,15,Utvidgas
149901,Falköping,149902,Mösseberg,2010-01-01,14,Ger del/delar till befintlig
149902,Friggeråker,149902,Mösseberg,2010-01-01,16,Utvidgas och namnändras
149903,Trävattna,149904,Hällestad-Trävattna,2002-01-01,10,Upphör; till befintlig
149904,Hällestad,149904,Hällestad-Trävattna,2002-01-01,16,Utvidgas och namnändras
149904,Hällestad-Trävattna,149905,Floby,2006-01-01,10,Upphör; till befintlig
149905,Floby,149905,Floby,2006-01-01,15,Utvidgas
149905,Floby,149905,Floby,2010-01-01,15,Utvidgas
149906,Sörby,149905,Floby,2006-01-01,10,Upphör; till befintlig
149907,Gökhem,149905,Floby,2010-01-01,10,Upphör; till befintlig
149908,Ullene,149905,Floby,2006-01-01,10,Upphör; till befintlig
149909,Vilske-Kleva,149905,Floby,2010-01-01,10,Upphör; till befintlig
149910,Marka,149902,Mösseberg,2010-01-01,10,Upphör; till befintlig
149911,Göteve,149905,Floby,2006-01-01,10,Upphör; till befintlig
149912,Grolanda-Jäla,149905,Floby,2010-01-01,10,Upphör; till befintlig
149912,Grolanda,149912,Grolanda-Jäla,2002-01-01,16,Utvidgas och namnändras
149913,Jäla,149912,Grolanda-Jäla,2002-01-01,10,Upphör; till befintlig
149914,Börstig,149951,Åsarp,2010-01-01,10,Upphör; till befintlig
149915,Brismene,149916,Kinneved,2002-01-01,10,Upphör; till befintlig
149916,Kinneved,149916,Kinneved,2002-01-01,15,Utvidgas
149917,Vårkumla,149916,Kinneved,2002-01-01,10,Upphör; till befintlig
149918,Luttra,149901,Falköping,2006-01-01,10,Upphör; till befintlig
149920,Karleby,149924,Slöta-Karleby,2010-01-01,10,Upphör; till befintlig
149921,Åsle,149921,Åslebygden,2010-01-01,16,Utvidgas och namnändras
149922,Tiarp,149921,Åslebygden,2010-01-01,10,Upphör; till befintlig
149923,Mularp,149921,Åslebygden,2010-01-01,10,Upphör; till befintlig
149924,Slöta,149924,Slöta-Karleby,2010-01-01,16,Utvidgas och namnändras
149925,Kälvene,149928,Yllestad,2002-01-01,10,Upphör; till befintlig
149926,Näs,149928,Yllestad,2002-01-01,10,Upphör; till befintlig
149927,Vartofta-Åsaka,149928,Yllestad,2002-01-01,10,Upphör; till befintlig
149928,Yllestad,149928,Yllestad,2002-01-01,15,Utvidgas
149929,Vistorp,149928,Yllestad,2002-01-01,10,Upphör; till befintlig
149930,Skörstorp,149921,Åslebygden,2010-01-01,10,Upphör; till befintlig
149931,Högstena,149933,Dala-Borgunda-Högstena,2010-01-01,10,Upphör; till befintlig
149932,Dala,149933,Dala-Borgunda-Högstena,2010-01-01,10,Upphör; till befintlig
149933,Borgunda,149933,Dala-Borgunda-Högstena,2010-01-01,16,Utvidgas och namnändras
149934,Stenstorp,149934,Stenstorp,2006-01-01,15,Utvidgas
149935,Brunnhem,149934,Stenstorp,2006-01-01,10,Upphör; till befintlig
149936,Segerstad,149947,Hornborga,2006-01-01,10,Upphör; till befintlig
149937,Södra Kyrketorp,149934,Stenstorp,2006-01-01,10,Upphör; till befintlig
149938,Valtorp,149947,Hornborga,2006-01-01,10,Upphör; till befintlig
149939,Håkantorp,149947,Hornborga,2006-01-01,10,Upphör; till befintlig
149940,Torbjörntorp,149902,Mösseberg,2010-01-01,10,Upphör; till befintlig
149941,Gudhem,149941,Gudhem,2006-01-01,15,Utvidgas
149942,Östra Tunhem,149941,Gudhem,2006-01-01,10,Upphör; till befintlig
149943,Ugglum,149941,Gudhem,2006-01-01,10,Upphör; till befintlig
149944,Bjurum,149941,Gudhem,2006-01-01,10,Upphör; till befintlig
149947,Broddetorp,149947,Hornborga,2006-01-01,16,Utvidgas och namnändras
149951,Åsarp,149951,Åsarp,2010-01-01,15,Utvidgas
150101,Mo,158503,Mo,1971-01-01,21,Kodändrad; ny kommuntillhörighet
150102,"Åmål, del",158501,Åmål,1971-01-01,10,Upphör; till befintlig
150103,Tösse med Tydje,158504,Tösse med Tydje,1971-01-01,21,Kodändrad; ny kommuntillhörighet
150104,Ånimskog,158505,Ånimskog,1971-01-01,21,Kodändrad; ny kommuntillhörighet
150105,Fröskog,158506,Fröskog,1971-01-01,21,Kodändrad; ny kommuntillhörighet
150106,Edsleskog,158507,Edsleskog,1971-01-01,21,Kodändrad; ny kommuntillhörighet
150201,Laxarby,156003,Laxarby,1971-01-01,21,Kodändrad; ny kommuntillhörighet
150202,Vårvik,156004,Vårvik,1971-01-01,21,Kodändrad; ny kommuntillhörighet
150203,Torrskog,156005,Torrskog,1971-01-01,21,Kodändrad; ny kommuntillhörighet
150204,"Ärtemark, del",156001,Ärtemark,1971-01-01,10,Upphör; till befintlig
150301,Steneby,156006,Steneby,1971-01-01,21,Kodändrad; ny kommuntillhörighet
150302,Tisselskog,156007,Tisselskog,1971-01-01,21,Kodändrad; ny kommuntillhörighet
150401,Håbol,143801,Håbol,1998-01-01,20,Kodändrad; ny länstillhörighet
150402,Nössemark,143802,Nössemark,1998-01-01,20,Kodändrad; ny länstillhörighet
150403,Dals-Ed,143803,Dals-Ed,1998-01-01,20,Kodändrad; ny länstillhörighet
150404,Töftedal,143804,Töftedal,1998-01-01,20,Kodändrad; ny länstillhörighet
150405,Gesäter,143805,Gesäter,1998-01-01,20,Kodändrad; ny länstillhörighet
150406,Rölanda,143806,Rölanda,1998-01-01,20,Kodändrad; ny länstillhörighet
150501,Ödskölt,156008,Ödskölt,1971-01-01,21,Kodändrad; ny kommuntillhörighet
150502,Bäcke,156009,Bäcke,1971-01-01,21,Kodändrad; ny kommuntillhörighet
150601,Järbo,150704,Järbo,1974-01-01,21,Kodändrad; ny kommuntillhörighet
150602,Råggärd,150705,Råggärd,1974-01-01,21,Kodändrad; ny kommuntillhörighet
150603,Lerdal,150706,Lerdal,1974-01-01,21,Kodändrad; ny kommuntillhörighet
150604,Rännelanda,150707,Rännelanda,1974-01-01,21,Kodändrad; ny kommuntillhörighet
150605,Högsäter,150708,Högsäter,1974-01-01,21,Kodändrad; ny kommuntillhörighet
150701,Färgelanda,143901,Färgelanda,1998-01-01,20,Kodändrad; ny länstillhörighet
150702,Ödeborg,143902,Ödeborg,1998-01-01,20,Kodändrad; ny länstillhörighet
150703,Torp,143903,Torp,1998-01-01,20,Kodändrad; ny länstillhörighet
150704,Järbo,143904,Järbo,1998-01-01,20,Kodändrad; ny länstillhörighet
150705,Råggärd,143905,Råggärd,1998-01-01,20,Kodändrad; ny länstillhörighet
150706,Lerdal,143906,Lerdal,1998-01-01,20,Kodändrad; ny länstillhörighet
150707,Rännelanda,143907,Rännelanda,1998-01-01,20,Kodändrad; ny länstillhörighet
150708,Högsäter,143908,Högsäter,1998-01-01,20,Kodändrad; ny länstillhörighet
151201,Gestad,158003,Gestad,1974-01-01,21,Kodändrad; ny kommuntillhörighet
151202,Brålanda,158004,Brålanda,1974-01-01,21,Kodändrad; ny kommuntillhörighet
151203,Sundals-Ryr,158005,Sundals-Ryr,1974-01-01,21,Kodändrad; ny kommuntillhörighet
151301,Frändefors,158006,Frändefors,1974-01-01,21,Kodändrad; ny kommuntillhörighet
151401,Vänersnäs,158007,Vänersnäs,1974-01-01,21,Kodändrad; ny kommuntillhörighet
151402,Vargöns kbfd,158008,Vargöns kbfd,1974-01-01,21,Kodändrad; ny kommuntillhörighet
151403,Västra Tunhems kbfd,158009,Västra Tunhems kbfd,1974-01-01,21,Kodändrad; ny kommuntillhörighet
151601,Stora Mellby,158205,Stora Mellby,1974-01-01,21,Kodändrad; ny kommuntillhörighet
151602,Magra,158206,Magra,1974-01-01,21,Kodändrad; ny kommuntillhörighet
151603,Långared,158207,Långared,1974-01-01,21,Kodändrad; ny kommuntillhörighet
151604,Erska,158208,Erska,1974-01-01,21,Kodändrad; ny kommuntillhörighet
151605,Lagmansered,158108,Lagmansered,1974-01-01,21,Kodändrad; ny kommuntillhörighet
151701,Upphärad,158105,Upphärad,1971-01-01,21,Kodändrad; ny kommuntillhörighet
151702,Rommele,158106,Rommele,1971-01-01,21,Kodändrad; ny kommuntillhörighet
151703,Fors,158107,Fors,1971-01-01,21,Kodändrad; ny kommuntillhörighet
151704,Åsbräcka,156202,Åsbräcka,1971-01-01,21,Kodändrad; ny kommuntillhörighet
151801,Tunge,156203,Tunge,1971-01-01,21,Kodändrad; ny kommuntillhörighet
151802,Sankt Peder,156204,S:t Peder,1971-01-01,21,Kodändrad; ny kommuntillhörighet
151803,Ale-Skövde,156205,Ale-Skövde,1971-01-01,21,Kodändrad; ny kommuntillhörighet
151901,Hålanda,152102,Hålanda,1974-01-01,21,Kodändrad; ny kommuntillhörighet
151902,Skepplanda,152103,Skepplanda,1974-01-01,21,Kodändrad; ny kommuntillhörighet
152001,Kilanda,152104,Kilanda,1974-01-01,21,Kodändrad; ny kommuntillhörighet
152002,Starrkärrs kbfd,152105,Starrkärrs kbfd,1974-01-01,21,Kodändrad; ny kommuntillhörighet
152003,Nol-Alafors kbfd,152106,Nol-Alafors kbfd,1974-01-01,21,Kodändrad; ny kommuntillhörighet
152101,Nödinge,144001,Nödinge,1998-01-01,20,Kodändrad; ny länstillhörighet
152102,Hålanda,144002,Hålanda,1998-01-01,20,Kodändrad; ny länstillhörighet
152103,Skepplanda,144003,Skepplanda,1998-01-01,20,Kodändrad; ny länstillhörighet
152104,Kilanda,144004,Kilanda,1998-01-01,20,Kodändrad; ny länstillhörighet
152105,Starrkärr,144005,Starrkärr,1998-01-01,20,Kodändrad; ny länstillhörighet
152105,Starrkärrs kbfd,152105,Starrkärr,1984-01-01,16,Utvidgas och namnändras
152106,Nol-Alafors kbfd,152105,Starrkärr,1984-01-01,10,Upphör; till befintlig
152401,Lerum,144101,Lerum,1998-01-01,20,Kodändrad; ny länstillhörighet
152402,Skallsjö,144102,Skallsjö,1998-01-01,20,Kodändrad; ny länstillhörighet
152403,Stora Lundby,144103,Stora Lundby,1998-01-01,20,Kodändrad; ny länstillhörighet
152404,Östad,144104,Östad,1998-01-01,20,Kodändrad; ny länstillhörighet
152601,Hemsjö,158209,Hemsjö,1974-01-01,21,Kodändrad; ny kommuntillhörighet
152602,Ödenäs,158210,Ödenäs,1974-01-01,21,Kodändrad; ny kommuntillhörighet
152701,Lena,152701,Lena-Bergstena,1992-01-01,16,Utvidgas och namnändras
152701,Lena-Bergstena,144201,Lena-Bergstena,1998-01-01,20,Kodändrad; ny länstillhörighet
152702,Bergstena,152701,Lena-Bergstena,1992-01-01,10,Upphör; till befintlig
152703,Fullestad,144203,Fullestad,1998-01-01,20,Kodändrad; ny länstillhörighet
152704,Siene,144204,Siene,1998-01-01,20,Kodändrad; ny länstillhörighet
152705,Horla,144205,Horla,1998-01-01,20,Kodändrad; ny länstillhörighet
152706,Hol,144206,Hol,1998-01-01,20,Kodändrad; ny länstillhörighet
152707,Skogsbygden,144207,Skogsbygden,1998-01-01,20,Kodändrad; ny länstillhörighet
152708,Nårunga,144208,Nårunga,1998-01-01,20,Kodändrad; ny länstillhörighet
152709,Ljur,144209,Ljur,1998-01-01,20,Kodändrad; ny länstillhörighet
152710,Ornunga,144210,Ornunga,1998-01-01,20,Kodändrad; ny länstillhörighet
152711,Asklanda,144211,Asklanda,1998-01-01,20,Kodändrad; ny länstillhörighet
152712,Kvinnestad,144212,Kvinnestad,1998-01-01,20,Kodändrad; ny länstillhörighet
152713,Algutstorp,144213,Algutstorp,1998-01-01,20,Kodändrad; ny länstillhörighet
152714,Kullings-Skövde,144214,Kullings-Skövde,1998-01-01,20,Kodändrad; ny länstillhörighet
152714,Kullings-Skövde,152714,Kullings-Skövde,1989-01-01,15,Utvidgas
152715,Södra Härene,144215,Södra Härene,1998-01-01,20,Kodändrad; ny länstillhörighet
152716,Tumberg,152714,Kullings-Skövde,1989-01-01,10,Upphör; till befintlig
152717,Landa,144217,Landa,1998-01-01,20,Kodändrad; ny länstillhörighet
152901,Hudene,156607,Hudene,1974-01-01,21,Kodändrad; ny kommuntillhörighet
152902,Källunga,156608,Källunga,1974-01-01,21,Kodändrad; ny kommuntillhörighet
152903,Mjäldrunga,156609,Mjäldrunga,1974-01-01,21,Kodändrad; ny kommuntillhörighet
152904,Eriksberg,156610,Eriksberg,1974-01-01,21,Kodändrad; ny kommuntillhörighet
152905,Skölvene,156611,Skölvene,1974-01-01,21,Kodändrad; ny kommuntillhörighet
152906,Södra Björke,156612,Södra Björke,1974-01-01,21,Kodändrad; ny kommuntillhörighet
152907,Jällby,156613,Jällby,1974-01-01,21,Kodändrad; ny kommuntillhörighet
152908,Grude,156614,Grude,1974-01-01,21,Kodändrad; ny kommuntillhörighet
152909,Vesene,156615,Vesene,1974-01-01,21,Kodändrad; ny kommuntillhörighet
152910,Molla,156616,Molla,1974-01-01,21,Kodändrad; ny kommuntillhörighet
152911,Od,156617,Od,1974-01-01,21,Kodändrad; ny kommuntillhörighet
152912,Hov,156618,Hov,1974-01-01,21,Kodändrad; ny kommuntillhörighet
152913,Norra Säm,156619,Norra Säm,1974-01-01,21,Kodändrad; ny kommuntillhörighet
152914,Alboga,156620,Alboga,1974-01-01,21,Kodändrad; ny kommuntillhörighet
152915,Broddarp,156621,Broddarp,1974-01-01,21,Kodändrad; ny kommuntillhörighet
152916,Öra,156622,Öra,1974-01-01,21,Kodändrad; ny kommuntillhörighet
153001,Kärråkra,158402,Kärråkra,1974-01-01,21,Kodändrad; ny kommuntillhörighet
153002,Södra Vånga,158403,Södra Vånga,1974-01-01,21,Kodändrad; ny kommuntillhörighet
153003,Möne,158404,Möne,1974-01-01,21,Kodändrad; ny kommuntillhörighet
153004,Hällstad,158405,Hällstad,1974-01-01,21,Kodändrad; ny kommuntillhörighet
153005,Murum,158406,Murum,1974-01-01,21,Kodändrad; ny kommuntillhörighet
153006,Grovare,158407,Grovare,1974-01-01,21,Kodändrad; ny kommuntillhörighet
153007,Fänneslunda,158408,Fänneslunda,1974-01-01,21,Kodändrad; ny kommuntillhörighet
153008,Härna,158409,Härna,1974-01-01,21,Kodändrad; ny kommuntillhörighet
153009,Södra Ving,158410,Södra Ving,1974-01-01,21,Kodändrad; ny kommuntillhörighet
153010,Varnum,158411,Varnum,1974-01-01,21,Kodändrad; ny kommuntillhörighet
153101,Rångedala,158304,Rångedala,1974-01-01,21,Kodändrad; ny kommuntillhörighet
153102,Äspered,158305,Äspered,1974-01-01,21,Kodändrad; ny kommuntillhörighet
153103,Toarp,158306,Toarp,1974-01-01,21,Kodändrad; ny kommuntillhörighet
153104,Dannike,158307,Dannike,1974-01-01,21,Kodändrad; ny kommuntillhörighet
153105,Ljushult,158308,Ljushult,1974-01-01,21,Kodändrad; ny kommuntillhörighet
153201,Brämhult,158303,Brämhult,1971-01-01,21,Kodändrad; ny kommuntillhörighet
153301,Gingri,158309,Gingri,1974-01-01,21,Kodändrad; ny kommuntillhörighet
153302,Tärby,158310,Tärby,1974-01-01,21,Kodändrad; ny kommuntillhörighet
153303,Fristad,158311,Fristad,1974-01-01,21,Kodändrad; ny kommuntillhörighet
153304,Borgstena,158312,Borgstena,1974-01-01,21,Kodändrad; ny kommuntillhörighet
153305,Tämta,158313,Tämta,1974-01-01,21,Kodändrad; ny kommuntillhörighet
153306,Vänga,158314,Vänga,1974-01-01,21,Kodändrad; ny kommuntillhörighet
153401,Bredared,158315,Bredared,1974-01-01,21,Kodändrad; ny kommuntillhörighet
153402,Sandhult,158316,Sandhult,1974-01-01,21,Kodändrad; ny kommuntillhörighet
153501,Töllsjö,158317,Töllsjö,1974-01-01,21,Kodändrad; ny kommuntillhörighet
153501,Töllsjö,144301,Töllsjö,1998-01-01,20,Kodändrad; ny länstillhörighet
153502,Bollebygd,144302,Bollebygd,1998-01-01,20,Kodändrad; ny länstillhörighet
153502,Bollebygd,158318,Bollebygd,1974-01-01,21,Kodändrad; ny kommuntillhörighet
153601,Björketorp,140104,Björketorp,1971-01-01,22,Kodändrad; både ny läns- och kommuntillhörighet
153701,Sätila,156304,Sätila,1971-01-01,21,Kodändrad; ny kommuntillhörighet
153702,Hyssna,156305,Hyssna,1971-01-01,21,Kodändrad; ny kommuntillhörighet
153801,Seglora,158319,Seglora,1974-01-01,21,Kodändrad; ny kommuntillhörighet
153802,Kinnarumma,158320,Kinnarumma,1974-01-01,21,Kodändrad; ny kommuntillhörighet
154001,Skephult,156306,Skephult,1971-01-01,21,Kodändrad; ny kommuntillhörighet
154002,Fritsla,156307,Fritsla,1971-01-01,21,Kodändrad; ny kommuntillhörighet
154101,Örby kbfd,156303,Örby kbfd,1971-01-01,21,Kodändrad; ny kommuntillhörighet
154201,Hajom,156308,Hajom,1971-01-01,21,Kodändrad; ny kommuntillhörighet
154202,Berghem,156309,Berghem,1971-01-01,21,Kodändrad; ny kommuntillhörighet
154203,Fotskäl,156310,Fotskäl,1971-01-01,21,Kodändrad; ny kommuntillhörighet
154204,Tostared,156311,Tostared,1971-01-01,21,Kodändrad; ny kommuntillhörighet
154205,Surteby-Kattunga,156312,Surteby-Kattunga,1971-01-01,21,Kodändrad; ny kommuntillhörighet
154301,Öxnevalla,156313,Öxnevalla,1971-01-01,22,Kodändrad; både ny läns- och kommuntillhörighet
154302,Horred,156314,Horred,1971-01-01,21,Kodändrad; ny kommuntillhörighet
154303,Istorp,156315,Istorp,1971-01-01,21,Kodändrad; ny kommuntillhörighet
154401,Grimmared,138322,Grimmared,1971-01-01,22,Kodändrad; både ny läns- och kommuntillhörighet
154402,Karl Gustav,138323,Karl Gustav,1971-01-01,22,Kodändrad; både ny läns- och kommuntillhörighet
154403,Kungsäter,138324,Kungsäter,1971-01-01,22,Kodändrad; både ny läns- och kommuntillhörighet
154404,Gunnarsjö,138325,Gunnarsjö,1971-01-01,22,Kodändrad; både ny läns- och kommuntillhörighet
154501,Älekulla,156316,Älekulla,1971-01-01,21,Kodändrad; ny kommuntillhörighet
154502,Torestorp,156317,Torestorp,1971-01-01,21,Kodändrad; ny kommuntillhörighet
154503,Öxabäck,156318,Öxabäck,1971-01-01,21,Kodändrad; ny kommuntillhörighet
154601,Holsljunga,156502,Holsljunga,1971-01-01,21,Kodändrad; ny kommuntillhörighet
154602,Mjöbäck,156503,Mjöbäck,1971-01-01,21,Kodändrad; ny kommuntillhörighet
154603,Älvsered,138224,Älvsered,1971-01-01,22,Kodändrad; både ny läns- och kommuntillhörighet
154701,Mårdaklev,156504,Mårdaklev,1971-01-01,21,Kodändrad; ny kommuntillhörighet
154702,Kalv,156505,Kalv,1971-01-01,21,Kodändrad; ny kommuntillhörighet
154703,Östra Frölunda,156506,Östra Frölunda,1971-01-01,21,Kodändrad; ny kommuntillhörighet
154704,Håcksvik,156507,Håcksvik,1971-01-01,21,Kodändrad; ny kommuntillhörighet
154801,Örsås,156508,Örsås,1971-01-01,21,Kodändrad; ny kommuntillhörighet
154802,Revesjö,156509,Revesjö,1971-01-01,21,Kodändrad; ny kommuntillhörighet
154803,Redslared,156510,Redslared,1971-01-01,21,Kodändrad; ny kommuntillhörighet
154804,Ullasjö,156511,Ullasjö,1971-01-01,21,Kodändrad; ny kommuntillhörighet
154901,Sexdrega,156512,Sexdrega,1971-01-01,21,Kodändrad; ny kommuntillhörighet
154902,Roasjö,156513,Roasjö,1971-01-01,21,Kodändrad; ny kommuntillhörighet
154903,Ljushult,153105,Ljushult,1971-01-01,21,Kodändrad; ny kommuntillhörighet
154904,Hillared,156514,Hillared,1971-01-01,21,Kodändrad; ny kommuntillhörighet
155201,Tranemo,145201,Tranemo,1998-01-01,20,Kodändrad; ny länstillhörighet
155202,Ambjörnarp,145202,Ambjörnarp,1998-01-01,20,Kodändrad; ny länstillhörighet
155203,Sjötofta,145203,Sjötofta,1998-01-01,20,Kodändrad; ny länstillhörighet
155204,Mossebo,145204,Mossebo,1998-01-01,20,Kodändrad; ny länstillhörighet
155204,"Mossebo, del",155204,Mossebo,1974-01-01,16,Utvidgas och namnändras
155205,Södra Åsarp,145205,Södra Åsarp,1998-01-01,20,Kodändrad; ny länstillhörighet
155206,Länghem,145206,Länghem,1998-01-01,20,Kodändrad; ny länstillhörighet
155207,Månstad,145207,Månstad,1998-01-01,20,Kodändrad; ny länstillhörighet
155208,Nittorp,145208,Nittorp,1998-01-01,20,Kodändrad; ny länstillhörighet
155209,Ljungsarp,145209,Ljungsarp,1998-01-01,20,Kodändrad; ny länstillhörighet
155210,Ölsremma,145210,Ölsremma,1998-01-01,20,Kodändrad; ny länstillhörighet
155211,Dalstorp,145211,Dalstorp,1998-01-01,20,Kodändrad; ny länstillhörighet
155212,Hulared,145212,Hulared,1998-01-01,20,Kodändrad; ny länstillhörighet
155301,Nittorp,155208,Nittorp,1974-01-01,21,Kodändrad; ny kommuntillhörighet
155302,Ljungsarp,155209,Ljungsarp,1974-01-01,21,Kodändrad; ny kommuntillhörighet
155303,Ölsremma,155210,Ölsremma,1974-01-01,21,Kodändrad; ny kommuntillhörighet
155304,Dalstorp,155211,Dalstorp,1974-01-01,21,Kodändrad; ny kommuntillhörighet
155305,Hulared,155212,Hulared,1974-01-01,21,Kodändrad; ny kommuntillhörighet
155306,"Mossebo, del",155204,Mossebo,1974-01-01,10,Upphör; till befintlig
155401,Södra Säm,158412,Södra Säm,1974-01-01,21,Kodändrad; ny kommuntillhörighet
155402,Finnekumla,158413,Finnekumla,1974-01-01,21,Kodändrad; ny kommuntillhörighet
155403,Tvärred,158414,Tvärred,1974-01-01,21,Kodändrad; ny kommuntillhörighet
155404,Marbäck,158415,Marbäck,1974-01-01,21,Kodändrad; ny kommuntillhörighet
155405,Gällstad,158416,Gällstad,1974-01-01,21,Kodändrad; ny kommuntillhörighet
155406,Grönahög,158417,Grönahög,1974-01-01,21,Kodändrad; ny kommuntillhörighet
155501,Strängsered,158418,Strängsered,1974-01-01,21,Kodändrad; ny kommuntillhörighet
155502,Gullered,158419,Gullered,1974-01-01,21,Kodändrad; ny kommuntillhörighet
155503,Hössna,158420,Hössna,1974-01-01,21,Kodändrad; ny kommuntillhörighet
155504,Liared,158421,Liared,1974-01-01,21,Kodändrad; ny kommuntillhörighet
155505,Kölingared,158422,Kölingared,1974-01-01,21,Kodändrad; ny kommuntillhörighet
155506,Knätte,158423,Knätte,1974-01-01,21,Kodändrad; ny kommuntillhörighet
155507,Böne,158424,Böne,1974-01-01,21,Kodändrad; ny kommuntillhörighet
155508,Fivlered,168649,Fivlered,1974-01-01,22,Kodändrad; både ny läns- och kommuntillhörighet
155509,Solberga,168650,Solberga,1974-01-01,22,Kodändrad; både ny läns- och kommuntillhörighet
155510,Norra Åsarp,168651,Norra Åsarp,1974-01-01,22,Kodändrad; både ny läns- och kommuntillhörighet
155511,Smula,168652,Smula,1974-01-01,22,Kodändrad; både ny läns- och kommuntillhörighet
155512,Kölaby,158425,Kölaby,1974-01-01,21,Kodändrad; ny kommuntillhörighet
155513,Humla,158426,Humla,1974-01-01,21,Kodändrad; ny kommuntillhörighet
155514,Blidsberg,158427,Blidsberg,1974-01-01,21,Kodändrad; ny kommuntillhörighet
155515,Dalum,158428,Dalum,1974-01-01,21,Kodändrad; ny kommuntillhörighet
155516,Timmele,158429,Timmele,1974-01-01,21,Kodändrad; ny kommuntillhörighet
156001,"Ärtemark, del",156001,Ärtemark,1971-01-01,16,Utvidgas och namnändras
156001,Ärtemark,146001,Ärtemark,1998-01-01,20,Kodändrad; ny länstillhörighet
156003,Laxarby,146003,Laxarby,1998-01-01,20,Kodändrad; ny länstillhörighet
156004,Vårvik,146004,Vårvik,1998-01-01,20,Kodändrad; ny länstillhörighet
156005,Torrskog,146005,Torrskog,1998-01-01,20,Kodändrad; ny länstillhörighet
156006,Steneby,146006,Steneby,1998-01-01,20,Kodändrad; ny länstillhörighet
156007,Tisselskog,146007,Tisselskog,1998-01-01,20,Kodändrad; ny länstillhörighet
156008,Ödskölt,146008,Ödskölt,1998-01-01,20,Kodändrad; ny länstillhörighet
156009,Bäcke,146009,Bäcke,1998-01-01,20,Kodändrad; ny länstillhörighet
156101,Holm,146101,Holm,1998-01-01,20,Kodändrad; ny länstillhörighet
156102,Järn,146102,Järn,1998-01-01,20,Kodändrad; ny länstillhörighet
156103,Grinstad,146103,Grinstad,1998-01-01,20,Kodändrad; ny länstillhörighet
156104,Erikstad,146104,Erikstad,1998-01-01,20,Kodändrad; ny länstillhörighet
156105,Bolstad,146105,Bolstad,1998-01-01,20,Kodändrad; ny länstillhörighet
156106,Ör,146106,Ör,1998-01-01,20,Kodändrad; ny länstillhörighet
156107,Gunnarsnäs,146107,Gunnarsnäs,1998-01-01,20,Kodändrad; ny länstillhörighet
156108,Dalskog,146108,Dalskog,1998-01-01,20,Kodändrad; ny länstillhörighet
156109,Skållerud,146109,Skållerud,1998-01-01,20,Kodändrad; ny länstillhörighet
156201,Fuxerna,146201,Fuxerna,1998-01-01,20,Kodändrad; ny länstillhörighet
156202,Åsbräcka,146202,Åsbräcka,1998-01-01,20,Kodändrad; ny länstillhörighet
156203,Tunge,146203,Tunge,1998-01-01,20,Kodändrad; ny länstillhörighet
156204,S:t Peder,146204,S:t Peder,1998-01-01,20,Kodändrad; ny länstillhörighet
156205,Ale-Skövde,146205,Ale-Skövde,1998-01-01,20,Kodändrad; ny länstillhörighet
156206,Västerlanda,146206,Västerlanda,1998-01-01,20,Kodändrad; ny länstillhörighet
156207,Hjärtum,146207,Hjärtum,1998-01-01,20,Kodändrad; ny länstillhörighet
156301,Kinna,146301,Kinna,1998-01-01,20,Kodändrad; ny länstillhörighet
156302,Skene kbfd,156303,Örby,1992-01-01,10,Upphör; till befintlig
156303,Örby kbfd,156303,Örby,1992-01-01,16,Utvidgas och namnändras
156303,Örby,156303,Örby-Skene,1997-09-30,40,Namnändrad (ej kodändrad)
156303,Örby-Skene,146303,Örby-Skene,1998-01-01,20,Kodändrad; ny länstillhörighet
156304,Sätila,146304,Sätila,1998-01-01,20,Kodändrad; ny länstillhörighet
156305,Hyssna,146305,Hyssna,1998-01-01,20,Kodändrad; ny länstillhörighet
156306,Skephult,146306,Skephult,1998-01-01,20,Kodändrad; ny länstillhörighet
156307,Fritsla,146307,Fritsla,1998-01-01,20,Kodändrad; ny länstillhörighet
156308,Hajom,146308,Hajom,1998-01-01,20,Kodändrad; ny länstillhörighet
156309,Berghem,146309,Berghem,1998-01-01,20,Kodändrad; ny länstillhörighet
156310,Fotskäl,146310,Fotskäl,1998-01-01,20,Kodändrad; ny länstillhörighet
156311,Tostared,146311,Tostared,1998-01-01,20,Kodändrad; ny länstillhörighet
156312,Surteby-Kattunga,146312,Surteby-Kattunga,1998-01-01,20,Kodändrad; ny länstillhörighet
156313,Öxnevalla,146313,Öxnevalla,1998-01-01,20,Kodändrad; ny länstillhörighet
156314,Horred,146314,Horred,1998-01-01,20,Kodändrad; ny länstillhörighet
156315,Istorp,146315,Istorp,1998-01-01,20,Kodändrad; ny länstillhörighet
156316,Älekulla,146316,Älekulla,1998-01-01,20,Kodändrad; ny länstillhörighet
156317,Torestorp,146317,Torestorp,1998-01-01,20,Kodändrad; ny länstillhörighet
156318,Öxabäck,146318,Öxabäck,1998-01-01,20,Kodändrad; ny länstillhörighet
156401,Skene kbfd,156302,Skene kbfd,1971-01-01,21,Kodändrad; ny kommuntillhörighet
156501,Svenljunga,156501,Svenljunga-Ullasjö,1992-01-01,16,Utvidgas och namnändras
156501,Svenljunga-Ullasjö,146501,Svenljunga-Ullasjö,1998-01-01,20,Kodändrad; ny länstillhörighet
156502,Holsljunga,146502,Holsljunga,1998-01-01,20,Kodändrad; ny länstillhörighet
156503,Mjöbäck,146503,Mjöbäck,1998-01-01,20,Kodändrad; ny länstillhörighet
156504,Mårdaklev,146504,Mårdaklev,1998-01-01,20,Kodändrad; ny länstillhörighet
156505,Kalv,146505,Kalv,1998-01-01,20,Kodändrad; ny länstillhörighet
156506,Östra Frölunda,146506,Östra Frölunda,1998-01-01,20,Kodändrad; ny länstillhörighet
156507,Håcksvik,146507,Håcksvik,1998-01-01,20,Kodändrad; ny länstillhörighet
156508,Örsås,146508,Örsås,1998-01-01,20,Kodändrad; ny länstillhörighet
156509,Revesjö,146509,Revesjö,1998-01-01,20,Kodändrad; ny länstillhörighet
156510,Redslared,146510,Redslared,1998-01-01,20,Kodändrad; ny länstillhörighet
156511,Ullasjö,156501,Svenljunga-Ullasjö,1992-01-01,10,Upphör; till befintlig
156512,Sexdrega,146512,Sexdrega,1998-01-01,20,Kodändrad; ny länstillhörighet
156513,Roasjö,146513,Roasjö,1998-01-01,20,Kodändrad; ny länstillhörighet
156514,Hillared,146514,Hillared,1998-01-01,20,Kodändrad; ny länstillhörighet
156601,Bråttensby,146601,Bråttensby,1998-01-01,20,Kodändrad; ny länstillhörighet
156602,Eggvena,146602,Eggvena,1998-01-01,20,Kodändrad; ny länstillhörighet
156603,Fölene,146603,Fölene,1998-01-01,20,Kodändrad; ny länstillhörighet
156604,Remmene,146604,Remmene,1998-01-01,20,Kodändrad; ny länstillhörighet
156606,Herrljunga,146606,Herrljunga,1998-01-01,20,Kodändrad; ny länstillhörighet
156607,Hudene,146607,Hudene,1998-01-01,20,Kodändrad; ny länstillhörighet
156608,Källunga,146608,Källunga,1998-01-01,20,Kodändrad; ny länstillhörighet
156609,Mjäldrunga,146609,Mjäldrunga,1998-01-01,20,Kodändrad; ny länstillhörighet
156610,Eriksberg,146610,Eriksberg,1998-01-01,20,Kodändrad; ny länstillhörighet
156611,Skölvene,146611,Skölvene,1998-01-01,20,Kodändrad; ny länstillhörighet
156611,Skölvene,156611,Skölvene,1989-01-01,15,Utvidgas
156612,Södra Björke,146612,Södra Björke,1998-01-01,20,Kodändrad; ny länstillhörighet
156613,Jällby,146613,Jällby,1998-01-01,20,Kodändrad; ny länstillhörighet
156614,Grude,146614,Grude,1998-01-01,20,Kodändrad; ny länstillhörighet
156615,Vesene,146615,Vesene,1998-01-01,20,Kodändrad; ny länstillhörighet
156616,Molla,146616,Molla,1998-01-01,20,Kodändrad; ny länstillhörighet
156617,Od,146617,Od,1998-01-01,20,Kodändrad; ny länstillhörighet
156618,Hov,146618,Hov,1998-01-01,20,Kodändrad; ny länstillhörighet
156619,Norra Säm,156611,Skölvene,1989-01-01,10,Upphör; till befintlig
156620,Alboga,146620,Alboga,1998-01-01,20,Kodändrad; ny länstillhörighet
156621,Broddarp,146621,Broddarp,1998-01-01,20,Kodändrad; ny länstillhörighet
156622,Öra,146622,Öra,1998-01-01,20,Kodändrad; ny länstillhörighet
158001,Vänersborg,148701,Vänersborg,1998-01-01,20,Kodändrad; ny länstillhörighet
158002,Väne-Ryr,148702,Väne-Ryr,1998-01-01,20,Kodändrad; ny länstillhörighet
158003,Gestad,148703,Gestad,1998-01-01,20,Kodändrad; ny länstillhörighet
158004,Brålanda,148704,Brålanda,1998-01-01,20,Kodändrad; ny länstillhörighet
158005,Sundals-Ryr,148705,Sundals-Ryr,1998-01-01,20,Kodändrad; ny länstillhörighet
158006,Frändefors,148706,Frändefors,1998-01-01,20,Kodändrad; ny länstillhörighet
158007,Vänersnäs,148707,Vänersnäs,1998-01-01,20,Kodändrad; ny länstillhörighet
158008,Vargöns kbfd,158009,Västra Tunhem,1977-01-01,10,Upphör; till befintlig
158009,Västra Tunhems kbfd,158009,Västra Tunhem,1977-01-01,16,Utvidgas och namnändras
158009,Västra Tunhem,148709,Västra Tunhem,1998-01-01,20,Kodändrad; ny länstillhörighet
158101,Trollhättan,148801,Trollhättan,1998-01-01,20,Kodändrad; ny länstillhörighet
158101,Trollhättan,158109,Lextorp,1989-01-01,13,Ger delar till nybildade
158101,Trollhättan,158110,Götalunden,1989-01-01,13,Ger delar till nybildade
158102,Norra Björke,148802,Norra Björke,1998-01-01,20,Kodändrad; ny länstillhörighet
158103,Väne-Åsaka,148803,Väne-Åsaka,1998-01-01,20,Kodändrad; ny länstillhörighet
158104,Gärdhem,148804,Gärdhem,1998-01-01,20,Kodändrad; ny länstillhörighet
158105,Upphärad,148805,Upphärad,1998-01-01,20,Kodändrad; ny länstillhörighet
158106,Rommele,148806,Rommele,1998-01-01,20,Kodändrad; ny länstillhörighet
158107,Fors,148807,Fors,1998-01-01,20,Kodändrad; ny länstillhörighet
158108,Lagmansered,148808,Lagmansered,1998-01-01,20,Kodändrad; ny länstillhörighet
158109,Lextorp,148809,Lextorp,1998-01-01,20,Kodändrad; ny länstillhörighet
158110,Götalunden,148810,Götalunden,1998-01-01,20,Kodändrad; ny länstillhörighet
158201,Alingsås,148901,Alingsås,1998-01-01,20,Kodändrad; ny länstillhörighet
158205,Stora Mellby,148905,Stora Mellby,1998-01-01,20,Kodändrad; ny länstillhörighet
158206,Magra,148906,Magra,1998-01-01,20,Kodändrad; ny länstillhörighet
158207,Långared,148907,Långared,1998-01-01,20,Kodändrad; ny länstillhörighet
158208,Erska,148908,Erska,1998-01-01,20,Kodändrad; ny länstillhörighet
158209,Hemsjö,148909,Hemsjö,1998-01-01,20,Kodändrad; ny länstillhörighet
158210,Ödenäs,148910,Ödenäs,1998-01-01,20,Kodändrad; ny länstillhörighet
158301,Borås Caroli,149001,Borås Caroli,1998-01-01,20,Kodändrad; ny länstillhörighet
158302,Borås Gustav Adolf,149002,Borås Gustav Adolf,1998-01-01,20,Kodändrad; ny länstillhörighet
158303,Brämhult,149003,Brämhult,1998-01-01,20,Kodändrad; ny länstillhörighet
158304,Rångedala,149004,Rångedala,1998-01-01,20,Kodändrad; ny länstillhörighet
158305,Äspered,149005,Äspered,1998-01-01,20,Kodändrad; ny länstillhörighet
158306,Toarp,149006,Toarp,1998-01-01,20,Kodändrad; ny länstillhörighet
158307,Dannike,149007,Dannike,1998-01-01,20,Kodändrad; ny länstillhörighet
158308,Ljushult,149008,Ljushult,1998-01-01,20,Kodändrad; ny länstillhörighet
158309,Gingri,158311,Fristad-Gingri,1992-01-01,10,Upphör; till befintlig
158310,Tärby,149010,Tärby,1998-01-01,20,Kodändrad; ny länstillhörighet
158311,Fristad-Gingri,149011,Fristad-Gingri,1998-01-01,20,Kodändrad; ny länstillhörighet
158311,Fristad,158311,Fristad-Gingri,1992-01-01,16,Utvidgas och namnändras
158312,Borgstena,149012,Borgstena,1998-01-01,20,Kodändrad; ny länstillhörighet
158313,Tämta,149013,Tämta,1998-01-01,20,Kodändrad; ny länstillhörighet
158314,Vänga,149014,Vänga,1998-01-01,20,Kodändrad; ny länstillhörighet
158315,Bredared,149015,Bredared,1998-01-01,20,Kodändrad; ny länstillhörighet
158316,Sandhult,149016,Sandhult,1998-01-01,20,Kodändrad; ny länstillhörighet
158317,Töllsjö,153501,Töllsjö,1995-01-01,21,Kodändrad; ny kommuntillhörighet
158318,Bollebygd,153502,Bollebygd,1995-01-01,21,Kodändrad; ny kommuntillhörighet
158319,Seglora,149019,Seglora,1998-01-01,20,Kodändrad; ny länstillhörighet
158320,Kinnarumma,149020,Kinnarumma,1998-01-01,20,Kodändrad; ny länstillhörighet
158401,Ulricehamn,149101,Ulricehamn,1998-01-01,20,Kodändrad; ny länstillhörighet
158402,Kärråkra,149102,Kärråkra,1998-01-01,20,Kodändrad; ny länstillhörighet
158403,Södra Vånga,158404,Möne,1989-01-01,10,Upphör; till befintlig
158404,Möne,158404,Möne,1989-01-01,15,Utvidgas
158404,Möne,149104,Möne,1998-01-01,20,Kodändrad; ny länstillhörighet
158405,Hällstad,149105,Hällstad,1998-01-01,20,Kodändrad; ny länstillhörighet
158406,Murum,149106,Murum,1998-01-01,20,Kodändrad; ny länstillhörighet
158407,Grovare,158408,Fänneslunda,1989-01-01,10,Upphör; till befintlig
158408,Fänneslunda,158408,Fänneslunda,1989-01-01,15,Utvidgas
158408,Fänneslunda,149108,Fänneslunda,1998-01-01,20,Kodändrad; ny länstillhörighet
158409,Härna,149109,Härna,1998-01-01,20,Kodändrad; ny länstillhörighet
158410,Södra Ving,149110,Södra Ving,1998-01-01,20,Kodändrad; ny länstillhörighet
158411,Varnum,149111,Varnum,1998-01-01,20,Kodändrad; ny länstillhörighet
158412,Södra Säm,149112,Södra Säm,1998-01-01,20,Kodändrad; ny länstillhörighet
158413,Finnekumla,149113,Finnekumla,1998-01-01,20,Kodändrad; ny länstillhörighet
158414,Tvärred,149114,Tvärred,1998-01-01,20,Kodändrad; ny länstillhörighet
158415,Marbäck,149115,Marbäck,1998-01-01,20,Kodändrad; ny länstillhörighet
158416,Gällstad,149116,Gällstad,1998-01-01,20,Kodändrad; ny länstillhörighet
158417,Grönahög,149117,Grönahög,1998-01-01,20,Kodändrad; ny länstillhörighet
158418,Strängsered,149118,Strängsered,1998-01-01,20,Kodändrad; ny länstillhörighet
158419,Gullered,149119,Gullered,1998-01-01,20,Kodändrad; ny länstillhörighet
158420,Hössna,149120,Hössna,1998-01-01,20,Kodändrad; ny länstillhörighet
158421,Liared,149121,Liared,1998-01-01,20,Kodändrad; ny länstillhörighet
158422,Kölingared,149122,Kölingared,1998-01-01,20,Kodändrad; ny länstillhörighet
158423,Knätte,149123,Knätte,1998-01-01,20,Kodändrad; ny länstillhörighet
158424,Böne,149124,Böne,1998-01-01,20,Kodändrad; ny länstillhörighet
158425,Kölaby,149125,Kölaby,1998-01-01,20,Kodändrad; ny länstillhörighet
158426,Humla,149126,Humla,1998-01-01,20,Kodändrad; ny länstillhörighet
158427,Blidsberg,149127,Blidsberg,1998-01-01,20,Kodändrad; ny länstillhörighet
158428,Dalum,149128,Dalum,1998-01-01,20,Kodändrad; ny länstillhörighet
158429,Timmele,149129,Timmele,1998-01-01,20,Kodändrad; ny länstillhörighet
158501,Åmål,149201,Åmål,1998-01-01,20,Kodändrad; ny länstillhörighet
158501,"Åmål, del",158501,Åmål,1971-01-01,16,Utvidgas och namnändras
158503,Mo,149203,Mo,1998-01-01,20,Kodändrad; ny länstillhörighet
158504,Tösse med Tydje,149204,Tösse med Tydje,1998-01-01,20,Kodändrad; ny länstillhörighet
158505,Ånimskog,149205,Ånimskog,1998-01-01,20,Kodändrad; ny länstillhörighet
158506,Fröskog,149206,Fröskog,1998-01-01,20,Kodändrad; ny länstillhörighet
158507,Edsleskog,149207,Edsleskog,1998-01-01,20,Kodändrad; ny länstillhörighet
160201,Täng,144401,Täng,1998-01-01,20,Kodändrad; ny länstillhörighet
160202,Håle,144402,Håle,1998-01-01,20,Kodändrad; ny länstillhörighet
160203,Särestad,144403,Särestad,1998-01-01,20,Kodändrad; ny länstillhörighet
160204,Flakeberg,144404,Flakeberg,1998-01-01,20,Kodändrad; ny länstillhörighet
160205,Bjärby,144405,Bjärby,1998-01-01,20,Kodändrad; ny länstillhörighet
160206,Ås,144406,Ås,1998-01-01,20,Kodändrad; ny länstillhörighet
160207,Sal,144407,Sal,1998-01-01,20,Kodändrad; ny länstillhörighet
160208,Flo,144408,Flo,1998-01-01,20,Kodändrad; ny länstillhörighet
160209,Tengene,144409,Tengene,1998-01-01,20,Kodändrad; ny länstillhörighet
160210,Trökörna,144410,Trökörna,1998-01-01,20,Kodändrad; ny länstillhörighet
160211,Längnum,144411,Längnum,1998-01-01,20,Kodändrad; ny länstillhörighet
160212,Hyringa,144412,Hyringa,1998-01-01,20,Kodändrad; ny länstillhörighet
160301,Malma,144501,Malma,1998-01-01,20,Kodändrad; ny länstillhörighet
160301,Malma,166016,Malma,1974-01-01,21,Kodändrad; ny kommuntillhörighet
160302,Främmestad,166017,Främmestad,1974-01-01,21,Kodändrad; ny kommuntillhörighet
160302,Främmestad,144502,Främmestad,1998-01-01,20,Kodändrad; ny länstillhörighet
160303,Bäreberg,144503,Bäreberg,1998-01-01,20,Kodändrad; ny länstillhörighet
160303,Bäreberg,166018,Bäreberg,1974-01-01,21,Kodändrad; ny kommuntillhörighet
160304,Essunga,166019,Essunga,1974-01-01,21,Kodändrad; ny kommuntillhörighet
160304,Essunga,144504,Essunga,1998-01-01,20,Kodändrad; ny länstillhörighet
160305,Kyrkås,144505,Kyrkås,1998-01-01,20,Kodändrad; ny länstillhörighet
160305,Kyrkås,166020,Kyrkås,1974-01-01,21,Kodändrad; ny kommuntillhörighet
160306,Fåglum,166021,Fåglum,1974-01-01,21,Kodändrad; ny kommuntillhörighet
160306,Fåglum,144506,Fåglum,1998-01-01,20,Kodändrad; ny länstillhörighet
160307,Barne-Åsaka,144507,Barne-Åsaka,1998-01-01,20,Kodändrad; ny länstillhörighet
160307,Barne-Åsaka,166022,Barne-Åsaka,1974-01-01,21,Kodändrad; ny kommuntillhörighet
160308,Lekåsa,166023,Lekåsa,1974-01-01,21,Kodändrad; ny kommuntillhörighet
160308,Lekåsa,144508,Lekåsa,1998-01-01,20,Kodändrad; ny länstillhörighet
160501,Larv,166024,Larv,1974-01-01,21,Kodändrad; ny kommuntillhörighet
160502,Längjum,166025,Längjum,1974-01-01,21,Kodändrad; ny kommuntillhörighet
160503,Tråvad,166026,Tråvad,1974-01-01,21,Kodändrad; ny kommuntillhörighet
161501,Istrum,168202,Istrum,1971-01-01,21,Kodändrad; ny kommuntillhörighet
161502,Öglunda,168203,Öglunda,1971-01-01,21,Kodändrad; ny kommuntillhörighet
161503,Eggby,168204,Eggby,1971-01-01,21,Kodändrad; ny kommuntillhörighet
161504,Varnhem,168205,Varnhem,1971-01-01,21,Kodändrad; ny kommuntillhörighet
161505,Norra Lundby,168206,Norra Lundby,1971-01-01,21,Kodändrad; ny kommuntillhörighet
161506,Skärv,168207,Skärv,1971-01-01,21,Kodändrad; ny kommuntillhörighet
161507,Norra Ving,168208,Norra Ving,1971-01-01,21,Kodändrad; ny kommuntillhörighet
161508,Stenum,168209,Stenum,1971-01-01,21,Kodändrad; ny kommuntillhörighet
161509,Skånings-Åsaka,168210,Skånings-Åsaka,1971-01-01,21,Kodändrad; ny kommuntillhörighet
161601,Händene,168211,Händene,1971-01-01,21,Kodändrad; ny kommuntillhörighet
161602,Synnerby,168212,Synnerby,1971-01-01,21,Kodändrad; ny kommuntillhörighet
161603,Marum,168213,Marum,1971-01-01,21,Kodändrad; ny kommuntillhörighet
161604,Härlunda,168214,Härlunda,1971-01-01,21,Kodändrad; ny kommuntillhörighet
161605,Vinköl,168215,Vinköl,1971-01-01,21,Kodändrad; ny kommuntillhörighet
161606,Västra Gerum,168216,Västra Gerum,1971-01-01,21,Kodändrad; ny kommuntillhörighet
161607,Skallmeja,168217,Skallmeja,1971-01-01,21,Kodändrad; ny kommuntillhörighet
161801,Jung,166027,Jung,1974-01-01,21,Kodändrad; ny kommuntillhörighet
161802,Fyrunga,166028,Fyrunga,1974-01-01,21,Kodändrad; ny kommuntillhörighet
161803,Kvänum,166029,Kvänum,1974-01-01,21,Kodändrad; ny kommuntillhörighet
161804,Öttum,166030,Öttum,1974-01-01,21,Kodändrad; ny kommuntillhörighet
161805,Norra Vånga,166031,Norra Vånga,1974-01-01,21,Kodändrad; ny kommuntillhörighet
161806,Edsvära,166032,Edsvära,1974-01-01,21,Kodändrad; ny kommuntillhörighet
161901,Trävattna,168603,Trävattna,1974-01-01,21,Kodändrad; ny kommuntillhörighet
161902,Hällestad,168604,Hällestad,1974-01-01,21,Kodändrad; ny kommuntillhörighet
161903,Floby,168605,Floby,1974-01-01,21,Kodändrad; ny kommuntillhörighet
161904,Sörby,168606,Sörby,1974-01-01,21,Kodändrad; ny kommuntillhörighet
161905,Gökhem,168607,Gökhem,1974-01-01,21,Kodändrad; ny kommuntillhörighet
161906,Ullene,168608,Ullene,1974-01-01,21,Kodändrad; ny kommuntillhörighet
161907,Vilske-Kleva,168609,Vilske-Kleva,1974-01-01,21,Kodändrad; ny kommuntillhörighet
161908,Marka,168610,Marka,1974-01-01,21,Kodändrad; ny kommuntillhörighet
161909,Göteve,168611,Göteve,1974-01-01,21,Kodändrad; ny kommuntillhörighet
161910,Grolanda,168612,Grolanda,1974-01-01,21,Kodändrad; ny kommuntillhörighet
161911,Jäla,168613,Jäla,1974-01-01,21,Kodändrad; ny kommuntillhörighet
162001,Börstig,168614,Börstig,1974-01-01,21,Kodändrad; ny kommuntillhörighet
162002,Brismene,168615,Brismene,1974-01-01,21,Kodändrad; ny kommuntillhörighet
162003,Kinneved,168616,Kinneved,1974-01-01,21,Kodändrad; ny kommuntillhörighet
162004,Vårkumla,168617,Vårkumla,1974-01-01,21,Kodändrad; ny kommuntillhörighet
162005,Luttra,168618,Luttra,1974-01-01,21,Kodändrad; ny kommuntillhörighet
162101,Falköpings landsförs.,168619,Falköpings landsförs.,1974-01-01,21,Kodändrad; ny kommuntillhörighet
162102,Karleby,168620,Karleby,1974-01-01,21,Kodändrad; ny kommuntillhörighet
162103,Åsle,168621,Åsle,1974-01-01,21,Kodändrad; ny kommuntillhörighet
162104,Tiarp,168622,Tiarp,1974-01-01,21,Kodändrad; ny kommuntillhörighet
162105,Mularp,168623,Mularp,1974-01-01,21,Kodändrad; ny kommuntillhörighet
162106,Slöta,168624,Slöta,1974-01-01,21,Kodändrad; ny kommuntillhörighet
162107,Kälvene,168625,Kälvene,1974-01-01,21,Kodändrad; ny kommuntillhörighet
162108,Näs,168626,Näs,1974-01-01,21,Kodändrad; ny kommuntillhörighet
162109,Vartofta-Åsaka,168627,Vartofta-Åsaka,1974-01-01,21,Kodändrad; ny kommuntillhörighet
162110,Yllestad,168628,Yllestad,1974-01-01,21,Kodändrad; ny kommuntillhörighet
162111,Vistorp,168629,Vistorp,1974-01-01,21,Kodändrad; ny kommuntillhörighet
162201,Utvängstorp,064201,Utvängstorp,1998-01-01,20,Kodändrad; ny länstillhörighet
162202,Sandhem,064202,Sandhem,1998-01-01,20,Kodändrad; ny länstillhörighet
162203,Nykyrka,064203,Nykyrka,1998-01-01,20,Kodändrad; ny länstillhörighet
162204,Bjurbäck,064204,Bjurbäck,1998-01-01,20,Kodändrad; ny länstillhörighet
162301,Habo,064301,Habo,1998-01-01,20,Kodändrad; ny länstillhörighet
162302,Gustav Adolf,064302,Gustav Adolf,1998-01-01,20,Kodändrad; ny länstillhörighet
162303,Brandstorp,064303,Brandstorp,1998-01-01,20,Kodändrad; ny länstillhörighet
162401,Brandstorp,162303,Brandstorp,1974-01-01,21,Kodändrad; ny kommuntillhörighet
162402,Södra Fågelås,168405,Södra Fågelås,1974-01-01,21,Kodändrad; ny kommuntillhörighet
162403,Norra Fågelås,168406,Norra Fågelås,1974-01-01,21,Kodändrad; ny kommuntillhörighet
162501,Härja,168502,Härja,1974-01-01,21,Kodändrad; ny kommuntillhörighet
162502,Daretorp,168503,Daretorp,1974-01-01,21,Kodändrad; ny kommuntillhörighet
162503,Velinga,168504,Velinga,1974-01-01,21,Kodändrad; ny kommuntillhörighet
162504,Baltak,168505,Baltak,1974-01-01,21,Kodändrad; ny kommuntillhörighet
162505,Agnetorp,168506,Agnetorp,1974-01-01,21,Kodändrad; ny kommuntillhörighet
162601,Fröjered,168507,Fröjered,1974-01-01,21,Kodändrad; ny kommuntillhörighet
162602,Fridene,168407,Fridene,1974-01-01,21,Kodändrad; ny kommuntillhörighet
162603,Korsberga,168408,Korsberga,1974-01-01,21,Kodändrad; ny kommuntillhörighet
162701,Ottravad,168508,Ottravad,1974-01-01,21,Kodändrad; ny kommuntillhörighet
162702,Suntak,168509,Suntak,1974-01-01,21,Kodändrad; ny kommuntillhörighet
162703,Vättak,168510,Vättak,1974-01-01,21,Kodändrad; ny kommuntillhörighet
162704,Kymbo,168511,Kymbo,1974-01-01,21,Kodändrad; ny kommuntillhörighet
162705,Valstad,168512,Valstad,1974-01-01,21,Kodändrad; ny kommuntillhörighet
162706,Hångsdala,168513,Hångsdala,1974-01-01,21,Kodändrad; ny kommuntillhörighet
162707,Skörstorp,168630,Skörstorp,1974-01-01,21,Kodändrad; ny kommuntillhörighet
162708,Östra Gerum,168514,Östra Gerum,1974-01-01,21,Kodändrad; ny kommuntillhörighet
162709,Dimbo,168515,Dimbo,1974-01-01,21,Kodändrad; ny kommuntillhörighet
162710,Varv,168516,Varv,1974-01-01,21,Kodändrad; ny kommuntillhörighet
162711,Acklinga,168517,Acklinga,1974-01-01,21,Kodändrad; ny kommuntillhörighet
162712,Hömb,168518,Hömb,1974-01-01,21,Kodändrad; ny kommuntillhörighet
162713,Kungslena,168519,Kungslena,1974-01-01,21,Kodändrad; ny kommuntillhörighet
162801,Högstena,168631,Högstena,1974-01-01,21,Kodändrad; ny kommuntillhörighet
162802,Dala,168632,Dala,1974-01-01,21,Kodändrad; ny kommuntillhörighet
162803,Borgunda,168633,Borgunda,1974-01-01,21,Kodändrad; ny kommuntillhörighet
162804,Stenstorp,168634,Stenstorp,1974-01-01,21,Kodändrad; ny kommuntillhörighet
162805,Brunnhem,168635,Brunnhem,1974-01-01,21,Kodändrad; ny kommuntillhörighet
162806,Segerstad,168636,Segerstad,1974-01-01,21,Kodändrad; ny kommuntillhörighet
162807,Södra Kyrketorp,168637,Södra Kyrketorp,1974-01-01,21,Kodändrad; ny kommuntillhörighet
162808,Valtorp,168638,Valtorp,1974-01-01,21,Kodändrad; ny kommuntillhörighet
162809,Håkantorp,168639,Håkantorp,1974-01-01,21,Kodändrad; ny kommuntillhörighet
162901,Torbjörntorp,168640,Torbjörntorp,1974-01-01,21,Kodändrad; ny kommuntillhörighet
162902,Gudhem,168641,Gudhem,1974-01-01,21,Kodändrad; ny kommuntillhörighet
162903,Östra Tunhem,168642,Östra Tunhem,1974-01-01,21,Kodändrad; ny kommuntillhörighet
162904,Ugglum,168643,Ugglum,1974-01-01,21,Kodändrad; ny kommuntillhörighet
162905,Bjurum,168644,Bjurum,1974-01-01,21,Kodändrad; ny kommuntillhörighet
162906,Sätuna,168645,Sätuna,1974-01-01,21,Kodändrad; ny kommuntillhörighet
162907,Bjärka,168218,Bjärka,1971-01-01,21,Kodändrad; ny kommuntillhörighet
162908,Hornborga,168646,Hornborga,1974-01-01,21,Kodändrad; ny kommuntillhörighet
162909,Broddetorp,168647,Broddetorp,1974-01-01,21,Kodändrad; ny kommuntillhörighet
162910,Bolum,168648,Bolum,1974-01-01,21,Kodändrad; ny kommuntillhörighet
163001,Häggum,168305,Häggum,1971-01-01,21,Kodändrad; ny kommuntillhörighet
163002,Rådene,168306,Rådene,1971-01-01,21,Kodändrad; ny kommuntillhörighet
163003,Sjogerstad,168307,Sjogerstad,1971-01-01,21,Kodändrad; ny kommuntillhörighet
163004,Norra Kyrketorp,168308,Norra Kyrketorp,1971-01-01,21,Kodändrad; ny kommuntillhörighet
163005,Hagelberg,168309,Hagelberg,1971-01-01,21,Kodändrad; ny kommuntillhörighet
163101,Ljunghem,168310,Ljunghem,1971-01-01,21,Kodändrad; ny kommuntillhörighet
163102,Edåsa,168311,Edåsa,1971-01-01,21,Kodändrad; ny kommuntillhörighet
163103,Varola,168312,Varola,1971-01-01,21,Kodändrad; ny kommuntillhörighet
163104,Forsby,168313,Forsby,1971-01-01,21,Kodändrad; ny kommuntillhörighet
163105,Sventorp,168314,Sventorp,1971-01-01,21,Kodändrad; ny kommuntillhörighet
163106,Värsås,168315,Värsås,1971-01-01,21,Kodändrad; ny kommuntillhörighet
163107,Mofalla,168404,Mofalla,1971-01-01,21,Kodändrad; ny kommuntillhörighet
163201,Locketorp,168316,Locketorp,1971-01-01,21,Kodändrad; ny kommuntillhörighet
163202,Väring,168317,Väring,1971-01-01,21,Kodändrad; ny kommuntillhörighet
163203,Horn,168318,Horn,1971-01-01,21,Kodändrad; ny kommuntillhörighet
163204,Binneberg,168319,Binneberg,1971-01-01,21,Kodändrad; ny kommuntillhörighet
163205,Frösve,168320,Frösve,1971-01-01,21,Kodändrad; ny kommuntillhörighet
163206,Säter,168321,Säter,1971-01-01,21,Kodändrad; ny kommuntillhörighet
163301,Berg,168322,Berg,1971-01-01,21,Kodändrad; ny kommuntillhörighet
163302,Lerdala,168323,Lerdala,1971-01-01,21,Kodändrad; ny kommuntillhörighet
163303,Timmersdala,168324,Timmersdala,1971-01-01,21,Kodändrad; ny kommuntillhörighet
163304,Böja,168325,Böja,1971-01-01,21,Kodändrad; ny kommuntillhörighet
163401,Flistad,168326,Flistad,1971-01-01,21,Kodändrad; ny kommuntillhörighet
163402,Götlunda,168327,Götlunda,1971-01-01,21,Kodändrad; ny kommuntillhörighet
163403,Vad,168328,Vad,1971-01-01,21,Kodändrad; ny kommuntillhörighet
163501,Sveneby,166304,Sveneby,1971-01-01,21,Kodändrad; ny kommuntillhörighet
163502,Hjälstad,166305,Hjälstad,1971-01-01,21,Kodändrad; ny kommuntillhörighet
163503,Trästena,166306,Trästena,1971-01-01,21,Kodändrad; ny kommuntillhörighet
163504,Fägre,166307,Fägre,1971-01-01,21,Kodändrad; ny kommuntillhörighet
163505,Mo,166308,Mo,1971-01-01,21,Kodändrad; ny kommuntillhörighet
163506,Bällefors,166309,Bällefors,1971-01-01,21,Kodändrad; ny kommuntillhörighet
163507,Ekeskog,166310,Ekeskog,1971-01-01,21,Kodändrad; ny kommuntillhörighet
163508,Beateberg,166311,Beateberg,1971-01-01,21,Kodändrad; ny kommuntillhörighet
163601,Ransberg,166202,Ransberg,1971-01-01,21,Kodändrad; ny kommuntillhörighet
163602,Brevik,163702,Brevik,1971-01-01,21,Kodändrad; ny kommuntillhörighet
163603,Mölltorp,163703,Mölltorp,1971-01-01,21,Kodändrad; ny kommuntillhörighet
163701,Karlsborg,144601,Karlsborg,1998-01-01,20,Kodändrad; ny länstillhörighet
163702,Brevik,144602,Brevik,1998-01-01,20,Kodändrad; ny länstillhörighet
163703,Mölltorp,144603,Mölltorp,1998-01-01,20,Kodändrad; ny länstillhörighet
163704,Undenäs,144604,Undenäs,1998-01-01,20,Kodändrad; ny länstillhörighet
163801,Undenäs,163704,Undenäs,1971-01-01,21,Kodändrad; ny kommuntillhörighet
163802,Halna,166312,Halna,1971-01-01,21,Kodändrad; ny kommuntillhörighet
163901,Ullervad,168003,Ullervad,1971-01-01,21,Kodändrad; ny kommuntillhörighet
163902,Utby,168004,Utby,1971-01-01,21,Kodändrad; ny kommuntillhörighet
163903,Ekby,168005,Ekby,1971-01-01,21,Kodändrad; ny kommuntillhörighet
163904,Tidavad,168006,Tidavad,1971-01-01,21,Kodändrad; ny kommuntillhörighet
163905,Odensåker,168007,Odensåker,1971-01-01,21,Kodändrad; ny kommuntillhörighet
163906,Låstad,168008,Låstad,1971-01-01,21,Kodändrad; ny kommuntillhörighet
163907,Ek,168009,Ek,1971-01-01,21,Kodändrad; ny kommuntillhörighet
164001,Lugnås,168010,Lugnås,1971-01-01,21,Kodändrad; ny kommuntillhörighet
164002,Bredsäter,168011,Bredsäter,1971-01-01,21,Kodändrad; ny kommuntillhörighet
164003,Björsäter,168012,Björsäter,1971-01-01,21,Kodändrad; ny kommuntillhörighet
164101,Torsö,168013,Torsö,1971-01-01,21,Kodändrad; ny kommuntillhörighet
164102,Enåsa,168014,Enåsa,1971-01-01,21,Kodändrad; ny kommuntillhörighet
164103,Hassle,168015,Hassle,1971-01-01,21,Kodändrad; ny kommuntillhörighet
164104,Berga,168016,Berga,1971-01-01,21,Kodändrad; ny kommuntillhörighet
164105,Färed,168017,Färed,1971-01-01,21,Kodändrad; ny kommuntillhörighet
164201,Lyrestad,168018,Lyrestad,1971-01-01,21,Kodändrad; ny kommuntillhörighet
164301,Amnehärad,144701,Amnehärad,1998-01-01,20,Kodändrad; ny länstillhörighet
164302,Hova,144702,Hova,1998-01-01,20,Kodändrad; ny länstillhörighet
164303,Södra Råda,144703,Södra Råda,1998-01-01,20,Kodändrad; ny länstillhörighet
164401,Hova,164302,Hova,1971-01-01,21,Kodändrad; ny kommuntillhörighet
164402,Älgarås,166313,Älgarås,1971-01-01,21,Kodändrad; ny kommuntillhörighet
166001,Vara,147001,Vara,1998-01-01,20,Kodändrad; ny länstillhörighet
166002,Sparlösa,147002,Sparlösa,1998-01-01,20,Kodändrad; ny länstillhörighet
166003,Slädene,147003,Slädene,1998-01-01,20,Kodändrad; ny länstillhörighet
166004,Levene,147004,Levene,1998-01-01,20,Kodändrad; ny länstillhörighet
166005,Long,147005,Long,1998-01-01,20,Kodändrad; ny länstillhörighet
166006,Hällum,147006,Hällum,1998-01-01,20,Kodändrad; ny länstillhörighet
166007,Skarstad,147007,Skarstad,1998-01-01,20,Kodändrad; ny länstillhörighet
166008,Önum,147008,Önum,1998-01-01,20,Kodändrad; ny länstillhörighet
166009,Naum,147009,Naum,1998-01-01,20,Kodändrad; ny länstillhörighet
166010,Södra Kedum,147010,Södra Kedum,1998-01-01,20,Kodändrad; ny länstillhörighet
166011,Ryda,147011,Ryda,1998-01-01,20,Kodändrad; ny länstillhörighet
166012,Eling,147012,Eling,1998-01-01,20,Kodändrad; ny länstillhörighet
166013,Bitterna,147013,Bitterna,1998-01-01,20,Kodändrad; ny länstillhörighet
166014,Laske-Vedum,147014,Laske-Vedum,1998-01-01,20,Kodändrad; ny länstillhörighet
166015,Södra Lundby,147015,Södra Lundby,1998-01-01,20,Kodändrad; ny länstillhörighet
166016,Malma,160301,Malma,1983-01-01,21,Kodändrad; ny kommuntillhörighet
166017,Främmestad,160302,Främmestad,1983-01-01,21,Kodändrad; ny kommuntillhörighet
166018,Bäreberg,160303,Bäreberg,1983-01-01,21,Kodändrad; ny kommuntillhörighet
166019,Essunga,160304,Essunga,1983-01-01,21,Kodändrad; ny kommuntillhörighet
166020,Kyrkås,160305,Kyrkås,1983-01-01,21,Kodändrad; ny kommuntillhörighet
166021,Fåglum,160306,Fåglum,1983-01-01,21,Kodändrad; ny kommuntillhörighet
166022,Barne-Åsaka,160307,Barne-Åsaka,1983-01-01,21,Kodändrad; ny kommuntillhörighet
166023,Lekåsa,160308,Lekåsa,1983-01-01,21,Kodändrad; ny kommuntillhörighet
166024,Larv,147024,Larv,1998-01-01,20,Kodändrad; ny länstillhörighet
166025,Längjum,147025,Längjum,1998-01-01,20,Kodändrad; ny länstillhörighet
166026,Tråvad,147026,Tråvad,1998-01-01,20,Kodändrad; ny länstillhörighet
166027,Jung,147027,Jung,1998-01-01,20,Kodändrad; ny länstillhörighet
166028,Fyrunga,147028,Fyrunga,1998-01-01,20,Kodändrad; ny länstillhörighet
166029,Kvänum,147029,Kvänum,1998-01-01,20,Kodändrad; ny länstillhörighet
166030,Öttum,147030,Öttum,1998-01-01,20,Kodändrad; ny länstillhörighet
166031,Norra Vånga,147031,Norra Vånga,1998-01-01,20,Kodändrad; ny länstillhörighet
166032,Edsvära,147032,Edsvära,1998-01-01,20,Kodändrad; ny länstillhörighet
166101,Kleva-Sil,147101,Kleva-Sil,1998-01-01,20,Kodändrad; ny länstillhörighet
166101,Sil,166101,Kleva-Sil,1992-01-01,16,Utvidgas och namnändras
166102,Götene,147102,Götene,1998-01-01,20,Kodändrad; ny länstillhörighet
166103,Kinne-Vedum,147103,Kinne-Vedum,1998-01-01,20,Kodändrad; ny länstillhörighet
166104,Holmestad,147104,Holmestad,1998-01-01,20,Kodändrad; ny länstillhörighet
166105,Vättlösa,147105,Vättlösa,1998-01-01,20,Kodändrad; ny länstillhörighet
166106,Skeby,147106,Skeby,1998-01-01,20,Kodändrad; ny länstillhörighet
166107,Hangelösa,147107,Hangelösa,1998-01-01,20,Kodändrad; ny länstillhörighet
166108,Ova,147108,Ova,1998-01-01,20,Kodändrad; ny länstillhörighet
166109,Ledsjö,147109,Ledsjö,1998-01-01,20,Kodändrad; ny länstillhörighet
166110,Skälvum,147110,Skälvum,1998-01-01,20,Kodändrad; ny länstillhörighet
166111,Broby,147111,Broby,1998-01-01,20,Kodändrad; ny länstillhörighet
166112,Källby,147112,Källby,1998-01-01,20,Kodändrad; ny länstillhörighet
166113,Husaby,147113,Husaby,1998-01-01,20,Kodändrad; ny länstillhörighet
166114,Kinne-Kleva,166101,Kleva-Sil,1992-01-01,10,Upphör; till befintlig
166115,Kestad,147115,Kestad,1998-01-01,20,Kodändrad; ny länstillhörighet
166116,Fullösa,147116,Fullösa,1998-01-01,20,Kodändrad; ny länstillhörighet
166117,Forshem,147117,Forshem,1998-01-01,20,Kodändrad; ny länstillhörighet
166118,Österplana,147118,Österplana,1998-01-01,20,Kodändrad; ny länstillhörighet
166119,Medelplana,147119,Medelplana,1998-01-01,20,Kodändrad; ny länstillhörighet
166120,Västerplana,147120,Västerplana,1998-01-01,20,Kodändrad; ny länstillhörighet
166201,Tibro,147201,Tibro,1998-01-01,20,Kodändrad; ny länstillhörighet
166202,Ransberg,147202,Ransberg,1998-01-01,20,Kodändrad; ny länstillhörighet
166301,Töreboda,147301,Töreboda,1998-01-01,20,Kodändrad; ny länstillhörighet
166302,Fredsberg,147302,Fredsberg,1998-01-01,20,Kodändrad; ny länstillhörighet
166303,Bäck,147303,Bäck,1998-01-01,20,Kodändrad; ny länstillhörighet
166304,Sveneby,147304,Sveneby,1998-01-01,20,Kodändrad; ny länstillhörighet
166305,Hjälstad,147305,Hjälstad,1998-01-01,20,Kodändrad; ny länstillhörighet
166306,Trästena,147306,Trästena,1998-01-01,20,Kodändrad; ny länstillhörighet
166307,Fägre,147307,Fägre,1998-01-01,20,Kodändrad; ny länstillhörighet
166308,Mo,147308,Mo,1998-01-01,20,Kodändrad; ny länstillhörighet
166309,Bällefors,147309,Bällefors,1998-01-01,20,Kodändrad; ny länstillhörighet
166310,Ekeskog,147310,Ekeskog,1998-01-01,20,Kodändrad; ny länstillhörighet
166311,Beateberg,147311,Beateberg,1998-01-01,20,Kodändrad; ny länstillhörighet
166312,Halna,147312,Halna,1998-01-01,20,Kodändrad; ny länstillhörighet
166313,Älgarås,147313,Älgarås,1998-01-01,20,Kodändrad; ny länstillhörighet
168001,Mariestad,149301,Mariestad,1998-01-01,20,Kodändrad; ny länstillhörighet
168002,Leksberg,149302,Leksberg,1998-01-01,20,Kodändrad; ny länstillhörighet
168003,Ullervad,149303,Ullervad,1998-01-01,20,Kodändrad; ny länstillhörighet
168004,Utby,149304,Utby,1998-01-01,20,Kodändrad; ny länstillhörighet
168005,Ekby,149305,Ekby,1998-01-01,20,Kodändrad; ny länstillhörighet
168006,Tidavad,149306,Tidavad,1998-01-01,20,Kodändrad; ny länstillhörighet
168007,Odensåker,149307,Odensåker,1998-01-01,20,Kodändrad; ny länstillhörighet
168008,Låstad,149308,Låstad,1998-01-01,20,Kodändrad; ny länstillhörighet
168009,Ek,149309,Ek,1998-01-01,20,Kodändrad; ny länstillhörighet
168010,Lugnås,149310,Lugnås,1998-01-01,20,Kodändrad; ny länstillhörighet
168011,Bredsäter,149311,Bredsäter,1998-01-01,20,Kodändrad; ny länstillhörighet
168012,Björsäter,149312,Björsäter,1998-01-01,20,Kodändrad; ny länstillhörighet
168013,Torsö,149313,Torsö,1998-01-01,20,Kodändrad; ny länstillhörighet
168014,Enåsa,149314,Enåsa,1998-01-01,20,Kodändrad; ny länstillhörighet
168015,Hassle,149315,Hassle,1998-01-01,20,Kodändrad; ny länstillhörighet
168016,Berga,149316,Berga,1998-01-01,20,Kodändrad; ny länstillhörighet
168017,Färed,149317,Färed,1998-01-01,20,Kodändrad; ny länstillhörighet
168018,Lyrestad,149318,Lyrestad,1998-01-01,20,Kodändrad; ny länstillhörighet
168101,Lidköping,149401,Lidköping,1998-01-01,20,Kodändrad; ny länstillhörighet
168102,Uvered,149402,Uvered,1998-01-01,20,Kodändrad; ny länstillhörighet
168103,Järpås,149403,Järpås,1998-01-01,20,Kodändrad; ny länstillhörighet
168104,Häggesled,149404,Häggesled,1998-01-01,20,Kodändrad; ny länstillhörighet
168105,Råda,149405,Råda,1998-01-01,20,Kodändrad; ny länstillhörighet
168106,Mellby,149406,Mellby,1998-01-01,20,Kodändrad; ny länstillhörighet
168107,Kållands-Åsaka,149407,Kållands-Åsaka,1998-01-01,20,Kodändrad; ny länstillhörighet
168108,Skalunda,149408,Skalunda,1998-01-01,20,Kodändrad; ny länstillhörighet
168109,Rackeby,149409,Rackeby,1998-01-01,20,Kodändrad; ny länstillhörighet
168110,Strö,149410,Strö,1998-01-01,20,Kodändrad; ny länstillhörighet
168111,Otterstad,149411,Otterstad,1998-01-01,20,Kodändrad; ny länstillhörighet
168112,Sunnersberg,149412,Sunnersberg,1998-01-01,20,Kodändrad; ny länstillhörighet
168113,Gösslunda,149413,Gösslunda,1998-01-01,20,Kodändrad; ny länstillhörighet
168114,Saleby,149414,Saleby,1998-01-01,20,Kodändrad; ny länstillhörighet
168115,Trässberg,149415,Trässberg,1998-01-01,20,Kodändrad; ny länstillhörighet
168116,Härjevad,149416,Härjevad,1998-01-01,20,Kodändrad; ny länstillhörighet
168117,Karaby,149417,Karaby,1998-01-01,20,Kodändrad; ny länstillhörighet
168118,Tun,149418,Tun,1998-01-01,20,Kodändrad; ny länstillhörighet
168119,Friel,149419,Friel,1998-01-01,20,Kodändrad; ny länstillhörighet
168120,Hovby,149420,Hovby,1998-01-01,20,Kodändrad; ny länstillhörighet
168121,Norra Härene,149421,Norra Härene,1998-01-01,20,Kodändrad; ny länstillhörighet
168122,Lindärva,149422,Lindärva,1998-01-01,20,Kodändrad; ny länstillhörighet
168123,Hasslösa,149423,Hasslösa,1998-01-01,20,Kodändrad; ny länstillhörighet
168124,Sävare,149424,Sävare,1998-01-01,20,Kodändrad; ny länstillhörighet
168125,Lavad,149425,Lavad,1998-01-01,20,Kodändrad; ny länstillhörighet
168126,Gillstad,149426,Gillstad,1998-01-01,20,Kodändrad; ny länstillhörighet
168127,Tranum,149427,Tranum,1998-01-01,20,Kodändrad; ny länstillhörighet
168128,Tådene,149428,Tådene,1998-01-01,20,Kodändrad; ny länstillhörighet
168129,Norra Kedum,149429,Norra Kedum,1998-01-01,20,Kodändrad; ny länstillhörighet
168130,Väla,149430,Väla,1998-01-01,20,Kodändrad; ny länstillhörighet
168131,Örslösa,149431,Örslösa,1998-01-01,20,Kodändrad; ny länstillhörighet
168132,Söne,149432,Söne,1998-01-01,20,Kodändrad; ny länstillhörighet
168201,Skara domkyrkoförs.,149501,Skara domkyrkoförs.,1998-01-01,20,Kodändrad; ny länstillhörighet
168201,Skara,168201,Skara domkyrkoförs.,1975-01-01,40,Namnändrad (ej kodändrad)
168202,Istrum,168204,Eggby-Istrum,1992-01-01,10,Upphör; till befintlig
168203,Öglunda,149503,Öglunda,1998-01-01,20,Kodändrad; ny länstillhörighet
168204,Eggby-Istrum,149504,Eggby-Istrum,1998-01-01,20,Kodändrad; ny länstillhörighet
168204,Eggby,168204,Eggby-Istrum,1992-01-01,16,Utvidgas och namnändras
168205,Varnhem,149505,Varnhem,1998-01-01,20,Kodändrad; ny länstillhörighet
168206,Norra Lundby,149506,Norra Lundby,1998-01-01,20,Kodändrad; ny länstillhörighet
168207,Skärv,149507,Skärv,1998-01-01,20,Kodändrad; ny länstillhörighet
168208,Norra Ving,149508,Norra Ving,1998-01-01,20,Kodändrad; ny länstillhörighet
168209,Stenum,149509,Stenum,1998-01-01,20,Kodändrad; ny länstillhörighet
168210,Skånings-Åsaka,149510,Skånings-Åsaka,1998-01-01,20,Kodändrad; ny länstillhörighet
168211,Händene,149511,Händene,1998-01-01,20,Kodändrad; ny länstillhörighet
168212,Synnerby,149512,Synnerby,1998-01-01,20,Kodändrad; ny länstillhörighet
168213,Marum,168216,Marum-Gerum,1992-01-01,10,Upphör; till befintlig
168214,Härlunda,168214,Härlunda,1989-01-01,15,Utvidgas
168214,Härlunda,149514,Härlunda,1998-01-01,20,Kodändrad; ny länstillhörighet
168215,Vinköl,149515,Vinköl,1998-01-01,20,Kodändrad; ny länstillhörighet
168216,Marum-Gerum,149516,Marum-Gerum,1998-01-01,20,Kodändrad; ny länstillhörighet
168216,Västra Gerum,168216,Marum-Gerum,1992-01-01,16,Utvidgas och namnändras
168217,Skallmeja,149517,Skallmeja,1998-01-01,20,Kodändrad; ny länstillhörighet
168218,Bjärka,168214,Härlunda,1989-01-01,10,Upphör; till befintlig
168301,Skövde,168301,Skövde,1974-01-01,15,Utvidgas
168301,Skövde,149601,Skövde,1998-01-01,20,Kodändrad; ny länstillhörighet
168302,Öm,168301,Skövde,1974-01-01,10,Upphör; till befintlig
168303,Våmb,149603,Våmb,1998-01-01,20,Kodändrad; ny länstillhörighet
168304,Ryd,149604,Ryd,1998-01-01,20,Kodändrad; ny länstillhörighet
168305,Häggum,149605,Häggum,1998-01-01,20,Kodändrad; ny länstillhörighet
168306,Rådene,168307,Sjogerstad-Rådene,1992-01-01,10,Upphör; till befintlig
168307,Sjogerstad,168307,Sjogerstad-Rådene,1992-01-01,16,Utvidgas och namnändras
168307,Sjogerstad-Rådene,149607,Sjogerstad-Rådene,1998-01-01,20,Kodändrad; ny länstillhörighet
168308,Norra Kyrketorp,149608,Norra Kyrketorp,1998-01-01,20,Kodändrad; ny länstillhörighet
168309,Hagelberg,149609,Hagelberg,1998-01-01,20,Kodändrad; ny länstillhörighet
168310,Ljunghem,168329,Vreten,1996-01-01,11,Upphör; till nybildad
168311,Edåsa,168329,Vreten,1996-01-01,11,Upphör; till nybildad
168312,Varola,149612,Varola,1998-01-01,20,Kodändrad; ny länstillhörighet
168313,Forsby,149613,Forsby,1998-01-01,20,Kodändrad; ny länstillhörighet
168314,Sventorp,149614,Sventorp,1998-01-01,20,Kodändrad; ny länstillhörighet
168315,Värsås,149615,Värsås,1998-01-01,20,Kodändrad; ny länstillhörighet
168316,Locketorp,149616,Locketorp,1998-01-01,20,Kodändrad; ny länstillhörighet
168317,Väring,149617,Väring,1998-01-01,20,Kodändrad; ny länstillhörighet
168318,Horn,149618,Horn,1998-01-01,20,Kodändrad; ny länstillhörighet
168319,Binneberg,149619,Binneberg,1998-01-01,20,Kodändrad; ny länstillhörighet
168320,Frösve,149620,Frösve,1998-01-01,20,Kodändrad; ny länstillhörighet
168321,Säter,149621,Säter,1998-01-01,20,Kodändrad; ny länstillhörighet
168322,Berg,149622,Berg,1998-01-01,20,Kodändrad; ny länstillhörighet
168323,Lerdala,149623,Lerdala,1998-01-01,20,Kodändrad; ny länstillhörighet
168324,Timmersdala,149624,Timmersdala,1998-01-01,20,Kodändrad; ny länstillhörighet
168325,Böja,149625,Böja,1998-01-01,20,Kodändrad; ny länstillhörighet
168326,Flistad,149626,Flistad,1998-01-01,20,Kodändrad; ny länstillhörighet
168327,Götlunda,149627,Götlunda,1998-01-01,20,Kodändrad; ny länstillhörighet
168328,Vad,149628,Vad,1998-01-01,20,Kodändrad; ny länstillhörighet
168329,Vreten,149629,Vreten,1998-01-01,20,Kodändrad; ny länstillhörighet
168401,Hjo,149701,Hjo,1998-01-01,20,Kodändrad; ny länstillhörighet
168401,Hjo stadsförs.,168401,Hjo,1989-01-01,16,Utvidgas och namnändras
168402,Hjo landsförs.,168401,Hjo,1989-01-01,10,Upphör; till befintlig
168403,Grevbäck,149703,Grevbäck,1998-01-01,20,Kodändrad; ny länstillhörighet
168404,Mofalla,149704,Mofalla,1998-01-01,20,Kodändrad; ny länstillhörighet
168405,Södra Fågelås,149705,Södra Fågelås,1998-01-01,20,Kodändrad; ny länstillhörighet
168406,Norra Fågelås,149706,Norra Fågelås,1998-01-01,20,Kodändrad; ny länstillhörighet
168407,Fridene,149707,Fridene,1998-01-01,20,Kodändrad; ny länstillhörighet
168408,Korsberga,149708,Korsberga,1998-01-01,20,Kodändrad; ny länstillhörighet
168501,Tidaholm,149801,Tidaholm,1998-01-01,20,Kodändrad; ny länstillhörighet
168501,Tidaholm,168501,Tidaholm,1992-01-01,15,Utvidgas
168502,Härja,149802,Härja,1998-01-01,20,Kodändrad; ny länstillhörighet
168503,Daretorp,149803,Daretorp,1998-01-01,20,Kodändrad; ny länstillhörighet
168504,Velinga,149804,Velinga,1998-01-01,20,Kodändrad; ny länstillhörighet
168505,Baltak,149805,Baltak,1998-01-01,20,Kodändrad; ny länstillhörighet
168506,Agnetorp,168501,Tidaholm,1992-01-01,10,Upphör; till befintlig
168507,Fröjered,149807,Fröjered,1998-01-01,20,Kodändrad; ny länstillhörighet
168508,Ottravad,168515,Dimbo-Ottravad,1992-01-01,10,Upphör; till befintlig
168509,Suntak,149809,Suntak,1998-01-01,20,Kodändrad; ny länstillhörighet
168510,Vättak,149810,Vättak,1998-01-01,20,Kodändrad; ny länstillhörighet
168511,Kymbo,149811,Kymbo,1998-01-01,20,Kodändrad; ny länstillhörighet
168512,Valstad,149812,Valstad,1998-01-01,20,Kodändrad; ny länstillhörighet
168513,Hångsdala,149813,Hångsdala,1998-01-01,20,Kodändrad; ny länstillhörighet
168514,Östra Gerum,149814,Östra Gerum,1998-01-01,20,Kodändrad; ny länstillhörighet
168515,Dimbo-Ottravad,149815,Dimbo-Ottravad,1998-01-01,20,Kodändrad; ny länstillhörighet
168515,Dimbo,168515,Dimbo-Ottravad,1992-01-01,16,Utvidgas och namnändras
168516,Varv,149816,Varv,1998-01-01,20,Kodändrad; ny länstillhörighet
168517,Acklinga,149817,Acklinga,1998-01-01,20,Kodändrad; ny länstillhörighet
168518,Hömb,149818,Hömb,1998-01-01,20,Kodändrad; ny länstillhörighet
168519,Kungslena,149819,Kungslena,1998-01-01,20,Kodändrad; ny länstillhörighet
168601,Falköping,149901,Falköping,1998-01-01,20,Kodändrad; ny länstillhörighet
168601,Falköpings stadsförs.,168601,Falköping,1983-01-01,16,Utvidgas och namnändras
168602,Friggeråker,149902,Friggeråker,1998-01-01,20,Kodändrad; ny länstillhörighet
168603,Trävattna,149903,Trävattna,1998-01-01,20,Kodändrad; ny länstillhörighet
168604,Hällestad,149904,Hällestad,1998-01-01,20,Kodändrad; ny länstillhörighet
168605,Floby,149905,Floby,1998-01-01,20,Kodändrad; ny länstillhörighet
168606,Sörby,149906,Sörby,1998-01-01,20,Kodändrad; ny länstillhörighet
168607,Gökhem,149907,Gökhem,1998-01-01,20,Kodändrad; ny länstillhörighet
168608,Ullene,149908,Ullene,1998-01-01,20,Kodändrad; ny länstillhörighet
168609,Vilske-Kleva,149909,Vilske-Kleva,1998-01-01,20,Kodändrad; ny länstillhörighet
168610,Marka,149910,Marka,1998-01-01,20,Kodändrad; ny länstillhörighet
168611,Göteve,149911,Göteve,1998-01-01,20,Kodändrad; ny länstillhörighet
168612,Grolanda,149912,Grolanda,1998-01-01,20,Kodändrad; ny länstillhörighet
168613,Jäla,149913,Jäla,1998-01-01,20,Kodändrad; ny länstillhörighet
168614,Börstig,149914,Börstig,1998-01-01,20,Kodändrad; ny länstillhörighet
168615,Brismene,149915,Brismene,1998-01-01,20,Kodändrad; ny länstillhörighet
168616,Kinneved,149916,Kinneved,1998-01-01,20,Kodändrad; ny länstillhörighet
168617,Vårkumla,149917,Vårkumla,1998-01-01,20,Kodändrad; ny länstillhörighet
168618,Luttra,149918,Luttra,1998-01-01,20,Kodändrad; ny länstillhörighet
168619,Falköpings landsförs.,168601,Falköping,1983-01-01,10,Upphör; till befintlig
168620,Karleby,149920,Karleby,1998-01-01,20,Kodändrad; ny länstillhörighet
168621,Åsle,149921,Åsle,1998-01-01,20,Kodändrad; ny länstillhörighet
168622,Tiarp,149922,Tiarp,1998-01-01,20,Kodändrad; ny länstillhörighet
168623,Mularp,149923,Mularp,1998-01-01,20,Kodändrad; ny länstillhörighet
168624,Slöta,149924,Slöta,1998-01-01,20,Kodändrad; ny länstillhörighet
168625,Kälvene,149925,Kälvene,1998-01-01,20,Kodändrad; ny länstillhörighet
168626,Näs,149926,Näs,1998-01-01,20,Kodändrad; ny länstillhörighet
168627,Vartofta-Åsaka,149927,Vartofta-Åsaka,1998-01-01,20,Kodändrad; ny länstillhörighet
168628,Yllestad,149928,Yllestad,1998-01-01,20,Kodändrad; ny länstillhörighet
168629,Vistorp,149929,Vistorp,1998-01-01,20,Kodändrad; ny länstillhörighet
168630,Skörstorp,149930,Skörstorp,1998-01-01,20,Kodändrad; ny länstillhörighet
168631,Högstena,149931,Högstena,1998-01-01,20,Kodändrad; ny länstillhörighet
168632,Dala,149932,Dala,1998-01-01,20,Kodändrad; ny länstillhörighet
168633,Borgunda,149933,Borgunda,1998-01-01,20,Kodändrad; ny länstillhörighet
168634,Stenstorp,149934,Stenstorp,1998-01-01,20,Kodändrad; ny länstillhörighet
168635,Brunnhem,149935,Brunnhem,1998-01-01,20,Kodändrad; ny länstillhörighet
168636,Segerstad,149936,Segerstad,1998-01-01,20,Kodändrad; ny länstillhörighet
168637,Södra Kyrketorp,149937,Södra Kyrketorp,1998-01-01,20,Kodändrad; ny länstillhörighet
168638,Valtorp,149938,Valtorp,1998-01-01,20,Kodändrad; ny länstillhörighet
168639,Håkantorp,149939,Håkantorp,1998-01-01,20,Kodändrad; ny länstillhörighet
168640,Torbjörntorp,149940,Torbjörntorp,1998-01-01,20,Kodändrad; ny länstillhörighet
168641,Gudhem,149941,Gudhem,1998-01-01,20,Kodändrad; ny länstillhörighet
168642,Östra Tunhem,149942,Östra Tunhem,1998-01-01,20,Kodändrad; ny länstillhörighet
168643,Ugglum,149943,Ugglum,1998-01-01,20,Kodändrad; ny länstillhörighet
168644,Bjurum,149944,Bjurum,1998-01-01,20,Kodändrad; ny länstillhörighet
168645,Sätuna,168647,Broddetorp,1989-01-01,10,Upphör; till befintlig
168646,Hornborga,168647,Broddetorp,1989-01-01,10,Upphör; till befintlig
168647,Broddetorp,168647,Broddetorp,1989-01-01,15,Utvidgas
168647,Broddetorp,149947,Broddetorp,1998-01-01,20,Kodändrad; ny länstillhörighet
168648,Bolum,168647,Broddetorp,1989-01-01,10,Upphör; till befintlig
168649,Fivlered,149951,Åsarp,1998-01-01,10,Upphör; till befintlig
168650,Solberga,149951,Åsarp,1998-01-01,10,Upphör; till befintlig
168651,Åsarp-Smula,149951,Åsarp,1998-01-01,30,Kod- och namnändrad; ny länstillhörighet
168651,Norra Åsarp,168651,Åsarp-Smula,1992-01-01,16,Utvidgas och namnändras
168652,Smula,168651,Åsarp-Smula,1992-01-01,10,Upphör; till befintlig
170101,Rudskoga,178103,Rudskoga,1971-01-01,21,Kodändrad; ny kommuntillhörighet
170102,Södra Råda,164303,Södra Råda,1971-01-01,22,Kodändrad; både ny läns- och kommuntillhörighet
170103,Visnums-Kil,178104,Visnums-Kil,1971-01-01,21,Kodändrad; ny kommuntillhörighet
170104,Visnum,178105,Visnum,1971-01-01,21,Kodändrad; ny kommuntillhörighet
170201,Ölme,178106,Ölme,1971-01-01,21,Kodändrad; ny kommuntillhörighet
170202,Väse,178004,Väse,1971-01-01,21,Kodändrad; ny kommuntillhörighet
170501,Kroppa,178206,Kroppa,1971-01-01,21,Kodändrad; ny kommuntillhörighet
170601,Brattfors,178203,Brattfors,1971-01-01,21,Kodändrad; ny kommuntillhörighet
170602,Färnebo,178201,Filipstad,1971-01-01,10,Upphör; till befintlig
170603,Nordmark,178204,Nordmark,1971-01-01,21,Kodändrad; ny kommuntillhörighet
170604,Gåsborn,178205,Gåsborn,1971-01-01,21,Kodändrad; ny kommuntillhörighet
170701,Rämmen,178207,Rämmen,1971-01-01,21,Kodändrad; ny kommuntillhörighet
170801,Norra Finnskoga,173706,Norra Finnskoga,1974-01-01,21,Kodändrad; ny kommuntillhörighet
170802,Södra Finnskoga,173707,Södra Finnskoga,1974-01-01,21,Kodändrad; ny kommuntillhörighet
170803,Dalby,173708,Dalby,1974-01-01,21,Kodändrad; ny kommuntillhörighet
170901,Norra Ny,173709,Norra Ny,1974-01-01,21,Kodändrad; ny kommuntillhörighet
171001,Ekshärad,178302,Ekshärad,1974-01-01,21,Kodändrad; ny kommuntillhörighet
171101,Gustav Adolf,178303,Gustav Adolf,1974-01-01,21,Kodändrad; ny kommuntillhörighet
171201,Norra Råda,178304,Norra Råda,1974-01-01,21,Kodändrad; ny kommuntillhörighet
171202,Sunnemo,178305,Sunnemo,1974-01-01,21,Kodändrad; ny kommuntillhörighet
171301,Älvsbacka,178005,Älvsbacka,1971-01-01,21,Kodändrad; ny kommuntillhörighet
171302,Nyed,178006,Nyed,1971-01-01,21,Kodändrad; ny kommuntillhörighet
171303,Alster,178007,Alster,1971-01-01,21,Kodändrad; ny kommuntillhörighet
171401,Nedre Ullerud,176302,Nedre Ullerud,1974-01-01,21,Kodändrad; ny kommuntillhörighet
171402,Övre Ullerud,176303,Övre Ullerud,1974-01-01,21,Kodändrad; ny kommuntillhörighet
171601,Grava,178008,Grava,1971-01-01,21,Kodändrad; ny kommuntillhörighet
171701,Frykerud,171502,Frykerud,1971-01-01,21,Kodändrad; ny kommuntillhörighet
171801,Nor,178009,Nor,1971-01-01,21,Kodändrad; ny kommuntillhörighet
171802,Segerstad,178010,Segerstad,1971-01-01,21,Kodändrad; ny kommuntillhörighet
172001,Bro,178503,Bro,1971-01-01,21,Kodändrad; ny kommuntillhörighet
172002,Södra Ny,172008,Ny-Huggenäs,1970-01-01,10,Upphör; till befintlig
172003,Huggenäs,172008,Ny-Huggenäs,1970-01-01,23,Kodändrad; annat än 20-22
172004,Botilsäter,178504,Botilsäter,1971-01-01,21,Kodändrad; ny kommuntillhörighet
172005,Ölserud,178505,Ölserud,1971-01-01,21,Kodändrad; ny kommuntillhörighet
172006,Millesvik,178506,Millesvik,1971-01-01,21,Kodändrad; ny kommuntillhörighet
172007,Eskilsäter,178507,Eskilsäter,1971-01-01,21,Kodändrad; ny kommuntillhörighet
172008,Ny-Huggenäs,178508,Ny-Huggenäs,1971-01-01,21,Kodändrad; ny kommuntillhörighet
172008,Ny-Huggenäs,172008,Ny-Huggenäs,1970-01-01,16,Utvidgas och namnändras
172101,Gillberga,178509,Gillberga,1971-01-01,21,Kodändrad; ny kommuntillhörighet
172102,Kila,178510,Kila,1971-01-01,21,Kodändrad; ny kommuntillhörighet
172201,Svanskog,178511,Svanskog,1971-01-01,21,Kodändrad; ny kommuntillhörighet
172202,Långserud,178512,Långserud,1971-01-01,21,Kodändrad; ny kommuntillhörighet
172301,Stavnäs,178403,Stavnäs,1971-01-01,21,Kodändrad; ny kommuntillhörighet
172302,Värmskog,176404,Värmskog,1971-01-01,21,Kodändrad; ny kommuntillhörighet
172303,Högerud,178404,Högerud,1971-01-01,21,Kodändrad; ny kommuntillhörighet
172401,Glava,178405,Glava,1971-01-01,21,Kodändrad; ny kommuntillhörighet
172501,Sillerud,176502,Sillerud,1971-01-01,21,Kodändrad; ny kommuntillhörighet
172601,Karlanda,176503,Karlanda,1971-01-01,21,Kodändrad; ny kommuntillhörighet
172602,Holmedal,176504,Holmedal,1971-01-01,21,Kodändrad; ny kommuntillhörighet
172603,Blomskog,176505,Blomskog,1971-01-01,21,Kodändrad; ny kommuntillhörighet
172604,Trankil,176506,Trankil,1971-01-01,21,Kodändrad; ny kommuntillhörighet
172701,Västra Fågelvik,176507,Västra Fågelvik,1974-01-01,21,Kodändrad; ny kommuntillhörighet
172702,Töcksmark,176508,Töcksmark,1974-01-01,21,Kodändrad; ny kommuntillhörighet
172703,Östervallskog,176509,Östervallskog,1974-01-01,21,Kodändrad; ny kommuntillhörighet
172801,Järnskog,173003,Järnskog,1971-01-01,21,Kodändrad; ny kommuntillhörighet
172802,Skillingmark,173004,Skillingmark,1971-01-01,21,Kodändrad; ny kommuntillhörighet
172901,Köla,173005,Köla,1971-01-01,21,Kodändrad; ny kommuntillhörighet
173003,Järnskog,173003,Järnskog-Skillingmark,2010-01-01,16,Utvidgas och namnändras
173004,Skillingmark,173003,Järnskog-Skillingmark,2010-01-01,10,Upphör; till befintlig
173101,Bogen,178406,Bogen,1971-01-01,21,Kodändrad; ny kommuntillhörighet
173102,Gunnarskog,178407,Gunnarskog,1971-01-01,21,Kodändrad; ny kommuntillhörighet
173201,Ny,178408,Ny,1971-01-01,21,Kodändrad; ny kommuntillhörighet
173202,Älgå,178409,Älgå,1971-01-01,21,Kodändrad; ny kommuntillhörighet
173301,Mangskog,178410,Mangskog,1971-01-01,21,Kodändrad; ny kommuntillhörighet
173302,Brunskog,178411,Brunskog,1971-01-01,21,Kodändrad; ny kommuntillhörighet
173304,Boda,171503,Boda,1971-01-01,21,Kodändrad; ny kommuntillhörighet
173401,Gräsmark,176604,Gräsmark,1971-01-01,21,Kodändrad; ny kommuntillhörighet
173601,Lysvik,176605,Lysvik,1971-01-01,21,Kodändrad; ny kommuntillhörighet
173704,Nyskoga,173709,Norra Ny-Nyskoga,2002-01-01,10,Upphör; till befintlig
173706,Norra Finnskoga,173708,Övre Älvdal,2010-01-01,10,Upphör; till befintlig
173707,Södra Finnskoga,173708,Övre Älvdal,2010-01-01,10,Upphör; till befintlig
173708,Dalby,173708,Övre Älvdal,2010-01-01,16,Utvidgas och namnändras
173709,Norra Ny-Nyskoga,173708,Övre Älvdal,2010-01-01,10,Upphör; till befintlig
173709,Norra Ny,173709,Norra Ny-Nyskoga,2002-01-01,16,Utvidgas och namnändras
173801,Östmark,173705,Östmark,1971-01-01,21,Kodändrad; ny kommuntillhörighet
176001,Storfors,176001,Storfors,2010-01-01,15,Utvidgas
176002,Bjurtjärn,176001,Storfors,2010-01-01,10,Upphör; till befintlig
176003,Lungsund,176001,Storfors,2010-01-01,10,Upphör; till befintlig
176201,Ransäter,176202,Munkfors-Ransäter,2010-01-01,10,Upphör; till befintlig
176202,Munkfors,176202,Munkfors-Ransäter,2010-01-01,16,Utvidgas och namnändras
176202,Munkfors-Ransäter,176202,"Forshaga-Munkfors, del",2013-01-01,40,Namnändrad (ej kodändrad)
176301,Forshaga,176301,"Forshaga-Munkfors, del",2013-01-01,16,Utvidgas och namnändras
176302,Ullerud,176301,"Forshaga-Munkfors, del",2013-01-01,10,Upphör; till befintlig
176302,Nedre Ullerud,176302,Ullerud,2006-01-01,16,Utvidgas och namnändras
176303,Övre Ullerud,176302,Ullerud,2006-01-01,10,Upphör; till befintlig
176402,Borgvik,176403,Ed-Borgvik,2010-01-01,10,Upphör; till befintlig
176403,Ed,176403,Ed-Borgvik,2010-01-01,16,Utvidgas och namnändras
176503,Karlanda,176503,Holmedal-Karlanda,2006-01-01,16,Utvidgas och namnändras
176504,Holmedal,176503,Holmedal-Karlanda,2006-01-01,10,Upphör; till befintlig
178001,Karlstads domkyrkoförs.,178011,Västerstrand,1992-01-01,12,Ger del till nybildad
178003,Östra Fågelvik,178003,Väse-Fågelvik,2006-01-01,16,Utvidgas och namnändras
178004,Väse,178003,Väse-Fågelvik,2006-01-01,10,Upphör; till befintlig
178005,Älvsbacka,178006,Alster-Nyedsbygden,2006-01-01,10,Upphör; till befintlig
178006,Nyed,178006,Alster-Nyedsbygden,2006-01-01,16,Utvidgas och namnändras
178007,Alster,178006,Alster-Nyedsbygden,2006-01-01,10,Upphör; till befintlig
178009,Nor,178009,Nor-Segerstad,2006-01-01,16,Utvidgas och namnändras
178010,Segerstad,178009,Nor-Segerstad,2006-01-01,10,Upphör; till befintlig
178201,Filipstad,178201,Filipstad,1971-01-01,15,Utvidgas
178201,Filipstad,178201,Filipstad,2010-01-01,15,Utvidgas
178203,Brattfors,178201,Filipstad,2010-01-01,10,Upphör; till befintlig
178204,Nordmark,178201,Filipstad,2010-01-01,10,Upphör; till befintlig
178205,Gåsborn,178201,Filipstad,2010-01-01,10,Upphör; till befintlig
178206,Kroppa,178201,Filipstad,2010-01-01,10,Upphör; till befintlig
178207,Rämmen,178201,Filipstad,2010-01-01,10,Upphör; till befintlig
178301,Hagfors,178301,Hagfors-Gustav Adolf,2006-01-01,16,Utvidgas och namnändras
178303,Gustav Adolf,178301,Hagfors-Gustav Adolf,2006-01-01,10,Upphör; till befintlig
178304,Norra Råda,178304,Norra Råda-Sunnemo,2010-01-01,16,Utvidgas och namnändras
178305,Sunnemo,178304,Norra Råda-Sunnemo,2010-01-01,10,Upphör; till befintlig
178403,Stavnäs,178403,Stavnäs-Högerud,2006-01-01,16,Utvidgas och namnändras
178404,Högerud,178403,Stavnäs-Högerud,2006-01-01,10,Upphör; till befintlig
178406,Bogen,178407,Gunnarskog,2010-01-01,10,Upphör; till befintlig
178407,Gunnarskog,178407,Gunnarskog,2010-01-01,15,Utvidgas
178504,Botilsäter,178504,Södra Värmlandsnäs,2010-01-01,16,Utvidgas och namnändras
178505,Ölserud,178504,Södra Värmlandsnäs,2010-01-01,10,Upphör; till befintlig
178506,Millesvik,178504,Södra Värmlandsnäs,2010-01-01,10,Upphör; till befintlig
178507,Eskilsäter,178504,Södra Värmlandsnäs,2010-01-01,10,Upphör; till befintlig
180201,Vintrosa,188007,Vintrosa,1971-01-01,21,Kodändrad; ny kommuntillhörighet
180202,Tysslinge,188008,Tysslinge,1971-01-01,21,Kodändrad; ny kommuntillhörighet
180203,Gräve,188009,Gräve,1971-01-01,21,Kodändrad; ny kommuntillhörighet
180301,Kil,188010,Kil,1971-01-01,21,Kodändrad; ny kommuntillhörighet
180302,Ervalla,188011,Ervalla,1971-01-01,21,Kodändrad; ny kommuntillhörighet
180303,Axberg,188012,Axberg,1971-01-01,21,Kodändrad; ny kommuntillhörighet
180304,Hovsta,188013,Hovsta,1971-01-01,21,Kodändrad; ny kommuntillhörighet
180401,Rinkaby,188026,Rinkaby,1974-01-01,21,Kodändrad; ny kommuntillhörighet
180402,Glanshammar,188027,Glanshammar,1974-01-01,21,Kodändrad; ny kommuntillhörighet
180403,Ödeby,188028,Ödeby,1974-01-01,21,Kodändrad; ny kommuntillhörighet
180404,Lillkyrka,188029,Lillkyrka,1974-01-01,21,Kodändrad; ny kommuntillhörighet
180405,Götlunda,198404,Götlunda,1974-01-01,22,Kodändrad; både ny läns- och kommuntillhörighet
180501,Lännäs,188014,Lännäs,1971-01-01,21,Kodändrad; ny kommuntillhörighet
180502,Asker,188015,Asker,1971-01-01,21,Kodändrad; ny kommuntillhörighet
180601,Stora Mellösa,188016,Stora Mellösa,1971-01-01,21,Kodändrad; ny kommuntillhörighet
180602,Norrbyås,188017,Norrbyås,1971-01-01,21,Kodändrad; ny kommuntillhörighet
180701,Gällersta,188018,Gällersta,1971-01-01,21,Kodändrad; ny kommuntillhörighet
180702,Ekeby,188103,Ekeby,1971-01-01,21,Kodändrad; ny kommuntillhörighet
180801,Sköllersta,186104,Sköllersta,1971-01-01,21,Kodändrad; ny kommuntillhörighet
180802,Svennevad,186105,Svennevad,1971-01-01,21,Kodändrad; ny kommuntillhörighet
180803,Bo,186106,Bo,1971-01-01,21,Kodändrad; ny kommuntillhörighet
180901,Lerbäck,188203,Lerbäck,1971-01-01,21,Kodändrad; ny kommuntillhörighet
180902,Snavlunda,188204,Snavlunda,1971-01-01,21,Kodändrad; ny kommuntillhörighet
181001,Hammar,188205,Hammar,1971-01-01,21,Kodändrad; ny kommuntillhörighet
181401,Hidinge,188019,Hidinge,1971-01-01,21,Kodändrad; ny kommuntillhörighet
181401,Hidinge,181402,Knista,2006-01-01,10,Upphör; till befintlig
181402,Knista,181402,Knista,2006-01-01,15,Utvidgas
181402,Knista,188020,Knista,1971-01-01,21,Kodändrad; ny kommuntillhörighet
181403,Kräcklinge,188021,Kräcklinge,1971-01-01,21,Kodändrad; ny kommuntillhörighet
181403,Kräcklinge,181405,Edsberg,2006-01-01,10,Upphör; till befintlig
181404,Hackvad,181405,Edsberg,2006-01-01,10,Upphör; till befintlig
181404,Hackvad,188022,Hackvad,1971-01-01,21,Kodändrad; ny kommuntillhörighet
181405,Edsberg,188023,Edsberg,1971-01-01,21,Kodändrad; ny kommuntillhörighet
181405,Edsberg,181405,Edsberg,2006-01-01,15,Utvidgas
181406,Tångeråsa,181405,Edsberg,2006-01-01,10,Upphör; till befintlig
181406,Tångeråsa,188024,Tångeråsa,1971-01-01,21,Kodändrad; ny kommuntillhörighet
181407,Kvistbro,188025,Kvistbro,1971-01-01,21,Kodändrad; ny kommuntillhörighet
181407,Kvistbro,181402,Knista,2006-01-01,10,Upphör; till befintlig
182001,Fellingsbro,188505,Fellingsbro,1971-01-01,21,Kodändrad; ny kommuntillhörighet
182002,Fellingsbro norra,188506,Fellingsbro norra,1971-01-01,21,Kodändrad; ny kommuntillhörighet
182101,Ramsberg,188507,Ramsberg,1971-01-01,21,Kodändrad; ny kommuntillhörighet
186002,Finnerödja,186002,Finnerödja-Tived,2006-01-01,16,Utvidgas och namnändras
186003,Tived,186002,Finnerödja-Tived,2006-01-01,10,Upphör; till befintlig
186104,Sköllersta,186104,Sköllersta,2010-01-01,15,Utvidgas
186105,Bo-Svennevad,186104,Sköllersta,2010-01-01,10,Upphör; till befintlig
186105,Svennevad,186105,Bo-Svennevad,2006-01-01,16,Utvidgas och namnändras
186106,Bo,186105,Bo-Svennevad,2006-01-01,10,Upphör; till befintlig
186201,Degerfors,186201,Degerfors-Nysund,2006-01-01,16,Utvidgas och namnändras
186202,Nysund,186201,Degerfors-Nysund,2006-01-01,10,Upphör; till befintlig
186301,Hällefors,186301,Hällefors-Hjulsjö,2006-01-01,16,Utvidgas och namnändras
186303,Hjulsjö,186301,Hällefors-Hjulsjö,2006-01-01,10,Upphör; till befintlig
186401,Ljusnarsbergs kbfd,186401,Ljusnarsberg,1992-01-01,16,Utvidgas och namnändras
186402,Hörkens kbfd,186401,Ljusnarsberg,1992-01-01,10,Upphör; till befintlig
186501,Näsby,188504,Näsby,1971-01-01,21,Kodändrad; ny kommuntillhörighet
188001,Örebro Nikolai,188031,Adolfsberg,1995-01-01,12,Ger del till nybildad
188003,Längbro,188030,Mikael,1977-01-01,12,Ger del till nybildad
188005,Mosjö,188005,Mosjö-Täby,2010-01-01,16,Utvidgas och namnändras
188006,Täby,188005,Mosjö-Täby,2010-01-01,10,Upphör; till befintlig
188007,Vintrosa,188008,Tysslinge,2002-01-01,10,Upphör; till befintlig
188008,Tysslinge,188008,Tysslinge,2002-01-01,15,Utvidgas
188009,Gräve,188008,Tysslinge,2002-01-01,10,Upphör; till befintlig
188010,Kil,188013,Axberg,2002-01-01,10,Upphör; till befintlig
188011,Ervalla,188013,Axberg,2002-01-01,10,Upphör; till befintlig
188012,Axberg,188013,Axberg,2002-01-01,10,Upphör; till befintlig
188013,Hovsta,188013,Axberg,2002-01-01,16,Utvidgas och namnändras
188016,Stora Mellösa,188016,Kvismare,2014-01-01,16,Utvidgas och namnändras
188017,Norrbyås,188018,Gällersta-Norrbyås,2006-01-01,10,Upphör; till befintlig
188018,Gällersta,188018,Gällersta-Norrbyås,2006-01-01,16,Utvidgas och namnändras
188018,Gällersta-Norrbyås,188016,Kvismare,2014-01-01,10,Upphör; till befintlig
188019,Hidinge,181401,Hidinge,1995-01-01,21,Kodändrad; ny kommuntillhörighet
188020,Knista,181402,Knista,1995-01-01,21,Kodändrad; ny kommuntillhörighet
188021,Kräcklinge,181403,Kräcklinge,1995-01-01,21,Kodändrad; ny kommuntillhörighet
188022,Hackvad,181404,Hackvad,1995-01-01,21,Kodändrad; ny kommuntillhörighet
188023,Edsberg,181405,Edsberg,1995-01-01,21,Kodändrad; ny kommuntillhörighet
188024,Tångeråsa,181406,Tångeråsa,1995-01-01,21,Kodändrad; ny kommuntillhörighet
188025,Kvistbro,181407,Kvistbro,1995-01-01,21,Kodändrad; ny kommuntillhörighet
188026,Rinkaby,188027,Glanshammar,2002-01-01,10,Upphör; till befintlig
188027,Glanshammar,188027,Glanshammar,2002-01-01,15,Utvidgas
188028,Ödeby,188029,Lillkyrka-Ödeby,1981-01-01,10,Upphör; till befintlig
188029,Lillkyrka,188029,Lillkyrka-Ödeby,1981-01-01,16,Utvidgas och namnändras
188029,Lillkyrka-Ödeby,188027,Glanshammar,2002-01-01,10,Upphör; till befintlig
188201,Askersund,188201,Askersund-Hammar,2018-01-01,16,Utvidgas och namnändras
188205,Hammar,188201,Askersund-Hammar,2018-01-01,10,Upphör; till befintlig
188401,Nora stadsförs.,188404,Nora bergsförs.,1974-01-01,10,Upphör; till befintlig
188403,Järnboås,188404,Nora bergslagsförs.,2010-01-01,10,Upphör; till befintlig
188404,Nora bergsförs.,188404,Nora bergslagsförs.,2010-01-01,16,Utvidgas och namnändras
188404,Nora bergsförs.,188404,Nora bergsförs.,1974-01-01,15,Utvidgas
188405,Viker,188404,Nora bergslagsförs.,2010-01-01,10,Upphör; till befintlig
188502,Lindesberg,188502,Linde bergslag,2010-01-01,16,Utvidgas och namnändras
188502,Linde bergslag,188502,Linde bergslag,2016-01-01,15,Utvidgas
188503,Guldsmedshyttan,188502,Linde bergslag,2016-01-01,10,Upphör; till befintlig
188505,Fellingsbro,188505,Fellingsbro,1992-01-01,15,Utvidgas
188506,Fellingsbro norra,188505,Fellingsbro,1992-01-01,10,Upphör; till befintlig
188507,Ramsberg,188502,Linde bergslag,2010-01-01,10,Upphör; till befintlig
190101,Torpa,196003,Torpa,1971-01-01,21,Kodändrad; ny kommuntillhörighet
190102,"Kung Karl, del",196001,Kung Karl,1971-01-01,10,Upphör; till befintlig
190103,Kungs-Barkarö,196004,Kungs-Barkarö,1971-01-01,21,Kodändrad; ny kommuntillhörighet
190104,Björskog,196005,Björskog,1971-01-01,21,Kodändrad; ny kommuntillhörighet
190201,Arboga landsförs.,198402,Arboga landsförs.,1971-01-01,21,Kodändrad; ny kommuntillhörighet
190202,Himmeta,198302,Himmeta,1971-01-01,21,Kodändrad; ny kommuntillhörighet
190203,Medåker,198403,Medåker,1971-01-01,21,Kodändrad; ny kommuntillhörighet
190204,Västra Skedvi,198303,Västra Skedvi,1971-01-01,21,Kodändrad; ny kommuntillhörighet
190301,Kolsva,198304,Kolsva,1971-01-01,21,Kodändrad; ny kommuntillhörighet
190401,Hed,190402,Skinnskatteberg med Hed och Gunnilbo,2006-01-01,10,Upphör; till befintlig
190402,Skinnskatteberg,190402,Skinnskatteberg med Hed och Gunnilbo,2006-01-01,16,Utvidgas och namnändras
190403,Gunnilbo,190402,Skinnskatteberg med Hed och Gunnilbo,2006-01-01,10,Upphör; till befintlig
190501,Odensvi,198305,Odensvi,1971-01-01,21,Kodändrad; ny kommuntillhörighet
190502,Munktorp,198306,Munktorp,1971-01-01,21,Kodändrad; ny kommuntillhörighet
190601,Kolbäck,196103,Kolbäck,1971-01-01,21,Kodändrad; ny kommuntillhörighet
190602,Rytterne,198020,Rytterne,1971-01-01,21,Kodändrad; ny kommuntillhörighet
190603,Säby,196104,Säby,1971-01-01,21,Kodändrad; ny kommuntillhörighet
190701,Sura,190701,Sura-Ramnäs,2014-01-01,16,Utvidgas och namnändras
190702,Ramnäs,190701,Sura-Ramnäs,2014-01-01,10,Upphör; till befintlig
191001,Karbenning,196202,Karbenning,1971-01-01,21,Kodändrad; ny kommuntillhörighet
191002,Västerfärnebo,198102,Västerfärnebo,1971-01-01,21,Kodändrad; ny kommuntillhörighet
191003,Fläckebo,198103,Fläckebo,1971-01-01,21,Kodändrad; ny kommuntillhörighet
191501,Simtuna,038131,Simtuna,1971-01-01,22,Kodändrad; både ny läns- och kommuntillhörighet
191502,Frösthult,038132,Frösthult,1971-01-01,22,Kodändrad; både ny läns- och kommuntillhörighet
191503,Härnevi,038133,Härnevi,1971-01-01,22,Kodändrad; både ny läns- och kommuntillhörighet
191504,Torstuna,038134,Torstuna,1971-01-01,22,Kodändrad; både ny läns- och kommuntillhörighet
191505,Österunda,038135,Österunda,1971-01-01,22,Kodändrad; både ny läns- och kommuntillhörighet
191506,Altuna,038136,Altuna,1971-01-01,22,Kodändrad; både ny läns- och kommuntillhörighet
191601,Vittinge,191704,Vittinge,1971-01-01,21,Kodändrad; ny kommuntillhörighet
191701,Västerlövsta,033101,Västerlövsta,2007-01-01,20,Kodändrad; ny länstillhörighet
191702,Huddunge,033102,Huddunge,2007-01-01,20,Kodändrad; ny länstillhörighet
191703,Enåker,033103,Enåker,2007-01-01,20,Kodändrad; ny länstillhörighet
191704,Vittinge,033104,Vittinge,2007-01-01,20,Kodändrad; ny länstillhörighet
191705,Nora,033105,Nora,2007-01-01,20,Kodändrad; ny länstillhörighet
191706,Östervåla,033106,Östervåla,2007-01-01,20,Kodändrad; ny länstillhörighet
191707,Harbo,033107,Harbo,2007-01-01,20,Kodändrad; ny länstillhörighet
191801,Norrby,198104,Norrby,1971-01-01,21,Kodändrad; ny kommuntillhörighet
191802,Tärna,198105,Tärna,1971-01-01,21,Kodändrad; ny kommuntillhörighet
191803,Kumla,198106,Kumla,1971-01-01,21,Kodändrad; ny kommuntillhörighet
191804,Kila,198107,Kila,1971-01-01,21,Kodändrad; ny kommuntillhörighet
191901,Möklinta,198108,Möklinta,1971-01-01,21,Kodändrad; ny kommuntillhörighet
192001,Nora,191705,Nora,1971-01-01,21,Kodändrad; ny kommuntillhörighet
192101,Östervåla,191706,Östervåla,1971-01-01,21,Kodändrad; ny kommuntillhörighet
192102,Harbo,191707,Harbo,1971-01-01,21,Kodändrad; ny kommuntillhörighet
196001,"Kung Karl, del",196001,Kung Karl,1971-01-01,16,Utvidgas och namnändras
196001,Kung Karl,196001,Kungsör,2006-01-01,16,Utvidgas och namnändras
196003,Torpa,196001,Kungsör,2006-01-01,10,Upphör; till befintlig
196004,Kungs-Barkarö,196001,Kungsör,2006-01-01,10,Upphör; till befintlig
196005,Björskog,196001,Kungsör,2006-01-01,10,Upphör; till befintlig
196101,Hallstahammar,196101,Hallstahammar-Berg,2006-01-01,16,Utvidgas och namnändras
196101,Hallstahammar-Berg,196101,Hallstahammar-Kolbäck,2014-01-01,16,Utvidgas och namnändras
196102,Berg,196101,Hallstahammar-Berg,2006-01-01,10,Upphör; till befintlig
196103,Kolbäck-Säby,196101,Hallstahammar-Kolbäck,2014-01-01,10,Upphör; till befintlig
196103,Kolbäck,196103,Kolbäck-Säby,2006-01-01,16,Utvidgas och namnändras
196104,Säby,196103,Kolbäck-Säby,2006-01-01,10,Upphör; till befintlig
196201,Norberg,196201,Norberg-Karbenning,2010-01-01,16,Utvidgas och namnändras
196202,Karbenning,196201,Norberg-Karbenning,2010-01-01,10,Upphör; till befintlig
198001,Västerås domkyrkoförs.,198001,Västerås domkyrkoförs.,2006-01-01,15,Utvidgas
198001,Västerås domkyrkoförs.,198021,Viksäng,1992-01-01,12,Ger del till nybildad
198001,Västerås domkyrkoförs.,198024,Viksäng,2014-01-01,12,Ger del till nybildad
198004,Västerås Skerike,198023,Önsta,1992-01-01,13,Ger delar till nybildade
198004,Västerås Skerike,198022,Gideonsberg,1992-01-01,13,Ger delar till nybildade
198004,Skerike,198022,Skerike-Gideonsberg,2006-01-01,10,Upphör; till befintlig
198004,Västerås Skerike,198004,Skerike,1992-01-01,40,Namnändrad (ej kodändrad)
198005,Haraker,198007,Norrbo,2006-01-01,10,Upphör; till befintlig
198006,Romfartuna,198007,Norrbo,2006-01-01,10,Upphör; till befintlig
198007,Skultuna,198007,Norrbo,2006-01-01,16,Utvidgas och namnändras
198008,Lillhärad,198009,Dingtuna-Lillhärad,2006-01-01,10,Upphör; till befintlig
198009,Dingtuna,198009,Dingtuna-Lillhärad,2006-01-01,16,Utvidgas och namnändras
198011,Irsta,198011,Kungsåra,2006-01-01,16,Utvidgas och namnändras
198012,Kärrbo,198011,Kungsåra,2006-01-01,10,Upphör; till befintlig
198013,Kungsåra,198011,Kungsåra,2006-01-01,10,Upphör; till befintlig
198014,Ängsö,198011,Kungsåra,2006-01-01,10,Upphör; till befintlig
198015,Björksta,198011,Kungsåra,2006-01-01,10,Upphör; till befintlig
198016,Hubbo,198016,Tillberga,2006-01-01,16,Utvidgas och namnändras
198017,Tillberga,198016,Tillberga,2006-01-01,10,Upphör; till befintlig
198018,Tortuna,198016,Tillberga,2006-01-01,10,Upphör; till befintlig
198019,Sevalla,198016,Tillberga,2006-01-01,10,Upphör; till befintlig
198021,Viksäng,198001,Västerås domkyrkoförs.,2006-01-01,10,Upphör; till befintlig
198022,Gideonsberg,198022,Skerike-Gideonsberg,2006-01-01,16,Utvidgas och namnändras
198022,Skerike-Gideonsberg,198022,Skerike,2014-01-01,40,Namnändrad (ej kodändrad)
198022,Skerike-Gideonsberg,198025,Gideonsberg,2014-01-01,12,Ger del till nybildad
198102,Västerfärnebo,198102,Västerfärnebo-Fläckebo,2008-01-01,16,Utvidgas och namnändras
198103,Fläckebo,198102,Västerfärnebo-Fläckebo,2008-01-01,10,Upphör; till befintlig
198201,Västanfors,198201,Västanfors-Västervåla,2006-01-01,16,Utvidgas och namnändras
198202,Västervåla,198201,Västanfors-Västervåla,2006-01-01,10,Upphör; till befintlig
198301,Köping,198301,Köpingsbygden,2010-01-01,16,Utvidgas och namnändras
198302,Himmeta,198302,Himmeta-Bro,1995-01-01,40,Namnändrad (ej kodändrad)
198302,Himmeta-Bro,198304,Malma,2010-01-01,10,Upphör; till befintlig
198303,Västra Skedvi,198304,Malma,2010-01-01,10,Upphör; till befintlig
198304,Kolsva,198304,Malma,2010-01-01,16,Utvidgas och namnändras
198305,Odensvi,198301,Köpingsbygden,2010-01-01,10,Upphör; till befintlig
198306,Munktorp,198301,Köpingsbygden,2010-01-01,10,Upphör; till befintlig
198401,Arboga stadsförs.,198401,Arbogabygden,2006-01-01,16,Utvidgas och namnändras
198402,Arboga landsförs.,198401,Arbogabygden,2006-01-01,10,Upphör; till befintlig
198403,Medåker,198401,Arbogabygden,2006-01-01,10,Upphör; till befintlig
198404,Götlunda,198401,Arbogabygden,2006-01-01,10,Upphör; till befintlig
200601,Stora Skedvi,208202,Stora Skedvi,1971-01-01,21,Kodändrad; ny kommuntillhörighet
200801,Sundborn,208007,Sundborn,1971-01-01,21,Kodändrad; ny kommuntillhörighet
201001,Svärdsjö,208008,Svärdsjö,1971-01-01,21,Kodändrad; ny kommuntillhörighet
201002,Svartnäs,208009,Svartnäs,1971-01-01,21,Kodändrad; ny kommuntillhörighet
201101,Enviken,208010,Enviken,1971-01-01,21,Kodändrad; ny kommuntillhörighet
201201,Stora Tuna kbfd del st,208102,Stora Tuna kbfd,1971-01-01,31,Kod- och namnändrad; ny kommuntillhörighet
201202,Torsång,208103,Torsång,1971-01-01,21,Kodändrad; ny kommuntillhörighet
201301,Gustafs,208203,Gustafs,1971-01-01,21,Kodändrad; ny kommuntillhörighet
201302,Silvberg,208204,Silvberg,1971-01-01,21,Kodändrad; ny kommuntillhörighet
201401,Söderbärke,201403,Söderbärke,1970-01-01,23,Kodändrad; annat än 20-22
201402,Malingsbo,201403,Söderbärke,1970-01-01,10,Upphör; till befintlig
201403,Söderbärke,201403,Söderbärke,1970-01-01,15,Utvidgas
201403,Söderbärke,206102,Söderbärke,1974-01-01,21,Kodändrad; ny kommuntillhörighet
201701,Grängesberg,208502,Grängesberg,1971-01-01,21,Kodändrad; ny kommuntillhörighet
201702,Grangärde,208503,Grangärde,1971-01-01,21,Kodändrad; ny kommuntillhörighet
201801,Säfsnäs,208504,Säfsnäs,1971-01-01,21,Kodändrad; ny kommuntillhörighet
201901,Nås,202103,Nås,1971-01-01,21,Kodändrad; ny kommuntillhörighet
202001,Floda,202603,Floda,1971-01-01,21,Kodändrad; ny kommuntillhörighet
202101,Järna,202101,Järna med Nås och Äppelbo,2010-01-01,16,Utvidgas och namnändras
202101,Järna kbfd,202101,Järna,1992-01-01,16,Utvidgas och namnändras
202102,Vansbro kbfd,202101,Järna,1992-01-01,10,Upphör; till befintlig
202103,Nås,202101,Järna med Nås och Äppelbo,2010-01-01,10,Upphör; till befintlig
202104,Äppelbo,202101,Järna med Nås och Äppelbo,2010-01-01,10,Upphör; till befintlig
202201,Äppelbo,202104,Äppelbo,1971-01-01,21,Kodändrad; ny kommuntillhörighet
202301,Tyngsjö fd kapellag,202302,Malung,1977-01-01,10,Upphör; till befintlig
202302,Malung utom Tyngsjö,202302,Malung,1977-01-01,16,Utvidgas och namnändras
202303,Lima,202303,Lima-Transtrand,2006-01-01,16,Utvidgas och namnändras
202303,Lima kbfd,202303,Lima,1972-01-01,16,Utvidgas och namnändras
202304,Rörbäcksnäs kbfd,202303,Lima,1972-01-01,10,Upphör; till befintlig
202305,Transtrand,202303,Lima-Transtrand,2006-01-01,10,Upphör; till befintlig
202401,Lima kbfd,202303,Lima kbfd,1971-01-01,21,Kodändrad; ny kommuntillhörighet
202402,Rörbäcksnäs kbfd,202304,Rörbäcksnäs kbfd,1971-01-01,21,Kodändrad; ny kommuntillhörighet
202501,Transtrand,202305,Transtrand,1971-01-01,21,Kodändrad; ny kommuntillhörighet
202701,Ål,202903,Ål,1974-01-01,21,Kodändrad; ny kommuntillhörighet
202801,Bjursås,208011,Bjursås,1971-01-01,21,Kodändrad; ny kommuntillhörighet
203001,Siljansnäs,202904,Siljansnäs,1974-01-01,21,Kodändrad; ny kommuntillhörighet
203101,Rättvik,203101,Rättvik,1992-01-01,15,Utvidgas
203102,Bingsjö-Dådran,203101,Rättvik,1992-01-01,10,Upphör; till befintlig
203301,Ore,203104,Ore,1974-01-01,21,Kodändrad; ny kommuntillhörighet
203401,Skattunge fd kapellag,203402,Orsa,1987-01-01,10,Upphör; till befintlig
203402,Orsa utom Skattunge,203402,Orsa,1987-01-01,16,Utvidgas och namnändras
203501,Våmhus,206202,Våmhus,1971-01-01,21,Kodändrad; ny kommuntillhörighet
203701,Sollerön,206203,Sollerön,1971-01-01,21,Kodändrad; ny kommuntillhörighet
203801,Söromsjöns kbfd,206204,Söromsjöns kbfd,1971-01-01,21,Kodändrad; ny kommuntillhörighet
203802,Venjans kbfd,206205,Venjans kbfd,1971-01-01,21,Kodändrad; ny kommuntillhörighet
203901,Evertsbergs kbfd,203902,Älvdalen,1977-01-01,10,Upphör; till befintlig
203902,Älvdalens kbfd,203902,Älvdalen,1977-01-01,16,Utvidgas och namnändras
203903,Åsens kbfd,203902,Älvdalen,1977-01-01,10,Upphör; till befintlig
203904,Särna,203905,Idre-Särna,2010-01-01,10,Upphör; till befintlig
203905,Idre,203905,Idre-Särna,2010-01-01,16,Utvidgas och namnändras
204001,Särna,203904,Särna,1971-01-01,21,Kodändrad; ny kommuntillhörighet
204101,Idre,203905,Idre,1971-01-01,21,Kodändrad; ny kommuntillhörighet
206201,Mora,206201,Mora,2010-01-01,15,Utvidgas
206202,Våmhus,206201,Mora,2010-01-01,10,Upphör; till befintlig
206203,Sollerön,206201,Mora,2010-01-01,10,Upphör; till befintlig
206204,Söromsjöns kbfd,206205,Venjan,1976-01-01,10,Upphör; till befintlig
206205,Venjans kbfd,206205,Venjan,1976-01-01,16,Utvidgas och namnändras
206205,Venjan,206201,Mora,2010-01-01,10,Upphör; till befintlig
208002,Grycksbo kbfd,208003,Stora Kopparberg,1992-01-01,10,Upphör; till befintlig
208003,Stora Kopparbergs kbfd,208003,Stora Kopparberg,1992-01-01,16,Utvidgas och namnändras
208003,Stora Kopparberg,208002,Grycksbo,1995-01-01,12,Ger del till nybildad
208005,Vika,208006,Vika-Hosjö,2012-01-01,10,Upphör; till befintlig
208006,Hosjö,208006,Vika-Hosjö,2012-01-01,16,Utvidgas och namnändras
208008,Svärdsjö,208008,Svärdsjö,1995-01-01,15,Utvidgas
208009,Svartnäs,208008,Svärdsjö,1995-01-01,10,Upphör; till befintlig
208101,Borlänge kbfd,208102,Stora Tuna,1992-01-01,10,Upphör; till befintlig
208102,Stora Tuna kbfd,208102,Stora Tuna,1992-01-01,16,Utvidgas och namnändras
208201,Säter,208201,Säterbygden,2010-01-01,16,Utvidgas och namnändras
208202,Stora Skedvi,208201,Säterbygden,2010-01-01,10,Upphör; till befintlig
208203,Gustafs,208201,Säterbygden,2010-01-01,10,Upphör; till befintlig
208204,Silvberg,208201,Säterbygden,2010-01-01,10,Upphör; till befintlig
208301,Hedemora,208301,Hedemora-Garpenberg,2010-01-01,16,Utvidgas och namnändras
208301,Hedemora-Garpenberg,208301,"Hedemora, Husby och Garpenberg",2018-01-01,16,Utvidgas och namnändras
208302,Garpenberg,208301,Hedemora-Garpenberg,2010-01-01,10,Upphör; till befintlig
208303,Husby,208301,"Hedemora, Husby och Garpenberg",2018-01-01,10,Upphör; till befintlig
208303,Husby kbfd,208303,Husby,1992-01-01,16,Utvidgas och namnändras
208305,Långshyttans kbfd,208303,Husby,1992-01-01,10,Upphör; till befintlig
208402,Horndals kbfd,208403,By,1992-01-01,10,Upphör; till befintlig
208403,By kbfd,208403,By,1992-01-01,16,Utvidgas och namnändras
208404,Folkärna kbfd,208404,Folkärna,1992-01-01,16,Utvidgas och namnändras
208405,Krylbo kbfd,208404,Folkärna,1992-01-01,10,Upphör; till befintlig
208502,Grängesberg,208503,Gränge-Säfsnäs,2010-01-01,10,Upphör; till befintlig
208503,Grangärde,208503,Gränge-Säfsnäs,2010-01-01,16,Utvidgas och namnändras
208504,Säfsnäs,208503,Gränge-Säfsnäs,2010-01-01,10,Upphör; till befintlig
210101,Åmot,210102,Ockelbo,2000-01-01,10,Upphör; till befintlig
210102,Ockelbo,210102,Ockelbo,2000-01-01,15,Utvidgas
210103,Lingbo,210102,Ockelbo,2000-01-01,10,Upphör; till befintlig
210201,Järbo,218103,Järbo,1971-01-01,21,Kodändrad; ny kommuntillhörighet
210301,"Ovansjö, del",218102,Ovansjö,1971-01-01,21,Kodändrad; ny kommuntillhörighet
210501,Torsåker,210402,Torsåker,1971-01-01,21,Kodändrad; ny kommuntillhörighet
210601,Årsunda,218104,Årsunda,1971-01-01,21,Kodändrad; ny kommuntillhörighet
210701,Österfärnebo,218105,Österfärnebo,1971-01-01,21,Kodändrad; ny kommuntillhörighet
210901,Valbo,218006,Valbo,1971-01-01,21,Kodändrad; ny kommuntillhörighet
211201,Lingbo,210103,Lingbo,1971-01-01,21,Kodändrad; ny kommuntillhörighet
211202,Skog,218203,Skog,1971-01-01,21,Kodändrad; ny kommuntillhörighet
211301,Ljusne,218204,Ljusne,1971-01-01,21,Kodändrad; ny kommuntillhörighet
211302,Söderala,218205,Söderala,1971-01-01,21,Kodändrad; ny kommuntillhörighet
211303,Bergvik,218206,Bergvik,1971-01-01,21,Kodändrad; ny kommuntillhörighet
211304,Mo,218207,Mo,1971-01-01,21,Kodändrad; ny kommuntillhörighet
211401,Rengsjö,218304,Rengsjö,1974-01-01,21,Kodändrad; ny kommuntillhörighet
211501,Trönö,218208,Trönö,1971-01-01,21,Kodändrad; ny kommuntillhörighet
211502,Norrala,218209,Norrala,1971-01-01,21,Kodändrad; ny kommuntillhörighet
211701,Njutånger,218405,Njutånger,1971-01-01,21,Kodändrad; ny kommuntillhörighet
211702,Nianfors,218406,Nianfors,1971-01-01,21,Kodändrad; ny kommuntillhörighet
211703,Enånger,218407,Enånger,1971-01-01,21,Kodändrad; ny kommuntillhörighet
211801,Segersta,218305,Segersta,1974-01-01,21,Kodändrad; ny kommuntillhörighet
211802,Hanebo,218306,Hanebo,1974-01-01,21,Kodändrad; ny kommuntillhörighet
212001,Svabensverks fd kapellag,212002,Alfta,1971-01-01,10,Upphör; till befintlig
212002,Alfta utom Svabensverk,212002,Alfta,1971-01-01,16,Utvidgas och namnändras
212002,Alfta,218307,Alfta,1974-01-01,21,Kodändrad; ny kommuntillhörighet
212101,Ovanåker,212101,Ovanåker,2002-01-01,15,Utvidgas
212101,Ovanåker,212101,Alfta-Ovanåker,2012-01-01,16,Utvidgas och namnändras
212102,Voxna,212101,Ovanåker,2002-01-01,10,Upphör; till befintlig
212103,Alfta,212101,Alfta-Ovanåker,2012-01-01,10,Upphör; till befintlig
212201,Hamra,216102,Hamra,1971-01-01,21,Kodändrad; ny kommuntillhörighet
212202,Los,216103,Los,1971-01-01,21,Kodändrad; ny kommuntillhörighet
212301,Färila,216104,Färila,1971-01-01,21,Kodändrad; ny kommuntillhörighet
212302,Kårböle,216105,Kårböle,1971-01-01,21,Kodändrad; ny kommuntillhörighet
212401,Ramsjö,216106,Ramsjö,1971-01-01,21,Kodändrad; ny kommuntillhörighet
212601,Järvsö,216107,Järvsö,1971-01-01,21,Kodändrad; ny kommuntillhörighet
212701,Undersvik,218308,Undersvik,1974-01-01,21,Kodändrad; ny kommuntillhörighet
212702,Arbrå,218309,Arbrå,1974-01-01,21,Kodändrad; ny kommuntillhörighet
212801,Delsbo,218408,Delsbo,1971-01-01,21,Kodändrad; ny kommuntillhörighet
212901,Bjuråker,218409,Bjuråker,1971-01-01,21,Kodändrad; ny kommuntillhörighet
212902,Norrbo,218410,Norrbo,1971-01-01,21,Kodändrad; ny kommuntillhörighet
213001,Forsa,218411,Forsa,1971-01-01,21,Kodändrad; ny kommuntillhörighet
213002,Hög,218412,Hög,1971-01-01,21,Kodändrad; ny kommuntillhörighet
213201,Ilsbo,213205,Bergsjö,2014-01-01,10,Upphör; till befintlig
213202,Harmånger,213202,Harmånger-Jättendal,2006-01-01,16,Utvidgas och namnändras
213203,Jättendal,213202,Harmånger-Jättendal,2006-01-01,10,Upphör; till befintlig
213205,Bergsjö,213205,Bergsjö,2014-01-01,15,Utvidgas
213206,Hassela,213205,Bergsjö,2014-01-01,10,Upphör; till befintlig
213301,Gnarp,213204,Gnarp,1974-01-01,21,Kodändrad; ny kommuntillhörighet
213401,Bergsjö,213205,Bergsjö,1974-01-01,21,Kodändrad; ny kommuntillhörighet
213501,Hassela,213206,Hassela,1974-01-01,21,Kodändrad; ny kommuntillhörighet
216001,"Ovansjö, del",218102,Ovansjö,1971-01-01,10,Upphör; till befintlig
216101,Ljusdal,216101,Ljusdal-Ramsjö,2002-01-01,16,Utvidgas och namnändras
216102,Hamra,216103,Los-Hamra,2002-01-01,10,Upphör; till befintlig
216103,Los,216103,Los-Hamra,2002-01-01,16,Utvidgas och namnändras
216104,Färila,216104,Färila-Kårböle,2010-01-01,16,Utvidgas och namnändras
216105,Kårböle,216104,Färila-Kårböle,2010-01-01,10,Upphör; till befintlig
216106,Ramsjö,216101,Ljusdal-Ramsjö,2002-01-01,10,Upphör; till befintlig
218001,Gävle Heliga Trefaldighet,218001,Gävle Heliga Trefaldighet,2010-01-01,15,Utvidgas
218001,Gävle Heliga Trefaldighet,218007,Gävle Tomas,1978-01-01,13,Ger delar till nybildade
218001,Gävle Heliga Trefaldighet,218008,Gävle Maria,1978-01-01,13,Ger delar till nybildade
218002,Gävle Staffan,218009,Bomhus,1995-01-01,12,Ger del till nybildad
218007,Gävle Tomas,218001,Gävle Heliga Trefaldighet,2010-01-01,10,Upphör; till befintlig
218102,Ovansjö,218102,Ovansjö,1971-01-01,16,Utvidgas och namnändras
218104,Årsunda,218104,Årsunda-Österfärnebo,2010-01-01,16,Utvidgas och namnändras
218105,Österfärnebo,218104,Årsunda-Österfärnebo,2010-01-01,10,Upphör; till befintlig
218201,Söderhamn,218201,Söderhamn-Sandarne,2018-01-01,16,Utvidgas och namnändras
218202,Sandarne,218201,Söderhamn-Sandarne,2018-01-01,10,Upphör; till befintlig
218206,Bergvik,218206,Mo-Bergvik,2006-01-01,16,Utvidgas och namnändras
218207,Mo,218206,Mo-Bergvik,2006-01-01,10,Upphör; till befintlig
218208,Trönö,218209,Norrala-Trönö,2013-01-01,10,Upphör; till befintlig
218209,Norrala,218209,Norrala-Trönö,2013-01-01,16,Utvidgas och namnändras
218301,Katrinebergs fd kapellag,218303,Bollnäs,1972-01-01,10,Upphör; till befintlig
218302,Annefors fd kapellag,218303,Bollnäs,1972-01-01,10,Upphör; till befintlig
218303,Bollnäs utom kapellag,218303,Bollnäs,1972-01-01,16,Utvidgas och namnändras
218305,Segersta,218306,Hanebo-Segersta,2006-01-01,10,Upphör; till befintlig
218306,Hanebo,218306,Hanebo-Segersta,2006-01-01,16,Utvidgas och namnändras
218307,Alfta,212103,Alfta,1977-01-01,21,Kodändrad; ny kommuntillhörighet
218308,Undersvik,218309,Arbrå-Undersvik,2002-01-01,10,Upphör; till befintlig
218309,Arbrå,218309,Arbrå-Undersvik,2002-01-01,16,Utvidgas och namnändras
218401,Hudiksvall,218401,Hudiksvall-Idenor,2002-01-01,16,Utvidgas och namnändras
218401,Hudiksvall-Idenor,218401,Hudiksvallsbygden,2014-01-01,16,Utvidgas och namnändras
218402,Idenor,218401,Hudiksvall-Idenor,2002-01-01,10,Upphör; till befintlig
218403,Hälsingtuna-Rogsta,218401,Hudiksvallsbygden,2014-01-01,10,Upphör; till befintlig
218403,Hälsingtuna,218403,Hälsingtuna-Rogsta,2010-01-01,16,Utvidgas och namnändras
218404,Rogsta,218403,Hälsingtuna-Rogsta,2010-01-01,10,Upphör; till befintlig
218405,Njutånger,218405,Njutånger,1985-01-01,15,Utvidgas
218405,Njutånger,218405,Enånger-Njutånger,2006-01-01,16,Utvidgas och namnändras
218406,Nianfors,218405,Njutånger,1985-01-01,10,Upphör; till befintlig
218407,Enånger,218405,Enånger-Njutånger,2006-01-01,10,Upphör; till befintlig
218409,Bjuråker,218409,Bjuråker-Norrbo,2006-01-01,16,Utvidgas och namnändras
218410,Norrbo,218409,Bjuråker-Norrbo,2006-01-01,10,Upphör; till befintlig
218411,Forsa,218411,Forsa-Hög,2006-01-01,16,Utvidgas och namnändras
218412,Hög,218411,Forsa-Hög,2006-01-01,10,Upphör; till befintlig
220101,Haverö,226003,Haverö,1971-01-01,21,Kodändrad; ny kommuntillhörighet
220201,Borgsjö kbfd,226002,Borgsjö kbfd,1971-01-01,31,Kod- och namnändrad; ny kommuntillhörighet
220301,Torp,226004,Torp,1971-01-01,21,Kodändrad; ny kommuntillhörighet
220401,Stöde,228107,Stöde,1974-01-01,21,Kodändrad; ny kommuntillhörighet
220601,Tuna,228108,Tuna,1974-01-01,21,Kodändrad; ny kommuntillhörighet
220602,Attmar,228109,Attmar,1974-01-01,21,Kodändrad; ny kommuntillhörighet
220801,Njurunda,228110,Njurunda,1974-01-01,21,Kodändrad; ny kommuntillhörighet
221001,Indal,228111,Indal,1974-01-01,21,Kodändrad; ny kommuntillhörighet
221002,Holm,228112,Holm,1974-01-01,21,Kodändrad; ny kommuntillhörighet
221003,Liden,228113,Liden,1974-01-01,21,Kodändrad; ny kommuntillhörighet
221101,Ljustorp,226202,Ljustorp,1971-01-01,21,Kodändrad; ny kommuntillhörighet
221102,Hässjö,226203,Hässjö,1971-01-01,21,Kodändrad; ny kommuntillhörighet
221103,Tynderö,226204,Tynderö,1971-01-01,21,Kodändrad; ny kommuntillhörighet
221401,Nora,228202,Nora,1974-01-01,21,Kodändrad; ny kommuntillhörighet
221402,Skog,228203,Skog,1974-01-01,21,Kodändrad; ny kommuntillhörighet
221501,Nordingrå,228204,Nordingrå,1974-01-01,21,Kodändrad; ny kommuntillhörighet
221601,Vibyggerå,228205,Vibyggerå,1974-01-01,21,Kodändrad; ny kommuntillhörighet
221602,Ullånger,228206,Ullånger,1974-01-01,21,Kodändrad; ny kommuntillhörighet
221701,Bjärtrå,228207,Bjärtrå,1974-01-01,21,Kodändrad; ny kommuntillhörighet
221801,Styrnäs,228208,Styrnäs,1974-01-01,21,Kodändrad; ny kommuntillhörighet
221802,Gålsjö fd bruksförs.,228310,Gålsjö fd bruksförs.,1974-01-01,21,Kodändrad; ny kommuntillhörighet
221803,Boteå utom Gålsjö,228311,Boteå utom Gålsjö,1974-01-01,21,Kodändrad; ny kommuntillhörighet
221804,Överlännäs,228312,Överlännäs,1974-01-01,21,Kodändrad; ny kommuntillhörighet
221805,Sånga,228313,Sånga,1974-01-01,21,Kodändrad; ny kommuntillhörighet
221901,Dal,228209,Dal,1974-01-01,21,Kodändrad; ny kommuntillhörighet
221902,Torsåker,228210,Torsåker,1974-01-01,21,Kodändrad; ny kommuntillhörighet
221903,Ytterlännäs,228211,Ytterlännäs,1974-01-01,21,Kodändrad; ny kommuntillhörighet
222001,Graninge,228303,Graninge,1971-01-01,21,Kodändrad; ny kommuntillhörighet
222002,Långsele,228304,Långsele,1971-01-01,21,Kodändrad; ny kommuntillhörighet
222101,Ed,228305,Ed,1971-01-01,21,Kodändrad; ny kommuntillhörighet
222102,Resele,228306,Resele,1971-01-01,21,Kodändrad; ny kommuntillhörighet
222201,Helgum,228307,Helgum,1971-01-01,21,Kodändrad; ny kommuntillhörighet
222301,Edsele,228314,Edsele,1974-01-01,21,Kodändrad; ny kommuntillhörighet
222302,Ramsele,228315,Ramsele,1974-01-01,21,Kodändrad; ny kommuntillhörighet
222401,Ådals-Liden,228308,Ådals-Liden,1971-01-01,21,Kodändrad; ny kommuntillhörighet
222501,Junsele,228309,Junsele,1971-01-01,21,Kodändrad; ny kommuntillhörighet
222601,Fjällsjö,231306,Fjällsjö,1974-01-01,22,Kodändrad; både ny läns- och kommuntillhörighet
222602,Bodum,231307,Bodum,1974-01-01,22,Kodändrad; både ny läns- och kommuntillhörighet
222603,Tåsjö,231308,Tåsjö,1974-01-01,22,Kodändrad; både ny läns- och kommuntillhörighet
222801,Solbergs kbfd,228403,Solbergs kbfd,1971-01-01,21,Kodändrad; ny kommuntillhörighet
222802,Anundsjö kbfd,228404,Anundsjö kbfd,1971-01-01,21,Kodändrad; ny kommuntillhörighet
222803,Skorped,228405,Skorped,1971-01-01,21,Kodändrad; ny kommuntillhörighet
222901,Sidensjö,228406,Sidensjö,1971-01-01,21,Kodändrad; ny kommuntillhörighet
222902,Nätra,228407,Nätra,1971-01-01,21,Kodändrad; ny kommuntillhörighet
223101,Själevad,228408,Själevad,1971-01-01,21,Kodändrad; ny kommuntillhörighet
223102,Mo,228409,Mo,1971-01-01,21,Kodändrad; ny kommuntillhörighet
223301,Grundsunda,228410,Grundsunda,1971-01-01,21,Kodändrad; ny kommuntillhörighet
223401,Gideå,228411,Gideå,1971-01-01,21,Kodändrad; ny kommuntillhörighet
223501,Björna,228412,Björna,1971-01-01,21,Kodändrad; ny kommuntillhörighet
223601,Trehörningsjö,228413,Trehörningsjö,1971-01-01,21,Kodändrad; ny kommuntillhörighet
226001,Ånge kbfd,226001,Ånge kbfd,1971-01-01,40,Namnändrad (ej kodändrad)
226001,Ånge kbfd,226002,Borgsjö,1974-01-01,10,Upphör; till befintlig
226002,Borgsjö kbfd,226002,Borgsjö,1974-01-01,16,Utvidgas och namnändras
226002,Borgsjö,226002,Borgsjö-Haverö,2010-01-01,16,Utvidgas och namnändras
226003,Haverö,226002,Borgsjö-Haverö,2010-01-01,10,Upphör; till befintlig
228001,Härnösand,228001,Härnösands domkyrkoförs.,1978-01-01,40,Namnändrad (ej kodändrad)
228101,Sundsvalls Gustav Adolf,228101,Sundsvall,2015-01-01,16,Utvidgas och namnändras
228102,Skönsmon,228101,Sundsvall,2015-01-01,10,Upphör; till befintlig
228108,Tuna,228108,Tuna-Attmar,2016-01-01,16,Utvidgas och namnändras
228109,Attmar,228108,Tuna-Attmar,2016-01-01,10,Upphör; till befintlig
228202,Nora,228202,Nora-Skog,2006-01-01,16,Utvidgas och namnändras
228203,Skog,228202,Nora-Skog,2006-01-01,10,Upphör; till befintlig
228302,Multrå,228302,Multrå och Sånga,2006-01-01,16,Utvidgas och namnändras
228302,Multrå och Sånga,228302,Multrå-Sånga,2010-03-16,40,Namnändrad (ej kodändrad)
228310,Gålsjö fd bruksförs.,228311,Boteå,1992-01-01,10,Upphör; till befintlig
228311,Boteå utom Gålsjö,228311,Boteå,1992-01-01,16,Utvidgas och namnändras
228313,Sånga,228302,Multrå och Sånga,2006-01-01,10,Upphör; till befintlig
228314,Edsele,228315,Ramsele-Edsele,2007-01-01,10,Upphör; till befintlig
228315,Ramsele,228315,Ramsele-Edsele,2007-01-01,16,Utvidgas och namnändras
228403,Solbergs kbfd,228404,Anundsjö,1992-01-01,10,Upphör; till befintlig
228404,Anundsjö kbfd,228404,Anundsjö,1992-01-01,16,Utvidgas och namnändras
228411,Gideå,228411,Gideå-Trehörningsjö,2014-01-01,16,Utvidgas och namnändras
228413,Trehörningsjö,228411,Gideå-Trehörningsjö,2014-01-01,10,Upphör; till befintlig
230101,Fors,230302,Fors,1974-01-01,21,Kodändrad; ny kommuntillhörighet
230201,Hällesjö,230503,Hällesjö,1974-01-01,21,Kodändrad; ny kommuntillhörighet
230202,Håsjö,230504,Håsjö,1974-01-01,21,Kodändrad; ny kommuntillhörighet
230401,Borgvattnet,230303,Borgvattnet,1974-01-01,21,Kodändrad; ny kommuntillhörighet
230402,Stugun,230304,Stugun,1974-01-01,21,Kodändrad; ny kommuntillhörighet
230501,Bräcke,230501,Bräcke-Nyhem,2006-01-01,16,Utvidgas och namnändras
230502,Nyhem,230501,Bräcke-Nyhem,2006-01-01,10,Upphör; till befintlig
230503,Hällesjö,230503,Hällesjö-Håsjö,2002-01-01,16,Utvidgas och namnändras
230504,Håsjö,230503,Hällesjö-Håsjö,2002-01-01,10,Upphör; till befintlig
230505,Sundsjö,230506,"Revsund, Sundsjö, Bodsjö",2010-01-01,10,Upphör; till befintlig
230506,Revsund,230506,"Revsund, Sundsjö, Bodsjö",2010-01-01,16,Utvidgas och namnändras
230507,Bodsjö,230506,"Revsund, Sundsjö, Bodsjö",2010-01-01,10,Upphör; till befintlig
230601,Sundsjö,230505,Sundsjö,1974-01-01,21,Kodändrad; ny kommuntillhörighet
230602,Revsund,230506,Revsund,1974-01-01,21,Kodändrad; ny kommuntillhörighet
230603,Bodsjö,230507,Bodsjö,1974-01-01,21,Kodändrad; ny kommuntillhörighet
230701,Hackås,232602,Hackås,1971-01-01,21,Kodändrad; ny kommuntillhörighet
230702,Sunne,238003,Sunne,1971-01-01,21,Kodändrad; ny kommuntillhörighet
230703,Näs,238004,Näs,1971-01-01,21,Kodändrad; ny kommuntillhörighet
230801,Lockne,238005,Lockne,1971-01-01,21,Kodändrad; ny kommuntillhörighet
230802,Marieby,238006,Marieby,1971-01-01,21,Kodändrad; ny kommuntillhörighet
230803,Brunflo,238007,Brunflo,1971-01-01,21,Kodändrad; ny kommuntillhörighet
230905,Laxsjö,230906,"Föllinge, Hotagen och Laxsjö",2006-01-01,10,Upphör; till befintlig
230906,Föllinge,230906,"Föllinge, Hotagen och Laxsjö",2006-01-01,16,Utvidgas och namnändras
230906,"Föllinge, Hotagen och Laxsjö",230906,Föllingebygden,2009-03-03,40,Namnändrad (ej kodändrad)
230907,Hotagen,230906,"Föllinge, Hotagen och Laxsjö",2006-01-01,10,Upphör; till befintlig
230908,Offerdals kbfd,230908,Offerdal,1985-01-01,16,Utvidgas och namnändras
230909,Rönnöfors kbfd,230908,Offerdal,1985-01-01,10,Upphör; till befintlig
231001,Kyrkås,238008,Kyrkås,1971-01-01,21,Kodändrad; ny kommuntillhörighet
231002,Lit,238009,Lit,1971-01-01,21,Kodändrad; ny kommuntillhörighet
231003,Häggenås,238010,Häggenås,1971-01-01,21,Kodändrad; ny kommuntillhörighet
231201,Gåxsjö,231303,Gåxsjö,1974-01-01,21,Kodändrad; ny kommuntillhörighet
231202,Hammerdal,231304,Hammerdal,1974-01-01,21,Kodändrad; ny kommuntillhörighet
231301,Ström,231301,Ström-Alanäs,2013-01-01,16,Utvidgas och namnändras
231302,Alanäs,231301,Ström-Alanäs,2013-01-01,10,Upphör; till befintlig
231401,Frostviken,231305,Frostviken,1974-01-01,21,Kodändrad; ny kommuntillhörighet
231601,Laxsjö,230905,Laxsjö,1974-01-01,21,Kodändrad; ny kommuntillhörighet
231602,Föllinge,230906,Föllinge,1974-01-01,21,Kodändrad; ny kommuntillhörighet
231603,Hotagen,230907,Hotagen,1974-01-01,21,Kodändrad; ny kommuntillhörighet
231701,Offerdals kbfd,230908,Offerdals kbfd,1974-01-01,21,Kodändrad; ny kommuntillhörighet
231702,Rönnöfors kbfd,230909,Rönnöfors kbfd,1974-01-01,21,Kodändrad; ny kommuntillhörighet
231801,Alsen,230910,Alsen,1974-01-01,21,Kodändrad; ny kommuntillhörighet
231901,Mattmar,232102,Mattmar,1974-01-01,21,Kodändrad; ny kommuntillhörighet
231902,Mörsil,232103,Mörsil,1974-01-01,21,Kodändrad; ny kommuntillhörighet
232001,Kall,232104,Kall,1974-01-01,21,Kodändrad; ny kommuntillhörighet
232102,Mattmar,232103,Västra Storsjöbygden,2006-01-01,10,Upphör; till befintlig
232103,Mörsil,232103,Västra Storsjöbygden,2006-01-01,16,Utvidgas och namnändras
232106,Hallen,232103,Västra Storsjöbygden,2006-01-01,10,Upphör; till befintlig
232107,Marby,232103,Västra Storsjöbygden,2006-01-01,10,Upphör; till befintlig
232201,Undersåker,232105,Undersåker,1974-01-01,21,Kodändrad; ny kommuntillhörighet
232301,Hallen,232106,Hallen,1974-01-01,21,Kodändrad; ny kommuntillhörighet
232302,Marby,232107,Marby,1974-01-01,21,Kodändrad; ny kommuntillhörighet
232303,Norderö,238011,Norderö,1971-01-01,21,Kodändrad; ny kommuntillhörighet
232401,Oviken,232603,Oviken,1971-01-01,21,Kodändrad; ny kommuntillhörighet
232402,Myssjö,232604,Myssjö,1971-01-01,21,Kodändrad; ny kommuntillhörighet
232501,Storsjö,232605,Storsjö,1971-01-01,21,Kodändrad; ny kommuntillhörighet
232502,Åsarne,232606,Åsarne,1971-01-01,21,Kodändrad; ny kommuntillhörighet
232503,Klövsjö,232607,Klövsjö,1971-01-01,21,Kodändrad; ny kommuntillhörighet
232603,Oviken,232603,Oviken-Myssjö,2010-01-01,16,Utvidgas och namnändras
232604,Myssjö,232603,Oviken-Myssjö,2010-01-01,10,Upphör; till befintlig
232605,Storsjö,232605,"Hedebygden, del",2010-01-01,40,Namnändrad (ej kodändrad)
232607,Klövsjö,232608,Rätan-Klövsjö,2010-01-01,10,Upphör; till befintlig
232608,Rätan,232608,Rätan-Klövsjö,2010-01-01,16,Utvidgas och namnändras
232701,Rätan,232608,Rätan,1971-01-01,21,Kodändrad; ny kommuntillhörighet
232801,Vemdalen,236104,Vemdalen,1974-01-01,21,Kodändrad; ny kommuntillhörighet
232802,Hede,236105,Hede,1974-01-01,21,Kodändrad; ny kommuntillhörighet
232901,Ljusnedal,236106,Ljusnedal,1974-01-01,21,Kodändrad; ny kommuntillhörighet
232902,Tännäs,236107,Tännäs,1974-01-01,21,Kodändrad; ny kommuntillhörighet
233101,Överhogdal,236108,Överhogdal,1974-01-01,21,Kodändrad; ny kommuntillhörighet
233102,Ytterhogdal,236109,Ytterhogdal,1974-01-01,21,Kodändrad; ny kommuntillhörighet
233103,Ängersjö,236110,Ängersjö,1974-01-01,21,Kodändrad; ny kommuntillhörighet
233201,Lillhärdal,236111,Lillhärdal,1974-01-01,21,Kodändrad; ny kommuntillhörighet
236001,Frösö,238002,Frösö,1971-01-01,21,Kodändrad; ny kommuntillhörighet
236101,Sveg,236101,Svegsbygden,2006-01-01,16,Utvidgas och namnändras
236102,Linsell,236101,Svegsbygden,2006-01-01,10,Upphör; till befintlig
236103,Älvros,236101,Svegsbygden,2006-01-01,10,Upphör; till befintlig
236104,Vemdalen,236105,"Hedebygden, del",2010-01-01,10,Upphör; till befintlig
236105,Hede,236105,"Hedebygden, del",2010-01-01,16,Utvidgas och namnändras
236106,Ljusnedal,236107,Tännäs-Ljusnedal,2006-01-01,10,Upphör; till befintlig
236107,Tännäs,236107,Tännäs-Ljusnedal,2006-01-01,16,Utvidgas och namnändras
236108,Överhogdal,236109,"Ytterhogdal, Överhogdal och Ängersjö",2006-01-01,10,Upphör; till befintlig
236109,Ytterhogdal,236109,"Ytterhogdal, Överhogdal och Ängersjö",2006-01-01,16,Utvidgas och namnändras
236110,Ängersjö,236109,"Ytterhogdal, Överhogdal och Ängersjö",2006-01-01,10,Upphör; till befintlig
236111,Lillhärdal,236101,Svegsbygden,2006-01-01,10,Upphör; till befintlig
238002,Frösö,238002,"Frösö, Sunne och Norderö",2014-01-01,16,Utvidgas och namnändras
238003,Sunne,238002,"Frösö, Sunne och Norderö",2014-01-01,10,Upphör; till befintlig
238008,Kyrkås,238009,Häggenås-Lit-Kyrkås,2010-01-01,10,Upphör; till befintlig
238009,Lit,238009,Häggenås-Lit-Kyrkås,2010-01-01,16,Utvidgas och namnändras
238010,Häggenås,238009,Häggenås-Lit-Kyrkås,2010-01-01,10,Upphör; till befintlig
238011,Norderö,238002,"Frösö, Sunne och Norderö",2014-01-01,10,Upphör; till befintlig
240101,Norrfors kbfd,240102,Nordmaling,1992-01-01,10,Upphör; till befintlig
240102,Nordmalings kbfd,240102,Nordmaling,1992-01-01,16,Utvidgas och namnändras
240201,Hörnefors,248007,Hörnefors,1974-01-01,21,Kodändrad; ny kommuntillhörighet
240301,Bjurholm,246003,Bjurholm,1974-01-01,21,Kodändrad; ny kommuntillhörighet
240401,Degerfors,240401,Vindeln,1970-01-01,40,Namnändrad (ej kodändrad)
240401,Vindeln,240401,Vindeln,2006-01-01,15,Utvidgas
240402,Åmsele,240401,Vindeln,2006-01-01,10,Upphör; till befintlig
240501,Vännäs landskommuns kbfd,246002,Vännäs fd landskommuns kbfd,1971-01-01,33,Kod- och namnändrad; annat än 30-32
240701,Sävars övre kbfd,248008,Sävars övre kbfd,1974-01-01,21,Kodändrad; ny kommuntillhörighet
240702,Sävars nedre kbfd,248009,Sävars nedre kbfd,1974-01-01,21,Kodändrad; ny kommuntillhörighet
240801,Holmön,248010,Holmön,1974-01-01,21,Kodändrad; ny kommuntillhörighet
240901,Bygdeå kbfd,240901,Bygdeå,1992-01-01,16,Utvidgas och namnändras
240901,Bygdeå,240901,Bygdeå,2000-01-01,15,Utvidgas
240901,Bygdeå,240901,Bygdeå,2002-01-01,15,Utvidgas
240902,Överklintens kbfd,240901,Bygdeå,1992-01-01,10,Upphör; till befintlig
240903,Robertsfors,240901,Bygdeå,2000-01-01,10,Upphör; till befintlig
240904,Nysätra,240901,Bygdeå,2002-01-01,10,Upphör; till befintlig
241001,Nysätra,240904,Nysätra,1974-01-01,21,Kodändrad; ny kommuntillhörighet
241101,Lövånger,248210,Lövånger,1974-01-01,21,Kodändrad; ny kommuntillhörighet
241201,Burträsk,248211,Burträsk,1974-01-01,21,Kodändrad; ny kommuntillhörighet
241202,Kalvträsk,248212,Kalvträsk,1974-01-01,21,Kodändrad; ny kommuntillhörighet
241701,Bastuträsks kbfd,241702,Norsjö,1992-01-01,10,Upphör; till befintlig
241702,Norsjö kbfd,241702,Norsjö,1992-01-01,16,Utvidgas och namnändras
241703,Malå,241801,Malå,1983-01-01,21,Kodändrad; ny kommuntillhörighet
241801,Malå,241703,Malå,1974-01-01,21,Kodändrad; ny kommuntillhörighet
241901,Örträsk,248104,Örträsk,1971-01-01,21,Kodändrad; ny kommuntillhörighet
242001,"Lycksele, del",248101,Lycksele,1971-01-01,10,Upphör; till befintlig
242002,Björksele,248103,Björksele,1971-01-01,23,Kodändrad; annat än 20-22
242101,Stensele kbfd,242101,Stensele,1989-01-01,16,Utvidgas och namnändras
242102,Umnäs kbfd,242101,Stensele,1989-01-01,10,Upphör; till befintlig
242201,Sorsele,242201,Sorsele,2006-01-01,15,Utvidgas
242202,Gargnäs,242201,Sorsele,2006-01-01,10,Upphör; till befintlig
242301,Tärna,242103,Tärna,1971-01-01,21,Kodändrad; ny kommuntillhörighet
242501,Dorotea,242501,Dorotea-Risbäck,2006-01-01,16,Utvidgas och namnändras
242501,Dorotea,246302,Dorotea,1974-01-01,21,Kodändrad; ny kommuntillhörighet
242502,Risbäck,246303,Risbäck,1974-01-01,21,Kodändrad; ny kommuntillhörighet
242502,Risbäck,242501,Dorotea-Risbäck,2006-01-01,10,Upphör; till befintlig
242701,Fredrika,246304,Fredrika,1974-01-01,21,Kodändrad; ny kommuntillhörighet
246001,Vännäs Köpings kbfd,246001,Vännäs fd Köpings kbfd,1971-01-01,40,Namnändrad (ej kodändrad)
246001,Vännäs fd Köpings kbfd,246001,Vännäs centralorts kbfd,1980-01-01,40,Namnändrad (ej kodändrad)
246001,Vännäs centralorts kbfd,246001,Vännäs,1987-01-01,16,Utvidgas och namnändras
246002,Vännäsbygdens kbfd,246001,Vännäs,1987-01-01,10,Upphör; till befintlig
246002,Vännäs fd landskommuns kbfd,246002,Vännäsbygdens kbfd,1980-01-01,40,Namnändrad (ej kodändrad)
246003,Bjurholm,240301,Bjurholm,1983-01-01,21,Kodändrad; ny kommuntillhörighet
246101,Holmsund,248006,Holmsund,1974-01-01,21,Kodändrad; ny kommuntillhörighet
246201,Vilhelmina kbfd,246201,Vilhelmina kbfd,1978-01-01,15,Utvidgas
246201,Vilhelmina kbfd,246201,Vilhelmina,1989-01-01,16,Utvidgas och namnändras
246202,Dikanäs kbfd,246201,Vilhelmina,1989-01-01,10,Upphör; till befintlig
246203,Latikbergs kbfd,246201,Vilhelmina kbfd,1978-01-01,10,Upphör; till befintlig
246204,Saxnäs kbfd,246201,Vilhelmina,1989-01-01,10,Upphör; till befintlig
246301,Åsele,246301,Åsele-Fredrika,2010-01-01,16,Utvidgas och namnändras
246302,Dorotea,242501,Dorotea,1980-01-01,21,Kodändrad; ny kommuntillhörighet
246303,Risbäck,242502,Risbäck,1980-01-01,21,Kodändrad; ny kommuntillhörighet
246304,Fredrika,246301,Åsele-Fredrika,2010-01-01,10,Upphör; till befintlig
248001,Umeå stadsförs.,248005,Ålidhem,1971-01-01,12,Ger del till nybildad
248005,Ålidhem,248011,Umeå Maria,1998-01-01,12,Ger del till nybildad
248008,Sävars övre kbfd,248009,Sävar,1992-01-01,10,Upphör; till befintlig
248009,Sävars nedre kbfd,248009,Sävar,1992-01-01,16,Utvidgas och namnändras
248009,Sävar,248009,Sävar-Holmön,2007-01-01,16,Utvidgas och namnändras
248010,Holmön,248009,Sävar-Holmön,2007-01-01,10,Upphör; till befintlig
248101,"Lycksele, del",248101,Lycksele,1971-01-01,16,Utvidgas och namnändras
248101,Lycksele,248101,Lycksele,2006-01-01,15,Utvidgas
248103,Björksele,248101,Lycksele,2006-01-01,10,Upphör; till befintlig
248104,Örträsk,248101,Lycksele,2006-01-01,10,Upphör; till befintlig
248205,Boliden,248205,Jörn-Boliden,2008-01-01,16,Utvidgas och namnändras
248207,Byske,248207,Byske-Fällfors,2009-01-01,16,Utvidgas och namnändras
248208,Fällfors,248207,Byske-Fällfors,2009-01-01,10,Upphör; till befintlig
248209,Jörn,248205,Jörn-Boliden,2008-01-01,10,Upphör; till befintlig
248211,Burträsk,248211,Burträsk,2006-01-01,15,Utvidgas
248212,Kalvträsk,248211,Burträsk,2006-01-01,10,Upphör; till befintlig
250501,Glommersträsks kbfd,250502,Arvidsjaur,1992-01-01,10,Upphör; till befintlig
250502,Arvidsjaurs kbfd,250502,Arvidsjaur,1992-01-01,16,Utvidgas och namnändras
250601,Södra Bergnäs kbfd,250602,Arjeplog,1992-01-01,10,Upphör; till befintlig
250602,Arjeplogs kbfd,250602,Arjeplog,1992-01-01,16,Utvidgas och namnändras
250901,Edefors,258203,Edefors,1971-01-01,21,Kodändrad; ny kommuntillhörighet
251001,Puottaure kbfd,251002,Jokkmokk,1976-01-01,10,Upphör; till befintlig
251002,Jokkmokks kbfd,251002,Jokkmokk,1976-01-01,16,Utvidgas och namnändras
251002,Jokkmokk,251002,Jokkmokk,2006-01-01,15,Utvidgas
251003,Kvikkjokks kbfd,251002,Jokkmokk,1976-01-01,10,Upphör; till befintlig
251004,Porjus,251002,Jokkmokk,2006-01-01,10,Upphör; till befintlig
251005,Vuollerim,251002,Jokkmokk,2006-01-01,10,Upphör; till befintlig
251301,Överkalix kbfd,251301,Överkalix,1979-01-01,16,Utvidgas och namnändras
251302,Lansjärvs kbfd,251301,Överkalix,1979-01-01,10,Upphör; till befintlig
251401,Nederkalix,251401,Kalix,2018-01-01,16,Utvidgas och namnändras
251402,Töre,251401,Kalix,2018-01-01,10,Upphör; till befintlig
251402,Töre kbfd,251402,Töre,1992-01-01,16,Utvidgas och namnändras
251403,Morjärvs kbfd,251402,Töre,1992-01-01,10,Upphör; till befintlig
251801,Övertorneå,251801,Övertorneå,2006-01-01,15,Utvidgas
251802,Svanstein,251801,Övertorneå,2006-01-01,10,Upphör; till befintlig
251803,Hietaniemi,251801,Övertorneå,2006-01-01,10,Upphör; till befintlig
251901,Korpilombolo,252104,Korpilombolo,1971-01-01,21,Kodändrad; ny kommuntillhörighet
252001,Tärendö,252105,Tärendö,1971-01-01,21,Kodändrad; ny kommuntillhörighet
252101,Pajala,252101,Pajala,2006-01-01,15,Utvidgas
252101,Pajala,252101,Pajala,2008-01-01,15,Utvidgas
252101,Pajala,252101,Pajala,2010-01-01,15,Utvidgas
252101,Pajala kbfd,252101,Pajala,1971-01-01,16,Utvidgas och namnändras
252102,Kaunisvaara kbfd,252101,Pajala,1971-01-01,10,Upphör; till befintlig
252103,Muonionalusta,252101,Pajala,2006-01-01,10,Upphör; till befintlig
252104,Korpilombolo,252101,Pajala,2010-01-01,10,Upphör; till befintlig
252105,Tärendö,252101,Pajala,2008-01-01,10,Upphör; till befintlig
252106,Junosuando,252101,Pajala,2006-01-01,10,Upphör; till befintlig
252201,Junosuando,252106,Junosuando,1971-01-01,21,Kodändrad; ny kommuntillhörighet
252301,Gällivare kbfd,252301,Gällivare,1992-01-01,16,Utvidgas och namnändras
252301,Gällivare,252301,Gällivare,2010-01-01,15,Utvidgas
252302,Nattavaara kbfd,252302,Nattavaara kbfd,1973-01-01,15,Utvidgas
252302,Nattavaara kbfd,252301,Gällivare,1992-01-01,10,Upphör; till befintlig
252303,Vitträsks kbfd,252302,Nattavaara kbfd,1973-01-01,10,Upphör; till befintlig
252304,Hakkas,252301,Gällivare,2010-01-01,10,Upphör; till befintlig
252305,Nilivaara,252301,Gällivare,2010-01-01,10,Upphör; till befintlig
252401,Karesuando,258403,Karesuando,1971-01-01,21,Kodändrad; ny kommuntillhörighet
258001,Luleå domkyrkoförs.,258002,Luleå domkyrkoförs.,2011-01-01,10,Upphör; till befintlig
258002,Örnäset,258002,Luleå domkyrkoförs.,2011-01-01,16,Utvidgas och namnändras
258101,Piteå stadsförs.,258103,Piteå,2010-01-01,10,Upphör; till befintlig
258103,Piteå landsförs.,258103,Piteå,2010-01-01,16,Utvidgas och namnändras
258103,Piteå kbfd,258103,Piteå landsförs.,1992-01-01,16,Utvidgas och namnändras
258104,Markbygdens kbfd,258103,Piteå landsförs.,1992-01-01,10,Upphör; till befintlig
258201,Överluleå,258204,Sävast,1998-01-01,12,Ger del till nybildad
258301,Haparanda kbfd,258301,Haparanda kbfd,1975-01-01,15,Utvidgas
258301,Haparanda kbfd,258301,Nedertorneå-Haparanda,1977-01-01,16,Utvidgas och namnändras
258301,Nedertorneå-Haparanda,258301,Haparanda,2010-01-01,16,Utvidgas och namnändras
258302,Seskarö kbfd,258301,Nedertorneå-Haparanda,1977-01-01,10,Upphör; till befintlig
258303,Nedertorneå kbfd,258301,Haparanda kbfd,1975-01-01,10,Upphör; till befintlig
258304,Karl Gustav,258301,Haparanda,2010-01-01,10,Upphör; till befintlig
