pid,geom_id,forkod,nadkod,dedik,dedikscb,charid,topo_id,ref_code,category,parent_pid,county,letter,county_name,name,name_full,socken,alias,name_previous,name_scb,name_ddb,start,end
1,7329,128011,128011000,69650,128011,NA,{9396A8F5-A0B0-11D3-9E53-009027B0FCE9},SE/128011000,territorial,NA,12,M,Skåne,Sallerup,Södra Sallerups församling,Södra Sallerups,NA,1885 Sallerup,SÖDRA SALLERUP,SÖDRA SALLERUP,1600,1990
2,7955,68011,68011000,69400,68011,olmstad,{9396A5CD-A0B0-11D3-9E53-009027B0FCE9},SE/068011000,territorial,NA,6,F,Jönköpings,Ölmstad,Ölmstads församling,Ölmstads,NA,NA,ÖLMSTAD,ÖLMSTAD,1600,1990
3,7880,58123,58123000,55420,58123,NA,{9396A54D-A0B0-11D3-9E53-009027B0FCE9},SE/058123000,territorial,NA,5,E,Östergötlands,Å,Å församling,Å,NA,NA,Å,Å,1600,1990
6,7305,138203,138203000,78260,138203,abild,{9396A9C6-A0B0-11D3-9E53-009027B0FCE9},SE/138203000,territorial,NA,13,N,Hallands,Abild,Abilds församling,Abilds,NA,NA,ABILD,ABILD,1600,1990
8,NA,142700,NA,NA,NA,aby5,NA,NA,other,11,14,O,Västra Götalands,Åby,NA,NA,NA,NA,NA,NA,NA,NA
10,NA,58100,NA,NA,NA,aby2,NA,NA,other,11,5,E,Östergötlands,Åby,NA,NA,NA,NA,NA,NA,NA,NA
11,8272,88006,88006000,78800,88006,aby3,{9396A6CB-A0B0-11D3-9E53-009027B0FCE9},SE/088006000,territorial,NA,8,H,Kalmar,Åby,Åby församling,Åby,NA,NA,ÅBY,ÅBY,1733,1990
12,6779,168517,168517000,59890,168517,acklinga,{9396AC9B-A0B0-11D3-9E53-009027B0FCE9},SE/168517000,territorial,NA,16,R,Skaraborgs,Acklinga,Acklinga församling,Acklinga,NA,NA,ACKLINGA,ACKLINGA,1600,1990
13,7304,228308,228308000,82330,228308,adlid,{9396AF2A-A0B0-11D3-9E53-009027B0FCE9},SE/228308000,territorial,NA,22,Y,Västernorrlands,Ådals-Liden,Ådals-lidens församling,Ådals-lidens,Liden,1885 Liden,ÅDALS-LIDEN,ÅDALS-LIDEN,1600,1990
14,7376,68702,68702000,57230,68702,adelov,{9396A624-A0B0-11D3-9E53-009027B0FCE9},SE/068702000,territorial,NA,6,F,Jönköpings,Adelöv,Adelövs församling,Adelövs,NA,NA,ADELÖV,ADELÖV,1600,1990
15,7673,12502,12502000,52400,12502,adelso,{9396A336-A0B0-11D3-9E53-009027B0FCE9},SE/012502000,territorial,NA,1,AB,Stockholms,Adelsö,Adelsö församling,Adelsö,"Birka, Björkö",NA,ADELSÖ,ADELSÖ,1600,1990
16,8516,18005,18005000,85550,18005,adolffredrik,{9396A36C-A0B0-11D3-9E53-009027B0FCE9},SE/018005000,territorial,NA,1,AB,Stockholms,Adolf Fredrik,Adolf Fredriks församling,Adolf Fredriks,"Olof, Sankt Olai, Sankt Olof",1775 Sankt Olof,ADOLF FREDRIK,"ADOLF FREDRIK, STOCKHOLM",1906,1990
21,NA,126300,NA,NA,NA,aggarp,NA,NA,other,3699,12,M,Skåne,Aggarp,NA,NA,NA,NA,NA,NA,NA,NA
23,8494,168506,168506000,59900,168506,agnetorp,{9396AC8F-A0B0-11D3-9E53-009027B0FCE9},SE/168506000,territorial,NA,16,R,Skaraborgs,Agnetorp,Agnetorps församling,Agnetorps,Ångarp,Ångarp,AGNETORP,AGNETORP,1900,1990
24,7934,78102,78102000,67300,78102,agunnaryd,{9396A67C-A0B0-11D3-9E53-009027B0FCE9},SE/078102000,territorial,NA,7,G,Kronobergs,Agunnaryd,Agunnaryds församling,Agunnaryds,NA,NA,AGUNNARYD,AGUNNARYD,1600,1990
25,6422,118015,118015000,74350,118015,ahus,{9396A811-A0B0-11D3-9E53-009027B0FCE9},SE/118015000,territorial,NA,11,L,Kristianstads,Åhus,Åhus församling,Åhus,NA,NA,ÅHUS,ÅHUS,1600,1990
28,NA,123100,NA,NA,NA,akarp2,NA,NA,other,2496,12,M,Skåne,Åkarp,NA,NA,NA,NA,NA,NA,NA,NA
30,5880,98034,98034000,84500,98034,akeback,{9396A745-A0B0-11D3-9E53-009027B0FCE9},SE/098034000,territorial,NA,9,I,Gotlands,Akebäck,Akebäcks församling,Akebäcks,NA,NA,AKEBÄCK,AKEBÄCK,1600,1990
33,6017,48606,48606000,62260,48606,aker3,{9396A4CE-A0B0-11D3-9E53-009027B0FCE9},SE/048606000,territorial,NA,4,D,Södermanlands,Åker,Åkers församling (D-län),Åkers,NA,NA,ÅKER (D-län),NA,1600,1990
34,6320,66505,66505000,68450,66505,aker4,{9396A5BC-A0B0-11D3-9E53-009027B0FCE9},SE/066505000,territorial,NA,6,F,Jönköpings,Åker,Åkers församling (F-län),Åkers,NA,NA,ÅKER (F-län),ÅKER,1600,1990
35,5867,38020,38020000,52740,38020,akerby,{9396A414-A0B0-11D3-9E53-009027B0FCE9},SE/038020000,territorial,NA,3,C,Uppsala,Åkerby,Åkerby församling,Åkerby,NA,NA,ÅKERBY,ÅKERBY,1600,1990
36,7863,202903,202903000,65890,202903,al,{9396AE3D-A0B0-11D3-9E53-009027B0FCE9},SE/202903000,territorial,NA,20,W,Dalarnas,Ål,Åls församling,Åls,NA,NA,ÅL,ÅL,1600,1990
37,6730,98043,98043000,85010,98043,ala,{9396A74E-A0B0-11D3-9E53-009027B0FCE9},SE/098043000,territorial,NA,9,I,Gotlands,Ala,Ala församling,Ala,NA,NA,ALA,NA,1600,1990
38,8349,231302,231302000,83730,231302,alanas,{9396AF64-A0B0-11D3-9E53-009027B0FCE9},SE/231302000,territorial,NA,23,Z,Jämtlands,Alanäs,Alanäs församling,Alanäs,NA,"Alanäset, ej sedan 1932-09-02",ALANÄS,ALANÄS,1808,1990
39,7652,38015,38015000,50940,38015,aland,{9396A40F-A0B0-11D3-9E53-009027B0FCE9},SE/038015000,territorial,NA,3,C,Uppsala,Åland,Ålands församling,Ålands,NA,NA,ÅLAND,ÅLAND,1600,1990
40,7958,156620,156620000,61560,156620,alboga,{9396AB35-A0B0-11D3-9E53-009027B0FCE9},SE/156620000,territorial,NA,15,P,Älvsborgs,Alboga,Alboga församling,Alboga,NA,NA,ALBOGA,ALBOGA,1600,1990
41,6388,88503,88503000,79360,88503,alboke,{9396A70E-A0B0-11D3-9E53-009027B0FCE9},SE/088503000,territorial,NA,8,H,Kalmar,Alböke,Alböke församling,Alböke,NA,NA,ALBÖKE,NA,1600,1990
42,5881,156316,156316000,77110,156316,NA,{9396AB0C-A0B0-11D3-9E53-009027B0FCE9},SE/156316000,territorial,NA,15,P,Älvsborgs,Älekulla,Älekulla församling,Älekulla,NA,1908 Ellekulla,ÄLEKULLA,ÄLEKULLA,1600,1990
43,6587,86103,86103000,78900,86103,alem,{9396A6BB-A0B0-11D3-9E53-009027B0FCE9},SE/086103000,territorial,NA,8,H,Kalmar,Ålem,Ålems församling,Ålems,NA,NA,ÅLEM,ÅLEM,1600,1990
44,6775,156205,156205000,75700,156205,aleskovde,{9396AAF9-A0B0-11D3-9E53-009027B0FCE9},SE/156205000,territorial,NA,15,P,Älvsborgs,Ale-Skövde,Ale-Skövde församling,Ale-Skövde,Skövde,1885 Skövde,ALE-SKÖVDE,ALE-SKÖVDE,1600,1990
45,6489,138212,138212000,78050,138212,alfshog,{9396A9CF-A0B0-11D3-9E53-009027B0FCE9},SE/138212000,territorial,NA,13,N,Hallands,Alfshög,Alfshögs församling,Alfshögs,NA,NA,ALFSHÖG,ALFSHÖG,1600,1990
46,8124,212103,212103000,53640,212103,alfta,{9396AE9E-A0B0-11D3-9E53-009027B0FCE9},SE/212103000,territorial,NA,21,X,Gävleborgs,Alfta,Alfta församling,Alfta,NA,NA,ALFTA,ALFTA,1639,1990
47,7196,178409,178409000,80670,178409,NA,{9396AD55-A0B0-11D3-9E53-009027B0FCE9},SE/178409000,territorial,NA,17,S,Värmlands,Älgå,Älgå församling,Älgå,NA,1901 Elgå,ÄLGÅ,ÄLGÅ,1600,1990
48,5810,166313,166313000,60300,166313,algaras,{9396AC10-A0B0-11D3-9E53-009027B0FCE9},SE/166313000,territorial,NA,16,R,Skaraborgs,Älgarås,Älgarås församling,Älgarås,NA,NA,ÄLGARÅS,ÄLGARÅS,1600,1990
49,NA,68000,NA,NA,NA,algaryd,NA,NA,other,477,6,F,Jönköpings,Älgaryd,NA,NA,NA,NA,NA,NA,NA,NA
50,6645,76005,76005000,67930,76005,alghult,{9396A62E-A0B0-11D3-9E53-009027B0FCE9},SE/076005000,territorial,NA,7,G,Kronobergs,Älghult,Älghults församling,Älghults,NA,NA,ÄLGHULT,ÄLGHULT,1600,1990
51,7637,86203,86203000,67920,86203,algutsboda,{9396A6C0-A0B0-11D3-9E53-009027B0FCE9},SE/086203000,territorial,NA,8,H,Kalmar,Algutsboda,Algutsboda församling,Algutsboda,NA,NA,ALGUTSBODA,ALGUTSBODA,1600,1990
52,6430,84014,84014000,79550,84014,algutsrum,{9396A6A9-A0B0-11D3-9E53-009027B0FCE9},SE/084014000,territorial,NA,8,H,Kalmar,Algutsrum,Algutsrums församling,Algutsrums,NA,NA,ALGUTSRUM,ALGUTSRUM,1600,1990
53,5931,152713,152713000,61900,152713,algutstorp,{9396AACE-A0B0-11D3-9E53-009027B0FCE9},SE/152713000,territorial,NA,15,P,Älvsborgs,Algutstorp,Algutstorps församling,Algutstorps,NA,NA,ALGUTSTORP,ALGUTSTORP,1600,1990
54,8780,248005,248005000,82782,248005,alidhem,{9396AFD7-A0B0-11D3-9E53-009027B0FCE9},SE/248005000,territorial,NA,24,AC,Västerbottens,Ålidhem,Ålidhems församling,Ålidhems,NA,NA,ÅLIDHEM,NA,1971,1990
55,8755,158201,158201000,61750,158201,alling,{9396AB52-A0B0-11D3-9E53-009027B0FCE9},SE/158201000,territorial,NA,15,P,Älvsborgs,Alingsås,Alingsås församling 1967-,Alingsås,Alingsås stadsförsamling,1966 Alingsås stadsförsamling,ALINGSÅS,ALINGSÅS STADS,1967,1990
56,8073,158200,158201005,61750,158201,alilanf,{9396AB57-A0B0-11D3-9E53-009027B0FCE9},SE/158201005,territorial,NA,15,P,Älvsborgs,Alingsås landsförsamling,Alingsås landsförsamling,Alingsås landsförsamling,Nolby,NA,ALINGSÅS LANDS,ALINGSÅS STADS,1619,1966
57,NA,158200,NA,NA,NA,alireformerta,NA,NA,other,NA,15,P,Älvsborgs,Alingsås reformerta,NA,NA,NA,NA,NA,NA,NA,NA
60,NA,118000,NA,NA,NA,allekopinge,NA,NA,other,25,11,L,Kristianstads,Älleköpinge,NA,NA,NA,NA,NA,NA,NA,NA
61,7886,128306,128306000,72430,128306,allerum,{9396A933-A0B0-11D3-9E53-009027B0FCE9},SE/128306000,territorial,NA,12,M,Skåne,Allerum,Allerums församling,Allerums,NA,NA,ALLERUM,ALLERUM,1600,1990
65,6707,58605,58605000,56910,58605,allhelgona2,{9396A587-A0B0-11D3-9E53-009027B0FCE9},SE/058605000,territorial,NA,5,E,Östergötlands,Allhelgona,Allhelgona församling (E-län),Allhelgona,NA,NA,ALLHELGONA (E-län),ALLHELGONA,1600,1990
66,NA,18000,NA,NA,NA,alar,NA,NA,other,1767,1,AB,Stockholms,Allmänna arbetsinrättningen,NA,NA,Arbetsinrättningen,NA,NA,NA,NA,NA
69,NA,18000,NA,NA,NA,allfars,NA,NA,other,NA,1,AB,Stockholms,Allmänna försörjningsinrättningen,NA,NA,"Försörjningsinrättningen, Stockholms stads allmänna försörjningsinrättning",NA,NA,NA,NA,NA
70,NA,18000,NA,NA,NA,alldov,NA,NA,other,NA,1,AB,Stockholms,Allmänna institutet å Manilla för dövstumma och blinda,NA,NA,Manilla,NA,NA,NA,NA,NA
71,NA,148000,NA,NA,NA,allstraff,NA,NA,straffanstalt,NA,14,O,Västra Götalands,Allmänna straffängelset,NA,NA,"Länshäktet, Straffängelset",1857 Länshäktet,NA,NA,NA,NA
72,NA,18000,NA,NA,NA,allstraffarbets,NA,NA,straffanstalt,NA,1,AB,Stockholms,Allmänna straff- och arbetsfängelset å Långholmen,NA,NA,NA,NA,NA,NA,NA,NA
73,7806,188004,188004000,64190,188004,almby,{9396AD8D-A0B0-11D3-9E53-009027B0FCE9},SE/188004000,territorial,NA,18,T,Örebro,Almby,Almby församling,Almby,NA,NA,ALMBY,ALMBY,1600,1990
74,7123,76303,76303000,67640,76303,almebada,{9396A638-A0B0-11D3-9E53-009027B0FCE9},SE/076303000,territorial,NA,7,G,Kronobergs,Älmeboda,Älmeboda församling,Älmeboda,NA,NA,ÄLMEBODA,ÄLMEBODA,1600,1990
75,6117,68210,68210000,68880,68210,almesakra,{9396A5E4-A0B0-11D3-9E53-009027B0FCE9},SE/068210000,territorial,NA,6,F,Jönköpings,Almesåkra,Almesåkra församling,Almesåkra,NA,NA,ALMESÅKRA,ALMESÅKRA,1600,1990
76,8505,76501,76501000,67240,76501,almhalt,{9396A64C-A0B0-11D3-9E53-009027B0FCE9},SE/076501000,territorial,NA,7,G,Kronobergs,Älmhult,Älmhults församling,Älmhults,NA,NA,ÄLMHULT,NA,1905,1990
77,6040,76302,76302000,66940,76302,almundsryd,{9396A637-A0B0-11D3-9E53-009027B0FCE9},SE/076302000,territorial,NA,7,G,Kronobergs,Almundsryd,Almundsryds församling,Almundsryds,Nykyrke,22 enligt KBr ej Allmundsryd.,ALMUNDSRYD,ALMUNDSRYD,1600,1990
78,7476,38031,38031000,50220,38031,almunge,{9396A41F-A0B0-11D3-9E53-009027B0FCE9},SE/038031000,territorial,NA,3,C,Uppsala,Almunge,Almunge församling,Almunge,NA,NA,ALMUNGE,ALMUNGE,1600,1990
79,7254,228104,228104000,83480,228104,alno,{9396AF0A-A0B0-11D3-9E53-009027B0FCE9},SE/228104000,territorial,NA,22,Y,Västernorrlands,Alnö,Alnö församling,Alnö,NA,NA,ALNÖ,ALNÖ,1600,1990
80,6927,68515,68515000,69110,68515,alseda,{9396A60E-A0B0-11D3-9E53-009027B0FCE9},SE/068515000,territorial,NA,6,F,Jönköpings,Alseda,Alseda församling,Alseda,NA,NA,ALSEDA,ALSEDA,1600,1990
81,6148,230910,230910000,83880,230910,alsen,{9396AF60-A0B0-11D3-9E53-009027B0FCE9},SE/230910000,territorial,NA,23,Z,Jämtlands,Alsen,Alsens församling,Alsens,NA,NA,ALSEN,ALSEN,1600,1990
82,7981,38033,38033000,51750,38033,alsike,{9396A421-A0B0-11D3-9E53-009027B0FCE9},SE/038033000,territorial,NA,3,C,Uppsala,Alsike,Alsike församling,Alsike,NA,NA,ALSIKE,ALSIKE,1600,1990
83,6041,98066,98066000,85260,98066,alskog,{9396A765-A0B0-11D3-9E53-009027B0FCE9},SE/098066000,territorial,NA,9,I,Gotlands,Alskog,Alskogs församling,Alskogs,NA,NA,ALSKOG,ALSKOG,1600,1990
84,8813,128710,128710000,69860,128710,alstad,{9396A97E-A0B0-11D3-9E53-009027B0FCE9},SE/128710000,territorial,NA,12,M,Skåne,Alstad,Alstads församling,Alstads,"Lilla Alstad, Västra Alstad",1979 Västra Alstad,ALSTAD,VÄSTRA ALSTAD,1980,1990
85,6393,178007,178007000,80340,178007,alster,{9396AD21-A0B0-11D3-9E53-009027B0FCE9},SE/178007000,territorial,NA,17,S,Värmlands,Alster,Alsters församling,Alsters,NA,NA,ALSTER,ALSTER,1600,1990
86,7805,38136,38136000,51230,38136,altuna,{9396A450-A0B0-11D3-9E53-009027B0FCE9},SE/038136000,territorial,NA,3,C,Uppsala,Altuna,Altuna församling,Altuna,NA,NA,ALTUNA,ALTUNA,1600,1990
87,7749,38209,38209000,50380,38209,alunda,{9396A45C-A0B0-11D3-9E53-009027B0FCE9},SE/038209000,territorial,NA,3,C,Uppsala,Alunda,Alunda församling,Alunda,NA,NA,ALUNDA,ALUNDA,1600,1990
88,6514,98078,98078000,85340,98078,alva,{9396A771-A0B0-11D3-9E53-009027B0FCE9},SE/098078000,territorial,NA,9,I,Gotlands,Alva,Alva församling,Alva,NA,NA,ALVA,ALVA,1600,1990
89,NA,170000,NA,NA,NA,alvdal,NA,NA,other,NA,17,S,Värmlands,Älvdal,NA,NA,NA,NA,NA,NA,NA,NA
90,8187,203902,203902000,66100,203902,alvdalen,{9396AE49-A0B0-11D3-9E53-009027B0FCE9},SE/203902000,territorial,NA,20,W,Dalarnas,Älvdalen,Älvdalens församling,Älvdalens,NA,NA,ÄLVDALEN,ÄLVDALEN,1652,1990
91,NA,203900,NA,NA,NA,alvdalenskbfd,NA,NA,kbfd,90,20,W,Dalarnas,Älvdalens kbfd,NA,NA,NA,NA,NA,NA,NA,NA
92,7669,76401,76401000,67160,76401,alv,{9396A63E-A0B0-11D3-9E53-009027B0FCE9},SE/076401000,territorial,NA,7,G,Kronobergs,Alvesta,Alvesta församling,Alvesta,NA,1944 Aringsås,ALVESTA,ARINGSÅS,1600,1990
93,6202,58308,58308000,54420,58308,alvestad,{9396A569-A0B0-11D3-9E53-009027B0FCE9},SE/058308000,territorial,NA,5,E,Östergötlands,Älvestad,Älvestads församling,Älvestads,NA,NA,ÄLVESTAD,ÄLVESTAD,1600,1990
94,8540,31901,31901000,52960,31901,alvkarleby,{9396A3EF-A0B0-11D3-9E53-009027B0FCE9},SE/031901000,territorial,NA,3,C,Uppsala,Älvkarleby,Älvkarleby församling,Älvkarleby,NA,1901 Elfkarleby,ÄLVKARLEBY,ÄLVKARLEBY,1909,1990
95,7678,236103,236103000,84260,236103,alvros,{9396AF86-A0B0-11D3-9E53-009027B0FCE9},SE/236103000,territorial,NA,23,Z,Jämtlands,Älvros,Älvros församling,Älvros,NA,NA,ÄLVROS,ÄLVROS,1600,1990
96,7745,138403,138403000,77600,138403,alvsaker,{9396A9F9-A0B0-11D3-9E53-009027B0FCE9},SE/138403000,territorial,NA,13,N,Hallands,Älvsåker,Älvsåkers församling,Älvsåkers,NA,1901 Elfsåker,ÄLVSÅKER,ÄLVSÅKER,1600,1990
97,8361,178005,178005000,80360,178005,alvsbacka,{9396AD1D-A0B0-11D3-9E53-009027B0FCE9},SE/178005000,territorial,NA,17,S,Värmlands,Älvsbacka,Älvsbacka församling,Älvsbacka,Elovsbacka,1917 Elovsbacka,ÄLVSBACKA,ÄLVSBACKA,1820,1990
98,8751,148023,148023000,75535,148023,alvsborg,{9396AA68-A0B0-11D3-9E53-009027B0FCE9},SE/148023000,territorial,NA,14,O,Västra Götalands,Älvsborg,Älvsborgs församling,Älvsborgs,NA,NA,ÄLVSBORG,ÄLVSBORGS KBFD,1967,1990
99,NA,148000,NA,NA,NA,alvsborgskbfd,NA,NA,kbfd,98,14,O,Västra Götalands,Älvsborgs kbfd,NA,NA,NA,NA,NA,NA,NA,NA
100,8353,256002,256002000,83050,256002,alvsby,{9396B02A-A0B0-11D3-9E53-009027B0FCE9},SE/256002000,territorial,NA,25,BD,Norrbottens,Älvsby,Älvsby församling,Älvsby,Byn,NA,ÄLVSBY,ÄLVSBYN,1809,1990
101,5972,138224,138224000,77190,138224,alvsered,{9396A9DB-A0B0-11D3-9E53-009027B0FCE9},SE/138224000,territorial,NA,13,N,Hallands,Älvsered,Älvsereds församling,Älvsereds,NA,NA,ÄLVSERED,ÄLVSERED,1600,1990
102,8738,158501,158501000,81430,158501,amal,{9396AB9A-A0B0-11D3-9E53-009027B0FCE9},SE/158501000,territorial,NA,15,P,Älvsborgs,Åmål,Åmåls församling 1963-,Åmåls,Åmåls stadsförsamling,NA,ÅMÅL,ÅMÅLS STADS,1963,1990
103,8159,158500,158501003,81430,158501,amalslandsforsamling,{9396AB9D-A0B0-11D3-9E53-009027B0FCE9},SE/158501003,territorial,NA,15,P,Älvsborgs,Åmåls landsförsamling,Åmåls landsförsamling,Åmåls landsförsamling,NA,1643 Åmål,ÅMÅLS LANDS,ÅMÅLS STADS,1643,1962
105,7971,155202,155202000,77460,155202,ambjornarp,{9396AAD6-A0B0-11D3-9E53-009027B0FCE9},SE/155202000,territorial,NA,15,P,Älvsborgs,Ambjörnarp,Ambjörnarps församling,Ambjörnarps,NA,NA,AMBJÖRNARP,AMBJÖRNARP,1600,1990
106,NA,108000,NA,NA,NA,amiralitetsfors2,NA,NA,other,NA,10,K,Blekinge,Amiralitetsförsamlingen,NA,NA,NA,NA,NA,NA,NA,NA
108,NA,18000,NA,NA,NA,amiralladu,NA,NA,other,NA,1,AB,Stockholms,Amiralitetsförsamlingen på Ladugårdslandet,NA,NA,NA,NA,NA,NA,NA,NA
109,NA,148000,NA,NA,NA,amiralvarv,NA,NA,other,NA,14,O,Västra Götalands,Amiralitetsvarvsförsamlingen,NA,NA,NA,NA,NA,NA,NA,NA
110,NA,178500,NA,NA,NA,ammeskog,NA,NA,other,3683,17,S,Värmlands,Ämmeskog,NA,NA,NA,NA,NA,NA,NA,NA
111,6778,164301,164301000,60390,164301,amneharad,{9396ABCF-A0B0-11D3-9E53-009027B0FCE9},SE/164301000,territorial,NA,16,R,Skaraborgs,Amnehärad,Amnehärads församling,Amnehärads,NA,NA,AMNEHÄRAD,AMNEHÄRAD,1600,1990
112,8317,210101,210101000,53330,210101,amot,{9396AE92-A0B0-11D3-9E53-009027B0FCE9},SE/210101000,territorial,NA,21,X,Gävleborgs,Åmot,Åmots församling,Åmots,NA,NA,ÅMOT,ÅMOT,1785,1990
113,NA,208100,NA,NA,NA,anisberg,NA,NA,other,3622,20,W,Dalarnas,Amsberg,NA,NA,NA,NA,NA,NA,NA,NA
114,8709,240402,240402000,82822,240402,amsele,{9396AFA8-A0B0-11D3-9E53-009027B0FCE9},SE/240402000,territorial,NA,24,AC,Västerbottens,Åmsele,Åmsele församling,Åmsele,NA,NA,ÅMSELE,NA,1962,1990
115,NA,240400,NA,NA,NA,amselekbfd,NA,NA,kbfd,114,24,AC,Västerbottens,Åmsele kbfd,NA,NA,NA,NA,NA,NA,NA,NA
116,NA,176600,NA,NA,NA,amtervik,NA,NA,other,NA,17,S,Värmlands,Ämtervik,NA,NA,NA,NA,NA,NA,NA,NA
117,6941,128731,128731000,70720,128731,anderslov,{9396A995-A0B0-11D3-9E53-009027B0FCE9},SE/128731000,territorial,NA,12,M,Skåne,Anderslöv,Anderslövs församling,Anderslövs,NA,NA,ANDERSLÖV,ANDERSLÖV,1600,1990
118,7455,66204,66204000,68730,66204,anderstorp,{9396A5AA-A0B0-11D3-9E53-009027B0FCE9},SE/066204000,territorial,NA,6,F,Jönköpings,Anderstorp,Anderstorps församling,Anderstorps,NA,NA,ANDERSTORP,ANDERSTORP,1600,1990
119,NA,66200,NA,NA,NA,anderstorpkbm,NA,NA,kbfd,118,6,F,Jönköpings,Anderstorps kbfd,NA,NA,NA,NA,NA,NA,NA,NA
120,NA,18000,NA,NA,NA,andragard1,NA,NA,regemente,NA,1,AB,Stockholms,Andra gardesregementet,NA,NA,NA,NA,NA,NA,NA,NA
122,NA,68000,NA,NA,NA,andragotart,NA,NA,regemente,NA,6,F,Jönköpings,Andra Göta artilleriregemente,NA,NA,NA,NA,NA,NA,NA,NA
125,6883,116013,116013000,72790,116013,andrarum,{9396A7D8-A0B0-11D3-9E53-009027B0FCE9},SE/116013000,territorial,NA,11,L,Kristianstads,Andrarum,Andrarums församling,Andrarums,NA,NA,ANDRARUM,ANDRARUM,1600,1990
129,7868,78024,78024000,67140,78024,aneboda,{9396A675-A0B0-11D3-9E53-009027B0FCE9},SE/078024000,territorial,NA,7,G,Kronobergs,Aneboda,Aneboda församling,Aneboda,NA,NA,ANEBODA,ANEBODA,1600,1990
130,7751,98045,98045000,85000,98045,anga,{9396A750-A0B0-11D3-9E53-009027B0FCE9},SE/098045000,territorial,NA,9,I,Gotlands,Anga,Anga församling,Anga,NA,NA,ANGA,NA,1600,1990
131,7152,11508,11508000,52270,11508,angarn,{9396A31D-A0B0-11D3-9E53-009027B0FCE9},SE/011508000,territorial,NA,1,AB,Stockholms,Angarn,Angarns församling,Angarns,NA,NA,ANGARN,ANGARN,1600,1990
134,NA,226000,NA,NA,NA,angekbfd,NA,NA,kbfd,449,22,Y,Västernorrlands,Ånge kbfd,NA,NA,NA,NA,NA,NA,NA,NA
135,7759,118201,118201000,73670,118201,angelholm,{9396A83C-A0B0-11D3-9E53-009027B0FCE9},SE/118201000,territorial,NA,11,L,Kristianstads,Ängelholm,Ängelholms församling,Ängelholms,NA,1901 Engelholm,ÄNGELHOLM,ÄNGELHOLM,1600,1990
136,NA,118200,NA,NA,NA,angelholmsgarnisonforsamling,NA,NA,garrison,135,11,L,Kristianstads,Ängelholms garnisonsförsamling,NA,NA,NA,NA,NA,NA,NA,NA
137,6269,78111,78111000,67470,78111,angelstad,{9396A685-A0B0-11D3-9E53-009027B0FCE9},SE/078111000,territorial,NA,7,G,Kronobergs,Angelstad,Angelstads församling,Angelstads,NA,NA,ANGELSTAD,ANGELSTAD,1600,1990
138,7705,68023,68023000,60990,68023,angerdshestra,{9396A5DA-A0B0-11D3-9E53-009027B0FCE9},SE/068023000,territorial,NA,6,F,Jönköpings,Angerdshestra,Angerdshestra församling,Angerdshestra,NA,NA,ANGERDSHESTRA,ANGERDSHESTRA,1600,1990
139,8777,148026,148026000,75600,148026,angered,{9396AA6A-A0B0-11D3-9E53-009027B0FCE9},SE/148026000,territorial,NA,14,O,Västra Götalands,Angered,Angereds församling,Angereds,Ångaröd,NA,ANGERED,ANGERED,1971,1990
140,8604,236110,236110000,53814,236110,angersjo,{9396AF90-A0B0-11D3-9E53-009027B0FCE9},SE/236110000,territorial,NA,23,Z,Jämtlands,Ängersjö,Ängersjö församling,Ängersjö,NA,NA,ÄNGERSJÖ,NA,1925,1990
141,7064,198014,198014000,64850,198014,angso,{9396AE00-A0B0-11D3-9E53-009027B0FCE9},SE/198014000,territorial,NA,19,U,Västmanlands,Ängsö,Ängsö församling,Ängsö,NA,NA,ÄNGSÖ,ÄNGSÖ,1600,1990
142,5875,158505,158505000,81420,158505,animskog,{9396ABA2-A0B0-11D3-9E53-009027B0FCE9},SE/158505000,territorial,NA,15,P,Älvsborgs,Ånimskog,Ånimskogs församling,Ånimskogs,NA,NA,ÅNIMSKOG,ÅNIMSKOG,1600,1990
147,NA,218300,NA,NA,NA,annefors,NA,NA,other,426,21,X,Gävleborgs,Annefors,NA,NA,NA,NA,NA,NA,NA,NA
148,6371,128203,128203000,72130,128203,annelov,{9396A91F-A0B0-11D3-9E53-009027B0FCE9},SE/128203000,territorial,NA,12,M,Skåne,Annelöv,Annelövs församling,Annelövs,NA,NA,ANNELÖV,ANNELÖV,1600,1990
149,7865,78112,78112000,67440,78112,annerstad,{9396A686-A0B0-11D3-9E53-009027B0FCE9},SE/078112000,territorial,NA,7,G,Kronobergs,Annerstad,Annerstads församling,Annerstads,NA,NA,ANNERSTAD,ANNERSTAD,1600,1990
150,NA,188000,NA,NA,NA,ansta,NA,NA,other,1985,18,T,Örebro,Ånsta,NA,NA,NA,Ånnesta,NA,NA,NA,NA
151,6377,228471,228471000,82500,228471,anundsjo,{9396AF43-A0B0-11D3-9E53-009027B0FCE9},SE/228471000,territorial,NA,22,Y,Västernorrlands,Anundsjö,Anundsjö församling,Anundsjö,NA,NA,ANUNDSJÖ,ANUNDSJÖ,1600,1990
152,NA,228404,NA,NA,NA,anundsjokbfd,NA,NA,kbfd,151,22,Y,Västernorrlands,Anundsjö kbfd,NA,NA,NA,NA,NA,NA,NA,NA
153,6369,202104,202104000,65740,202104,appelbo,{9396AE2E-A0B0-11D3-9E53-009027B0FCE9},SE/202104000,territorial,NA,20,W,Dalarnas,Äppelbo,Äppelbo församling,Äppelbo,NA,NA,ÄPPELBO,ÄPPELBO,1600,1990
154,7088,58610,58610000,57020,58610,appuna,{9396A58C-A0B0-11D3-9E53-009027B0FCE9},SE/058610000,territorial,NA,5,E,Östergötlands,Appuna,Appuna församling,Appuna,Abbotstuna,NA,APPUNA,APPUNA,1600,1990
155,NA,118000,NA,NA,NA,araslov,NA,NA,other,2576,11,L,Kristianstads,Åraslöv,NA,NA,NA,NA,NA,NA,NA,NA
156,6478,118000,118014002,74200,118014,araslov,{9396A810-A0B0-11D3-9E53-009027B0FCE9},SE/118014002,territorial,NA,11,L,Kristianstads,Araslöv,Araslövs församling,Araslövs,NA,NA,ARASLÖV,FÄRLÖV,1600,1706
157,NA,18000,NA,NA,NA,arbetsfanglang,NA,NA,other,NA,1,AB,Stockholms,Arbetsfängelset å Långholmen,NA,NA,NA,NA,NA,NA,NA,NA
158,NA,18000,NA,NA,NA,arbetsnorrmalm,NA,NA,other,NA,1,AB,Stockholms,Arbetsfängelset å Norrmalm,NA,NA,NA,NA,NA,NA,NA,NA
160,NA,148000,NA,NA,NA,arbetscorrec,NA,NA,other,NA,14,O,Västra Götalands,Arbets- och correctionsinrättningen,NA,NA,NA,NA,NA,NA,NA,NA
161,NA,198400,NA,NA,NA,arbogakbfd,NA,NA,kbfd,NA,19,U,Västmanlands,Arboga kbfd,NA,NA,NA,NA,NA,NA,NA,NA
162,7332,198402,198402000,65240,198402,arland1,{9396AE27-A0B0-11D3-9E53-009027B0FCE9},SE/198402000,territorial,NA,19,U,Västmanlands,Arboga landsförsamling,Arboga landsförsamling,Arboga landsförsamling,"Nikolai, Sankt Nikolai, Uppkyrka",Sankt Nicolai eller Uppkyrka,ARBOGA LANDS,ARBOGA LANDS,1600,1990
163,8654,198401,198401000,65250,198401,arbogastadsf,{9396AE24-A0B0-11D3-9E53-009027B0FCE9},SE/198401000,territorial,NA,19,U,Västmanlands,Arboga stadsförsamling,Arboga stadsförsamling,Arboga stadsförsamling,"Petri och Pauli, Sankt Petri och Pauli",NA,ARBOGA STADS,SÄTERBO,1947,1990
164,6357,218309,218309000,53650,218309,arbra,{9396AEDE-A0B0-11D3-9E53-009027B0FCE9},SE/218309000,territorial,NA,21,X,Gävleborgs,Arbrå,Arbrå församling,Arbrå,Örbrå,NA,ARBRÅ,ARBRÅ,1600,1990
165,8172,88012,88012000,79150,88012,arby,{9396A6D4-A0B0-11D3-9E53-009027B0FCE9},SE/088012000,territorial,NA,8,H,Kalmar,Arby,Arby församling,Arby,NA,NA,ARBY,ARBY,1650,1990
166,NA,88000,NA,NA,NA,arbykapell,NA,NA,kapell,NA,8,H,Kalmar,Arby kapell,NA,NA,NA,NA,NA,NA,NA,NA
167,6251,48204,48204000,62540,48204,ardala,{9396A498-A0B0-11D3-9E53-009027B0FCE9},SE/048204000,territorial,NA,4,D,Södermanlands,Årdala,Årdala församling,Årdala,NA,NA,ÅRDALA,ÅRDALA,1600,1990
168,5780,98065,98065000,84970,98065,ardre,{9396A764-A0B0-11D3-9E53-009027B0FCE9},SE/098065000,territorial,NA,9,I,Gotlands,Ardre,Ardre församling,Ardre,NA,NA,ARDRE,ARDRE,1600,1990
169,7906,232101,232101000,83920,232101,are,{9396AF71-A0B0-11D3-9E53-009027B0FCE9},SE/232101000,territorial,NA,23,Z,Jämtlands,Åre,Åre församling,Åre,NA,NA,ÅRE,ÅRE,1600,1990
170,6072,38025,38025000,52860,38025,arentuna,{9396A419-A0B0-11D3-9E53-009027B0FCE9},SE/038025000,territorial,NA,3,C,Uppsala,Ärentuna,Ärentuna församling,Ärentuna,NA,1901 Erentuna,ÄRENTUNA,ÄRENTUNA,1600,1990
172,NA,76400,NA,NA,NA,aringsas,NA,NA,other,NA,7,G,Kronobergs,Aringsås,NA,NA,NA,NA,NA,NA,NA,NA
173,NA,48600,NA,NA,NA,arja,NA,NA,other,NA,4,D,Södermanlands,Ärja,NA,NA,NA,NA,NA,NA,NA,NA
174,8128,250671,250671000,83070,250671,arjeplog,{9396B003-A0B0-11D3-9E53-009027B0FCE9},SE/250671000,territorial,NA,25,BD,Norrbottens,Arjeplog,Arjeplogs församling,Arjeplogs,NA,NA,ARJEPLOG,ARJEPLOG,1640,1990
175,NA,250602,NA,NA,NA,arjeplogskbfd,NA,NA,kbfd,174,25,BD,Norrbottens,Arjeplogs kbfd,NA,NA,NA,NA,NA,NA,NA,NA
176,7821,48420,48420000,63930,48420,arla,{9396A4C1-A0B0-11D3-9E53-009027B0FCE9},SE/048420000,territorial,NA,4,D,Södermanlands,Ärla,Ärla församling,Ärla,NA,"22 enligt KBr Ärla., Ärila, 1927-10-22 enligt KBr Ärla",ÄRLA,ÄRLA,1600,1990
177,8347,228402,228402000,82630,228402,arnas,{9396AF33-A0B0-11D3-9E53-009027B0FCE9},SE/228402000,territorial,NA,22,Y,Västernorrlands,Arnäs,Arnäs församling,Arnäs,NA,NA,ARNÄS,ARNÄS,1807,1990
178,5899,38100,38112002,51380,38112,arno,{9396A438-A0B0-11D3-9E53-009027B0FCE9},SE/038112002,territorial,NA,3,C,Uppsala,Arnö,Arnö församling,Arnö,Bond-Arnö,"28 enligt KMt endast Arnö., Bondarnö, 1930-11-28 enligt KMt endast Arnö",ARNÖ,KUNGS-HUSBY,1600,1942
180,NA,38000,NA,NA,NA,aros1,NA,NA,other,NA,3,C,Uppsala,Aros,NA,NA,NA,NA,NA,NA,NA,NA
181,7873,123314,123314000,69550,123314,arrie,{9396A890-A0B0-11D3-9E53-009027B0FCE9},SE/123314000,territorial,NA,12,M,Skåne,Arrie,Arrie församling,Arrie,NA,NA,ARRIE,ARRIE,1600,1990
183,6321,138205,138205000,78270,138205,arstad,{9396A9C8-A0B0-11D3-9E53-009027B0FCE9},SE/138205000,territorial,NA,13,N,Hallands,Årstad,Årstads församling,Årstads,NA,NA,ÅRSTAD,ÅRSTAD,1600,1990
184,NA,18000,NA,NA,NA,arstakbfd,NA,NA,kbfd,488,1,AB,Stockholms,Årsta kbfd,NA,NA,NA,NA,NA,NA,NA,NA
185,7185,218104,218104000,53360,218104,arsunda,{9396AEC4-A0B0-11D3-9E53-009027B0FCE9},SE/218104000,territorial,NA,21,X,Gävleborgs,Årsunda,Årsunda församling,Årsunda,NA,NA,ÅRSUNDA,ÅRSUNDA,1600,1990
186,7349,156001,156001000,81320,156001,art,{9396AAE2-A0B0-11D3-9E53-009027B0FCE9},SE/156001000,territorial,NA,15,P,Älvsborgs,Ärtemark,Ärtemarks församling,Ärtemarks,NA,NA,ÄRTEMARK,ÄRTEMARK,1600,1990
187,NA,156000,NA,NA,NA,arternark,NA,NA,other,NA,15,P,Älvsborgs,Artermark,NA,NA,NA,NA,NA,NA,NA,NA
188,NA,18000,NA,NA,NA,artforsam,NA,NA,regemente,NA,1,AB,Stockholms,Artilleriförsamlingen,NA,NA,NA,NA,NA,NA,NA,NA
190,8425,250571,250571000,83060,250571,arvidsjaur,{9396AFFF-A0B0-11D3-9E53-009027B0FCE9},SE/250571000,territorial,NA,25,BD,Norrbottens,Arvidsjaur,Arvidsjaurs församling,Arvidsjaurs,NA,NA,ARVIDSJAUR,ARVIDSJAUR,1862,1990
191,NA,250502,NA,NA,NA,arvidsjaurskbfd,NA,NA,kbfd,190,25,BD,Norrbottens,Arvidsjaurs kbfd,NA,NA,NA,NA,NA,NA,NA,NA
193,NA,178400,NA,NA,NA,arvikakoping,NA,NA,other,NA,17,S,Värmlands,Arvika köping,NA,NA,NA,NA,NA,NA,NA,NA
195,8509,178401,178401000,80650,178401,arno-0,{9396AD4A-A0B0-11D3-9E53-009027B0FCE9},SE/178401000,territorial,NA,17,S,Värmlands,Arvika östra,Arvika östra församling,Arvika östra,NA,1910 Arvika köping,ARVIKA ÖSTRA,ARVIKA STADS,1906,1990
197,8515,178402,178402000,80640,178402,arva,{9396AD4B-A0B0-11D3-9E53-009027B0FCE9},SE/178402000,territorial,NA,17,S,Värmlands,Arvika västra,Arvika västra församling,Arvika västra,"Arvika, Arvika landsförsamling, Oscarstad",1906 Arvika,ARVIKA VÄSTRA,ARVIKA LANDS,1906,1990
198,7397,108204,108204000,75160,108204,aryd,{9396A7AF-A0B0-11D3-9E53-009027B0FCE9},SE/108204000,territorial,NA,10,K,Blekinge,Åryd,Åryds församling,Åryds,NA,NA,ÅRYD,NA,1600,1990
199,6903,138318,138318000,77760,138318,as3,{9396A9EE-A0B0-11D3-9E53-009027B0FCE9},SE/138318000,territorial,NA,13,N,Hallands,Ås,Ås församling (N-län),Ås,NA,1901 Åhs,ÅS (N-län),ÅS,1600,1990
200,6734,160206,160206000,58160,160206,as4,{9396ABAC-A0B0-11D3-9E53-009027B0FCE9},SE/160206000,territorial,NA,16,R,Skaraborgs,Ås,Ås församling (R-län),Ås,Åsen,NA,ÅS (R-län),ÅS (SKARABORG),1600,1990
201,6666,230904,230904000,83860,230904,as5,{9396AF57-A0B0-11D3-9E53-009027B0FCE9},SE/230904000,territorial,NA,23,Z,Jämtlands,Ås,Ås församling (Z-län),Ås,NA,NA,ÅS (Z-län),ÅS,1600,1990
202,7347,66214,66214000,68780,66214,as1,{9396A5B4-A0B0-11D3-9E53-009027B0FCE9},SE/066214000,territorial,NA,6,F,Jönköpings,Ås,Ås församling (F-län),Ås,NA,NA,ÅS (F-län),ÅS,1600,1990
203,6348,84012,84012000,79740,84012,as2,{9396A6A7-A0B0-11D3-9E53-009027B0FCE9},SE/084012000,territorial,NA,8,H,Kalmar,Ås,Ås församling (H-län),Ås,NA,Åhs,ÅS (H-län),ÅS,1600,1990
204,6664,78023,78023000,67790,78023,asa,{9396A674-A0B0-11D3-9E53-009027B0FCE9},SE/078023000,territorial,NA,7,G,Kronobergs,Asa,Asa församling,Asa,NA,NA,ASA,ASA,1600,1990
210,8292,232606,232606000,84220,232606,asarne,{9396AF7F-A0B0-11D3-9E53-009027B0FCE9},SE/232606000,territorial,NA,23,Z,Jämtlands,Åsarne,Åsarne församling,Åsarne,NA,NA,ÅSARNE,ÅSARNE,1764,1990
213,8462,108205,108205000,75130,108205,asarum,{9396A7B0-A0B0-11D3-9E53-009027B0FCE9},SE/108205000,territorial,NA,10,K,Blekinge,Asarum,Asarums församling,Asarums,NA,NA,ASARUM,ASARUM,1883,1990
215,7810,56004,56004000,56950,56004,asbo,{9396A4F5-A0B0-11D3-9E53-009027B0FCE9},SE/056004000,territorial,NA,5,E,Östergötlands,Åsbo,Åsbo församling,Åsbo,NA,NA,ÅSBO,ÅSBO,1600,1990
216,6909,156202,156202000,75740,156202,asbracka,{9396AAF6-A0B0-11D3-9E53-009027B0FCE9},SE/156202000,territorial,NA,15,P,Älvsborgs,Åsbräcka,Åsbräcka församling,Åsbräcka,NA,NA,ÅSBRÄCKA,NA,1600,1990
217,7987,51202,51202000,56580,51202,asby,{9396A4E2-A0B0-11D3-9E53-009027B0FCE9},SE/051202000,territorial,NA,5,E,Östergötlands,Asby,Asby församling,Asby,NA,NA,ASBY,ASBY,1600,1990
218,6397,76001,76001000,67910,76001,aseda,{9396A628-A0B0-11D3-9E53-009027B0FCE9},SE/076001000,territorial,NA,7,G,Kronobergs,Åseda,Åseda församling,Åseda,NA,"22 av KMt fastställt Åseda., Åsheda, 1927-10-22 av KMt fastställt Åseda",ÅSEDA,ÅSEDA,1600,1990
219,8333,246301,246301000,82510,246301,asele,{9396AFC4-A0B0-11D3-9E53-009027B0FCE9},SE/246301000,territorial,NA,24,AC,Västerbottens,Åsele,Åsele församling,Åsele,"Årsilla, Orsilla",NA,ÅSELE,ÅSELE,1795,1990
221,6491,61702,61702000,68740,61702,asenhoga,{9396A5A2-A0B0-11D3-9E53-009027B0FCE9},SE/061702000,territorial,NA,6,F,Jönköpings,Åsenhöga,Åsenhöga församling,Åsenhöga,NA,NA,ÅSENHÖGA,ÅSENHÖGA,1600,1990
222,NA,203900,NA,NA,NA,asenskbfd,NA,NA,kbfd,200,20,W,Dalarnas,Åsens kbfd,NA,NA,NA,NA,NA,NA,NA,NA
223,6600,138204,138204000,78280,138204,asige,{9396A9C7-A0B0-11D3-9E53-009027B0FCE9},SE/138204000,territorial,NA,13,N,Hallands,Asige,Asige församling,Asige,NA,NA,ASIGE,ASIGE,1600,1990
224,6748,121414,121414000,71890,121414,ask2,{9396A86F-A0B0-11D3-9E53-009027B0FCE9},SE/121414000,territorial,NA,12,M,Skåne,Ask,Asks församling (M-län),Asks,NA,NA,ASK (M-län),ASK,1600,1990
225,6638,58312,58312000,54540,58312,ask1,{9396A56D-A0B0-11D3-9E53-009027B0FCE9},SE/058312000,territorial,NA,5,E,Östergötlands,Ask,Asks församling (E-län),Asks,NA,NA,ASK (E-län),ASK,1600,1990
227,7015,58030,58030000,54900,58030,askeby,{9396A52C-A0B0-11D3-9E53-009027B0FCE9},SE/058030000,territorial,NA,5,E,Östergötlands,Askeby,Askeby församling,Askeby,NA,NA,ASKEBY,ASKEBY,1600,1990
228,7488,188015,188015000,64040,188015,asker,{9396AD98-A0B0-11D3-9E53-009027B0FCE9},SE/188015000,territorial,NA,18,T,Örebro,Asker,Askers församling,Askers,NA,NA,ASKER,ASKER,1600,1990
230,8746,188201,188201000,64420,188201,askersund2,{9396ADAF-A0B0-11D3-9E53-009027B0FCE9},SE/188201000,territorial,NA,18,T,Örebro,Askersund,Askersunds församling (T-län) 1965-,Askersunds,NA,1964 Askersunds stadsförsamling,ASKERSUND (T-län),ASKERSUNDS STADS,1965,1990
231,NA,188200,NA,NA,NA,asl,NA,NA,other,230,18,T,Örebro,Askersunds landsförsamling,NA,NA,Askersund,1643 Askersund,NA,NA,NA,NA
233,5990,60403,60403000,57280,60403,askeryd,{9396A59A-A0B0-11D3-9E53-009027B0FCE9},SE/060403000,territorial,NA,6,F,Jönköpings,Askeryd,Askeryds församling,Askeryds,NA,NA,ASKERYD,ASKERYD,1600,1990
235,7117,148036,148036000,75520,148036,askim,{9396AA75-A0B0-11D3-9E53-009027B0FCE9},SE/148036000,territorial,NA,14,O,Västra Götalands,Askim,Askims församling,Askims,NA,NA,ASKIM,ASKIM,1600,1990
236,7926,152711,152711000,61890,152711,asklanda,{9396AACC-A0B0-11D3-9E53-009027B0FCE9},SE/152711000,territorial,NA,15,P,Älvsborgs,Asklanda,Asklanda församling,Asklanda,NA,NA,ASKLANDA,NA,1600,1990
237,NA,178500,NA,NA,NA,askog,NA,NA,other,1995,17,S,Värmlands,Åskog,NA,NA,"Åstenskog, Östenskog",NA,NA,NA,NA,NA
238,6483,138214,138214000,78250,138214,askome,{9396A9D1-A0B0-11D3-9E53-009027B0FCE9},SE/138214000,territorial,NA,13,N,Hallands,Askome,Askome församling,Askome,NA,NA,ASKOME,ASKOME,1600,1990
239,8537,142703,142703000,76640,142703,askum,{9396AA30-A0B0-11D3-9E53-009027B0FCE9},SE/142703000,territorial,NA,14,O,Västra Götalands,Askum,Askums församling,Askums,NA,NA,ASKUM,ASKUM,1909,1990
240,6937,168621,168621000,59260,168621,asle,{9396ACB4-A0B0-11D3-9E53-009027B0FCE9},SE/168621000,territorial,NA,16,R,Skaraborgs,Åsle,Åsle församling,Åsle,NA,NA,ÅSLE,ÅSLE,1600,1990
241,6011,128206,128206000,72210,128206,asmundtorp,{9396A922-A0B0-11D3-9E53-009027B0FCE9},SE/128206000,territorial,NA,12,M,Skåne,Asmundtorp,Asmundtorps församling,Asmundtorps,NA,NA,ASMUNDTORP,ASMUNDTORP,1600,1990
242,NA,143000,NA,NA,NA,aspang,NA,NA,other,3688,14,O,Västra Götalands,Aspång,NA,NA,NA,NA,NA,NA,NA,NA
243,6136,230903,230903000,83850,230903,aspas,{9396AF56-A0B0-11D3-9E53-009027B0FCE9},SE/230903000,territorial,NA,23,Z,Jämtlands,Aspås,Aspås församling,Aspås,NA,NA,ASPÅS,ASPÅS,1600,1990
244,8133,208004,208004000,66340,208004,aso,{9396AE60-A0B0-11D3-9E53-009027B0FCE9},SE/208004000,territorial,NA,20,W,Dalarnas,Aspeboda,Aspeboda församling,Aspeboda,Asbo,NA,ASPEBODA,ASPEBODA,1640,1990
245,7509,158305,158305000,61430,158305,aspered,{9396AB66-A0B0-11D3-9E53-009027B0FCE9},SE/158305000,territorial,NA,15,P,Älvsborgs,Äspered,Äspereds församling,Äspereds,NA,NA,ÄSPERED,ÄSPERED,1600,1990
246,6306,118003,118003000,74690,118003,asphult,{9396A803-A0B0-11D3-9E53-009027B0FCE9},SE/118003000,territorial,NA,11,L,Kristianstads,Äsphult,Äsphults församling,Äsphults,NA,NA,ÄSPHULT,ÄSPHULT,1600,1990
247,6717,126606,126606000,71290,126606,aspinge,{9396A8D4-A0B0-11D3-9E53-009027B0FCE9},SE/126606000,territorial,NA,12,M,Skåne,Äspinge,Äspinge församling,Äspinge,Östra Äspinge,NA,ÄSPINGE,ÖSTRA ÄSPINGE,1600,1990
248,8481,108004,108004000,75003,108004,aspo-0,{9396A789-A0B0-11D3-9E53-009027B0FCE9},SE/108004000,territorial,NA,10,K,Blekinge,Aspö,Aspö församling (K-län),Aspö,NA,NA,ASPÖ (K-län),ASPÖ,1888,1990
249,7181,128724,128724000,70810,128724,aspo,{9396A98E-A0B0-11D3-9E53-009027B0FCE9},SE/128724000,territorial,NA,12,M,Skåne,Äspö,Äspö församling,Äspö,NA,NA,ÄSPÖ,ÄSPÖ,1600,1990
250,8644,48603,48603000,62340,48603,aspo,{9396A4C8-A0B0-11D3-9E53-009027B0FCE9},SE/048603000,territorial,NA,4,D,Södermanlands,Aspö,Aspö församling (D-län),Aspö,NA,NA,ASPÖ (D-län),ASPÖ,1943,1990
254,7832,98051,98051000,84870,98051,attlingbo,{9396A756-A0B0-11D3-9E53-009027B0FCE9},SE/098051000,territorial,NA,9,I,Gotlands,Atlingbo,Atlingbo församling,Atlingbo,NA,NA,ATLINGBO,NA,1600,1990
255,6980,228109,228109000,83600,228109,attmar,{9396AF10-A0B0-11D3-9E53-009027B0FCE9},SE/228109000,territorial,NA,22,Y,Västernorrlands,Attmar,Attmars församling,Attmars,Otman,NA,ATTMAR,ATTMAR,1600,1990
256,6354,56101,56101000,54910,56101,atvid,{9396A4F9-A0B0-11D3-9E53-009027B0FCE9},SE/056101000,territorial,NA,5,E,Östergötlands,Åtvid,Åtvids församling,Åtvids,NA,NA,ÅTVID,ÅTVID,1600,1990
258,8595,108006,108006000,74850,108006,augerum,{9396A78B-A0B0-11D3-9E53-009027B0FCE9},SE/108006000,territorial,NA,10,K,Blekinge,Augerum,Augerums församling,Augerums,NA,NA,AUGERUM,AUGERUMS KAPELLFÖRSAMLING,1920,1990
260,6683,118207,118207000,73360,118207,ausas,{9396A842-A0B0-11D3-9E53-009027B0FCE9},SE/118207000,territorial,NA,11,L,Kristianstads,Ausås,Ausås församling,Ausås,NA,NA,AUSÅS,AUSÅS,1600,1990
262,8142,208401,208401000,66530,208401,avesta,{9396AE84-A0B0-11D3-9E53-009027B0FCE9},SE/208401000,territorial,NA,20,W,Dalarnas,Avesta,Avesta församling,Avesta,NA,NA,AVESTA,AVESTA,1642,1990
263,7644,188012,188012000,64260,188012,axberg,{9396AD95-A0B0-11D3-9E53-009027B0FCE9},SE/188012000,territorial,NA,18,T,Örebro,Axberg,Axbergs församling,Axbergs,NA,NA,AXBERG,AXBERG,1600,1990
264,7858,166303,166303000,60330,166303,back,{9396AC06-A0B0-11D3-9E53-009027B0FCE9},SE/166303000,territorial,NA,16,R,Skaraborgs,Bäck,Bäcks församling,Bäcks,NA,NA,BÄCK,BÄCK,1600,1990
265,5805,148020,148020000,75850,148020,NA,{9396AA63-A0B0-11D3-9E53-009027B0FCE9},SE/148020000,territorial,NA,14,O,Västra Götalands,Backa,Backa församling,Backa,NA,NA,BACKA,BACKA,1600,1990
266,6199,68506,68506000,69040,68506,backaby,{9396A605-A0B0-11D3-9E53-009027B0FCE9},SE/068506000,territorial,NA,6,F,Jönköpings,Bäckaby,Bäckaby församling,Bäckaby,NA,NA,BÄCKABY,BÄCKABY,1600,1990
267,8137,108103,108103000,74960,108103,backaryd,{9396A79F-A0B0-11D3-9E53-009027B0FCE9},SE/108103000,territorial,NA,10,K,Blekinge,Backaryd,Backaryds församling,Backaryds,NA,NA,BACKARYD,BACKARYD,1640,1990
268,NA,118000,NA,NA,NA,backaskog,NA,NA,other,NA,11,L,Kristianstads,Bäckaskog,NA,NA,NA,NA,NA,NA,NA,NA
269,7040,156009,156009000,81350,156009,backe,{9396AAE9-A0B0-11D3-9E53-009027B0FCE9},SE/156009000,territorial,NA,15,P,Älvsborgs,Bäcke,Bäcke församling,Bäcke,NA,NA,BÄCKE,BÄCKE,1600,1990
270,8271,88103,88103000,78810,88103,backebo,{9396A6DF-A0B0-11D3-9E53-009027B0FCE9},SE/088103000,territorial,NA,8,H,Kalmar,Bäckebo,Bäckebo församling,Bäckebo,NA,NA,BÄCKEBO,BÄCKEBO,1733,1990
271,6608,68503,68503000,69260,68503,backseda,{9396A602-A0B0-11D3-9E53-009027B0FCE9},SE/068503000,territorial,NA,6,F,Jönköpings,Bäckseda,Bäckseda församling,Bäckseda,Bexheda,NA,BÄCKSEDA,BÄCKSEDA,1600,1990
273,NA,166000,NA,NA,NA,badene,NA,NA,other,1931,16,R,Skaraborgs,Badene,NA,NA,NA,NA,NA,NA,NA,NA
274,6139,98012,98012000,84700,98012,Bal,{9396A72F-A0B0-11D3-9E53-009027B0FCE9},SE/098012000,territorial,NA,9,I,Gotlands,Bäl,Bäls församling,Bäls,NA,NA,BÄL,BÄL,1600,1990
275,6850,60401,60401000,57270,60401,Balaryd,{9396A598-A0B0-11D3-9E53-009027B0FCE9},SE/060401000,territorial,NA,6,F,Jönköpings,Bälaryd,Bälaryds församling,Bälaryds,NA,NA,BÄLARYD,BÄLARYD,1600,1990
276,6112,128615,128615000,71140,128615,baldringe,{9396A96C-A0B0-11D3-9E53-009027B0FCE9},SE/128615000,territorial,NA,12,M,Skåne,Baldringe,Baldringe församling,Baldringe,NA,NA,BALDRINGE,BALDRINGE,1600,1990
277,NA,158200,NA,NA,NA,balinge3,NA,NA,other,278,15,P,Älvsborgs,Bälinge,NA,NA,NA,NA,NA,NA,NA,NA
278,6309,38021,38021000,52690,38021,balinge1,{9396A415-A0B0-11D3-9E53-009027B0FCE9},SE/038021000,territorial,NA,3,C,Uppsala,Bälinge,Bälinge församling (C-län),Bälinge,NA,NA,BÄLINGE (C-län),BÄLINGE,1600,1990
279,6131,48024,48024000,62940,48024,balinge2,{9396A481-A0B0-11D3-9E53-009027B0FCE9},SE/048024000,territorial,NA,4,D,Södermanlands,Bälinge,Bälinge församling (D-län),Bälinge,NA,NA,BÄLINGE (D-län),BÄLINGE,1600,1990
280,5772,38009,38009000,50950,38009,balingsta,{9396A406-A0B0-11D3-9E53-009027B0FCE9},SE/038009000,territorial,NA,3,C,Uppsala,Balingsta,Balingsta församling,Balingsta,NA,NA,BALINGSTA,BALINGSTA,1600,1990
281,7752,128605,128605000,70990,128605,balkakra,{9396A962-A0B0-11D3-9E53-009027B0FCE9},SE/128605000,territorial,NA,12,M,Skåne,Balkåkra,Balkåkra församling,Balkåkra,NA,NA,BALKÅKRA,BALKÅKRA,1600,1990
282,6273,166309,166309000,60480,166309,ballefors,{9396AC0C-A0B0-11D3-9E53-009027B0FCE9},SE/166309000,territorial,NA,16,R,Skaraborgs,Bällefors,Bällefors församling,Bällefors,NA,NA,BÄLLEFORS,BÄLLEFORS,1600,1990
283,NA,166000,NA,NA,NA,balltorp,NA,NA,other,654,16,R,Skaraborgs,Balltorp,NA,NA,NA,NA,NA,NA,NA,NA
284,7180,168505,168505000,59910,168505,baltak,{9396AC8E-A0B0-11D3-9E53-009027B0FCE9},SE/168505000,territorial,NA,16,R,Skaraborgs,Baltak,Baltaks församling,Baltaks,NA,NA,BALTAK,BALTAK,1600,1990
285,6147,58031,58031000,54920,58031,bankekind,{9396A52D-A0B0-11D3-9E53-009027B0FCE9},SE/058031000,territorial,NA,5,E,Östergötlands,Bankekind,Bankekinds församling,Bankekinds,Svinstad,1903 Svinstad,BANKEKIND,SVINSTAD,1600,1990
286,7541,68020,68020000,68230,68020,bankeryd,{9396A5D6-A0B0-11D3-9E53-009027B0FCE9},SE/068020000,territorial,NA,6,F,Jönköpings,Bankeryd,Bankeryds församling,Bankeryds,NA,NA,BANKERYD,BANKERYD,1600,1990
287,6845,126307,126307000,70470,126307,bara2,{9396A8B0-A0B0-11D3-9E53-009027B0FCE9},SE/126307000,territorial,NA,12,M,Skåne,Bara,Bara församling,Bara,NA,NA,BARA,BARA,1600,1990
288,NA,98000,NA,NA,NA,bara1,NA,NA,other,287,9,I,Gotlands,Bara,NA,NA,NA,NA,NA,NA,NA,NA
289,NA,66200,NA,NA,NA,bararyd,NA,NA,other,NA,6,F,Jönköpings,Båraryd,NA,NA,NA,NA,NA,NA,NA,NA
290,7121,48013,48013000,62820,48013,barbo,{9396A474-A0B0-11D3-9E53-009027B0FCE9},SE/048013000,territorial,NA,4,D,Södermanlands,Bärbo,Bärbo församling,Bärbo,NA,NA,BÄRBO,BÄRBO,1600,1990
291,6820,160303,160303000,58190,160303,bareberg,{9396ABB6-A0B0-11D3-9E53-009027B0FCE9},SE/160303000,territorial,NA,16,R,Skaraborgs,Bäreberg,Bärebergs församling,Bärebergs,NA,NA,BÄREBERG,BÄREBERG,1600,1990
292,5888,143004,143004000,76650,143004,barfendal,{9396AA3B-A0B0-11D3-9E53-009027B0FCE9},SE/143004000,territorial,NA,14,O,Västra Götalands,Bärfendal,Bärfendals församling,Bärfendals,NA,"Berfendal, 1902 enligt SCB Bärfendal",BÄRFENDAL,NA,1600,1990
293,7721,118209,118209000,73690,118209,barkakra,{9396A844-A0B0-11D3-9E53-009027B0FCE9},SE/118209000,territorial,NA,11,L,Kristianstads,Barkåkra,Barkåkra församling,Barkåkra,NA,NA,BARKÅKRA,BARKÅKRA,1600,1990
297,7869,68208,68208000,68150,68208,barkeryd,{9396A5E2-A0B0-11D3-9E53-009027B0FCE9},SE/068208000,territorial,NA,6,F,Jönköpings,Barkeryd,Barkeryds församling,Barkeryds,NA,NA,BARKERYD,BARKERYD,1600,1990
298,7340,98030,98030000,84470,98030,barlingbo,{9396A741-A0B0-11D3-9E53-009027B0FCE9},SE/098030000,territorial,NA,9,I,Gotlands,Barlingbo,Barlingbo församling,Barlingbo,NA,NA,BARLINGBO,BARLINGBO,1600,1990
299,6628,68016,68016000,68250,68016,barnarp,{9396A5D2-A0B0-11D3-9E53-009027B0FCE9},SE/068016000,territorial,NA,6,F,Jönköpings,Barnarp,Barnarps församling,Barnarps,NA,NA,BARNARP,BARNARP,1600,1990
300,6864,160307,160307000,59030,160307,barneasaka,{9396ABBA-A0B0-11D3-9E53-009027B0FCE9},SE/160307000,territorial,NA,16,R,Skaraborgs,Barne-Åsaka,Barne-Åsaka församling,Barne-Åsaka,NA,1885 Åsaka,BARNE-ÅSAKA,ÅSAKA (BARNE-ÅSAKA),1600,1990
302,NA,18000,NA,NA,NA,barnhusfors,NA,NA,other,16,1,AB,Stockholms,Barnhusförsamlingen,NA,NA,NA,NA,NA,NA,NA,NA
303,6732,126111,126111000,72020,126111,barseback,{9396A8A1-A0B0-11D3-9E53-009027B0FCE9},SE/126111000,territorial,NA,12,M,Skåne,Barsebäck,Barsebäcks församling,Barsebäcks,NA,NA,BARSEBÄCK,BARSEBÄCK,1600,1990
304,6567,128313,128313000,72640,128313,barslov,{9396A93A-A0B0-11D3-9E53-009027B0FCE9},SE/128313000,territorial,NA,12,M,Skåne,Bårslöv,Bårslövs församling,Bårslövs,NA,NA,BÅRSLÖV,BÅRSLÖV,1600,1990
305,6214,48404,48404000,63900,48404,barva,{9396A4B1-A0B0-11D3-9E53-009027B0FCE9},SE/048404000,territorial,NA,4,D,Södermanlands,Barva,Barva församling,Barva,NA,NA,BARVA,BARVA,1600,1990
306,6754,116801,116801000,73730,116801,bastad,{9396A7F9-A0B0-11D3-9E53-009027B0FCE9},SE/116801000,territorial,NA,11,L,Kristianstads,Båstad,Båstads församling,Båstads,NA,NA,BÅSTAD,BÅSTAD,1600,1990
307,NA,128000,NA,NA,NA,bastorp,NA,NA,other,NA,12,M,Skåne,Bastorp,NA,NA,NA,NA,NA,NA,NA,NA
308,NA,241701,NA,NA,NA,bastukbfd,NA,NA,kbfd,2568,24,AC,Västerbottens,Bastuträsks kbfd,NA,NA,Norsjö östra kbfd,1933 Norsjö östra kbfd,NA,NA,NA,NA
309,8791,148512,148512000,76400,148512,bave,{9396AA9C-A0B0-11D3-9E53-009027B0FCE9},SE/148512000,territorial,NA,14,O,Västra Götalands,Bäve,Bäve församling,Bäve,NA,NA,BÄVE,BÄVE,1974,1990
310,6094,166311,166311000,60500,166311,beateberg,{9396AC0E-A0B0-11D3-9E53-009027B0FCE9},SE/166311000,territorial,NA,16,R,Skaraborgs,Beateberg,Beatebergs församling,Beatebergs,Ruda,1758 Ruda,BEATEBERG,BEATEBERG,1600,1990
313,5977,68604,68604000,57470,68604,bello,{9396A61C-A0B0-11D3-9E53-009027B0FCE9},SE/068604000,territorial,NA,6,F,Jönköpings,Bellö,Bellö församling,Bellö,NA,NA,BELLÖ,BELLÖ,1600,1990
314,8014,116002,116002000,73110,116002,benestad,{9396A7CC-A0B0-11D3-9E53-009027B0FCE9},SE/116002000,territorial,NA,11,L,Kristianstads,Benestad,Benestads församling,Benestads,NA,NA,BENESTAD,BENESTAD,1600,1990
315,NA,156000,NA,NA,NA,bengtsfors,NA,NA,other,NA,15,P,Älvsborgs,Bengtsfors,NA,NA,NA,NA,NA,NA,NA,NA
316,7451,168322,168322000,60750,168322,berg2,{9396AC76-A0B0-11D3-9E53-009027B0FCE9},SE/168322000,territorial,NA,16,R,Skaraborgs,Berg,Bergs församling (R-län),Bergs,NA,NA,BERG (R-län),BERG,1600,1990
317,7532,196102,196102000,64990,196102,berg3,{9396ADE9-A0B0-11D3-9E53-009027B0FCE9},SE/196102000,territorial,NA,19,U,Västmanlands,Berg,Bergs församling (U-län),Bergs,NA,NA,BERG (U-län),BERG,1600,1990
318,8291,232601,232601000,84210,232601,berg4,{9396AF79-A0B0-11D3-9E53-009027B0FCE9},SE/232601000,territorial,NA,23,Z,Jämtlands,Berg,Bergs församling (Z-län),Bergs,NA,NA,BERG (Z-län),BERG,1764,1990
319,6109,78025,78025000,67810,78025,berg1,{9396A676-A0B0-11D3-9E53-009027B0FCE9},SE/078025000,territorial,NA,7,G,Kronobergs,Berg,Bergs församling (G-län),Bergs,NA,NA,BERG (G-län),BERG,1600,1990
320,6425,168016,168016000,60360,168016,berga4,{9396AC21-A0B0-11D3-9E53-009027B0FCE9},SE/168016000,territorial,NA,16,R,Skaraborgs,Berga,Berga församling (R-län),Berga,NA,NA,BERGA (R-län),NA,1600,1990
322,6342,78108,78108000,67380,78108,berga2,{9396A682-A0B0-11D3-9E53-009027B0FCE9},SE/078108000,territorial,NA,7,G,Kronobergs,Berga,Berga församling (G-län),Berga,NA,NA,BERGA (G-län),BERGA,1600,1990
323,NA,82100,NA,NA,NA,berga3,NA,NA,other,320,8,H,Kalmar,Berga,NA,NA,NA,NA,NA,NA,NA,NA
327,6727,156309,156309000,76970,156309,berghem,{9396AB03-A0B0-11D3-9E53-009027B0FCE9},SE/156309000,territorial,NA,15,P,Älvsborgs,Berghem,Berghems församling,Berghems,NA,NA,BERGHEM,BERGHEM,1600,1990
330,8000,48006,48006000,62860,48006,bergshammar,{9396A46D-A0B0-11D3-9E53-009027B0FCE9},SE/048006000,territorial,NA,4,D,Södermanlands,Bergshammar,Bergshammars församling,Bergshammars,NA,NA,BERGSHAMMAR,BERGSHAMMAR,1600,1990
331,6301,213205,213205000,54000,213205,bergsjo,{9396AEA5-A0B0-11D3-9E53-009027B0FCE9},SE/213205000,territorial,NA,21,X,Gävleborgs,Bergsjö,Bergsjö församling,Bergsjö,NA,NA,BERGSJÖ,BERGSJÖ,1600,1990
332,8773,148032,148032000,75392,148032,bergsjon,{9396AA71-A0B0-11D3-9E53-009027B0FCE9},SE/148032000,territorial,NA,14,O,Västra Götalands,Bergsjön,Bergsjöns församling,Bergsjöns,NA,NA,BERGSJÖN,NA,1971,1990
333,NA,148000,NA,NA,NA,bergsjonskbm,NA,NA,kbfd,332,14,O,Västra Götalands,Bergsjöns kbfd,NA,NA,NA,NA,NA,NA,NA,NA
334,7210,152702,152702000,61820,152702,bergstena,{9396AAC3-A0B0-11D3-9E53-009027B0FCE9},SE/152702000,territorial,NA,15,P,Älvsborgs,Bergstena,Bergstena församling,Bergstena,NA,NA,BERGSTENA,NA,1600,1990
335,6976,148027,148027000,75610,148027,bergum,{9396AA6C-A0B0-11D3-9E53-009027B0FCE9},SE/148027000,territorial,NA,14,O,Västra Götalands,Bergum,Bergums församling,Bergums,"Berghem, Bergjum",Berghem,BERGUM,BERGUM,1600,1990
336,6337,78017,78017000,66910,78017,bergunda,{9396A66E-A0B0-11D3-9E53-009027B0FCE9},SE/078017000,territorial,NA,7,G,Kronobergs,Bergunda,Bergunda församling,Bergunda,NA,NA,BERGUNDA,BERGUNDA,1600,1990
338,8565,218206,218206000,53498,218206,bergvik,{9396AED4-A0B0-11D3-9E53-009027B0FCE9},SE/218206000,territorial,NA,21,X,Gävleborgs,Bergvik,Bergviks församling,Bergviks,NA,NA,BERGVIK,BERGVIK,1914,1990
340,7058,48208,48208000,62470,48208,bettna,{9396A49C-A0B0-11D3-9E53-009027B0FCE9},SE/048208000,territorial,NA,4,D,Södermanlands,Bettna,Bettna församling,Bettna,NA,NA,BETTNA,BETTNA,1600,1990
342,5766,121408,121408000,72290,121408,billeberga,{9396A869-A0B0-11D3-9E53-009027B0FCE9},SE/121408000,territorial,NA,12,M,Skåne,Billeberga,Billeberga församling,Billeberga,NA,NA,BILLEBERGA,BILLEBERGA,1600,1990
343,6005,128508,128508000,71900,128508,billinge,{9396A950-A0B0-11D3-9E53-009027B0FCE9},SE/128508000,territorial,NA,12,M,Skåne,Billinge,Billinge församling,Billinge,NA,NA,BILLINGE,BILLINGE,1600,1990
344,NA,156000,NA,NA,NA,billingsforsbruksf,NA,NA,bruk,3565,15,P,Älvsborgs,Billingsfors bruksförsamling,NA,NA,NA,NA,NA,NA,NA,NA
346,8582,203102,203102000,65974,203102,bingdad,{9396AE43-A0B0-11D3-9E53-009027B0FCE9},SE/203102000,territorial,NA,20,W,Dalarnas,Bingsjö-Dådran,Bingsjö-Dådrans församling,Bingsjö-Dådrans,Bingsjö,NA,BINGSJÖ-DÅDRAN,NA,1918,1990
347,6382,168319,168319000,60090,168319,binneberg,{9396AC73-A0B0-11D3-9E53-009027B0FCE9},SE/168319000,territorial,NA,16,R,Skaraborgs,Binneberg,Binnebergs församling,Binnebergs,NA,NA,BINNEBERG,NA,1600,1990
350,8700,148018,148018000,75552,148018,biskopsgarden,{9396AA61-A0B0-11D3-9E53-009027B0FCE9},SE/148018000,territorial,NA,14,O,Västra Götalands,Biskopsgården,Biskopsgårdens församling,Biskopsgårdens,NA,NA,BISKOPSGÅRDEN,NA,1961,1990
351,NA,148000,NA,NA,NA,biskopsgardenskbm,NA,NA,kbfd,350,14,O,Västra Götalands,Biskopsgårdens kbfd,NA,NA,NA,NA,NA,NA,NA,NA
352,7150,38127,38127000,51030,38127,biskopskulla,{9396A447-A0B0-11D3-9E53-009027B0FCE9},SE/038127000,territorial,NA,3,C,Uppsala,Biskopskulla,Biskopskulla församling,Biskopskulla,NA,NA,BISKOPSKULLA,BISKOPSKULLA,1600,1990
354,7791,166013,166013000,58994,166013,bitterna,{9396ABDF-A0B0-11D3-9E53-009027B0FCE9},SE/166013000,territorial,NA,16,R,Skaraborgs,Bitterna,Bitterna församling,Bitterna,Västerbitterna,NA,BITTERNA,NA,1600,1990
355,6919,58604,58604000,56920,58604,bjalbo,{9396A586-A0B0-11D3-9E53-009027B0FCE9},SE/058604000,territorial,NA,5,E,Östergötlands,Bjälbo,Bjälbo församling,Bjälbo,NA,NA,BJÄLBO,BJÄLBO,1600,1990
356,6201,123003,123003000,70270,123003,bjallerup,{9396A874-A0B0-11D3-9E53-009027B0FCE9},SE/123003000,territorial,NA,12,M,Skåne,Bjällerup,Bjällerups församling,Bjällerups,"Bellerup, Östra Bjällerup",NA,BJÄLLERUP,BJÄLLERUP,1600,1990
357,6631,160205,160205000,58110,160205,bjarby,{9396ABAB-A0B0-11D3-9E53-009027B0FCE9},SE/160205000,territorial,NA,16,R,Skaraborgs,Bjärby,Bjärby församling,Bjärby,NA,NA,BJÄRBY,BJÄRBY,1600,1990
358,6644,128606,128606000,71080,128606,bjaresjo,{9396A963-A0B0-11D3-9E53-009027B0FCE9},SE/128606000,territorial,NA,12,M,Skåne,Bjäresjö,Bjäresjö församling,Bjäresjö,NA,NA,BJÄRESJÖ,BJÄRESJÖ,1600,1990
359,5856,168200,168214002,57584,168214,bjarka,{9396AC57-A0B0-11D3-9E53-009027B0FCE9},SE/168214002,territorial,NA,16,R,Skaraborgs,Bjärka,Bjärka församling,Bjärka,NA,NA,BJÄRKA,HÄRLUNDA,1600,1988
360,NA,168200,NA,NA,NA,bjarklunda,NA,NA,other,NA,16,R,Skaraborgs,Bjärklunda,NA,NA,NA,NA,NA,NA,NA,NA
361,5934,126305,126305000,70580,126305,bjarshog,{9396A8AE-A0B0-11D3-9E53-009027B0FCE9},SE/126305000,territorial,NA,12,M,Skåne,Bjärshög,Bjärshögs församling,Bjärshögs,NA,NA,BJÄRSHÖG,BJÄRSHÖG,1600,1990
362,7482,228207,228207000,82080,228207,bjartra,{9396AF1C-A0B0-11D3-9E53-009027B0FCE9},SE/228207000,territorial,NA,22,Y,Västernorrlands,Bjärtrå,Bjärtrå församling,Bjärtrå,Bertrå,NA,BJÄRTRÅ,BJÄRTRÅ,1600,1990
363,NA,158400,NA,NA,NA,bjattlunda,NA,NA,other,3768,15,P,Älvsborgs,Bjättlunda,NA,NA,NA,NA,NA,NA,NA,NA
364,6311,126502,126502000,71600,126502,bjorka,{9396A8C1-A0B0-11D3-9E53-009027B0FCE9},SE/126502000,territorial,NA,12,M,Skåne,Björka,Björka församling,Björka,NA,NA,BJÖRKA,BJÖRKA,1600,1990
368,6493,98036,98036000,84890,98036,bjorke1,{9396A747-A0B0-11D3-9E53-009027B0FCE9},SE/098036000,territorial,NA,9,I,Gotlands,Björke,Björke församling,Björke,NA,NA,BJÖRKE,BJÖRKE,1600,1990
369,7005,58016,58016000,54370,58016,bjorkeberg,{9396A51E-A0B0-11D3-9E53-009027B0FCE9},SE/058016000,territorial,NA,5,E,Östergötlands,Björkeberg,Björkebergs församling,Björkebergs,NA,NA,BJÖRKEBERG,BJÖRKEBERG,1600,1990
370,7581,140104,140104000,76870,140104,bjorketorp,{9396AA0A-A0B0-11D3-9E53-009027B0FCE9},SE/140104000,territorial,NA,14,O,Västra Götalands,Björketorp,Björketorps församling,Björketorps,NA,NA,BJÖRKETORP,BJÖRKETORP,1600,1990
371,6749,38026,38026000,52840,38026,bjorklinge,{9396A41A-A0B0-11D3-9E53-009027B0FCE9},SE/038026000,territorial,NA,3,C,Uppsala,Björklinge,Björklinge församling,Björklinge,NA,NA,BJÖRKLINGE,BJÖRKLINGE,1600,1990
373,6368,68519,68519000,69240,68519,bjorko1,{9396A612-A0B0-11D3-9E53-009027B0FCE9},SE/068519000,territorial,NA,6,F,Jönköpings,Björkö,Björkö församling,Björkö,NA,NA,BJÖRKÖ,BJÖRKÖ,1600,1990
374,8561,18802,18802000,50602,18802,bar,{9396A3B7-A0B0-11D3-9E53-009027B0FCE9},SE/018802000,territorial,NA,1,AB,Stockholms,Björkö-Arholma,Björkö-Arholma församling,Björkö-Arholma,Arholma,NA,BJÖRKÖ-ARHOLMA,NA,1914,1990
375,8730,248103,248103000,82874,248103,bjorksele,{9396AFE4-A0B0-11D3-9E53-009027B0FCE9},SE/248103000,territorial,NA,24,AC,Västerbottens,Björksele,Björksele församling,Björksele,NA,NA,BJÖRKSELE,NA,1962,1990
376,NA,248100,NA,NA,NA,bjorkselek,NA,NA,kbfd,375,24,AC,Västerbottens,Björksele kbfd,NA,NA,Vindelådalens kbfd,NA,NA,NA,NA,NA
377,7000,198015,198015000,66790,198015,bjorksta,{9396AE01-A0B0-11D3-9E53-009027B0FCE9},SE/198015000,territorial,NA,19,U,Västmanlands,Björksta,Björksta församling,Björksta,NA,NA,BJÖRKSTA,BJÖRKSTA,1600,1990
378,6179,48302,48302000,62730,48302,bjorkvik,{9396A4A2-A0B0-11D3-9E53-009027B0FCE9},SE/048302000,territorial,NA,4,D,Södermanlands,Björkvik,Björkviks församling,Björkviks,NA,NA,BJÖRKVIK,BJÖRKVIK,1600,1990
379,7480,148029,148029000,75860,148029,bjorlanda,{9396AA6E-A0B0-11D3-9E53-009027B0FCE9},SE/148029000,territorial,NA,14,O,Västra Götalands,Björlanda,Björlanda församling,Björlanda,NA,NA,BJÖRLANDA,BJÖRLANDA,1600,1990
380,8328,228412,228412000,82610,228412,bjorna,{9396AF41-A0B0-11D3-9E53-009027B0FCE9},SE/228412000,territorial,NA,22,Y,Västernorrlands,Björna,Björna församling,Björna,NA,NA,BJÖRNA,BJÖRNA,1795,1990
381,7024,116701,116701000,73300,116701,bjornekulla,{9396A7F5-A0B0-11D3-9E53-009027B0FCE9},SE/116701000,territorial,NA,11,L,Kristianstads,Björnekulla,Björnekulla församling,Björnekulla,NA,NA,BJÖRNEKULLA,BJÖRNEKULLA,1600,1990
382,6175,48033,48033000,63140,48033,bjornlunda,{9396A490-A0B0-11D3-9E53-009027B0FCE9},SE/048033000,territorial,NA,4,D,Södermanlands,Björnlunda,Björnlunda församling,Björnlunda,NA,NA,BJÖRNLUNDA,BJÖRNLUNDA,1600,1990
383,6356,168012,168012000,58340,168012,bjorsater2,{9396AC1D-A0B0-11D3-9E53-009027B0FCE9},SE/168012000,territorial,NA,16,R,Skaraborgs,Björsäter,Björsäters församling (R-län),Björsäters,NA,NA,BJÖRSÄTER (R-län),BJÖRSÄTER,1600,1990
384,7660,56104,56104000,55000,56104,bjorsater1,{9396A4FC-A0B0-11D3-9E53-009027B0FCE9},SE/056104000,territorial,NA,5,E,Östergötlands,Björsäter,Björsäters församling (E-län),Björsäters,NA,NA,BJÖRSÄTER (E-län),BJÖRSÄTER,1600,1990
385,7623,196005,196005000,65100,196005,bjorskog,{9396ADE6-A0B0-11D3-9E53-009027B0FCE9},SE/196005000,territorial,NA,19,U,Västmanlands,Björskog,Björskogs församling,Björskogs,NA,NA,BJÖRSKOG,BJÖRSKOG,1600,1990
386,7112,218409,218409000,54030,218409,bjuraker,{9396AEEA-A0B0-11D3-9E53-009027B0FCE9},SE/218409000,territorial,NA,21,X,Gävleborgs,Bjuråker,Bjuråkers församling,Bjuråkers,NA,NA,BJURÅKER,BJURÅKER,1600,1990
387,8270,162204,162204000,61000,162204,bjurback,{9396ABC1-A0B0-11D3-9E53-009027B0FCE9},SE/162204000,territorial,NA,16,R,Skaraborgs,Bjurbäck,Bjurbäcks församling,Bjurbäcks,NA,NA,BJURBÄCK,NA,1732,1990
388,8351,240301,240301000,82670,240301,bjurholm,{9396AFA4-A0B0-11D3-9E53-009027B0FCE9},SE/240301000,territorial,NA,24,AC,Västerbottens,Bjurholm,Bjurholms församling,Bjurholms,NA,NA,BJURHOLM,BJURHOLM,1808,1990
389,5864,208011,208011000,65900,208011,bjursas,{9396AE6A-A0B0-11D3-9E53-009027B0FCE9},SE/208011000,territorial,NA,20,W,Dalarnas,Bjursås,Bjursås församling,Bjursås,NA,NA,BJURSÅS,BJURSÅS,1600,1990
390,8098,176002,176002000,80120,176002,bjurtjarn,{9396ACF0-A0B0-11D3-9E53-009027B0FCE9},SE/176002000,territorial,NA,17,S,Värmlands,Bjurtjärn,Bjurtjärs församling,Bjurtjärs,NA,NA,BJURTJÄRN,BJURTJÄRN,1630,1990
391,NA,166100,NA,NA,NA,bjururn,NA,NA,other,392,16,R,Skaraborgs,Bjurum,NA,NA,NA,NA,NA,NA,NA,NA
392,7823,168644,168644000,58680,168644,bjurum,{9396ACCB-A0B0-11D3-9E53-009027B0FCE9},SE/168644000,territorial,NA,16,R,Skaraborgs,Bjurum,Bjurums församling (R-län),Bjurums,Mårby,1768 Mårby,BJURUM (R-län),NA,1600,1990
393,6325,126001,126001000,73290,126001,bjuv,{9396A892-A0B0-11D3-9E53-009027B0FCE9},SE/126001000,territorial,NA,12,M,Skåne,Bjuv,Bjuvs församling,Bjuvs,NA,NA,BJUV,BJUV,1600,1990
394,6359,48209,48209000,62480,48209,blacksta,{9396A49D-A0B0-11D3-9E53-009027B0FCE9},SE/048209000,territorial,NA,4,D,Södermanlands,Blacksta,Blacksta församling,Blacksta,NA,NA,BLACKSTA,BLACKSTA,1600,1990
395,5961,88316,88316000,55980,88316,blackstad,{9396A6FF-A0B0-11D3-9E53-009027B0FCE9},SE/088316000,territorial,NA,8,H,Kalmar,Blackstad,Blackstads församling,Blackstads,NA,NA,BLACKSTAD,BLACKSTAD,1600,1990
396,6100,38029,38029000,50500,38029,bladaker,{9396A41D-A0B0-11D3-9E53-009027B0FCE9},SE/038029000,territorial,NA,3,C,Uppsala,Bladåker,Bladåkers församling,Bladåkers,NA,NA,BLADÅKER,BLADÅKER,1600,1990
397,6564,76408,76408000,67220,76408,bladinge,{9396A647-A0B0-11D3-9E53-009027B0FCE9},SE/076408000,territorial,NA,7,G,Kronobergs,Blädinge,Blädinge församling,Blädinge,NA,NA,BLÄDINGE,BLÄDINGE,1600,1990
398,8453,56005,56005000,56934,56005,blavik,{9396A4F6-A0B0-11D3-9E53-009027B0FCE9},SE/056005000,territorial,NA,5,E,Östergötlands,Blåvik,Blåviks församling,Blåviks,NA,NA,BLÅVIK,BLÅVIK,1880,1990
399,7033,126505,126505000,71580,126505,blentarp,{9396A8C4-A0B0-11D3-9E53-009027B0FCE9},SE/126505000,territorial,NA,12,M,Skåne,Blentarp,Blentarps församling,Blentarps,NA,NA,BLENTARP,NA,1600,1990
400,8175,18824,18824000,50780,18824,blido,{9396A3CF-A0B0-11D3-9E53-009027B0FCE9},SE/018824000,territorial,NA,1,AB,Stockholms,Blidö,Blidö församling,Blidö,NA,NA,BLIDÖ,BLIDÖ,1650,1990
401,6742,158427,158427000,61200,158427,blidsberg,{9396AB96-A0B0-11D3-9E53-009027B0FCE9},SE/158427000,territorial,NA,15,P,Älvsborgs,Blidsberg,Blidsbergs församling,Blidsbergs,NA,NA,BLIDSBERG,BLIDSBERG,1600,1990
402,7765,176505,176505000,80850,176505,blomskog,{9396AD08-A0B0-11D3-9E53-009027B0FCE9},SE/176505000,territorial,NA,17,S,Värmlands,Blomskog,Blomskogs församling,Blomskogs,NA,NA,BLOMSKOG,BLOMSKOG,1600,1990
404,8273,186106,186106000,64140,186106,bo1,{9396AD77-A0B0-11D3-9E53-009027B0FCE9},SE/186106000,territorial,NA,18,T,Örebro,Bo,Bo församling (T-län),Bo,Övre Svennevad,Svennevads övra,BO (T-län),BO,1735,1990
405,8066,171503,171503000,80560,171503,boda1,{9396ACD9-A0B0-11D3-9E53-009027B0FCE9},SE/171503000,territorial,NA,17,S,Värmlands,Boda,Boda församling (S-län),Boda,NA,NA,BODA (S-län),BODA,1616,1990
406,8069,203103,203103000,65980,203103,boda2,{9396AE44-A0B0-11D3-9E53-009027B0FCE9},SE/203103000,territorial,NA,20,W,Dalarnas,Boda,Boda församling (W-län),Boda,Ovanhed,NA,BODA (W-län),BODA,1618,1990
407,6908,88513,88513000,79300,88513,bada,{9396A719-A0B0-11D3-9E53-009027B0FCE9},SE/088513000,territorial,NA,8,H,Kalmar,Böda,Böda församling,Böda,NA,NA,BÖDA,BÖDA,1600,1990
408,NA,68202,NA,NA,NA,bodaforskbm,NA,NA,kbfd,2530,6,F,Jönköpings,Bodafors kbfd,NA,NA,NA,NA,NA,NA,NA,NA
410,6573,128707,128707000,69830,128707,bodarp,{9396A97C-A0B0-11D3-9E53-009027B0FCE9},SE/128707000,territorial,NA,12,M,Skåne,Bodarp,Bodarps församling,Bodarps,NA,Boderup,BODARP,BODARP,1600,1990
411,NA,258200,NA,NA,NA,bodenskbm,NA,NA,kbfd,NA,25,BD,Norrbottens,Bodens kbfd,NA,NA,NA,NA,NA,NA,NA,NA
412,6527,230507,230507000,84120,230507,bodsjo,{9396AF52-A0B0-11D3-9E53-009027B0FCE9},SE/230507000,territorial,NA,23,Z,Jämtlands,Bodsjö,Bodsjö församling,Bodsjö,NA,NA,BODSJÖ,BODSJÖ,1600,1990
413,8341,231307,231307000,82380,231307,bodum,{9396AF6E-A0B0-11D3-9E53-009027B0FCE9},SE/231307000,territorial,NA,23,Z,Jämtlands,Bodum,Bodums församling,Bodums,NA,NA,BODUM,BODUM,1799,1990
414,6300,98003,98003000,84680,98003,boge,{9396A726-A0B0-11D3-9E53-009027B0FCE9},SE/098003000,territorial,NA,9,I,Gotlands,Boge,Boge församling,Boge,NA,NA,BOGE,BOGE,1600,1990
415,8400,178406,178406000,80690,178406,bogen,{9396AD51-A0B0-11D3-9E53-009027B0FCE9},SE/178406000,territorial,NA,17,S,Värmlands,Bogen,Bogens församling,Bogens,Gunnarskogs finnskog,Gunnarskogs finnskog,BOGEN,BOGEN,1850,1990
417,7004,38109,38109000,51440,38109,boglosa,{9396A433-A0B0-11D3-9E53-009027B0FCE9},SE/038109000,territorial,NA,3,C,Uppsala,Boglösa,Boglösa församling,Boglösa,NA,NA,BOGLÖSA,BOGLÖSA,1600,1990
418,6597,48000,48023002,63070,48023,bogsta,{9396A47E-A0B0-11D3-9E53-009027B0FCE9},SE/048023002,territorial,NA,4,D,Södermanlands,Bogsta,Bogsta församling,Bogsta,NA,NA,BOGSTA,LÄSTRINGE,1600,1979
419,NA,148500,NA,NA,NA,bohusreg,NA,NA,regemente,3963,14,O,Västra Götalands,Bohusläns regemente,NA,NA,Uddevalla militärförsamling,NA,NA,NA,NA,NA
420,5808,168325,168325000,60780,168325,boja,{9396AC79-A0B0-11D3-9E53-009027B0FCE9},SE/168325000,territorial,NA,16,R,Skaraborgs,Böja,Böja församling,Böja,NA,NA,BÖJA,BÖJA,1600,1990
421,6633,148507,148507000,76450,148507,bokenas,{9396AA97-A0B0-11D3-9E53-009027B0FCE9},SE/148507000,territorial,NA,14,O,Västra Götalands,Bokenäs,Bokenäs församling,Bokenäs,NA,NA,BOKENÄS,BOKENÄS,1600,1990
422,8710,248205,248205000,82985,248205,boliden,{9396AFF3-A0B0-11D3-9E53-009027B0FCE9},SE/248205000,territorial,NA,24,AC,Västerbottens,Boliden,Bolidens församling,Bolidens,NA,NA,BOLIDEN,NA,1962,1990
423,NA,248200,NA,NA,NA,bolidenskbm,NA,NA,kbfd,422,24,AC,Västerbottens,Bolidens kbfd,NA,NA,NA,NA,NA,NA,NA,NA
424,6981,158318,158318000,76860,158318,bollebygd,{9396AB73-A0B0-11D3-9E53-009027B0FCE9},SE/158318000,territorial,NA,15,P,Älvsborgs,Bollebygd,Bollebygd församling,Bollebygd,NA,NA,BOLLEBYGD,BOLLEBYGD,1600,1990
425,6796,116016,116016000,73210,116016,bollerup,{9396A7DB-A0B0-11D3-9E53-009027B0FCE9},SE/116016000,territorial,NA,11,L,Kristianstads,Bollerup,Bollerups församling,Bollerups,NA,NA,BOLLERUP,BOLLERUP,1600,1990
426,6869,218303,218303000,53630,218303,bollnas,{9396AED9-A0B0-11D3-9E53-009027B0FCE9},SE/218303000,territorial,NA,21,X,Gävleborgs,Bollnäs,Bollnäs församling,Bollnäs,NA,NA,BOLLNÄS,BOLLNÄS,1600,1990
427,7949,78118,78118000,68560,78118,bolmso,{9396A68C-A0B0-11D3-9E53-009027B0FCE9},SE/078118000,territorial,NA,7,G,Kronobergs,Bolmsö,Bolmsö församling,Bolmsö,NA,NA,BOLMSÖ,BOLMSÖ,1600,1990
428,7883,118108,118108000,72920,118108,bolshog,{9396A82E-A0B0-11D3-9E53-009027B0FCE9},SE/118108000,territorial,NA,11,L,Kristianstads,Bolshög,Bolshögs församling,Bolshögs,NA,NA,BOLSHÖG,BOLSHÖG,1600,1990
429,6534,156105,156105000,81570,156105,bolstad,{9396AAEF-A0B0-11D3-9E53-009027B0FCE9},SE/156105000,territorial,NA,15,P,Älvsborgs,Bolstad,Bolstads församling,Bolstads,NA,NA,BOLSTAD,BOLSTAD,1600,1990
430,NA,166100,NA,NA,NA,bolum1,NA,NA,other,945,16,R,Skaraborgs,Bolum,NA,NA,NA,NA,NA,NA,NA,NA
431,NA,168600,NA,NA,NA,bolum2,NA,NA,other,520,16,R,Skaraborgs,Bolum,NA,NA,NA,NA,NA,NA,NA,NA
433,6104,128117,128117000,70100,128117,bonderup,{9396A915-A0B0-11D3-9E53-009027B0FCE9},SE/128117000,territorial,NA,12,M,Skåne,Bonderup,Bonderups församling,Bonderups,NA,NA,BONDERUP,BONDERUP,1600,1990
436,6032,66502,66502000,68440,66502,bondstorp,{9396A5B9-A0B0-11D3-9E53-009027B0FCE9},SE/066502000,territorial,NA,6,F,Jönköpings,Bondstorp,Bondstorps församling,Bondstorps,NA,"22 av KMt fastställt Bondstorp., Bonstorp, 1927-10-22 av KMt fastställt Bondstorp",BONDSTORP,BONDSTORP,1600,1990
437,6477,158424,158424000,60920,158424,bone,{9396AB93-A0B0-11D3-9E53-009027B0FCE9},SE/158424000,territorial,NA,15,P,Älvsborgs,Böne,Böne församling,Böne,NA,NA,BÖNE,BÖNE,1600,1990
438,8108,18203,18203000,52570,18203,boo,{9396A3AA-A0B0-11D3-9E53-009027B0FCE9},SE/018203000,territorial,NA,1,AB,Stockholms,Boo,Boo församling,Boo,Bo,1943 Bo,BOO,BOO,1635,1990
440,8641,158301,158301000,61350,158301,borascar,{9396AB5F-A0B0-11D3-9E53-009027B0FCE9},SE/158301000,territorial,NA,15,P,Älvsborgs,Borås Caroli,Borås Caroli församling,Borås Caroli,"Borås, Caroli",1938 Borås,BORÅS CAROLI,BORÅS,1939,1990
441,8636,158302,158302000,61354,158302,borasga,{9396AB63-A0B0-11D3-9E53-009027B0FCE9},SE/158302000,territorial,NA,15,P,Älvsborgs,Borås Gustav Adolf,Borås Gustav Adolfs församling,Borås Gustav Adolfs,Gustav Adolf,NA,BORÅS GUSTAV ADOLF,NA,1939,1990
444,NA,166000,NA,NA,NA,borga,NA,NA,other,654,16,R,Skaraborgs,Borga,NA,NA,NA,NA,NA,NA,NA,NA
445,7816,126202,126202000,70250,126202,borgeby,{9396A8A6-A0B0-11D3-9E53-009027B0FCE9},SE/126202000,territorial,NA,12,M,Skåne,Borgeby,Borgeby församling,Borgeby,NA,NA,BORGEBY,BORGEBY,1600,1990
446,NA,18000,NA,NA,NA,borgank,NA,NA,other,1353,1,AB,Stockholms,Borgerskapets änkhus,NA,NA,"Änkhuset, Enkhuset",NA,NA,NA,NA,NA
447,8303,88501,88501000,79380,88501,borgholm,{9396A70C-A0B0-11D3-9E53-009027B0FCE9},SE/088501000,territorial,NA,8,H,Kalmar,Borgholm,Borgholms församling,Borgholms,Borg,NA,BORGHOLM,BORGHOLM,1777,1990
449,7252,226002,226002000,83630,226002,borgsjo,{9396AEF0-A0B0-11D3-9E53-009027B0FCE9},SE/226002000,territorial,NA,22,Y,Västernorrlands,Borgsjö,Borgsjö församling,Borgsjö,NA,NA,BORGSJÖ,BORGSJÖ,1600,1990
450,NA,226000,NA,NA,NA,borgsjokbfd,NA,NA,kbfd,449,22,Y,Västernorrlands,Borgsjö kbfd,NA,NA,NA,NA,NA,NA,NA,NA
451,5855,158312,158312000,61390,158312,borgstena,{9396AB6D-A0B0-11D3-9E53-009027B0FCE9},SE/158312000,territorial,NA,15,P,Älvsborgs,Borgstena,Borgstena församling,Borgstena,NA,NA,BORGSTENA,NA,1600,1990
452,7831,168633,168633000,60730,168633,borgunda,{9396ACC0-A0B0-11D3-9E53-009027B0FCE9},SE/168633000,territorial,NA,16,R,Skaraborgs,Borgunda,Borgunda församling,Borgunda,Borna,NA,BORGUNDA,BORGUNDA,1600,1990
453,8314,230303,230303000,83740,230303,borgvattnet,{9396AF48-A0B0-11D3-9E53-009027B0FCE9},SE/230303000,territorial,NA,23,Z,Jämtlands,Borgvattnet,Borgvattnets församling,Borgvattnets,NA,NA,BORGVATTNET,BORGVATTNET,1781,1990
454,8258,176402,176402000,81160,176402,borgvik,{9396AD00-A0B0-11D3-9E53-009027B0FCE9},SE/176402000,territorial,NA,17,S,Värmlands,Borgvik,Borgviks församling,Borgviks,NA,NA,BORGVIK,BORGVIK,1716,1990
455,7867,38019,38019000,52700,38019,borje,{9396A413-A0B0-11D3-9E53-009027B0FCE9},SE/038019000,territorial,NA,3,C,Uppsala,Börje,Börje församling,Börje,NA,NA,BÖRJE,BÖRJE,1600,1990
456,NA,208101,NA,NA,NA,kbfd,NA,NA,kbfd,3622,20,W,Dalarnas,Borlänge kbfd,NA,NA,"Borlänge och Domnarvets kbfd, Domnarvet",1943 Borlänge och Domnarvets kbfd,NA,NA,NA,NA
458,6282,128519,128519000,71390,128519,borlunda,{9396A95A-A0B0-11D3-9E53-009027B0FCE9},SE/128519000,territorial,NA,12,M,Skåne,Borlunda,Borlunda församling,Borlunda,NA,NA,BORLUNDA,BORLUNDA,1600,1990
460,7824,118107,118107000,72950,118107,borrby,{9396A82D-A0B0-11D3-9E53-009027B0FCE9},SE/118107000,territorial,NA,11,L,Kristianstads,Borrby,Borrby församling,Borrby,NA,NA,BORRBY,BORRBY,1600,1990
461,7884,128613,128613000,71100,128613,borrie,{9396A96A-A0B0-11D3-9E53-009027B0FCE9},SE/128613000,territorial,NA,12,M,Skåne,Borrie,Borrie församling,Borrie,NA,NA,BORRIE,NA,1600,1990
462,6431,126302,126302000,70834,126302,borringe,{9396A8AB-A0B0-11D3-9E53-009027B0FCE9},SE/126302000,territorial,NA,12,M,Skåne,Börringe,Börringe församling,Börringe,"Gustav, Norra Börringe",1781 Börringe,BÖRRINGE,NA,1600,1990
463,8259,58209,58209000,55540,58209,borrum,{9396A55D-A0B0-11D3-9E53-009027B0FCE9},SE/058209000,territorial,NA,5,E,Östergötlands,Börrum,Börrums församling,Börrums,Sankt Pers kapell,NA,BÖRRUM,BÖRRUM,1718,1990
464,7184,168614,168614000,59094,168614,borstig,{9396ACAE-A0B0-11D3-9E53-009027B0FCE9},SE/168614000,territorial,NA,16,R,Skaraborgs,Börstig,Börstigs församling,Börstigs,NA,NA,BÖRSTIG,NA,1600,1990
465,8141,38204,38204000,50360,38204,borstil,{9396A456-A0B0-11D3-9E53-009027B0FCE9},SE/038204000,territorial,NA,3,C,Uppsala,Börstil,Börstils församling,Börstils,NA,NA,BÖRSTIL,BÖRSTIL,1641,1990
467,7288,128503,128503000,71840,128503,bosarp,{9396A94C-A0B0-11D3-9E53-009027B0FCE9},SE/128503000,territorial,NA,12,M,Skåne,Bosarp,Bosarps församling,Bosarps,NA,NA,BOSARP,BOSARP,1600,1990
468,7741,128718,128718000,69880,128718,basarp2,{9396A988-A0B0-11D3-9E53-009027B0FCE9},SE/128718000,territorial,NA,12,M,Skåne,Bösarp,Bösarps församling,Bösarps,NA,NA,BÖSARP,BÖSARP,1600,1990
469,6231,66203,66203000,68670,66203,bosebo,{9396A5A9-A0B0-11D3-9E53-009027B0FCE9},SE/066203000,territorial,NA,6,F,Jönköpings,Bosebo,Bosebo församling,Bosebo,NA,NA,BOSEBO,NA,1600,1990
470,6876,126704,126704000,71360,126704,bokloster,{9396A8DD-A0B0-11D3-9E53-009027B0FCE9},SE/126704000,territorial,NA,12,M,Skåne,Bosjökloster,Bosjöklosters församling,Bosjöklosters,Klinta,NA,BOSJÖKLOSTER,BOSJÖKLOSTER,1600,1990
471,5800,228371,228371000,82210,228371,botea,{9396AF30-A0B0-11D3-9E53-009027B0FCE9},SE/228371000,territorial,NA,22,Y,Västernorrlands,Boteå,Boteå församling,Boteå,NA,NA,BOTEÅ,NA,1600,1990
472,NA,228311,NA,NA,NA,boteautomg,NA,NA,other,NA,22,Y,Västernorrlands,Boteå utom Gålsjö,NA,NA,NA,NA,NA,NA,NA,NA
473,5889,178504,178504000,81220,178504,botilsater,{9396AD5F-A0B0-11D3-9E53-009027B0FCE9},SE/178504000,territorial,NA,17,S,Värmlands,Botilsäter,Botilsäters församling,Botilsäters,NA,NA,BOTILSÄTER,BOTILSÄTER,1600,1990
474,8788,12701,12701000,63300,12701,botkyrka,{9396A345-A0B0-11D3-9E53-009027B0FCE9},SE/012701000,territorial,NA,1,AB,Stockholms,Botkyrka,Botkyrka församling,Botkyrka,NA,NA,BOTKYRKA,BOTKYRKA,1974,1990
475,NA,12700,NA,NA,NA,botkyrkakbfd,NA,NA,kbfd,474,1,AB,Stockholms,Botkyrka kbfd,NA,NA,NA,NA,NA,NA,NA,NA
476,7754,143508,143508000,76680,143508,bottna,{9396AA44-A0B0-11D3-9E53-009027B0FCE9},SE/143508000,territorial,NA,14,O,Västra Götalands,Bottna,Bottna församling,Bottna,NA,NA,BOTTNA,BOTTNA,1600,1990
477,8269,68021,68021000,60970,68021,bottnaryd,{9396A5D7-A0B0-11D3-9E53-009027B0FCE9},SE/068021000,territorial,NA,6,F,Jönköpings,Bottnaryd,Bottnaryds församling,Bottnaryds,NA,NA,BOTTNARYD,BOTTNARYD,1732,1990
479,6614,230501,230501000,84110,230501,bracke,{9396AF4B-A0B0-11D3-9E53-009027B0FCE9},SE/230501000,territorial,NA,23,Z,Jämtlands,Bräcke,Bräcke församling,Bräcke,NA,NA,BRÄCKE,BRÄCKE,1600,1990
481,8418,108110,108110000,75170,108110,NA,{9396A7A7-A0B0-11D3-9E53-009027B0FCE9},SE/108110000,territorial,NA,10,K,Blekinge,Bräkne-Hoby,Bräkne-Hoby församling,Bräkne-Hoby,NA,1885 Hoby,BRÄKNE-HOBY,BRÄKNE-HOBY,1859,1990
482,5966,158004,158004000,81620,158004,bralanda,{9396AB3F-A0B0-11D3-9E53-009027B0FCE9},SE/158004000,territorial,NA,15,P,Älvsborgs,Brålanda,Brålanda församling,Brålanda,NA,NA,BRÅLANDA,BRÅLANDA,1600,1990
483,8698,148019,148019000,75554,148019,brarnaregarden,{9396AA62-A0B0-11D3-9E53-009027B0FCE9},SE/148019000,territorial,NA,14,O,Västra Götalands,Brämaregården,Brämaregårdens församling,Brämaregårdens,NA,NA,BRÄMAREGÅRDEN,LUNDBY KBFD,1961,1990
484,NA,148000,NA,NA,NA,brarnaregardenskbfd,NA,NA,kbfd,483,14,O,Västra Götalands,Brämaregårdens kbfd,NA,NA,NA,NA,NA,NA,NA,NA
485,7707,158303,158303000,61370,158303,bramhult,{9396AB64-A0B0-11D3-9E53-009027B0FCE9},SE/158303000,territorial,NA,15,P,Älvsborgs,Brämhult,Brämhults församling,Brämhults,NA,NA,BRÄMHULT,BRÄMHULT,1600,1990
486,7218,126513,126513000,71640,126513,brandstad,{9396A8CC-A0B0-11D3-9E53-009027B0FCE9},SE/126513000,territorial,NA,12,M,Skåne,Brandstad,Brandstads församling,Brandstads,NA,NA,BRANDSTAD,BRANDSTAD,1600,1990
487,8092,162303,162303000,59880,162303,brandstorp,{9396ABC6-A0B0-11D3-9E53-009027B0FCE9},SE/162303000,territorial,NA,16,R,Skaraborgs,Brandstorp,Brandstorps församling,Brandstorps,NA,NA,BRANDSTORP,BRANDSTORP,1626,1990
488,8681,18021,18021000,63340,18021,brannkyrka,{9396A37E-A0B0-11D3-9E53-009027B0FCE9},SE/018021000,territorial,NA,1,AB,Stockholms,Brännkyrka,Brännkyrka församling,Brännkyrka,Vantör,NA,BRÄNNKYRKA,BRÄNNKYRKA,1957,1990
489,NA,18000,NA,NA,NA,brannkyrkakbfd,NA,NA,kbfd,488,1,AB,Stockholms,Brännkyrka kbfd,NA,NA,NA,NA,NA,NA,NA,NA
490,6874,148405,148405000,76600,148405,brastad,{9396AA8E-A0B0-11D3-9E53-009027B0FCE9},SE/148405000,territorial,NA,14,O,Västra Götalands,Brastad,Brastads församling,Brastads,NA,Brasetter,BRASTAD,BRASTAD,1600,1990
491,NA,158000,NA,NA,NA,bratte,NA,NA,other,NA,15,P,Älvsborgs,Brätte,NA,NA,NA,NA,NA,NA,NA,NA
492,6657,156601,156601000,61930,156601,brattensby,{9396AB20-A0B0-11D3-9E53-009027B0FCE9},SE/156601000,territorial,NA,15,P,Älvsborgs,Bråttensby,Bråttensby församling,Bråttensby,NA,NA,BRÅTTENSBY,BRÅTTENSBY,1600,1990
493,8202,178203,178203000,80290,178203,brattfors,{9396AD38-A0B0-11D3-9E53-009027B0FCE9},SE/178203000,territorial,NA,17,S,Värmlands,Brattfors,Brattfors församling,Brattfors,NA,NA,BRATTFORS,BRATTFORS,1661,1990
494,7969,138004,138004000,78500,138004,breared,{9396A9A5-A0B0-11D3-9E53-009027B0FCE9},SE/138004000,territorial,NA,13,N,Hallands,Breared,Breareds församling,Breareds,NA,NA,BREARED,BREARED,1600,1990
495,7534,38106,38106000,51620,38106,bred,{9396A431-A0B0-11D3-9E53-009027B0FCE9},SE/038106000,territorial,NA,3,C,Uppsala,Bred,Breds församling,Breds,NA,NA,BRED,BRED,1600,1990
497,NA,138000,NA,NA,NA,bredared1,NA,NA,other,498,13,N,Hallands,Bredared,NA,NA,NA,NA,NA,NA,NA,NA
498,7539,158315,158315000,61500,158315,bredared2,{9396AB70-A0B0-11D3-9E53-009027B0FCE9},SE/158315000,territorial,NA,15,P,Älvsborgs,Bredared,Bredareds församling,Bredareds,NA,NA,BREDARED,BREDARED,1600,1990
499,7369,68302,68302000,68540,68302,bredaryd,{9396A5E8-A0B0-11D3-9E53-009027B0FCE9},SE/068302000,territorial,NA,6,F,Jönköpings,Bredaryd,Bredaryds församling,Bredaryds,NA,NA,BREDARYD,BREDARYD,1600,1990
500,6964,60402,60402000,57290,60402,bredestad,{9396A599-A0B0-11D3-9E53-009027B0FCE9},SE/060402000,territorial,NA,6,F,Jönköpings,Bredestad,Bredestads församling,Bredestads,NA,NA,BREDESTAD,BREDESTAD,1600,1990
501,6948,168011,168011000,58360,168011,bredsater,{9396AC1C-A0B0-11D3-9E53-009027B0FCE9},SE/168011000,territorial,NA,16,R,Skaraborgs,Bredsäter,Bredsäters församling,Bredsäters,NA,NA,BREDSÄTER,BREDSÄTER,1600,1990
502,5802,88506,88506000,79490,88506,bredsatra,{9396A711-A0B0-11D3-9E53-009027B0FCE9},SE/088506000,territorial,NA,8,H,Kalmar,Bredsätra,Bredsätra församling,Bredsätra,NA,NA,BREDSÄTRA,BREDSÄTRA,1600,1990
503,NA,188000,NA,NA,NA,brevensbruk,NA,NA,bruk,NA,18,T,Örebro,Brevens bruk,NA,NA,NA,NA,NA,NA,NA,NA
504,7299,163702,163702000,59930,163702,brevik,{9396ABC9-A0B0-11D3-9E53-009027B0FCE9},SE/163702000,territorial,NA,16,R,Skaraborgs,Brevik,Breviks församling,Breviks,NA,NA,BREVIK,BREVIK,1600,1990
505,7467,68204,68204000,68960,68204,bringetofta,{9396A5DE-A0B0-11D3-9E53-009027B0FCE9},SE/068204000,territorial,NA,6,F,Jönköpings,Bringetofta,Bringetofta församling,Bringetofta,NA,NA,BRINGETOFTA,BRINGETOFTA,1600,1990
506,7465,168615,168615000,59110,168615,brismene,{9396ACAF-A0B0-11D3-9E53-009027B0FCE9},SE/168615000,territorial,NA,16,R,Skaraborgs,Brismene,Brismene församling,Brismene,NA,NA,BRISMENE,NA,1600,1990
507,6334,13901,13901000,52060,13901,bro1,{9396A359-A0B0-11D3-9E53-009027B0FCE9},SE/013901000,territorial,NA,1,AB,Stockholms,Bro,Bro församling (AB-län),Bro,NA,NA,BRO (AB-län),BRO,1600,1990
508,6404,148404,148404000,76590,148404,bro4,{9396AA8D-A0B0-11D3-9E53-009027B0FCE9},SE/148404000,territorial,NA,14,O,Västra Götalands,Bro,Bro församling (O-län),Bro,NA,NA,BRO (O-län),BRO,1600,1990
510,6971,178503,178503000,81180,178503,bro6,{9396AD5E-A0B0-11D3-9E53-009027B0FCE9},SE/178503000,territorial,NA,17,S,Värmlands,Bro,Bro församling (S-län),Bro,NA,NA,BRO (S-län),BRO,1600,1990
513,7097,98019,98019000,84540,98019,bro3,{9396A736-A0B0-11D3-9E53-009027B0FCE9},SE/098019000,territorial,NA,9,I,Gotlands,Bro,Bro församling (I-län),Bro,NA,NA,BRO (I-län),BRO,1600,1990
516,6838,166111,166111000,58380,166111,broby4,{9396ABF6-A0B0-11D3-9E53-009027B0FCE9},SE/166111000,territorial,NA,16,R,Skaraborgs,Broby,Broby församling (R-län),Broby,NA,NA,BROBY (R-län),NA,1600,1990
517,NA,58400,NA,NA,NA,broby1,NA,NA,other,516,5,E,Östergötlands,Broby,NA,NA,NA,NA,NA,NA,NA,NA
519,5833,156621,156621000,61680,156621,broddarp,{9396AB36-A0B0-11D3-9E53-009027B0FCE9},SE/156621000,territorial,NA,15,P,Älvsborgs,Broddarp,Broddarps församling,Broddarps,NA,1910 Bråddarp,BRODDARP,BRODDARP,1600,1990
520,8832,168647,168647000,58620,168647,broddetorp,{9396ACCC-A0B0-11D3-9E53-009027B0FCE9},SE/168647000,territorial,NA,16,R,Skaraborgs,Broddetorp,Broddetorps församling,Broddetorps,NA,NA,BRODDETORP,BRODDETORP,1989,1990
524,6209,128608,128608000,71120,128608,bromma2,{9396A965-A0B0-11D3-9E53-009027B0FCE9},SE/128608000,territorial,NA,12,M,Skåne,Bromma,Bromma församling (M-län),Bromma,NA,NA,BROMMA (M-län),BROMMA,1600,1990
525,8676,18027,18027000,52210,18027,bromma1,{9396A384-A0B0-11D3-9E53-009027B0FCE9},SE/018027000,territorial,NA,1,AB,Stockholms,Bromma,Bromma församling (AB-län),Bromma,NA,NA,BROMMA (AB-län),BROMMA,1955,1990
526,NA,18000,NA,NA,NA,brommakbfd,NA,NA,kbfd,524,1,AB,Stockholms,Bromma kbfd,NA,NA,NA,NA,NA,NA,NA,NA
527,7350,118317,118317000,73860,118317,bronnestad,{9396A85A-A0B0-11D3-9E53-009027B0FCE9},SE/118317000,territorial,NA,11,L,Kristianstads,Brönnestad,Brönnestads församling,Brönnestads,NA,NA,BRÖNNESTAD,BRÖNNESTAD,1600,1990
528,7260,116014,116014000,72780,116014,brosarp,{9396A7D9-A0B0-11D3-9E53-009027B0FCE9},SE/116014000,territorial,NA,11,L,Kristianstads,Brösarp,Brösarps församling,Brösarps,NA,NA,BRÖSARP,BRÖSARP,1600,1990
529,8364,238007,238007000,84040,238007,brunflo,{9396AF99-A0B0-11D3-9E53-009027B0FCE9},SE/238007000,territorial,NA,23,Z,Jämtlands,Brunflo,Brunflo församling,Brunflo,NA,NA,BRUNFLO,BRUNFLO,1821,1990
531,NA,158400,NA,NA,NA,brunn,NA,NA,other,3976,15,P,Älvsborgs,Brunn,NA,NA,NA,Brund,NA,NA,NA,NA
532,7978,128404,128404000,72480,128404,brunnby,{9396A944-A0B0-11D3-9E53-009027B0FCE9},SE/128404000,territorial,NA,12,M,Skåne,Brunnby,Brunnby församling,Brunnby,NA,NA,BRUNNBY,BRUNNBY,1600,1990
533,6582,58306,58306000,54432,58306,brunneby,{9396A567-A0B0-11D3-9E53-009027B0FCE9},SE/058306000,territorial,NA,5,E,Östergötlands,Brunneby,Brunneby församling,Brunneby,NA,NA,BRUNNEBY,BRUNNEBY,1600,1990
534,6298,168635,168635000,60800,168635,brunnhern,{9396ACC2-A0B0-11D3-9E53-009027B0FCE9},SE/168635000,territorial,NA,16,R,Skaraborgs,Brunnhem,Brunnhems församling,Brunnhems,Brunum,Brunum,BRUNNHEM,BRUNNHEM,1600,1990
535,8252,178411,178411000,80550,178411,brunskog,{9396AD57-A0B0-11D3-9E53-009027B0FCE9},SE/178411000,territorial,NA,17,S,Värmlands,Brunskog,Brunskogs församling,Brunskogs,NA,NA,BRUNSKOG,BRUNSKOG,1705,1990
536,NA,178400,NA,NA,NA,brunskogsostrakbfd,NA,NA,kbfd,535,17,S,Värmlands,Brunskogs östra kbfd,NA,NA,NA,NA,NA,NA,NA,NA
537,NA,178400,NA,NA,NA,brunskogsvastrakbfd,NA,NA,kbfd,535,17,S,Värmlands,Brunskogs västra kbfd,NA,NA,NA,NA,NA,NA,NA,NA
539,5900,98005,98005000,84640,98005,bunge,{9396A728-A0B0-11D3-9E53-009027B0FCE9},SE/098005000,territorial,NA,9,I,Gotlands,Bunge,Bunge församling,Bunge,NA,NA,BUNGE,BUNGE,1600,1990
540,5933,128019,128019000,69510,128019,bunkeflo,{9396A8FE-A0B0-11D3-9E53-009027B0FCE9},SE/128019000,territorial,NA,12,M,Skåne,Bunkeflo,Bunkeflo församling,Bunkeflo,NA,NA,BUNKEFLO,BUNKEFLO,1600,1990
541,8599,248203,248203000,82988,248203,burea,{9396AFEA-A0B0-11D3-9E53-009027B0FCE9},SE/248203000,territorial,NA,24,AC,Västerbottens,Bureå,Bureå församling,Bureå,NA,NA,BUREÅ,BUREÅ,1922,1990
542,6452,123101,123101000,70550,123101,burlov,{9396A881-A0B0-11D3-9E53-009027B0FCE9},SE/123101000,territorial,NA,12,M,Skåne,Burlöv,Burlövs församling,Burlövs,NA,NA,BURLÖV,BURLÖV,1600,1990
543,6494,98072,98072000,85300,98072,burs,{9396A76B-A0B0-11D3-9E53-009027B0FCE9},SE/098072000,territorial,NA,9,I,Gotlands,Burs,Burs församling,Burs,NA,NA,BURS,BURS,1600,1990
544,6216,66210,66210000,68660,66210,burseryd,{9396A5B0-A0B0-11D3-9E53-009027B0FCE9},SE/066210000,territorial,NA,6,F,Jönköpings,Burseryd,Burseryds församling,Burseryds,NA,NA,BURSERYD,NA,1600,1990
545,8588,248211,248211000,83020,248211,burtrask,{9396AFFA-A0B0-11D3-9E53-009027B0FCE9},SE/248211000,territorial,NA,24,AC,Västerbottens,Burträsk,Burträsks församling,Burträsks,NA,NA,BURTRÄSK,BURTRÄSK,1919,1990
546,7753,98042,98042000,85050,98042,butfle,{9396A74D-A0B0-11D3-9E53-009027B0FCE9},SE/098042000,territorial,NA,9,I,Gotlands,Buttle,Buttle församling,Buttle,NA,NA,BUTTLE,BUTTLE,1600,1990
547,NA,178500,NA,NA,NA,by1,NA,NA,other,548,17,S,Värmlands,By,NA,NA,NA,NA,NA,NA,NA,NA
548,6806,208471,208471000,66500,208471,by2,{9396AE87-A0B0-11D3-9E53-009027B0FCE9},SE/208471000,territorial,NA,20,W,Dalarnas,By,By församling (W-län),By,NA,NA,BY (W-län),BY,1600,1990
549,6115,66501,66501000,68430,66501,byarum,{9396A5B8-A0B0-11D3-9E53-009027B0FCE9},SE/066501000,territorial,NA,6,F,Jönköpings,Byarum,Byarums församling,Byarums,NA,NA,BYARUM,BYARUM,1600,1990
550,8343,240971,240971000,82830,240971,bygdea,{9396AFAC-A0B0-11D3-9E53-009027B0FCE9},SE/240971000,territorial,NA,24,AC,Västerbottens,Bygdeå,Bygdeå församling,Bygdeå,NA,NA,BYGDEÅ,BYGDEÅ,1799,1990
551,NA,240901,NA,NA,NA,bygdeakbm,NA,NA,kbfd,550,24,AC,Västerbottens,Bygdeå kbfd,NA,NA,NA,NA,NA,NA,NA,NA
552,NA,208403,NA,NA,NA,bykbm,NA,NA,kbfd,548,20,W,Dalarnas,By kbfd,NA,NA,NA,NA,NA,NA,NA,NA
554,8559,248207,248207000,82983,248207,byske,{9396AFF5-A0B0-11D3-9E53-009027B0FCE9},SE/248207000,territorial,NA,24,AC,Västerbottens,Byske,Byske församling,Byske,Ytterstfors bruksförsamling,1874 Ytterstfors,BYSKE,BYSKE,1913,1990
568,NA,148000,NA,NA,NA,correcinratt2,NA,NA,other,NA,14,O,Västra Götalands,Correctionsinrättningen,NA,NA,NA,NA,NA,NA,NA,NA
569,NA,18000,NA,NA,NA,correcinratt1,NA,NA,other,NA,1,AB,Stockholms,Correctionsinrättningen,NA,NA,NA,NA,NA,NA,NA,NA
571,5916,78006,78006000,67990,78006,dadesjo,{9396A661-A0B0-11D3-9E53-009027B0FCE9},SE/078006000,territorial,NA,7,G,Kronobergs,Dädesjö,Dädesjö församling,Dädesjö,NA,NA,DÄDESJÖ,DÄDESJÖ,1600,1990
572,NA,203100,NA,NA,NA,dadran,NA,NA,other,346,20,W,Dalarnas,Dådran,NA,NA,NA,NA,NA,NA,NA,NA
573,6252,138309,138309000,78070,138309,dagsas,{9396A9E5-A0B0-11D3-9E53-009027B0FCE9},SE/138309000,territorial,NA,13,N,Hallands,Dagsås,Dagsås församling,Dagsås,NA,NA,DAGSÅS,NA,1600,1990
574,6739,58119,58119000,55160,58119,NA,{9396A549-A0B0-11D3-9E53-009027B0FCE9},SE/058119000,territorial,NA,5,E,Östergötlands,Dagsberg,Dagsbergs församling,Dagsbergs,NA,NA,DAGSBERG,DAGSBERG,1600,1990
575,6711,126102,126102000,72110,126102,dagstorp,{9396A898-A0B0-11D3-9E53-009027B0FCE9},SE/126102000,territorial,NA,12,M,Skåne,Dagstorp,Dagstorps församling,Dagstorps,NA,NA,DAGSTORP,DAGSTORP,1600,1990
576,7917,228209,228209000,82150,228209,dal,{9396AF1E-A0B0-11D3-9E53-009027B0FCE9},SE/228209000,territorial,NA,22,Y,Västernorrlands,Dal,Dals församling,Dals,NA,NA,DAL,DAL,1600,1990
577,7429,168632,168632000,60720,168632,dala,{9396ACBF-A0B0-11D3-9E53-009027B0FCE9},SE/168632000,territorial,NA,16,R,Skaraborgs,Dala,Dala församling,Dala,NA,NA,DALA,DALA,1600,1990
578,8171,13605,13605000,63390,13605,dalaro,{9396A351-A0B0-11D3-9E53-009027B0FCE9},SE/013605000,territorial,NA,1,AB,Stockholms,Dalarö,Dalarö församling,Dalarö,NA,NA,DALARÖ,DALARÖ,1650,1990
579,NA,13600,NA,NA,NA,dalaroskans,NA,NA,other,578,1,AB,Stockholms,Dalarö skans,NA,NA,NA,NA,NA,NA,NA,NA
580,7550,128116,128116000,70090,128116,dalby2,{9396A914-A0B0-11D3-9E53-009027B0FCE9},SE/128116000,territorial,NA,12,M,Skåne,Dalby,Dalby församling (M-län),Dalby,NA,NA,DALBY (M-län),DALBY,1600,1990
581,8381,173708,173708000,80020,173708,dalby3,{9396ACEA-A0B0-11D3-9E53-009027B0FCE9},SE/173708000,territorial,NA,17,S,Värmlands,Dalby,Dalby församling (S-län),Dalby,NA,NA,DALBY (S-län),DALBY,1831,1990
582,7248,38011,38011000,50920,38011,dalby1,{9396A408-A0B0-11D3-9E53-009027B0FCE9},SE/038011000,territorial,NA,3,C,Uppsala,Dalby,Dalby församling (C-län),Dalby,NA,NA,DALBY (C-län),DALBY,1600,1990
583,8623,88306,88306000,55860,88306,daihem1,{9396A6F4-A0B0-11D3-9E53-009027B0FCE9},SE/088306000,territorial,NA,8,H,Kalmar,Dalhem,Dalhems församling (H-län),Dalhems,NA,NA,DALHEM (H-län),DALHEM,1931,1990
584,8005,98029,98029000,84900,98029,daihem2,{9396A740-A0B0-11D3-9E53-009027B0FCE9},SE/098029000,territorial,NA,9,I,Gotlands,Dalhem,Dalhems församling (I-län),Dalhems,NA,NA,DALHEM (I-län),DALHEM,1600,1990
585,7596,128715,128715000,69960,128715,dalkoping,{9396A985-A0B0-11D3-9E53-009027B0FCE9},SE/128715000,territorial,NA,12,M,Skåne,Dalköpinge,Dalköpinge församling,Dalköpinge,NA,NA,DALKÖPINGE,DALKÖPINGE,1600,1990
586,NA,208200,NA,NA,NA,dalsbyfjarding,NA,NA,other,NA,20,W,Dalarnas,Dalsby fjärding,NA,NA,NA,NA,NA,NA,NA,NA
587,7503,150403,150403000,81750,150403,dalsed,{9396AAA9-A0B0-11D3-9E53-009027B0FCE9},SE/150403000,territorial,NA,15,P,Älvsborgs,Dals-Ed,Dals-Eds församling,Dals-Eds,"Ed, Västra Ed","1885 Ed, Västra Ed, -1885 Ed, 1885-04-17- Dals-Ed",DALS-ED,DALS-ED,1600,1990
588,7143,156108,156108000,81530,156108,dalskog,{9396AAF2-A0B0-11D3-9E53-009027B0FCE9},SE/156108000,territorial,NA,15,P,Älvsborgs,Dalskog,Dalskogs församling,Dalskogs,NA,NA,DALSKOG,DALSKOG,1600,1990
589,8028,155211,155211000,77390,155211,dalstorp,{9396AADF-A0B0-11D3-9E53-009027B0FCE9},SE/155211000,territorial,NA,15,P,Älvsborgs,Dalstorp,Dalstorps församling,Dalstorps,NA,NA,DALSTORP,DALSTORP,1600,1990
590,6622,158428,158428000,61210,158428,dalum,{9396AB97-A0B0-11D3-9E53-009027B0FCE9},SE/158428000,territorial,NA,15,P,Älvsborgs,Dalum,Dalums församling,Dalums,NA,NA,DALUM,DALUM,1600,1990
591,8188,16201,16201000,52500,16201,danderyd,{9396A362-A0B0-11D3-9E53-009027B0FCE9},SE/016201000,territorial,NA,1,AB,Stockholms,Danderyd,Danderyds församling,Danderyds,NA,NA,DANDERYD,DANDERYD,1653,1990
592,7043,38005,38005000,50090,38005,danmark,{9396A402-A0B0-11D3-9E53-009027B0FCE9},SE/038005000,territorial,NA,3,C,Uppsala,Danmark,Danmarks församling,Danmarks,NA,NA,DANMARK,DANMARK,1600,1990
593,7543,68308,68308000,68570,68308,dannas,{9396A5EE-A0B0-11D3-9E53-009027B0FCE9},SE/068308000,territorial,NA,6,F,Jönköpings,Dannäs,Dannäs församling,Dannäs,NA,NA,DANNÄS,DANNÄS,1600,1990
594,7681,38214,38214000,53000,38214,dannemora,{9396A461-A0B0-11D3-9E53-009027B0FCE9},SE/038214000,territorial,NA,3,C,Uppsala,Dannemora,Dannemora församling,Dannemora,NA,NA,DANNEMORA,DANNEMORA,1600,1990
595,7970,158307,158307000,77300,158307,dannike,{9396AB68-A0B0-11D3-9E53-009027B0FCE9},SE/158307000,territorial,NA,15,P,Älvsborgs,Dannike,Dannike församling,Dannike,NA,1908 Dannicke,DANNIKE,DANNIKE,1600,1990
596,6510,78014,78014000,66990,78014,danningelanda,{9396A66B-A0B0-11D3-9E53-009027B0FCE9},SE/078014000,territorial,NA,7,G,Kronobergs,Dänningelanda,Dänningelanda församling,Dänningelanda,NA,NA,DÄNNINGELANDA,DÄNNINGELANDA,1600,1990
597,NA,18000,NA,NA,NA,danvikshos,NA,NA,hospital,NA,1,AB,Stockholms,Danviks hospital och Sicklaö,NA,NA,Sicklaö,NA,NA,NA,NA,NA
599,8093,168503,168503000,59860,168503,daretorp,{9396AC8B-A0B0-11D3-9E53-009027B0FCE9},SE/168503000,territorial,NA,16,R,Skaraborgs,Daretorp,Daretorps församling,Daretorps,NA,NA,DARETORP,DARETORP,1626,1990
600,6902,118029,118029000,74640,118029,degeberga,{9396A81F-A0B0-11D3-9E53-009027B0FCE9},SE/118029000,territorial,NA,11,L,Kristianstads,Degeberga,Degeberga församling,Degeberga,NA,NA,DEGEBERGA,DEGEBERGA,1600,1990
601,8461,186201,186201000,80200,186201,degerfors1,{9396AD79-A0B0-11D3-9E53-009027B0FCE9},SE/186201000,territorial,NA,18,T,Örebro,Degerfors,Degerfors församling (T-län),Degerfors,NA,NA,DEGERFORS (T-län),DEGERFORS,1883,1990
603,NA,240400,NA,NA,NA,degerforskbfd,NA,NA,kbfd,601,24,AC,Västerbottens,Degerfors kbfd,NA,NA,NA,NA,NA,NA,NA,NA
605,6383,218408,218408000,53910,218408,delsbo,{9396AEE9-A0B0-11D3-9E53-009027B0FCE9},SE/218408000,territorial,NA,21,X,Gävleborgs,Delsbo,Delsbo församling,Delsbo,NA,NA,DELSBO,DELSBO,1600,1990
606,NA,246200,NA,NA,NA,dikanaskbfd,NA,NA,kbfd,4280,24,AC,Västerbottens,Dikanäs kbfd,NA,NA,NA,NA,NA,NA,NA,NA
607,7036,48000,48032002,63180,48032,dillnas,{9396A48F-A0B0-11D3-9E53-009027B0FCE9},SE/048032002,territorial,NA,4,D,Södermanlands,Dillnäs,Dillnäs församling,Dillnäs,NA,NA,DILLNÄS,GÅSINGE,1600,1940
608,7342,168515,168515000,59370,168515,dimbo,{9396AC99-A0B0-11D3-9E53-009027B0FCE9},SE/168515000,territorial,NA,16,R,Skaraborgs,Dimbo,Dimbo församling,Dimbo,NA,NA,DIMBO,DIMBO,1600,1990
609,6346,198009,198009000,64740,198009,dingtuna,{9396ADFB-A0B0-11D3-9E53-009027B0FCE9},SE/198009000,territorial,NA,19,U,Västmanlands,Dingtuna,Dingtuna församling,Dingtuna,NA,NA,DINGTUNA,DINGTUNA,1600,1990
610,8132,202902,202902000,65860,202902,discip,{9396AE3C-A0B0-11D3-9E53-009027B0FCE9},SE/202902000,territorial,NA,20,W,Dalarnas,Djura,Djura församling,Djura,NA,NA,DJURA,DJURA,1640,1990
611,NA,18000,NA,NA,NA,djurgardenslands,NA,NA,other,1353,1,AB,Stockholms,Djurgårdens landsförsamling,NA,NA,NA,NA,NA,NA,NA,NA
612,8233,12003,12003000,52580,12003,djuro,{9396A32E-A0B0-11D3-9E53-009027B0FCE9},SE/012003000,territorial,NA,1,AB,Stockholms,Djurö,Djurö församling,Djurö,NA,NA,DJURÖ,DJURÖ,1683,1990
613,7301,118004,118004000,74540,118004,djurrod,{9396A804-A0B0-11D3-9E53-009027B0FCE9},SE/118004000,territorial,NA,11,L,Kristianstads,Djurröd,Djurröds församling,Djurröds,Görröd,16 enligt KBr Djurröd.,DJURRÖD,DJURRÖD,1600,1990
614,6995,88407,88407000,56150,88407,djursdala,{9396A708-A0B0-11D3-9E53-009027B0FCE9},SE/088407000,territorial,NA,8,H,Kalmar,Djursdala,Djursdala församling,Djursdala,Jursdal,NA,DJURSDALA,DJURSDALA,1600,1990
615,NA,16200,NA,NA,NA,djursholm,NA,NA,other,NA,1,AB,Stockholms,Djursholm,NA,NA,NA,NA,NA,NA,NA,NA
616,8445,88271,88271000,78920,88271,doderhult,{9396A6EB-A0B0-11D3-9E53-009027B0FCE9},SE/088271000,territorial,NA,8,H,Kalmar,Döderhult,Döderhults församling,Döderhults,NA,NA,DÖDERHULT,DÖDERHULT,1873,1990
617,NA,88205,NA,NA,NA,doderhultskbm,NA,NA,kbfd,616,8,H,Kalmar,Döderhults kbfd,NA,NA,NA,NA,NA,NA,NA,NA
618,8532,148001,148001000,75380,148001,domkyrko,{9396AA49-A0B0-11D3-9E53-009027B0FCE9},SE/148001000,territorial,NA,14,O,Västra Götalands,Domkyrkoförsamlingen i Göteborg eller Gustavi och Kristine,Domkyrkoförsamlingen i Göteborg,Domkyrkoförsamlingen i Göteborg,NA,1633 Göteborgs svenska,DOMKYRKO I GÖTEBORG,NA,1908,1990
620,7380,78109,78109000,67390,78109,dorarp,{9396A683-A0B0-11D3-9E53-009027B0FCE9},SE/078109000,territorial,NA,7,G,Kronobergs,Dörarp,Dörarps församling,Dörarps,NA,NA,DÖRARP,DÖRARP MED HALLSJÖ,1600,1990
621,7686,88003,88003000,78770,88003,dorby,{9396A6C8-A0B0-11D3-9E53-009027B0FCE9},SE/088003000,territorial,NA,8,H,Kalmar,Dörby,Dörby församling,Dörby,NA,NA,DÖRBY,DÖRBY,1600,1990
622,8502,242501,242501000,82534,242501,dorotea,{9396AFBC-A0B0-11D3-9E53-009027B0FCE9},SE/242501000,territorial,NA,24,AC,Västerbottens,Dorotea,Dorotea församling,Dorotea,Bergvattnet,1799 Bergvattnet,DOROTEA,NA,1905,1990
623,NA,168600,NA,NA,NA,dove,NA,NA,other,NA,16,R,Skaraborgs,Döve,NA,NA,NA,NA,NA,NA,NA,NA
624,5853,148506,148506000,76460,148506,dragsmark,{9396AA96-A0B0-11D3-9E53-009027B0FCE9},SE/148506000,territorial,NA,14,O,Västra Götalands,Dragsmark,Dragsmarks församling,Dragsmarks,NA,NA,DRAGSMARK,DRAGSMARK,1600,1990
625,5890,131503,131503000,78220,131503,drangsered,{9396A99A-A0B0-11D3-9E53-009027B0FCE9},SE/131503000,territorial,NA,13,N,Hallands,Drängsered,Drängsereds församling,Drängsereds,Sofia Magdalena,NA,DRÄNGSERED,DRÄNGSERED,1600,1990
626,7233,78005,78005000,68020,78005,drev,{9396A660-A0B0-11D3-9E53-009027B0FCE9},SE/078005000,territorial,NA,7,G,Kronobergs,Drev,Drevs församling,Drevs,NA,NA,DREV,DREV,1600,1990
627,7696,58202,58202000,55590,58202,drot,{9396A556-A0B0-11D3-9E53-009027B0FCE9},SE/058202000,territorial,NA,5,E,Östergötlands,Drothem,Drothems församling,Drothems,"Drotten, Sankt Drotten, Trefaldighet",NA,DROTHEM,DROTHEM,1600,1990
631,7052,48206,48206000,62160,48206,dunker,{9396A49A-A0B0-11D3-9E53-009027B0FCE9},SE/048206000,territorial,NA,4,D,Södermanlands,Dunker,Dunkers församling,Dunkers,NA,NA,DUNKER,DUNKER,1600,1990
632,NA,168500,NA,NA,NA,dvarstorp,NA,NA,other,608,16,R,Skaraborgs,Dvärstorp,NA,NA,NA,NA,NA,NA,NA,NA
633,NA,188000,NA,NA,NA,dyltabruks,NA,NA,bruk,263,18,T,Örebro,Dylta bruksförsamling,NA,NA,NA,NA,NA,NA,NA,NA
634,6682,11401,11401000,52180,11401,NA,{9396A312-A0B0-11D3-9E53-009027B0FCE9},SE/011401000,territorial,NA,1,AB,Stockholms,Ed,Eds församling (AB-län),Eds,NA,NA,ED (AB-län),ED,1600,1990
636,7161,176403,176403000,81140,176403,ed5,{9396AD01-A0B0-11D3-9E53-009027B0FCE9},SE/176403000,territorial,NA,17,S,Värmlands,Ed,Eds församling (S-län),Eds,NA,NA,ED (S-län),ED (GUSTAF ADOLF),1600,1990
637,7355,228305,228305000,82290,228305,ed6,{9396AF27-A0B0-11D3-9E53-009027B0FCE9},SE/228305000,territorial,NA,22,Y,Västernorrlands,Ed,Eds församling (Y-län),Eds,NA,NA,ED (Y-län),ED,1600,1990
639,NA,88300,NA,NA,NA,ed3,NA,NA,other,634,8,H,Kalmar,Ed,NA,NA,NA,NA,NA,NA,NA,NA
640,7346,173001,173001000,80710,173001,eda,{9396ACDB-A0B0-11D3-9E53-009027B0FCE9},SE/173001000,territorial,NA,17,S,Värmlands,Eda,Eda församling,Eda,NA,NA,EDA,EDA,1600,1990
641,NA,173000,NA,NA,NA,edanorrakbm,NA,NA,kbfd,640,17,S,Värmlands,Eda norra kbfd,NA,NA,NA,NA,NA,NA,NA,NA
642,6843,168311,168311000,59830,168311,edasa,{9396AC69-A0B0-11D3-9E53-009027B0FCE9},SE/168311000,territorial,NA,16,R,Skaraborgs,Edåsa,Edåsa församling,Edåsa,NA,NA,EDÅSA,EDÅSA,1600,1990
643,NA,173000,NA,NA,NA,edasodrakbm,NA,NA,kbfd,640,17,S,Värmlands,Eda södra kbfd,NA,NA,NA,NA,NA,NA,NA,NA
644,7632,18806,18806000,50270,18806,edebo,{9396A3BB-A0B0-11D3-9E53-009027B0FCE9},SE/018806000,territorial,NA,1,AB,Stockholms,Edebo,Edebo församling,Edebo,NA,NA,EDEBO,EDEBO,1600,1990
645,8464,258203,258203000,83162,258203,edefors,{9396B044-A0B0-11D3-9E53-009027B0FCE9},SE/258203000,territorial,NA,25,BD,Norrbottens,Edefors,Edefors församling,Edefors,NA,NA,EDEFORS,EDEFORS,1884,1990
646,6935,108108,108108000,74980,108108,edestad,{9396A7A5-A0B0-11D3-9E53-009027B0FCE9},SE/108108000,territorial,NA,10,K,Blekinge,Edestad,Edestads församling,Edestads,NA,NA,EDESTAD,EDESTAD,1600,1990
647,NA,168300,NA,NA,NA,edhem,NA,NA,other,NA,16,R,Skaraborgs,Edhem,NA,NA,NA,NA,NA,NA,NA,NA
648,6665,188023,188023000,64570,188023,edsberg,{9396ADA0-A0B0-11D3-9E53-009027B0FCE9},SE/188023000,territorial,NA,18,T,Örebro,Edsberg,Edsbergs församling,Edsbergs,"Kälkesta, Riseberga",NA,EDSBERG,EDSBERG,1600,1990
649,7977,18808,18808000,50260,18808,edsbro,{9396A3BD-A0B0-11D3-9E53-009027B0FCE9},SE/018808000,territorial,NA,1,AB,Stockholms,Edsbro,Edsbro församling,Edsbro,NA,NA,EDSBRO,EDSBRO,1600,1990
650,7536,228314,228314000,82360,228314,edsele,{9396AF2E-A0B0-11D3-9E53-009027B0FCE9},SE/228314000,territorial,NA,22,Y,Västernorrlands,Edsele,Edsele församling,Edsele,NA,NA,EDSELE,EDSELE,1600,1990
651,5918,68607,68607000,57450,68607,edshult,{9396A61F-A0B0-11D3-9E53-009027B0FCE9},SE/068607000,territorial,NA,6,F,Jönköpings,Edshult,Edshults församling,Edshults,NA,NA,EDSHULT,EDSHULT,1600,1990
653,6915,158507,158507000,81370,158507,edsle,{9396ABA4-A0B0-11D3-9E53-009027B0FCE9},SE/158507000,territorial,NA,15,P,Älvsborgs,Edsleskog,Edsleskogs församling,Edsleskogs,NA,NA,EDSLESKOG,EDSLESKOG,1600,1990
654,7359,166032,166032000,58570,166032,edsvara,{9396ABEA-A0B0-11D3-9E53-009027B0FCE9},SE/166032000,territorial,NA,16,R,Skaraborgs,Edsvära,Edsvära församling,Edsvära,NA,NA,EDSVÄRA,EDSVÄRA,1600,1990
655,NA,166000,NA,NA,NA,edum,NA,NA,other,2012,16,R,Skaraborgs,Edum,NA,NA,NA,NA,NA,NA,NA,NA
656,7878,138207,138207000,78300,138207,eftra,{9396A9CA-A0B0-11D3-9E53-009027B0FCE9},SE/138207000,territorial,NA,13,N,Hallands,Eftra,Eftra församling,Eftra,NA,NA,EFTRA,EFTRA,1600,1990
657,7082,88505,88505000,79390,88505,egby,{9396A710-A0B0-11D3-9E53-009027B0FCE9},SE/088505000,territorial,NA,8,H,Kalmar,Egby,Egby församling,Egby,Ekby,NA,EGBY,EGBY,1600,1990
658,6963,168204,168204000,60690,168204,eggby,{9396AC4B-A0B0-11D3-9E53-009027B0FCE9},SE/168204000,territorial,NA,16,R,Skaraborgs,Eggby,Eggby församling,Eggby,NA,NA,EGGBY,EGGBY,1600,1990
659,5921,156602,156602000,62040,156602,eggvena,{9396AB21-A0B0-11D3-9E53-009027B0FCE9},SE/156602000,territorial,NA,15,P,Älvsborgs,Eggvena,Eggvena församling,Eggvena,NA,NA,EGGVENA,NA,1600,1990
664,6367,168009,168009000,60020,168009,ek,{9396AC1A-A0B0-11D3-9E53-009027B0FCE9},SE/168009000,territorial,NA,16,R,Skaraborgs,Ek,Eks församling,Eks,NA,NA,EK,EK,1600,1990
665,6031,168005,168005000,60180,168005,ekby3,{9396AC16-A0B0-11D3-9E53-009027B0FCE9},SE/168005000,territorial,NA,16,R,Skaraborgs,Ekby,Ekby församling (R-län),Ekby,NA,NA,EKBY (R-län),EKBY,1600,1990
666,NA,3050,NA,NA,NA,ekby1,NA,NA,other,665,0,NA,NA,Ekby,NA,NA,NA,NA,NA,NA,NA,NA
668,NA,78000,NA,NA,NA,eke2,NA,NA,other,669,7,G,Kronobergs,Eke,NA,NA,NA,NA,NA,NA,NA,NA
669,7386,98085,98085000,85330,98085,eke1,{9396A778-A0B0-11D3-9E53-009027B0FCE9},SE/098085000,territorial,NA,9,I,Gotlands,Eke,Eke församling,Eke,NA,NA,EKE,EKE,1600,1990
670,7314,76103,76103000,67980,76103,ekeberga,{9396A633-A0B0-11D3-9E53-009027B0FCE9},SE/076103000,territorial,NA,7,G,Kronobergs,Ekeberga,Ekeberga församling,Ekeberga,NA,NA,EKEBERGA,EKEBERGA,1600,1990
671,6283,126004,126004000,72610,126004,ekeby4,{9396A895-A0B0-11D3-9E53-009027B0FCE9},SE/126004000,territorial,NA,12,M,Skåne,Ekeby,Ekeby församling (M-län),Ekeby,NA,NA,EKEBY (M-län),EKEBY,1600,1990
672,7162,188103,188103000,64050,188103,ekeby5,{9396ADAD-A0B0-11D3-9E53-009027B0FCE9},SE/188103000,territorial,NA,18,T,Örebro,Ekeby,Ekeby församling (T-län),Ekeby,NA,NA,EKEBY (T-län),EKEBY,1600,1990
673,6293,38210,38210000,50490,38210,ekeby1,{9396A45D-A0B0-11D3-9E53-009027B0FCE9},SE/038210000,territorial,NA,3,C,Uppsala,Ekeby,Ekeby församling (C-län),Ekeby,NA,NA,EKEBY (C-län),EKEBY,1600,1990
674,8452,56002,56002000,56930,56002,ekeby2,{9396A4F2-A0B0-11D3-9E53-009027B0FCE9},SE/056002000,territorial,NA,5,E,Östergötlands,Ekeby,Ekeby församling (E-län),Ekeby,NA,NA,EKEBY (E-län),EKEBY,1880,1990
675,6828,98022,98022000,84480,98022,ekeby3,{9396A739-A0B0-11D3-9E53-009027B0FCE9},SE/098022000,territorial,NA,9,I,Gotlands,Ekeby,Ekeby församling (I-län),Ekeby,NA,NA,EKEBY (I-län),EKEBY,1600,1990
676,6113,58311,58311000,54530,58311,ekebyborna,{9396A56C-A0B0-11D3-9E53-009027B0FCE9},SE/058311000,territorial,NA,5,E,Östergötlands,Ekebyborna,Ekebyborna församling,Ekebyborna,NA,NA,EKEBYBORNA,EKEBYBORNA,1600,1990
677,NA,56000,NA,NA,NA,ekebynorrkbfd,NA,NA,kbfd,671,5,E,Östergötlands,Ekeby norra kbfd,NA,NA,NA,NA,NA,NA,NA,NA
678,NA,56000,NA,NA,NA,ekebysodkbfd,NA,NA,kbfd,671,5,E,Östergötlands,Ekeby södra kbfd,NA,NA,NA,NA,NA,NA,NA,NA
679,NA,188000,NA,NA,NA,eker,NA,NA,other,1985,18,T,Örebro,Eker,NA,NA,NA,NA,NA,NA,NA,NA
680,7762,12503,12503000,52370,12503,eke,{9396A337-A0B0-11D3-9E53-009027B0FCE9},SE/012503000,territorial,NA,1,AB,Stockholms,Ekerö,Ekerö församling,Ekerö,Askanäs,NA,EKERÖ,EKERÖ,1600,1990
681,7619,166310,166310000,60490,166310,ekeskog,{9396AC0D-A0B0-11D3-9E53-009027B0FCE9},SE/166310000,territorial,NA,16,R,Skaraborgs,Ekeskog,Ekeskogs församling,Ekeskogs,NA,NA,EKESKOG,EKESKOG,1600,1990
683,8322,178302,178302000,79970,178302,eksharad,{9396AD42-A0B0-11D3-9E53-009027B0FCE9},SE/178302000,territorial,NA,17,S,Värmlands,Ekshärad,Ekshärads församling,Ekshärads,NA,NA,EKSHÄRAD,EKSHÄRAD,1789,1990
684,8659,68601,68601000,57400,68601,eksjo,{9396A617-A0B0-11D3-9E53-009027B0FCE9},SE/068601000,territorial,NA,6,F,Jönköpings,Eksjö,Eksjö församling,Eksjö,NA,1948 Eksjö stadsförsamling,EKSJÖ,EKSJÖ STADS,1949,1990
685,6882,68600,68601002,57400,68601,eksjolands,{9396A619-A0B0-11D3-9E53-009027B0FCE9},SE/068601002,territorial,NA,6,F,Jönköpings,Eksjö landsförsamling,Eksjö landsförsamling,Eksjö landsförsamling,NA,NA,EKSJÖ LANDS,EKSJÖ STADS,1600,1948
686,7537,68600,68601001,57400,68601,eksjostads,{9396A618-A0B0-11D3-9E53-009027B0FCE9},SE/068601001,territorial,NA,6,F,Jönköpings,Eksjö stadsförsamling,Eksjö stadsförsamling,Eksjö stadsförsamling,NA,NA,EKSJÖ STADS,EKSJÖ STADS,1600,1948
687,6064,98063,98063000,85170,98063,eksta,{9396A762-A0B0-11D3-9E53-009027B0FCE9},SE/098063000,territorial,NA,9,I,Gotlands,Eksta,Eksta församling,Eksta,Ejsta,NA,EKSTA,EKSTA,1600,1990
688,5832,138007,138007000,78540,138007,eldsberga,{9396A9A8-A0B0-11D3-9E53-009027B0FCE9},SE/138007000,territorial,NA,13,N,Hallands,Eldsberga,Eldsberga församling,Eldsberga,Igelsberga,NA,ELDSBERGA,ELDSBERGA,1600,1990
689,NA,168600,NA,NA,NA,elin,NA,NA,other,1091,16,R,Skaraborgs,Elin,NA,NA,NA,NA,NA,NA,NA,NA
690,6025,166012,166012000,59010,166012,eling,{9396ABDE-A0B0-11D3-9E53-009027B0FCE9},SE/166012000,territorial,NA,16,R,Skaraborgs,Eling,Elings församling,Elings,NA,NA,ELING,ELING,1600,1990
691,NA,98000,NA,NA,NA,elinghern,NA,NA,other,1274,9,I,Gotlands,Elinghem,NA,NA,NA,NA,NA,NA,NA,NA
692,7680,116011,116011000,72800,116011,eljarod,{9396A7D6-A0B0-11D3-9E53-009027B0FCE9},SE/116011000,territorial,NA,11,L,Kristianstads,Eljaröd,Eljaröds församling,Eljaröds,NA,NA,ELJARÖD,NA,1600,1990
693,6798,108207,108207000,75190,108207,elleholm,{9396A7B4-A0B0-11D3-9E53-009027B0FCE9},SE/108207000,territorial,NA,10,K,Blekinge,Elleholm,Elleholms församling,Elleholms,NA,NA,ELLEHOLM,ELLEHOLM,1600,1990
696,8640,86201,86201000,79224,86201,emmaboda,{9396A6BD-A0B0-11D3-9E53-009027B0FCE9},SE/086201000,territorial,NA,8,H,Kalmar,Emmaboda,Emmaboda församling,Emmaboda,NA,NA,EMMABODA,NA,1939,1990
697,7028,112105,112105000,74110,112105,emmislov,{9396A7C3-A0B0-11D3-9E53-009027B0FCE9},SE/112105000,territorial,NA,11,L,Kristianstads,Emmislöv,Emmislövs församling,Emmislövs,NA,"1940 Emislöv, Emitslöv, - 1940 Emislöv, 1940-08-23 - Emmislöv",EMMISLÖV,EMMISLÖV,1600,1990
698,NA,176600,NA,NA,NA,emtervik,NA,NA,other,NA,17,S,Värmlands,Emtervik,NA,NA,NA,NA,NA,NA,NA,NA
699,6652,191703,191703000,51300,191703,enaker,{9396ADDC-A0B0-11D3-9E53-009027B0FCE9},SE/191703000,territorial,NA,19,U,Västmanlands,Enåker,Enåkers församling,Enåkers,NA,NA,ENÅKER,ENÅKER,1600,1990
700,7927,218407,218407000,53940,218407,enanger,{9396AEE8-A0B0-11D3-9E53-009027B0FCE9},SE/218407000,territorial,NA,21,X,Gävleborgs,Enånger,Enångers församling,Enångers,NA,NA,ENÅNGER,ENÅNGER,1600,1990
701,7437,168014,168014000,60380,168014,enasa,{9396AC1F-A0B0-11D3-9E53-009027B0FCE9},SE/168014000,territorial,NA,16,R,Skaraborgs,Enåsa,Enåsa församling,Enåsa,NA,NA,ENÅSA,NA,1600,1990
703,7529,98031,98031000,84510,98031,endre,{9396A742-A0B0-11D3-9E53-009027B0FCE9},SE/098031000,territorial,NA,9,I,Gotlands,Endre,Endre församling,Endre,NA,NA,ENDRE,ENDRE,1600,1990
706,8510,18009,18009000,85570,18009,engelbrekt,{9396A370-A0B0-11D3-9E53-009027B0FCE9},SE/018009000,territorial,NA,1,AB,Stockholms,Engelbrekt,Engelbrekts församling,Engelbrekts,NA,NA,ENGELBREKT,"SANKT JOHANNIS, STOCKHOLM",1906,1990
708,NA,18000,NA,NA,NA,engelskepiskopala,NA,NA,other,NA,1,AB,Stockholms,Engelsk-episkopala,NA,NA,NA,NA,NA,NA,NA,NA
709,8655,18104,18104000,63540,18104,enhorna,{9396A39B-A0B0-11D3-9E53-009027B0FCE9},SE/018104000,territorial,NA,1,AB,Stockholms,Enhörna,Enhörna församling,Enhörna,"Tuna Enhörna, Ytterenhörna",1947 Ytterenhörna,ENHÖRNA,YTTERENHÖRNA,1948,1990
711,7733,38101,38101000,51550,38101,enkoping,{9396A42C-A0B0-11D3-9E53-009027B0FCE9},SE/038101000,territorial,NA,3,C,Uppsala,Enköping,Enköpings församling,Enköpings,"Ilian, Sankt Egidii, Sankt llian",1548 Sankt Ilian,ENKÖPING,ENKÖPING,1600,1990
712,7635,38102,38102000,51590,38102,enkopingsnas,{9396A42D-A0B0-11D3-9E53-009027B0FCE9},SE/038102000,territorial,NA,3,C,Uppsala,Enköpings-Näs,Enköpings-Näs församling,Enköpings-Näs,Näs,1885 Näs,ENKÖPINGS-NÄS,ENKÖPINGS-NÄS,1600,1990
714,8684,18034,18034000,63346,18034,enskede,{9396A38A-A0B0-11D3-9E53-009027B0FCE9},SE/018034000,territorial,NA,1,AB,Stockholms,Enskede,Enskede församling,Enskede,NA,NA,ENSKEDE,ENSKEDE,1957,1990
715,8679,138019,138019000,78510,138019,enslov,{9396A9B4-A0B0-11D3-9E53-009027B0FCE9},SE/138019000,territorial,NA,13,N,Hallands,Enslöv,Enslövs församling,Enslövs,NA,NA,ENSLÖV,ENSLÖV,1957,1990
716,8216,208010,208010000,66270,208010,enviken,{9396AE69-A0B0-11D3-9E53-009027B0FCE9},SE/208010000,territorial,NA,20,W,Dalarnas,Enviken,Envikens församling,Envikens,NA,NA,ENVIKEN,ENVIKEN,1671,1990
718,5806,156610,156610000,61660,156610,eriksberg,{9396AB2A-A0B0-11D3-9E53-009027B0FCE9},SE/156610000,territorial,NA,15,P,Älvsborgs,Eriksberg,Eriksbergs församling,Eriksbergs,NA,NA,ERIKSBERG,ERIKSBERG,1600,1990
719,8760,128017,128017000,69474,128017,eriksfalt,{9396A8FC-A0B0-11D3-9E53-009027B0FCE9},SE/128017000,territorial,NA,12,M,Skåne,Eriksfält,Eriksfälts församling,Eriksfälts,NA,NA,ERIKSFÄLT,KIRSEBERG,1969,1990
720,6512,156104,156104000,81600,156104,erikstad,{9396AAEE-A0B0-11D3-9E53-009027B0FCE9},SE/156104000,territorial,NA,15,P,Älvsborgs,Erikstad,Erikstads församling,Erikstads,NA,NA,ERIKSTAD,ERIKSTAD,1600,1990
721,8438,108105,108105000,74991,108105,eringsboda,{9396A7A1-A0B0-11D3-9E53-009027B0FCE9},SE/108105000,territorial,NA,10,K,Blekinge,Eringsboda,Eringsboda församling,Eringsboda,NA,NA,ERINGSBODA,ERINGSBODA,1870,1990
722,6830,158208,158208000,58030,158208,erska,{9396AB5B-A0B0-11D3-9E53-009027B0FCE9},SE/158208000,territorial,NA,15,P,Älvsborgs,Erska,Erska församling,Erska,Irska,NA,ERSKA,ERSKA,1600,1990
723,NA,18200,NA,NA,NA,erstavik,NA,NA,other,488,1,AB,Stockholms,Erstavik,NA,NA,NA,NA,NA,NA,NA,NA
724,6735,188011,188011000,65390,188011,ervalla,{9396AD94-A0B0-11D3-9E53-009027B0FCE9},SE/188011000,territorial,NA,18,T,Örebro,Ervalla,Ervalla församling,Ervalla,NA,NA,ERVALLA,ERVALLA,1600,1990
725,7127,123001,123001000,70500,123001,esarp,{9396A872-A0B0-11D3-9E53-009027B0FCE9},SE/123001000,territorial,NA,12,M,Skåne,Esarp,Esarps församling,Esarps,NA,1915 Eserup,ESARP,NA,1600,1990
726,7649,98055,98055000,84800,98055,eskel,{9396A75A-A0B0-11D3-9E53-009027B0FCE9},SE/098055000,territorial,NA,9,I,Gotlands,Eskelhem,Eskelhems församling,Eskelhems,Yskilaim,NA,ESKELHEM,ESKELHEM,1600,1990
727,7924,178507,178507000,81230,178507,eskilsater,{9396AD62-A0B0-11D3-9E53-009027B0FCE9},SE/178507000,territorial,NA,17,S,Värmlands,Eskilsäter,Eskilsäters församling,Eskilsäters,NA,NA,ESKILSÄTER,ESKILSÄTER,1600,1990
728,5862,123302,123302000,69580,123302,eskilstorp,{9396A884-A0B0-11D3-9E53-009027B0FCE9},SE/123302000,territorial,NA,12,M,Skåne,Eskilstorp,Eskilstorps församling,Eskilstorps,NA,NA,ESKILSTORP,ESKILSTORP,1600,1990
729,7808,48400,48401002,63720,48401,eskilstuna,{9396A4AD-A0B0-11D3-9E53-009027B0FCE9},SE/048401002,territorial,NA,4,D,Södermanlands,Eskilstuna,Eskilstuna församling,Eskilstuna,Eskilstuna stadsförsamling,NA,ESKILSTUNA,ESKILSTUNA,1600,1930
730,8621,48401,48401000,63720,48401,eskfors,{9396A4AB-A0B0-11D3-9E53-009027B0FCE9},SE/048401000,territorial,NA,4,D,Södermanlands,Eskilstuna Fors,Eskilstuna Fors församling,Eskilstuna Fors,"Fors, Karl Gustafs stad, Tunafors, Västerfors",1930 Fors,ESKILSTUNA FORS,ESKILSTUNA,1931,1990
731,8627,48402,48402000,63734,48402,eskkloster,{9396A4AE-A0B0-11D3-9E53-009027B0FCE9},SE/048402000,territorial,NA,4,D,Södermanlands,Eskilstuna Kloster,Eskilstuna Klosters församling,Eskilstuna Klosters,"Kloster, Österfors, Tuna",1930 Kloster,ESKILSTUNA KLOSTER,KLOSTER,1931,1990
733,8774,128501,128501000,72000,128501,eslov,{9396A948-A0B0-11D3-9E53-009027B0FCE9},SE/128501000,territorial,NA,12,M,Skåne,Eslöv,Eslövs församling,Eslövs,"Sallerup, Västra Sallerup",1951 Västra Sallerup,ESLÖV,VÄSTRA SALLERUP,1971,1990
734,NA,128500,NA,NA,NA,eslovskbm,NA,NA,kbfd,733,12,M,Skåne,Eslövs kbfd,NA,NA,NA,NA,NA,NA,NA,NA
735,8675,18028,18028000,55216,18028,essinge,{9396A387-A0B0-11D3-9E53-009027B0FCE9},SE/018028000,territorial,NA,1,AB,Stockholms,Essinge,Essinge församling,Essinge,NA,NA,ESSINGE,NA,1955,1990
737,7079,160304,160304000,59060,160304,essunga,{9396ABB7-A0B0-11D3-9E53-009027B0FCE9},SE/160304000,territorial,NA,16,R,Skaraborgs,Essunga,Essunga församling,Essunga,NA,NA,ESSUNGA,ESSUNGA,1600,1990
739,5974,18818,18818000,50580,18818,estuna,{9396A3C7-A0B0-11D3-9E53-009027B0FCE9},SE/018818000,territorial,NA,1,AB,Stockholms,Estuna,Estuna församling,Estuna,NA,NA,ESTUNA,ESTUNA,1600,1990
740,6297,98068,98068000,85250,98068,etelhem,{9396A767-A0B0-11D3-9E53-009027B0FCE9},SE/098068000,territorial,NA,9,I,Gotlands,Etelhem,Etelhems församling,Etelhems,NA,NA,ETELHEM,ETELHEM,1600,1990
741,NA,168500,NA,NA,NA,ettak,NA,NA,other,4239,16,R,Skaraborgs,Ettak,NA,NA,NA,NA,NA,NA,NA,NA
743,6166,126506,126506000,70110,126506,everlov,{9396A8C5-A0B0-11D3-9E53-009027B0FCE9},SE/126506000,territorial,NA,12,M,Skåne,Everlöv,Everlövs församling,Everlövs,NA,NA,EVERLÖV,NA,1600,1990
744,5980,118017,118017000,74570,118017,everod,{9396A813-A0B0-11D3-9E53-009027B0FCE9},SE/118017000,territorial,NA,11,L,Kristianstads,Everöd,Everöds församling,Everöds,NA,NA,EVERÖD,EVERÖD,1600,1990
745,NA,203900,NA,NA,NA,evertsbergskbfd,NA,NA,kbfd,90,20,W,Dalarnas,Evertsbergs kbfd,NA,NA,NA,NA,NA,NA,NA,NA
746,7605,168400,168406001,59744,168406,fagelas,{9396AC85-A0B0-11D3-9E53-009027B0FCE9},SE/168406001,territorial,NA,16,R,Skaraborgs,Fågelås,Fågelås församling,Fågelås,NA,NA,FÅGELÅS,NORRA FÅGELÅS,1600,1901
748,8455,82101,82101000,78980,82101,fagelfors,{9396A690-A0B0-11D3-9E53-009027B0FCE9},SE/082101000,territorial,NA,8,H,Kalmar,Fågelfors,Fågelfors församling,Fågelfors,NA,NA,FÅGELFORS,FÅGELFORS,1880,1990
749,NA,168000,NA,NA,NA,fagelo,NA,NA,other,NA,16,R,Skaraborgs,Fågelö,NA,NA,NA,NA,NA,NA,NA,NA
750,7212,116012,116012000,71620,116012,fageltofta,{9396A7D7-A0B0-11D3-9E53-009027B0FCE9},SE/116012000,territorial,NA,11,L,Kristianstads,Fågeltofta,Fågeltofta församling,Fågeltofta,NA,NA,FÅGELTOFTA,FÅGELTOFTA,1600,1990
753,5964,138221,138221000,78110,138221,NA,{9396A9D8-A0B0-11D3-9E53-009027B0FCE9},SE/138221000,territorial,NA,13,N,Hallands,Fagered,Fagereds församling,Fagereds,NA,NA,FAGERED,FAGERED,1600,1990
755,7643,82104,82104000,79010,82104,fagerhult1,{9396A695-A0B0-11D3-9E53-009027B0FCE9},SE/082104000,territorial,NA,8,H,Kalmar,Fagerhult,Fagerhults församling,Fagerhults,NA,NA,FAGERHULT,FAGERHULT,1600,1990
756,NA,164300,NA,NA,NA,fagerlid,NA,NA,other,1504,16,R,Skaraborgs,Fagerlid,NA,NA,NA,NA,NA,NA,NA,NA
758,6403,160306,160306000,59040,160306,faglum,{9396ABB9-A0B0-11D3-9E53-009027B0FCE9},SE/160306000,territorial,NA,16,R,Skaraborgs,Fåglum,Fåglums församling,Fåglums,NA,NA,FÅGLUM,NA,1600,1990
759,6227,166307,166307000,60400,166307,fagre,{9396AC0A-A0B0-11D3-9E53-009027B0FCE9},SE/166307000,territorial,NA,16,R,Skaraborgs,Fägre,Fägre församling,Fägre,NA,NA,FÄGRE,FÄGRE,1600,1990
760,NA,168600,NA,NA,NA,falekvarna,NA,NA,other,3432,16,R,Skaraborgs,Falekvarna,NA,NA,NA,NA,NA,NA,NA,NA
761,7374,138201,138201000,78000,138201,falkenberg,{9396A9C4-A0B0-11D3-9E53-009027B0FCE9},SE/138201000,territorial,NA,13,N,Hallands,Falkenberg,Falkenbergs församling,Falkenbergs,Gamla Falkenberg,NA,FALKENBERG,FALKENBERG,1600,1990
762,8818,168601,168601000,58860,168601,falkoping,{9396AC9F-A0B0-11D3-9E53-009027B0FCE9},SE/168601000,territorial,NA,16,R,Skaraborgs,Falköping,Falköpings församling,Falköpings,Falköpings stadsförsamling,Falköping.,FALKÖPING,FALKÖPINGS STADS,1983,1990
763,6228,168600,168601002,58860,168601,fallafo,{9396ACA1-A0B0-11D3-9E53-009027B0FCE9},SE/168601002,territorial,NA,16,R,Skaraborgs,Falköpings landsförsamling,Falköpings landsförsamling,Falköpings landsförsamling,Agnestad,"Agnestad, namnändringen troligen förenad med att församlingen ökades med del av Falköpings församling",FALKÖPINGS LANDS,FALKÖPINGS STADS,1600,1982
765,8557,248208,248208000,82984,248208,fallfors,{9396AFF7-A0B0-11D3-9E53-009027B0FCE9},SE/248208000,territorial,NA,24,AC,Västerbottens,Fällfors,Fällfors församling,Fällfors,NA,NA,FÄLLFORS,FÄLLFORS,1913,1990
766,7195,123306,123306000,69990,123306,falsterbo,{9396A888-A0B0-11D3-9E53-009027B0FCE9},SE/123306000,territorial,NA,12,M,Skåne,Falsterbo,Falsterbo församling,Falsterbo,NA,NA,FALSTERBO,FALSTERBO,1600,1990
767,NA,123300,NA,NA,NA,falsterbotyska,NA,NA,other,NA,12,M,Skåne,Falsterbo tyska,NA,NA,NA,NA,NA,NA,NA,NA
768,NA,18000,NA,NA,NA,falttelegraf,NA,NA,other,NA,1,AB,Stockholms,Fälttelegrafkåren,NA,NA,NA,NA,NA,NA,NA,NA
769,8208,208001,208001000,66290,208001,falukrist,{9396AE5F-A0B0-11D3-9E53-009027B0FCE9},SE/208001000,territorial,NA,20,W,Dalarnas,Falu Kristine,Falu Kristine församling,Falu Kristine,Kristine,1939 KrIstine,FALU KRISTINE,FALU KRISTINE,1665,1990
770,8830,158408,158408000,61480,158408,fanneslunda,{9396AB81-A0B0-11D3-9E53-009027B0FCE9},SE/158408000,territorial,NA,15,P,Älvsborgs,Fänneslunda,Fänneslunda församling,Fänneslunda,NA,NA,FÄNNESLUNDA,FÄNNESLUNDA,1989,1990
771,5793,98079,98079000,85210,98079,fardhem,{9396A772-A0B0-11D3-9E53-009027B0FCE9},SE/098079000,territorial,NA,9,I,Gotlands,Fardhem,Fardhems församling,Fardhems,NA,NA,FARDHEM,FARDHEM,1600,1990
772,7948,168017,168017000,60370,168017,fared,{9396AC22-A0B0-11D3-9E53-009027B0FCE9},SE/168017000,territorial,NA,16,R,Skaraborgs,Färed,Färeds församling,Färeds,NA,NA,FÄRED,FÄRED,1600,1990
773,7833,12508,12508000,52350,12508,farentuna,{9396A33C-A0B0-11D3-9E53-009027B0FCE9},SE/012508000,territorial,NA,1,AB,Stockholms,Färentuna,Färentuna församling,Färentuna,NA,NA,FÄRENTUNA,FÄRENTUNA,1600,1990
774,6551,131505,131505000,68630,131505,fagaryd,{9396A99C-A0B0-11D3-9E53-009027B0FCE9},SE/131505000,territorial,NA,13,N,Hallands,Färgaryd,Färgaryds församling,Färgaryds,NA,NA,FÄRGARYD,FÄRGARYD,1600,1990
775,7830,150701,150701000,81790,150701,fargelanda,{9396AAAE-A0B0-11D3-9E53-009027B0FCE9},SE/150701000,territorial,NA,15,P,Älvsborgs,Färgelanda,Färgelanda församling,Färgelanda,NA,1912 Fergelanda,FÄRGELANDA,FÄRGELANDA,1600,1990
776,7734,128406,128406000,72490,128406,farhult,{9396A946-A0B0-11D3-9E53-009027B0FCE9},SE/128406000,territorial,NA,12,M,Skåne,Farhult,Farhults församling,Farhults,NA,NA,FARHULT,FARHULT,1600,1990
777,8600,216104,216104000,53780,216104,farila,{9396AEAD-A0B0-11D3-9E53-009027B0FCE9},SE/216104000,territorial,NA,21,X,Gävleborgs,Färila,Färila församling,Färila,NA,NA,FÄRILA,FÄRILA,1923,1990
778,7930,38030,38030000,50240,38030,faringe,{9396A41E-A0B0-11D3-9E53-009027B0FCE9},SE/038030000,territorial,NA,3,C,Uppsala,Faringe,Faringe församling,Faringe,NA,NA,FARINGE,FARINGE,1600,1990
779,5987,116604,116604000,73490,116604,faringtofta,{9396A7EF-A0B0-11D3-9E53-009027B0FCE9},SE/116604000,territorial,NA,11,L,Kristianstads,Färingtofta,Färingtofta församling,Färingtofta,NA,NA,FÄRINGTOFTA,FÄRINGTOFTA,1600,1990
780,8254,118014,118014000,74200,118014,farlov,{9396A80E-A0B0-11D3-9E53-009027B0FCE9},SE/118014000,territorial,NA,11,L,Kristianstads,Färlöv,Färlövs församling,Färlövs,NA,NA,FÄRLÖV,FÄRLÖV,1707,1990
781,8239,178200,NA,NA,NA,farnebo1,{9396AD36-A0B0-11D3-9E53-009027B0FCE9},SE/178201005,territorial,NA,17,S,Värmlands,Färnebo,Färnebo församling,Färnebo,"Berget, Filipstads landsförsamling, Värmlandsberg",NA,NA,NA,1693,1730
784,6270,98004,98004000,84610,98004,faro,{9396A727-A0B0-11D3-9E53-009027B0FCE9},SE/098004000,territorial,NA,9,I,Gotlands,Fårö,Fårö församling,Fårö,NA,NA,FÅRÖ,FÅRÖ,1600,1990
785,8677,18025,18025000,63344,18025,farsta,{9396A383-A0B0-11D3-9E53-009027B0FCE9},SE/018025000,territorial,NA,1,AB,Stockholms,Farsta,Farsta församling,Farsta,NA,NA,FARSTA,ÅRSTA KBFD,1957,1990
786,6299,118310,118310000,74090,118310,farstorp,{9396A853-A0B0-11D3-9E53-009027B0FCE9},SE/118310000,territorial,NA,11,L,Kristianstads,Farstorp,Farstorps församling,Farstorps,NA,NA,FARSTORP,FARSTORP,1600,1990
787,8801,148101,148101000,75490,148101,fassberg,{9396AA78-A0B0-11D3-9E53-009027B0FCE9},SE/148101000,territorial,NA,14,O,Västra Götalands,Fässberg,Fässbergs församling,Fässbergs,NA,1921 Fässberg,FÄSSBERG,MÖLNDAL (FÄSSBERG),1977,1990
788,NA,18800,NA,NA,NA,fasta,NA,NA,other,789,1,AB,Stockholms,Fasta,NA,NA,Säbohärad,NA,NA,NA,NA,NA
789,6959,18809,18809000,50794,18809,fasterna,{9396A3BE-A0B0-11D3-9E53-009027B0FCE9},SE/018809000,territorial,NA,1,AB,Stockholms,Fasterna,Fasterna församling,Fasterna,Esterna,1797 Esterna,FASTERNA,NA,1600,1990
791,NA,148000,NA,NA,NA,fattighusforsamlingen,NA,NA,other,NA,14,O,Västra Götalands,Fattighusförsamlingen,NA,NA,NA,NA,NA,NA,NA,NA
792,5905,121403,121403000,72330,121403,felestad,{9396A864-A0B0-11D3-9E53-009027B0FCE9},SE/121403000,territorial,NA,12,M,Skåne,Felestad,Felestads församling,Felestads,NA,NA,FELESTAD,FELESTAD,1600,1990
793,8598,188505,188505000,65340,188505,fellingsbo,{9396ADCD-A0B0-11D3-9E53-009027B0FCE9},SE/188505000,territorial,NA,18,T,Örebro,Fellingsbro,Fellingsbro församling,Fellingsbro,NA,NA,FELLINGSBRO,NA,1922,1990
794,8597,188506,188506000,65358,188506,fellingsbronorra,{9396ADCF-A0B0-11D3-9E53-009027B0FCE9},SE/188506000,territorial,NA,18,T,Örebro,Fellingsbro norra,Fellingsbro norra församling,Fellingsbro norra,NA,NA,FELLINGSBRO NORRA,NA,1922,1990
795,7167,131506,131506000,68610,131506,femsjo,{9396A99D-A0B0-11D3-9E53-009027B0FCE9},SE/131506000,territorial,NA,13,N,Hallands,Femsjö,Femsjö församling,Femsjö,NA,NA,FEMSJÖ,FEMSJÖ,1600,1990
796,5936,98088,98088000,85410,98088,fide,{9396A77B-A0B0-11D3-9E53-009027B0FCE9},SE/098088000,territorial,NA,9,I,Gotlands,Fide,Fide församling,Fide,NA,NA,FIDE,FIDE,1600,1990
798,8800,128317,128317000,72552,128317,filborna,{9396A93E-A0B0-11D3-9E53-009027B0FCE9},SE/128317000,territorial,NA,12,M,Skåne,Filborna,Filborna församling,Filborna,NA,NA,FILBORNA,NA,1977,1990
799,8772,178201,178201000,80260,178201,filipstad,{9396AD31-A0B0-11D3-9E53-009027B0FCE9},SE/178201000,territorial,NA,17,S,Värmlands,Filipstad,Filipstads församling,Filipstads,NA,NA,FILIPSTAD,FILIPSTAD,1971,1990
801,NA,118000,NA,NA,NA,filkestad,NA,NA,other,NA,11,L,Kristianstads,Filkestad,NA,NA,NA,NA,NA,NA,NA,NA
802,6294,38213,38213000,53010,38213,film,{9396A460-A0B0-11D3-9E53-009027B0FCE9},SE/038213000,territorial,NA,3,C,Uppsala,Film,Films församling,Films,NA,NA,FILM,FILM,1600,1990
803,NA,166300,NA,NA,NA,fimmerstad,NA,NA,other,759,16,R,Skaraborgs,Fimmerstad,NA,NA,NA,NA,NA,NA,NA,NA
804,6373,118319,118319000,73880,118319,finja,{9396A85C-A0B0-11D3-9E53-009027B0FCE9},SE/118319000,territorial,NA,11,L,Kristianstads,Finja,Finja församling,Finja,NA,NA,FINJA,FINJA,1600,1990
805,5820,158413,158413000,77370,158413,finnekumla,{9396AB88-A0B0-11D3-9E53-009027B0FCE9},SE/158413000,territorial,NA,15,P,Älvsborgs,Finnekumla,Finnekumla församling,Finnekumla,NA,1908 även Finnekomla,FINNEKUMLA,FINNEKUMLA,1600,1990
806,8097,186002,186002000,60310,186002,finnerodja,{9396AD6E-A0B0-11D3-9E53-009027B0FCE9},SE/186002000,territorial,NA,18,T,Örebro,Finnerödja,Finnerödja församling,Finnerödja,NA,NA,FINNERÖDJA,FINNERÖDJA,1630,1990
807,NA,173700,NA,NA,NA,finnskoga,NA,NA,other,NA,17,S,Värmlands,Finnskoga,NA,NA,NA,NA,NA,NA,NA,NA
808,NA,18093,NA,NA,NA,finska,NA,NA,other,NA,1,AB,Stockholms,Finska,NA,NA,Fredrik,Fredrik,NA,NA,NA,NA
809,NA,18000,NA,NA,NA,fingard,NA,NA,regemente,NA,1,AB,Stockholms,Finska gardesregementet,NA,NA,"Änkedrottningens livregementes tredje bataljon, Lätta infanteriet, Livregementsbrigadens lätta infanteri, Värvade bataljonen av Livregementsbrigadens lätta infanteri",1793 Änkedrottningens Livregementes tredje bataljon,NA,NA,NA,NA
810,NA,56200,NA,NA,NA,finspongskbfd,NA,NA,kbfd,2987,5,E,Östergötlands,Finspångs kbfd,NA,NA,NA,NA,NA,NA,NA,NA
811,NA,162300,NA,NA,NA,fiskeback,NA,NA,other,1180,16,R,Skaraborgs,Fiskebäck,NA,NA,NA,NA,NA,NA,NA,NA
812,NA,148400,NA,NA,NA,fiskebackskil,NA,NA,other,2371,14,O,Västra Götalands,Fiskebäckskil,NA,NA,NA,NA,NA,NA,NA,NA
815,6519,38122,38122000,51110,38122,fittja,{9396A442-A0B0-11D3-9E53-009027B0FCE9},SE/038122000,territorial,NA,3,C,Uppsala,Fittja,Fittja församling,Fittja,NA,NA,FITTJA,FITTJA,1600,1990
816,5785,58326,58326000,54600,58326,fivelstad,{9396A573-A0B0-11D3-9E53-009027B0FCE9},SE/058326000,territorial,NA,5,E,Östergötlands,Fivelstad,Fivelstads församling,Fivelstads,NA,NA,FIVELSTAD,FIVELSTAD,1600,1990
817,7408,168649,168649000,60950,168649,fivlered,{9396ACD1-A0B0-11D3-9E53-009027B0FCE9},SE/168649000,territorial,NA,16,R,Skaraborgs,Fivlered,Fivlereds församling,Fivlereds,Fifflered,1906 Fifflered,FIVLERED,FIVLERED,1600,1990
818,6878,118010,118010000,74430,118010,fjalkestad,{9396A80A-A0B0-11D3-9E53-009027B0FCE9},SE/118010000,territorial,NA,11,L,Kristianstads,Fjälkestad,Fjälkestads församling,Fjälkestads,NA,1836 Fjelkestad,FJÄLKESTAD,FJÄLKESTAD,1600,1990
819,7205,118024,118024000,74410,118024,fjalkinge,{9396A81A-A0B0-11D3-9E53-009027B0FCE9},SE/118024000,territorial,NA,11,L,Kristianstads,Fjälkinge,Fjälkinge församling,Fjälkinge,NA,NA,FJÄLKINGE,FJÄLKINGE,1600,1990
820,NA,143507,NA,NA,NA,fjallbackakbfd,NA,NA,kbfd,1940,14,O,Västra Götalands,Fjällbacka kbfd,NA,NA,NA,NA,NA,NA,NA,NA
821,8344,231306,231306000,82390,231306,fjallsjo,{9396AF6B-A0B0-11D3-9E53-009027B0FCE9},SE/231306000,territorial,NA,23,Z,Jämtlands,Fjällsjö,Fjällsjö församling (Z-län),Fjällsjö,NA,NA,FJÄLLSJÖ (Z-län),FJÄLLSJÖ,1799,1990
822,6515,138412,138412000,77660,138412,fjaras,{9396AA02-A0B0-11D3-9E53-009027B0FCE9},SE/138412000,territorial,NA,13,N,Hallands,Fjärås,Fjärås församling,Fjärås,NA,NA,FJÄRÅS,FJÄRÅS,1600,1990
823,6428,128315,128315000,72650,128315,fjarestad,{9396A93C-A0B0-11D3-9E53-009027B0FCE9},SE/128315000,territorial,NA,12,M,Skåne,Fjärestad,Fjärestads församling,Fjärestads,NA,NA,FJÄRESTAD,FJÄRESTAD,1600,1990
824,6943,126204,126204000,70290,126204,fjelie,{9396A8A8-A0B0-11D3-9E53-009027B0FCE9},SE/126204000,territorial,NA,12,M,Skåne,Fjelie,Fjelie församling,Fjelie,NA,1944 Fjälie,FJELIE,FJELIE,1600,1990
825,NA,118000,NA,NA,NA,fjelkestadrob,NA,NA,other,NA,11,L,Kristianstads,Fjelkestad med Råbelöv,NA,NA,NA,NA,NA,NA,NA,NA
826,NA,123000,NA,NA,NA,flackarp,NA,NA,other,3994,12,M,Skåne,Flackarp,NA,NA,NA,Flackerup,NA,NA,NA,NA
827,7630,198103,198103000,66650,198103,flackebo,{9396AE0E-A0B0-11D3-9E53-009027B0FCE9},SE/198103000,territorial,NA,19,U,Västmanlands,Fläckebo,Fläckebo församling,Fläckebo,NA,NA,FLÄCKEBO,FLÄCKEBO,1600,1990
828,7128,126203,126203000,70300,126203,fladie,{9396A8A7-A0B0-11D3-9E53-009027B0FCE9},SE/126203000,territorial,NA,12,M,Skåne,Flädie,Flädie församling,Flädie,NA,NA,FLÄDIE,FLÄDIE,1600,1990
829,7615,160204,160204000,58140,160204,flakeberg,{9396ABAA-A0B0-11D3-9E53-009027B0FCE9},SE/160204000,territorial,NA,16,R,Skaraborgs,Flakeberg,Flakebergs församling,Flakebergs,NA,NA,FLAKEBERG,NA,1600,1990
832,8827,12604,12604000,0,12604,flemmingsberg,{9396A343-A0B0-11D3-9E53-009027B0FCE9},SE/012604000,territorial,NA,1,AB,Stockholms,Flemingsberg,Flemingsbergs församling,Flemingsbergs,NA,NA,FLEMINGSBERG,NA,1989,1990
834,6092,48201,48201000,62210,48201,flen,{9396A495-A0B0-11D3-9E53-009027B0FCE9},SE/048201000,territorial,NA,4,D,Södermanlands,Flen,Flens församling,Flens,NA,NA,FLEN,FLEN,1600,1990
835,7179,128307,128307000,72440,128307,fleninge,{9396A934-A0B0-11D3-9E53-009027B0FCE9},SE/128307000,territorial,NA,12,M,Skåne,Fleninge,Fleninge församling,Fleninge,NA,NA,FLENINGE,FLENINGE,1600,1990
836,7417,98007,98007000,84630,98007,flerninge,{9396A72A-A0B0-11D3-9E53-009027B0FCE9},SE/098007000,territorial,NA,9,I,Gotlands,Fleringe,Fleringe församling,Fleringe,NA,NA,FLERINGE,FLERINGE,1600,1990
837,7892,68206,68206000,57480,68206,flisby,{9396A5E0-A0B0-11D3-9E53-009027B0FCE9},SE/068206000,territorial,NA,6,F,Jönköpings,Flisby,Flisby församling,Flisby,NA,NA,FLISBY,FLISBY,1600,1990
838,6700,86102,86102000,79030,86102,fliseryd,{9396A6BA-A0B0-11D3-9E53-009027B0FCE9},SE/086102000,territorial,NA,8,H,Kalmar,Fliseryd,Fliseryds församling,Fliseryds,NA,NA,FLISERYD,FLISERYD,1600,1990
839,7441,168326,168326000,60140,168326,flistad2,{9396AC7A-A0B0-11D3-9E53-009027B0FCE9},SE/168326000,territorial,NA,16,R,Skaraborgs,Flistad,Flistads församling (R-län),Flistads,NA,NA,FLISTAD (R-län),FLISTAD,1600,1990
840,6745,58020,58020000,54360,58020,flistad1,{9396A522-A0B0-11D3-9E53-009027B0FCE9},SE/058020000,territorial,NA,5,E,Östergötlands,Flistad,Flistads församling (E-län),Flistads,NA,NA,FLISTAD (E-län),FLISTAD,1600,1990
841,NA,168600,NA,NA,NA,flittorp,NA,NA,other,3757,16,R,Skaraborgs,Flittorp,NA,NA,NA,NA,NA,NA,NA,NA
842,7746,160208,160208000,58150,160208,flo,{9396ABAE-A0B0-11D3-9E53-009027B0FCE9},SE/160208000,territorial,NA,16,R,Skaraborgs,Flo,Flo församling,Flo,NA,NA,FLO,FLO,1600,1990
843,6196,168605,168605000,58950,168605,floby,{9396ACA5-A0B0-11D3-9E53-009027B0FCE9},SE/168605000,territorial,NA,16,R,Skaraborgs,Floby,Floby församling,Floby,NA,NA,FLOBY,FLOBY,1600,1990
844,7384,202603,202603000,65780,202603,floda2,{9396AE37-A0B0-11D3-9E53-009027B0FCE9},SE/202603000,territorial,NA,20,W,Dalarnas,Floda,Floda församling (W-län),Floda,NA,NA,FLODA (W-län),FLODA,1600,1990
845,7768,48305,48305000,62500,48305,floda1,{9396A4A5-A0B0-11D3-9E53-009027B0FCE9},SE/048305000,territorial,NA,4,D,Södermanlands,Floda,Floda församling (D-län),Floda,NA,NA,FLODA (D-län),FLODA,1600,1990
849,NA,128100,NA,NA,NA,flyinge,NA,NA,other,3092,12,M,Skåne,Flyinge,NA,NA,NA,NA,NA,NA,NA,NA
850,8594,108007,108007000,74852,108007,flymen,{9396A78F-A0B0-11D3-9E53-009027B0FCE9},SE/108007000,territorial,NA,10,K,Blekinge,Flymen,Flymens församling,Flymens,NA,NA,FLYMEN,FLYMEN,1920,1990
851,6743,48611,48611000,62350,48611,fogdo,{9396A4D3-A0B0-11D3-9E53-009027B0FCE9},SE/048611000,territorial,NA,4,D,Södermanlands,Fogdö,Fogdö församling,Fogdö,Gamla Kloster,NA,FOGDÖ,FOGDÖ,1600,1990
854,5871,98021,98021000,84450,98021,fole,{9396A738-A0B0-11D3-9E53-009027B0FCE9},SE/098021000,territorial,NA,9,I,Gotlands,Fole,Fole församling,Fole,NA,NA,FOLE,FOLE,1600,1990
855,7879,156603,156603000,62030,156603,folene,{9396AB22-A0B0-11D3-9E53-009027B0FCE9},SE/156603000,territorial,NA,15,P,Älvsborgs,Fölene,Fölene församling,Fölene,NA,NA,FÖLENE,NA,1600,1990
856,7953,208472,208472000,66490,208472,folkarna,{9396AE88-A0B0-11D3-9E53-009027B0FCE9},SE/208472000,territorial,NA,20,W,Dalarnas,Folkärna,Folkärna församling,Folkärna,NA,NA,FOLKÄRNA,FOLKÄRNA,1600,1990
857,NA,208404,NA,NA,NA,folkarnakbm,NA,NA,kbfd,856,20,W,Dalarnas,Folkärna kbfd,NA,NA,NA,NA,NA,NA,NA,NA
858,6056,98033,98033000,84490,98033,follingbo,{9396A744-A0B0-11D3-9E53-009027B0FCE9},SE/098033000,territorial,NA,9,I,Gotlands,Follingbo,Follingbo församling,Follingbo,NA,NA,FOLLINGBO,FOLLINGBO,1600,1990
859,8472,230906,230906000,83940,230906,follinge,{9396AF59-A0B0-11D3-9E53-009027B0FCE9},SE/230906000,territorial,NA,23,Z,Jämtlands,Föllinge,Föllinge församling,Föllinge,NA,NA,FÖLLINGE,FÖLLINGE,1887,1990
861,6728,88502,88502000,79340,88502,fora,{9396A70D-A0B0-11D3-9E53-009027B0FCE9},SE/088502000,territorial,NA,8,H,Kalmar,Föra,Föra församling,Föra,NA,NA,FÖRA,FÖRA,1600,1990
863,8474,108106,108106000,75020,108106,forkarla,{9396A7A2-A0B0-11D3-9E53-009027B0FCE9},SE/108106000,territorial,NA,10,K,Blekinge,Förkärla,Förkärla församling,Förkärla,NA,NA,FÖRKÄRLA,FÖRKÄRLA,1888,1990
864,7755,138411,138411000,77670,138411,forlanda,{9396AA01-A0B0-11D3-9E53-009027B0FCE9},SE/138411000,territorial,NA,13,N,Hallands,Förlanda,Förlanda församling,Förlanda,NA,NA,FÖRLANDA,NA,1600,1990
865,8198,88007,88007000,78820,88007,forlosa,{9396A6CD-A0B0-11D3-9E53-009027B0FCE9},SE/088007000,territorial,NA,8,H,Kalmar,Förlösa,Förlösa församling,Förlösa,NA,NA,FÖRLÖSA,FÖRLÖSA,1656,1990
866,6821,58309,58309000,54390,58309,fornasa,{9396A56A-A0B0-11D3-9E53-009027B0FCE9},SE/058309000,territorial,NA,5,E,Östergötlands,Fornåsa,Fornåsa församling,Fornåsa,NA,NA,FORNÅSA,FORNÅSA,1600,1990
867,6695,158107,158107000,75720,158107,fors2,{9396AB4D-A0B0-11D3-9E53-009027B0FCE9},SE/158107000,territorial,NA,15,P,Älvsborgs,Fors,Fors församling (P-län),Fors,NA,NA,FORS (P-län),FORS,1600,1990
868,7663,230302,230302000,83760,230302,fors3,{9396AF47-A0B0-11D3-9E53-009027B0FCE9},SE/230302000,territorial,NA,23,Z,Jämtlands,Fors,Fors församling (Z-län),Fors,NA,NA,FORS (Z-län),FORS,1600,1990
870,5892,218411,218411000,53920,218411,forsa2,{9396AEEC-A0B0-11D3-9E53-009027B0FCE9},SE/218411000,territorial,NA,21,X,Gävleborgs,Forsa,Forsa församling (X-län),Forsa,NA,NA,FORSA (X-län),FORSA,1600,1990
872,7610,168313,168313000,60630,168313,forsby,{9396AC6B-A0B0-11D3-9E53-009027B0FCE9},SE/168313000,territorial,NA,16,R,Skaraborgs,Forsby,Forsby församling,Forsby,NA,NA,FORSBY,FORSBY,1600,1990
873,7255,68207,68207000,68180,68207,forserum,{9396A5E1-A0B0-11D3-9E53-009027B0FCE9},SE/068207000,territorial,NA,6,F,Jönköpings,Forserum,Forserums församling,Forserums,NA,NA,FORSERUM,FORSERUM,1600,1990
874,8530,176301,176301000,79892,176301,forshaga,{9396ACF9-A0B0-11D3-9E53-009027B0FCE9},SE/176301000,territorial,NA,17,S,Värmlands,Forshaga,Forshaga församling,Forshaga,NA,NA,FORSHAGA,FORSHAGA,1908,1990
875,7468,148505,148505000,76350,148505,forshalla,{9396AA95-A0B0-11D3-9E53-009027B0FCE9},SE/148505000,territorial,NA,14,O,Västra Götalands,Forshälla,Forshälla församling,Forshälla,NA,NA,FORSHÄLLA,FORSHÄLLA,1600,1990
876,7714,68306,68306000,68530,68306,forsheda,{9396A5EC-A0B0-11D3-9E53-009027B0FCE9},SE/068306000,territorial,NA,6,F,Jönköpings,Forsheda,Forsheda församling,Forsheda,NA,NA,FORSHEDA,FORSHEDA,1600,1990
877,6918,166117,166117000,58310,166117,forshem,{9396ABFC-A0B0-11D3-9E53-009027B0FCE9},SE/166117000,territorial,NA,16,R,Skaraborgs,Forshem,Forshems församling,Forshems,NA,NA,FORSHEM,FORSHEM,1600,1990
878,6886,116802,116802000,73650,116802,forslov,{9396A7FA-A0B0-11D3-9E53-009027B0FCE9},SE/116802000,territorial,NA,11,L,Kristianstads,Förslöv,Förslövs församling,Förslövs,NA,NA,FÖRSLÖV,FÖRSLÖV,1600,1990
879,8059,38202,38202000,50450,38202,forsmark,{9396A453-A0B0-11D3-9E53-009027B0FCE9},SE/038202000,territorial,NA,3,C,Uppsala,Forsmark,Forsmarks församling,Forsmarks,NA,NA,FORSMARK,FORSMARK,1612,1990
881,7574,48210,48210000,62550,48210,forssa,{9396A49E-A0B0-11D3-9E53-009027B0FCE9},SE/048210000,territorial,NA,4,D,Södermanlands,Forssa,Forssa församling,Forssa,Forsa,NA,FORSSA,FORSA,1600,1990
882,NA,18000,NA,NA,NA,forstartiller,NA,NA,regemente,NA,1,AB,Stockholms,Första artilleriregementet,NA,NA,NA,NA,NA,NA,NA,NA
885,NA,18000,NA,NA,NA,forstasveartille,NA,NA,regemente,NA,1,AB,Stockholms,Första Svea artilleriregemente,NA,NA,NA,NA,NA,NA,NA,NA
887,8758,128008,128008000,69630,128008,fosie,{9396A8EF-A0B0-11D3-9E53-009027B0FCE9},SE/128008000,territorial,NA,12,M,Skåne,Fosie,Fosie församling,Fosie,NA,NA,FOSIE,FOSIE,1969,1990
888,6233,143001,143001000,76530,143001,foss,{9396AA38-A0B0-11D3-9E53-009027B0FCE9},SE/143001000,territorial,NA,14,O,Västra Götalands,Foss,Foss församling,Foss,NA,NA,FOSS,FOSS,1600,1990
889,7142,156310,156310000,77000,156310,flotskal,{9396AB04-A0B0-11D3-9E53-009027B0FCE9},SE/156310000,territorial,NA,15,P,Älvsborgs,Fotskäl,Fotskäls församling,Fotskäls,NA,Foutskäl,FOTSKÄL,FOTSKÄL,1600,1990
890,6020,160302,160302000,58180,160302,frammestad,{9396ABB5-A0B0-11D3-9E53-009027B0FCE9},SE/160302000,territorial,NA,16,R,Skaraborgs,Främmestad,Främmestads församling,Främmestads,NA,NA,FRÄMMESTAD,FRÄMMESTAD,1600,1990
891,5985,158006,158006000,81610,158006,frandefors,{9396AB41-A0B0-11D3-9E53-009027B0FCE9},SE/158006000,territorial,NA,15,P,Älvsborgs,Frändefors,Frändefors församling,Frändefors,NA,NA,FRÄNDEFORS,FRÄNDEFORS,1600,1990
892,7361,126511,126511000,71660,126511,franninge,{9396A8CA-A0B0-11D3-9E53-009027B0FCE9},SE/126511000,territorial,NA,12,M,Skåne,Fränninge,Fränninge församling,Fränninge,NA,NA,FRÄNNINGE,FRÄNNINGE,1600,1990
894,NA,18000,NA,NA,NA,franskkatolska,NA,NA,other,NA,1,AB,Stockholms,Fransk-katolska,NA,NA,NA,NA,NA,NA,NA,NA
895,NA,18000,NA,NA,NA,fransklutherska,NA,NA,other,NA,1,AB,Stockholms,Fransk-lutherska,NA,NA,NA,NA,NA,NA,NA,NA
896,NA,18000,NA,NA,NA,franskreform,NA,NA,other,NA,1,AB,Stockholms,Fransk-reformerta,NA,NA,Fransk-engelska,NA,NA,NA,NA,NA
898,8332,246304,246304000,82680,246304,fredrika,{9396AFC7-A0B0-11D3-9E53-009027B0FCE9},SE/246304000,territorial,NA,24,AC,Västerbottens,Fredrika,Fredrika församling,Fredrika,Viska,1799 Viska kapellag,FREDRIKA,FREDRIKA,1795,1990
900,6783,166302,166302000,60320,166302,fredsberg,{9396AC05-A0B0-11D3-9E53-009027B0FCE9},SE/166302000,territorial,NA,16,R,Skaraborgs,Fredsberg,Fredsbergs församling,Fredsbergs,Frödsberg,NA,FREDSBERG,FREDSBERG,1600,1990
901,7190,11403,11403000,52240,11403,fresta,{9396A314-A0B0-11D3-9E53-009027B0FCE9},SE/011403000,territorial,NA,1,AB,Stockholms,Fresta,Fresta församling,Fresta,NA,NA,FRESTA,FRESTA,1600,1990
902,7571,168407,168407000,59790,168407,fridene,{9396AC86-A0B0-11D3-9E53-009027B0FCE9},SE/168407000,territorial,NA,16,R,Skaraborgs,Fridene,Fridene församling,Fridene,NA,NA,FRIDENE,FRIDENE,1600,1990
903,NA,160000,NA,NA,NA,fridhern,NA,NA,other,NA,16,R,Skaraborgs,Fridhem,NA,NA,NA,NA,NA,NA,NA,NA
904,NA,83400,NA,NA,NA,fridhem,NA,NA,other,NA,8,H,Kalmar,Fridhem,NA,NA,NA,NA,NA,NA,NA,NA
905,8395,108015,108015000,75030,108015,fridlevstad,{9396A796-A0B0-11D3-9E53-009027B0FCE9},SE/108015000,territorial,NA,10,K,Blekinge,Fridlevstad,Fridlevstads församling,Fridlevstads,NA,NA,FRIDLEVSTAD,FRIDLEVSTAD,1846,1990
906,7655,168119,168119000,59630,168119,friel,{9396AC37-A0B0-11D3-9E53-009027B0FCE9},SE/168119000,territorial,NA,16,R,Skaraborgs,Friel,Friels församling,Friels,NA,NA,FRIEL,FRIEL,1600,1990
907,7876,168602,168602000,58890,168602,friggeraker,{9396ACA2-A0B0-11D3-9E53-009027B0FCE9},SE/168602000,territorial,NA,16,R,Skaraborgs,Friggeråker,Friggeråkers församling,Friggeråkers,NA,NA,FRIGGERÅKER,FRIGGERÅKER,1600,1990
908,7997,138406,138406000,77700,138406,frillesas,{9396A9FC-A0B0-11D3-9E53-009027B0FCE9},SE/138406000,territorial,NA,13,N,Hallands,Frillesås,Frillesås församling,Frillesås,NA,NA,FRILLESÅS,FRILLESÅS,1600,1990
909,7303,128310,128310000,72600,128310,frillestad,{9396A937-A0B0-11D3-9E53-009027B0FCE9},SE/128310000,territorial,NA,12,M,Skåne,Frillestad,Frillestads församling,Frillestads,NA,NA,FRILLESTAD,NA,1600,1990
910,NA,18000,NA,NA,NA,fribarn,NA,NA,other,NA,1,AB,Stockholms,Frimurarebarnhuset,NA,NA,Kristineberg,NA,NA,NA,NA,NA
911,7119,60405,60405000,57310,60405,frinnaryd,{9396A59C-A0B0-11D3-9E53-009027B0FCE9},SE/060405000,territorial,NA,6,F,Jönköpings,Frinnaryd,Frinnaryds församling,Frinnaryds,NA,NA,FRINNARYD,FRINNARYD,1600,1990
912,NA,108200,NA,NA,NA,friskastell,NA,NA,other,1734,10,K,Blekinge,Frisholmens kastellförsamling,NA,NA,Karlshamns kastellförsamling,NA,NA,NA,NA,NA
913,6618,158311,158311000,61380,158311,fristad,{9396AB6C-A0B0-11D3-9E53-009027B0FCE9},SE/158311000,territorial,NA,15,P,Älvsborgs,Fristad,Fristads församling,Fristads,NA,NA,FRISTAD,FRISTAD,1600,1990
914,7860,156307,156307000,76920,156307,fritsla,{9396AB01-A0B0-11D3-9E53-009027B0FCE9},SE/156307000,territorial,NA,15,P,Älvsborgs,Fritsla,Fritsla församling,Fritsla,NA,NA,FRITSLA,FRITSLA,1600,1990
915,6848,68505,68505000,69020,68505,froderyd,{9396A604-A0B0-11D3-9E53-009027B0FCE9},SE/068505000,territorial,NA,6,F,Jönköpings,Fröderyd,Fröderyds församling,Fröderyds,Fröryd,"22 enligt KMt Fröderyd., Fröryd, 1927-10-22 enligt KMt Fröderyd",FRÖDERYD,FRÖDERYD,1600,1990
916,7872,88405,88405000,56160,88405,frodinge,{9396A706-A0B0-11D3-9E53-009027B0FCE9},SE/088405000,territorial,NA,8,H,Kalmar,Frödinge,Frödinge församling,Frödinge,NA,NA,FRÖDINGE,FRÖDINGE,1600,1990
919,6627,98062,98062000,85100,98062,frojel,{9396A761-A0B0-11D3-9E53-009027B0FCE9},SE/098062000,territorial,NA,9,I,Gotlands,Fröjel,Fröjels församling,Fröjels,NA,NA,FRÖJEL,NA,1600,1990
920,7186,168507,168507000,59770,168507,frojered,{9396AC91-A0B0-11D3-9E53-009027B0FCE9},SE/168507000,territorial,NA,16,R,Skaraborgs,Fröjered,Fröjereds församling,Fröjereds,NA,NA,FRÖJERED,FRÖJERED,1600,1990
922,NA,228200,NA,NA,NA,frok,NA,NA,other,2480,22,Y,Västernorrlands,Frök,NA,NA,NA,NA,NA,NA,NA,NA
927,7136,158506,158506000,81400,158506,froskog,{9396ABA3-A0B0-11D3-9E53-009027B0FCE9},SE/158506000,territorial,NA,15,P,Älvsborgs,Fröskog,Fröskogs församling,Fröskogs,NA,NA,FRÖSKOG,FRÖSKOG,1600,1990
928,6692,38126,38126000,51040,38126,froslunda,{9396A446-A0B0-11D3-9E53-009027B0FCE9},SE/038126000,territorial,NA,3,C,Uppsala,Fröslunda,Fröslunda församling,Fröslunda,Fröjeslunda,NA,FRÖSLUNDA,FRÖSLUNDA,1600,1990
929,7076,238002,238002000,84140,238002,froso,{9396AF94-A0B0-11D3-9E53-009027B0FCE9},SE/238002000,territorial,NA,23,Z,Jämtlands,Frösö,Frösö församling,Frösö,NA,NA,FRÖSÖ,FRÖSÖ,1600,1990
930,6859,38132,38132000,51250,38132,frosthult,{9396A44C-A0B0-11D3-9E53-009027B0FCE9},SE/038132000,territorial,NA,3,C,Uppsala,Frösthult,Frösthults församling,Frösthults,NA,NA,FRÖSTHULT,FRÖSHULT,1600,1990
931,8391,231305,231305000,83960,231305,frostviken,{9396AF6A-A0B0-11D3-9E53-009027B0FCE9},SE/231305000,territorial,NA,23,Z,Jämtlands,Frostviken,Frostvikens församling,Frostvikens,NA,NA,FROSTVIKEN,FROSTVIKEN,1842,1990
932,NA,231300,NA,NA,NA,frostvikenslapp,NA,NA,other,NA,23,Z,Jämtlands,Frostvikens lappförsamling,NA,NA,NA,NA,NA,NA,NA,NA
933,6689,11504,11504000,51870,11504,frosunda,{9396A319-A0B0-11D3-9E53-009027B0FCE9},SE/011504000,territorial,NA,1,AB,Stockholms,Frösunda,Frösunda församling,Frösunda,NA,NA,FRÖSUNDA,FRÖSUNDA,1600,1990
934,7479,168320,168320000,60040,168320,frosve,{9396AC74-A0B0-11D3-9E53-009027B0FCE9},SE/168320000,territorial,NA,16,R,Skaraborgs,Frösve,Frösve församling,Frösve,Frödsved,NA,FRÖSVE,FRÖSVE,1600,1990
935,8079,18823,18823000,50740,18823,frotuna,{9396A3CD-A0B0-11D3-9E53-009027B0FCE9},SE/018823000,territorial,NA,1,AB,Stockholms,Frötuna,Frötuna församling,Frötuna,NA,NA,FRÖTUNA,FRÖTUNA,1622,1990
936,6351,128700,128710002,69860,128710,frualstad,{9396A980-A0B0-11D3-9E53-009027B0FCE9},SE/128710002,territorial,NA,12,M,Skåne,Fru Alstad,Fru Alstads församling,Fru Alstads,"Östra Alstad, Vårfru Alstad",NA,FRU ALSTAD,VÄSTRA ALSTAD,1600,1979
938,8688,48029,48029000,63160,48029,frustunakatt,{9396A485-A0B0-11D3-9E53-009027B0FCE9},SE/048029000,territorial,NA,4,D,Södermanlands,Frustuna-Kattnäs,Frustuna-Kattnäs församling,Frustuna-Kattnäs,Frustuna,1958 Frustuna,FRUSTUNA-KATTNÄS,KATTNÄS,1959,1990
939,7929,68313,68313000,68400,68313,fryele,{9396A5F3-A0B0-11D3-9E53-009027B0FCE9},SE/068313000,territorial,NA,6,F,Jönköpings,Fryele,Fryele församling,Fryele,NA,NA,FRYELE,FRYELE,1600,1990
940,7853,171502,171502000,79850,171502,frykerud,{9396ACD8-A0B0-11D3-9E53-009027B0FCE9},SE/171502000,territorial,NA,17,S,Värmlands,Frykerud,Frykeruds församling,Frykeruds,NA,NA,FRYKERUD,FRYKERUD,1600,1990
941,8365,173701,173701000,80500,173701,fryksande,{9396ACE0-A0B0-11D3-9E53-009027B0FCE9},SE/173701000,territorial,NA,17,S,Värmlands,Fryksände,Fryksände församling,Fryksände,NA,NA,FRYKSÄNDE,FRYKSÄNDE,1822,1990
943,7990,128708,128708000,69770,128708,fuglie,{9396A97D-A0B0-11D3-9E53-009027B0FCE9},SE/128708000,territorial,NA,12,M,Skåne,Fuglie,Fuglie församling,Fuglie,NA,NA,FUGLIE,NA,1600,1990
944,6784,152703,152703000,61830,152703,fullestad,{9396AAC4-A0B0-11D3-9E53-009027B0FCE9},SE/152703000,territorial,NA,15,P,Älvsborgs,Fullestad,Fullestads församling,Fullestads,NA,NA,FULLESTAD,FULLESTAD,1600,1990
945,6267,166116,166116000,58330,166116,fullosa,{9396ABFB-A0B0-11D3-9E53-009027B0FCE9},SE/166116000,territorial,NA,16,R,Skaraborgs,Fullösa,Fullösa församling,Fullösa,NA,NA,FULLÖSA,FULLÖSA,1600,1990
946,7171,126608,126608000,71280,126608,fulltofta,{9396A8D6-A0B0-11D3-9E53-009027B0FCE9},SE/126608000,territorial,NA,12,M,Skåne,Fulltofta,Fulltofta församling,Fulltofta,NA,NA,FULLTOFTA,FULLTOFTA,1600,1990
947,7928,38006,38006000,50110,38006,funbo,{9396A403-A0B0-11D3-9E53-009027B0FCE9},SE/038006000,territorial,NA,3,C,Uppsala,Funbo,Funbo församling,Funbo,NA,1932 Fundbo,FUNBO,FUNBO,1600,1990
948,NA,198000,NA,NA,NA,furby,NA,NA,other,4137,19,U,Västmanlands,Furby,NA,NA,NA,NA,NA,NA,NA,NA
949,6438,58120,58120000,55200,58120,furingstad,{9396A54A-A0B0-11D3-9E53-009027B0FCE9},SE/058120000,territorial,NA,5,E,Östergötlands,Furingstad,Furingstads församling,Furingstads,NA,NA,FURINGSTAD,FURINGSTAD,1600,1990
950,6164,78002,78002000,66890,78002,furuby,{9396A65D-A0B0-11D3-9E53-009027B0FCE9},SE/078002000,territorial,NA,7,G,Kronobergs,Furuby,Furuby församling,Furuby,NA,NA,FURUBY,VÄXJÖ,1600,1990
951,6449,156201,156201000,75750,156201,fuxerna,{9396AAF5-A0B0-11D3-9E53-009027B0FCE9},SE/156201000,territorial,NA,15,P,Älvsborgs,Fuxerna,Fuxerna församling,Fuxerna,NA,NA,FUXERNA,FUXERNA,1600,1990
952,7567,166028,166028000,57820,166028,fyrunga,{9396ABE6-A0B0-11D3-9E53-009027B0FCE9},SE/166028000,territorial,NA,16,R,Skaraborgs,Fyrunga,Fyrunga församling,Fyrunga,NA,NA,FYRUNGA,FYRUNGA,1600,1990
953,8034,202602,202602000,65870,202602,NA,{9396AE36-A0B0-11D3-9E53-009027B0FCE9},SE/202602000,territorial,NA,20,W,Dalarnas,Gagnef,Gagnefs församling,Gagnefs,NA,NA,GAGNEF,GAGNEF,1600,1990
954,NA,18000,NA,NA,NA,gladstadh,NA,NA,other,NA,1,AB,Stockholms,Gäldstugan och stadens häkten,NA,NA,Stadens häkten,NA,NA,NA,NA,NA
955,7160,138218,138218000,78140,138218,gallared,{9396A9D5-A0B0-11D3-9E53-009027B0FCE9},SE/138218000,territorial,NA,13,N,Hallands,Gällared,Gällareds församling,Gällareds,NA,NA,GÄLLARED,GÄLLARED,1600,1990
956,7086,68311,68311000,68340,68311,gallaryd,{9396A5F1-A0B0-11D3-9E53-009027B0FCE9},SE/068311000,territorial,NA,6,F,Jönköpings,Gällaryd,Gällaryds församling,Gällaryds,NA,NA,GÄLLARYD,GÄLLARYD,1600,1990
958,7980,188018,188018000,64060,188018,gallersta,{9396AD9B-A0B0-11D3-9E53-009027B0FCE9},SE/188018000,territorial,NA,18,T,Örebro,Gällersta,Gällersta församling,Gällersta,NA,NA,GÄLLERSTA,GÄLLERSTA,1600,1990
959,7168,138409,138409000,77710,138409,gallinge,{9396A9FF-A0B0-11D3-9E53-009027B0FCE9},SE/138409000,territorial,NA,13,N,Hallands,Gällinge,Gällinge församling,Gällinge,NA,NA,GÄLLINGE,GÄLLINGE,1600,1990
960,8713,252371,252371000,83220,252371,gallivare,{9396B027-A0B0-11D3-9E53-009027B0FCE9},SE/252371000,territorial,NA,25,BD,Norrbottens,Gällivare,Gällivare församling,Gällivare,NA,1901 Gellivare,GÄLLIVARE,GÄLLIVARE,1962,1990
961,NA,252301,NA,NA,NA,gallivarekbm,NA,NA,kbfd,960,25,BD,Norrbottens,Gällivare kbfd,NA,NA,NA,NA,NA,NA,NA,NA
962,7095,158416,158416000,77330,158416,gallstad,{9396AB8B-A0B0-11D3-9E53-009027B0FCE9},SE/158416000,territorial,NA,15,P,Älvsborgs,Gällstad,Gällstads församling,Gällstads,NA,NA,GÄLLSTAD,GÄLLSTAD,1600,1990
963,NA,228310,NA,NA,NA,galsjo,NA,NA,other,NA,22,Y,Västernorrlands,Gålsjö,NA,NA,NA,NA,NA,NA,NA,NA
964,NA,228100,NA,NA,NA,galtstromsbruk,NA,NA,bruk,2467,22,Y,Västernorrlands,Galtströms bruksförsamling,NA,NA,NA,NA,NA,NA,NA,NA
968,7401,38003,38003000,50100,38003,gamlauppsala,{9396A400-A0B0-11D3-9E53-009027B0FCE9},SE/038003000,territorial,NA,3,C,Uppsala,Gamla Uppsala,Gamla Uppsala församling,Gamla Uppsala,NA,NA,GAMLA UPPSALA,GAMLA UPPSALA,1600,1990
972,7108,88311,88311000,56000,88311,gamleby,{9396A6FB-A0B0-11D3-9E53-009027B0FCE9},SE/088311000,territorial,NA,8,H,Kalmar,Gamleby,Gamleby församling,Gamleby,Gamla Västervik,NA,GAMLEBY,GAMLEBY,1600,1990
974,NA,148000,NA,NA,NA,gamlekbfd,NA,NA,kbfd,NA,14,O,Västra Götalands,Gamlestads kbfd,NA,NA,NA,NA,NA,NA,NA,NA
975,7026,58013,58013000,56790,58013,gammalkil,{9396A51B-A0B0-11D3-9E53-009027B0FCE9},SE/058013000,territorial,NA,5,E,Östergötlands,Gammalkil,Gammalkils församling,Gammalkils,NA,NA,GAMMALKIL,GAMMALKIL,1600,1990
976,7848,108302,108302000,75210,108302,gammalstorp,{9396A7BA-A0B0-11D3-9E53-009027B0FCE9},SE/108302000,territorial,NA,10,K,Blekinge,Gammalstorp,Gammalstorps församling,Gammalstorps,NA,NA,GAMMALSTORP,GAMMALSTORP,1600,1990
977,6073,98046,98046000,84980,98046,gammelgarn,{9396A751-A0B0-11D3-9E53-009027B0FCE9},SE/098046000,territorial,NA,9,I,Gotlands,Gammelgarn,Gammelgarns församling,Gammelgarns,NA,NA,GAMMELGARN,GAMMELGARN,1600,1990
979,NA,98000,NA,NA,NA,gann,NA,NA,other,2007,9,I,Gotlands,Gann,NA,NA,NA,NA,NA,NA,NA,NA
980,6807,98028,98028000,84910,98028,ganthem,{9396A73F-A0B0-11D3-9E53-009027B0FCE9},SE/098028000,territorial,NA,9,I,Gotlands,Ganthem,Ganthems församling,Ganthems,NA,NA,GANTHEM,NA,1600,1990
981,NA,116000,NA,NA,NA,gararp,NA,NA,other,3872,11,L,Kristianstads,Gärarp,NA,NA,NA,NA,NA,NA,NA,NA
982,6771,84017,84017000,79570,84017,gardby,{9396A6AC-A0B0-11D3-9E53-009027B0FCE9},SE/084017000,territorial,NA,8,H,Kalmar,Gårdby,Gårdby församling,Gårdby,NA,NA,GÅRDBY,GÅRDBY,1600,1990
983,7012,98067,98067000,85240,98067,garde,{9396A766-A0B0-11D3-9E53-009027B0FCE9},SE/098067000,territorial,NA,9,I,Gotlands,Garde,Garde församling,Garde,NA,NA,GARDE,GARDE,1600,1990
984,6361,58205,58205000,55040,58205,gardeby,{9396A559-A0B0-11D3-9E53-009027B0FCE9},SE/058205000,territorial,NA,5,E,Östergötlands,Gårdeby,Gårdeby församling,Gårdeby,NA,NA,GÅRDEBY,GÅRDEBY,1600,1990
985,8419,158104,158104000,58000,158104,gardhem,{9396AB49-A0B0-11D3-9E53-009027B0FCE9},SE/158104000,territorial,NA,15,P,Älvsborgs,Gärdhem,Gärdhems församling,Gärdhems,NA,1906 Gerdhem,GÄRDHEM,GÄRDHEM,1860,1990
986,5786,78020,78020000,67830,78020,gardsby,{9396A671-A0B0-11D3-9E53-009027B0FCE9},SE/078020000,territorial,NA,7,G,Kronobergs,Gårdsby,Gårdsby församling,Gårdsby,NA,NA,GÅRDSBY,GÅRDSBY,1600,1990
987,7782,56107,56107000,55840,56107,gardserum,{9396A4FF-A0B0-11D3-9E53-009027B0FCE9},SE/056107000,territorial,NA,5,E,Östergötlands,Gärdserum,Gärdserums församling,Gärdserums,NA,"Gälvesrum, Gellersrum",GÄRDSERUM,GÄRDSERUM,1600,1990
988,7477,88510,88510000,79480,88510,gardslosa,{9396A716-A0B0-11D3-9E53-009027B0FCE9},SE/088510000,territorial,NA,8,H,Kalmar,Gärdslösa,Gärdslösa församling,Gärdslösa,NA,NA,GÄRDSLÖSA,GÄRDSLÖSA,1600,1990
989,6450,128729,128729000,70730,128729,gardslov,{9396A993-A0B0-11D3-9E53-009027B0FCE9},SE/128729000,territorial,NA,12,M,Skåne,Gärdslöv,Gärdslövs församling,Gärdslövs,NA,NA,GÄRDSLÖV,GÄRDSLÖV,1600,1990
990,6969,128517,128517000,71450,128517,gardstanga,{9396A958-A0B0-11D3-9E53-009027B0FCE9},SE/128517000,territorial,NA,12,M,Skåne,Gårdstånga,Gårdstånga församling,Gårdstånga,NA,NA,GÅRDSTÅNGA,NA,1600,1990
991,NA,86000,NA,NA,NA,gardveda,NA,NA,other,2239,8,H,Kalmar,Gårdveda,NA,NA,Gottfridsdal,"Gottfridsdal, Gotfredsdal",NA,NA,NA,NA
992,NA,86000,NA,NA,NA,gardvedakbfd,NA,NA,kbfd,2239,8,H,Kalmar,Gårdveda kbfd,NA,NA,NA,NA,NA,NA,NA,NA
993,8720,242202,242202000,82893,242202,gargnas,{9396AFBA-A0B0-11D3-9E53-009027B0FCE9},SE/242202000,territorial,NA,24,AC,Västerbottens,Gargnäs,Gargnäs församling,Gargnäs,NA,NA,GARGNÄS,NA,1962,1990
994,NA,242200,NA,NA,NA,gargnaskbfd,NA,NA,kbfd,3522,24,AC,Västerbottens,Gargnäs kbfd,NA,NA,NA,NA,NA,NA,NA,NA
995,NA,11500,NA,NA,NA,garn2,NA,NA,other,2744,1,AB,Stockholms,Garn,NA,NA,NA,NA,NA,NA,NA,NA
996,NA,98000,NA,NA,NA,garn1,NA,NA,other,NA,9,I,Gotlands,Garn,NA,NA,NA,NA,NA,NA,NA,NA
997,6926,208302,208302000,66510,208302,garnisonforsamlingen,{9396AE81-A0B0-11D3-9E53-009027B0FCE9},SE/208302000,territorial,NA,20,W,Dalarnas,Garpenberg,Garpenbergs församling,Garpenbergs,NA,NA,GARPENBERG,GARPENBERG,1600,1990
998,NA,118100,NA,NA,NA,grasnas,NA,NA,other,3579,11,L,Kristianstads,Gärsnäs,NA,NA,NA,NA,NA,NA,NA,NA
999,8305,178205,178205000,80280,178205,gasborn,{9396AD3A-A0B0-11D3-9E53-009027B0FCE9},SE/178205000,territorial,NA,17,S,Värmlands,Gåsborn,Gåsborns församling,Gåsborns,NA,NA,GÅSBORN,GÅSBORN,1777,1990
1001,8643,48032,48032000,63180,48032,gasinge-0,{9396A48D-A0B0-11D3-9E53-009027B0FCE9},SE/048032000,territorial,NA,4,D,Södermanlands,Gåsinge-Dillnäs,Gåsinge-Dillnäs församling,Gåsinge-Dillnäs,NA,1940 Gåsinge,GÅSINGE-DILLNÄS,GÅSINGE,1941,1990
1004,8810,218001,218001000,53220,218001,gavheltre,{9396AEB4-A0B0-11D3-9E53-009027B0FCE9},SE/218001000,territorial,NA,21,X,Gävleborgs,Gävle Heliga Trefaldighet,Gävle Heliga Trefaldighets församling,Gävle Heliga Trefaldighets,"Gävle, Gefle, Trefaldighet",1901 Gefle,GÄVLE HELIGA TREFALDIGHET,GÄVLE,1978,1990
1005,NA,218000,NA,NA,NA,gavlehospitalforsamling,NA,NA,hospital,NA,21,X,Gävleborgs,Gävle hospitalsförsamling,NA,NA,NA,NA,NA,NA,NA,NA
1006,8811,218008,218008000,53224,218008,gavmaria,{9396AEBD-A0B0-11D3-9E53-009027B0FCE9},SE/218008000,territorial,NA,21,X,Gävleborgs,Gävle Maria,Gävle Maria församling,Gävle Maria,Maria,NA,GÄVLE MARIA,GÄVLE STAFFAN,1978,1990
1007,NA,218000,NA,NA,NA,gavlerk,NA,NA,other,NA,21,X,Gävleborgs,Gävle romersk-katolska,NA,NA,"Pauli katolska, Sankt Pauli katolska",NA,NA,NA,NA,NA
1008,8571,218002,218002000,53226,218002,gavlestaffan,{9396AEB7-A0B0-11D3-9E53-009027B0FCE9},SE/218002000,territorial,NA,21,X,Gävleborgs,Gävle Staffan,Gävle Staffans församling,Gävle Staffans,Staffan,NA,GÄVLE STAFFAN,NA,1916,1990
1009,8809,218007,218007000,53228,218007,gavletomas,{9396AEBC-A0B0-11D3-9E53-009027B0FCE9},SE/218007000,territorial,NA,21,X,Gävleborgs,Gävle Tomas,Gävle Tomas församling,Gävle Tomas,Tomas,NA,GÄVLE TOMAS,NA,1978,1990
1010,8485,231303,231303000,83714,231303,gassjo,{9396AF65-A0B0-11D3-9E53-009027B0FCE9},SE/231303000,territorial,NA,23,Z,Jämtlands,Gåxsjö,Gåxsjö församling,Gåxsjö,NA,NA,GÅXSJÖ,GÅXSJÖ,1893,1990
1013,6946,128120,128120000,70410,128120,genarp,{9396A918-A0B0-11D3-9E53-009027B0FCE9},SE/128120000,territorial,NA,12,M,Skåne,Genarp,Genarps församling,Genarps,NA,NA,GENARP,GENARP,1600,1990
1014,NA,158200,NA,NA,NA,genneved,NA,NA,other,3616,15,P,Älvsborgs,Genneved,NA,NA,NA,NA,NA,NA,NA,NA
1021,6990,98080,98080000,85200,98080,gerum1,{9396A773-A0B0-11D3-9E53-009027B0FCE9},SE/098080000,territorial,NA,9,I,Gotlands,Gerum,Gerums församling,Gerums,NA,NA,GERUM,GERUM,1600,1990
1022,6366,150405,150405000,81820,150405,gesater,{9396AAAB-A0B0-11D3-9E53-009027B0FCE9},SE/150405000,territorial,NA,15,P,Älvsborgs,Gesäter,Gesäters församling,Gesäters,NA,NA,GESÄTER,GESÄTER,1600,1990
1023,6513,123301,123301000,69570,123301,gessie,{9396A883-A0B0-11D3-9E53-009027B0FCE9},SE/123301000,territorial,NA,12,M,Skåne,Gessie,Gessie församling,Gessie,Gässie,"talet även Gjässie, -1901 Gessie",GESSIE,GÄSSIE,1600,1990
1024,7691,158003,158003000,81590,158003,gestad,{9396AB3E-A0B0-11D3-9E53-009027B0FCE9},SE/158003000,territorial,NA,15,P,Älvsborgs,Gestad,Gestads församling,Gestads,NA,NA,GESTAD,GESTAD,1600,1990
1025,6875,138014,138014000,78310,138014,gefinge,{9396A9AF-A0B0-11D3-9E53-009027B0FCE9},SE/138014000,territorial,NA,13,N,Hallands,Getinge,Getinge församling,Getinge,NA,NA,GETINGE,GETINGE,1600,1990
1026,8431,228411,228411000,82640,228411,gidea,{9396AF3F-A0B0-11D3-9E53-009027B0FCE9},SE/228411000,territorial,NA,22,Y,Västernorrlands,Gideå,Gideå församling,Gideå,NA,NA,GIDEÅ,GIDEÅ,1863,1990
1027,7489,178509,178509000,80970,178509,gillberga2,{9396AD66-A0B0-11D3-9E53-009027B0FCE9},SE/178509000,territorial,NA,17,S,Värmlands,Gillberga,Gillberga församling (S-län),Gillberga,NA,NA,GILLBERGA (S-län),GILLBERGA,1600,1990
1028,7728,48413,48413000,63740,48413,gillberga1,{9396A4BA-A0B0-11D3-9E53-009027B0FCE9},SE/048413000,territorial,NA,4,D,Södermanlands,Gillberga,Gillberga församling (D-län),Gillberga,NA,NA,GILLBERGA (D-län),GILLBERGA,1600,1990
1029,NA,232600,NA,NA,NA,gillhov,NA,NA,other,1184,23,Z,Jämtlands,Gillhov,NA,NA,NA,NA,NA,NA,NA,NA
1030,5908,168126,168126000,59540,168126,gillstad,{9396AC3E-A0B0-11D3-9E53-009027B0FCE9},SE/168126000,territorial,NA,16,R,Skaraborgs,Gillstad,Gillstads församling,Gillstads,NA,NA,GILLSTAD,GILLSTAD,1600,1990
1031,7197,158309,158309000,61400,158309,gingri,{9396AB6A-A0B0-11D3-9E53-009027B0FCE9},SE/158309000,territorial,NA,15,P,Älvsborgs,Gingri,Gingri församling,Gingri,NA,1907 Gingrid,GINGRI,GINGRI,1600,1990
1032,7014,38125,38125000,51050,38125,giresta,{9396A445-A0B0-11D3-9E53-009027B0FCE9},SE/038125000,territorial,NA,3,C,Uppsala,Giresta,Giresta församling,Giresta,NA,NA,GIRESTA,GIRESTA,1600,1990
1033,6680,66201,66201000,68711,66201,gisla,{9396A5A7-A0B0-11D3-9E53-009027B0FCE9},SE/066201000,territorial,NA,6,F,Jönköpings,Gislaved,Gislaveds församling,Gislaveds,NA,1950 Båraryd,GISLAVED,NA,1600,1990
1034,7259,128716,128716000,69970,128716,gislov,{9396A986-A0B0-11D3-9E53-009027B0FCE9},SE/128716000,territorial,NA,12,M,Skåne,Gislöv,Gislövs församling,Gislövs,NA,NA,GISLÖV,GISLÖV,1600,1990
1035,6816,58028,58028000,55030,58028,gistad,{9396A52A-A0B0-11D3-9E53-009027B0FCE9},SE/058028000,territorial,NA,5,E,Östergötlands,Gistad,Gistads församling,Gistads,NA,NA,GISTAD,GISTAD,1600,1990
1036,5979,88303,88303000,56030,88303,gladhammar,{9396A6F1-A0B0-11D3-9E53-009027B0FCE9},SE/088303000,territorial,NA,8,H,Kalmar,Gladhammar,Gladhammars församling,Gladhammars,Kladhammar,NA,GLADHAMMAR,GLADHAMMAR,1600,1990
1037,7198,118105,118105000,72890,118105,gladsax,{9396A82B-A0B0-11D3-9E53-009027B0FCE9},SE/118105000,territorial,NA,11,L,Kristianstads,Gladsax,Gladsaxs församling,Gladsaxs,NA,NA,GLADSAX,NA,1600,1990
1038,6336,188027,188027000,64290,188027,glanshammar,{9396ADA5-A0B0-11D3-9E53-009027B0FCE9},SE/188027000,territorial,NA,18,T,Örebro,Glanshammar,Glanshammars församling,Glanshammars,NA,NA,GLANSHAMMAR,GLANSHAMMAR,1600,1990
1039,6528,178405,178405000,81030,178405,glava,{9396AD50-A0B0-11D3-9E53-009027B0FCE9},SE/178405000,territorial,NA,17,S,Värmlands,Glava,Glava församling,Glava,NA,NA,GLAVA,GLAVA,1600,1990
1040,7131,128620,128620000,73070,128620,glennnlinge,{9396A971-A0B0-11D3-9E53-009027B0FCE9},SE/128620000,territorial,NA,12,M,Skåne,Glemminge,Glemminge församling,Glemminge,NA,Glimminge,GLEMMINGE,GLEMMINGE,1600,1990
1041,7854,112107,112107000,74120,112107,glimakra,{9396A7C5-A0B0-11D3-9E53-009027B0FCE9},SE/112107000,territorial,NA,11,L,Kristianstads,Glimåkra,Glimåkra församling,Glimåkra,NA,NA,GLIMÅKRA,GLIMÅKRA,1600,1990
1042,NA,250501,NA,NA,NA,glommerstraskskbm,NA,NA,kbfd,190,25,BD,Norrbottens,Glommersträsks kbfd,NA,NA,NA,NA,NA,NA,NA,NA
1043,7982,84013,84013000,79540,84013,glomminge,{9396A6A8-A0B0-11D3-9E53-009027B0FCE9},SE/084013000,territorial,NA,8,H,Kalmar,Glömminge,Glömminge församling,Glömminge,NA,NA,GLÖMMINGE,GLÖMMINGE,1600,1990
1045,NA,128012,NA,NA,NA,glostorp,NA,NA,other,2860,12,M,Skåne,Glostorp,NA,NA,NA,NA,NA,NA,NA,NA
1046,6427,128207,128207000,72350,128207,glumslov,{9396A923-A0B0-11D3-9E53-009027B0FCE9},SE/128207000,territorial,NA,12,M,Skåne,Glumslöv,Glumslövs församling,Glumslövs,NA,NA,GLUMSLÖV,GLUMSLÖV,1600,1990
1047,5801,213204,213204000,54060,213204,gnarp,{9396AEA4-A0B0-11D3-9E53-009027B0FCE9},SE/213204000,territorial,NA,21,X,Gävleborgs,Gnarp,Gnarps församling,Gnarps,NA,NA,GNARP,GNARP,1600,1990
1048,7852,61705,61705000,68770,61705,gnosjo,{9396A5A5-A0B0-11D3-9E53-009027B0FCE9},SE/061705000,territorial,NA,6,F,Jönköpings,Gnosjö,Gnosjö församling,Gnosjö,NA,Gnoxryd,GNOSJÖ,GNOSJÖ,1600,1990
1049,6203,58304,58304000,55730,58304,godegard,{9396A565-A0B0-11D3-9E53-009027B0FCE9},SE/058304000,territorial,NA,5,E,Östergötlands,Godegård,Godegårds församling,Godegårds,NA,NA,GODEGÅRD,GODEGÅRD,1600,1990
1051,5872,128118,128118000,70420,128118,godelov,{9396A916-A0B0-11D3-9E53-009027B0FCE9},SE/128118000,territorial,NA,12,M,Skåne,Gödelöv,Gödelövs församling,Gödelövs,NA,NA,GÖDELÖV,GÖDELÖV,1600,1990
1052,6858,138306,138306000,77940,138306,godestad,{9396A9E2-A0B0-11D3-9E53-009027B0FCE9},SE/138306000,territorial,NA,13,N,Hallands,Gödestad,Gödestads församling,Gödestads,NA,NA,GÖDESTAD,NA,1600,1990
1053,7100,168607,168607000,58590,168607,gokhem,{9396ACA7-A0B0-11D3-9E53-009027B0FCE9},SE/168607000,territorial,NA,16,R,Skaraborgs,Gökhem,Gökhems församling,Gökhems,NA,NA,GÖKHEM,GÖKHEM,1600,1990
1056,6673,123011,123011000,70530,123011,gorslov,{9396A87E-A0B0-11D3-9E53-009027B0FCE9},SE/123011000,territorial,NA,12,M,Skåne,Görslöv,Görslövs församling,Görslövs,"Görslövs Kyrkoby, Kyrkoby",1889 Görslövs Kyrkoby,GÖRSLÖV,GÖRSLÖV,1600,1990
1058,6625,168113,168113000,59490,168113,gasslunda,{9396AC31-A0B0-11D3-9E53-009027B0FCE9},SE/168113000,territorial,NA,16,R,Skaraborgs,Gösslunda,Gösslunda församling,Gösslunda,Jösslunda,Jösslunda,GÖSSLUNDA,GÖSSLUNDA,1600,1990
1060,NA,18000,NA,NA,NA,gotagardesregemente,NA,NA,regemente,NA,1,AB,Stockholms,Göta gardesregemente,NA,NA,NA,NA,NA,NA,NA,NA
1062,NA,18000,NA,NA,NA,glivgard,NA,NA,other,NA,1,AB,Stockholms,Göta livgarde,NA,NA,"af Palénska regementet, Andra gardesregementet, Andra livgardet",1809 af Palénska regementet,NA,NA,NA,NA
1063,8824,158110,158110000,0,158110,gotalunden,{9396AB50-A0B0-11D3-9E53-009027B0FCE9},SE/158110000,territorial,NA,15,P,Älvsborgs,Götalunden,Götalundens församling,Götalundens,NA,NA,GÖTALUNDEN,NA,1989,1990
1066,8525,148009,148009000,75335,148009,goteanne,{9396AA56-A0B0-11D3-9E53-009027B0FCE9},SE/148009000,territorial,NA,14,O,Västra Götalands,Göteborgs Annedal,Göteborgs Annedals församling,Göteborgs Annedals,Annedal,NA,GÖTEBORGS ANNEDAL,"ANNEDAL, GÖTEBORGS ANNEDAL",1908,1990
1068,NA,148000,NA,NA,NA,goteng,NA,NA,other,NA,14,O,Västra Götalands,Göteborgs engelska,NA,NA,Engelska,NA,NA,NA,NA,NA
1069,NA,148000,NA,NA,NA,gotfat,NA,NA,other,NA,14,O,Västra Götalands,Göteborgs fattighusförsamling,NA,NA,"Allmänna arbets- och correctionsinrättningen, Göteborgs allmänna arbets- och korrektionsinrättning, Stadens fattighus",1836 Stadens fattighus samt Göteborgs allmänna Arbets- och Correctionsinrättning,NA,NA,NA,NA
1071,NA,148000,NA,NA,NA,goteborgsgamlekbfd,NA,NA,garrison,NA,14,O,Västra Götalands,Göteborgs garnisonsförsamling,NA,NA,NA,NA,NA,NA,NA,NA
1073,8531,148010,148010000,75332,148010,gothaga,{9396AA57-A0B0-11D3-9E53-009027B0FCE9},SE/148010000,territorial,NA,14,O,Västra Götalands,Göteborgs Haga,Göteborgs Haga församling,Göteborgs Haga,NA,NA,GÖTEBORGS HAGA,HAGA KYRKA I GÖTEBORG,1908,1990
1075,8618,148008,148008000,75348,148008,gotjohann,{9396AA55-A0B0-11D3-9E53-009027B0FCE9},SE/148008000,territorial,NA,14,O,Västra Götalands,Göteborgs Johanneberg,Göteborgs Johannebergs församling,Göteborgs Johannebergs,Johanneberg,NA,GÖTEBORGS JOHANNEBERG,NA,1929,1990
1076,8247,148013,148013000,75450,148013,gotkar,{9396AA5C-A0B0-11D3-9E53-009027B0FCE9},SE/148013000,territorial,NA,14,O,Västra Götalands,Göteborgs Karl Johan,Göteborgs Karl Johans församling,Göteborgs Karl Johans,"Carl Johan, Förenade Kustförsamlingen, Gamla Varvet, Göteborgs Amiralitetsvarvsförsamling, Karl Johan, Kustförsamlingen, Privata församlingen, Varvsförsamlingen",1820 Amiralitetsvarvsförsamlingen,GÖTEBORGS KARL JOHAN,GÖTEBORGS KARL JOHAN,1700,1990
1077,NA,148000,NA,NA,NA,gotkat,NA,NA,other,NA,14,O,Västra Götalands,Göteborgs katolska,NA,NA,Kristus Konungens katolska,NA,NA,NA,NA,NA
1078,NA,148000,NA,NA,NA,gotkristine,NA,NA,other,NA,14,O,Västra Götalands,Göteborgs Kristine,NA,NA,"Christinae, Kristine",NA,NA,NA,NA,NA
1079,NA,148000,NA,NA,NA,goteborgslutherska,NA,NA,other,2195,14,O,Västra Götalands,Göteborgs lutherska,NA,NA,NA,NA,NA,NA,NA,NA
1080,8524,148012,148012000,75334,148012,gotmast,{9396AA5A-A0B0-11D3-9E53-009027B0FCE9},SE/148012000,territorial,NA,14,O,Västra Götalands,Göteborgs Masthugg,Göteborgs Masthuggs församling,Göteborgs Masthuggs,Masthugg,NA,GÖTEBORGS MASTHUGG,MASTHUGGETS KYRKA I GÖTEBORG (JOHANNIS),1908,1990
1081,NA,148000,NA,NA,NA,goteborgsmosaiska,NA,NA,mosaiska,NA,14,O,Västra Götalands,Göteborgs mosaiska,NA,NA,NA,NA,NA,NA,NA,NA
1082,8528,148011,148011000,75337,148011,gbgoskarfredrik,{9396AA59-A0B0-11D3-9E53-009027B0FCE9},SE/148011000,territorial,NA,14,O,Västra Götalands,Göteborgs Oskar Fredrik,Göteborgs Oskar Fredriks församling,Göteborgs Oskar Fredriks,NA,NA,GÖTEBORGS OSKAR FREDRIK,NA,1908,1990
1083,NA,148000,NA,NA,NA,goteborgsreformerta,NA,NA,other,NA,14,O,Västra Götalands,Göteborgs reformerta,NA,NA,NA,NA,NA,NA,NA,NA
1084,8762,148033,148033000,75394,148033,gotsanktpauli,{9396AA72-A0B0-11D3-9E53-009027B0FCE9},SE/148033000,territorial,NA,14,O,Västra Götalands,Göteborgs Sankt Pauli,Göteborgs Sankt Pauli församling,Göteborgs Sankt Pauli,"Pauli, Sankt Pauli",NA,GÖTEBORGS SANKT PAULI,NA,1969,1990
1085,NA,148000,NA,NA,NA,gotspinn,NA,NA,other,NA,14,O,Västra Götalands,Göteborgs spinnhusförsamling,NA,NA,Spinnhusförsamlingen,NA,NA,NA,NA,NA
1087,NA,148025,NA,NA,NA,gotysk,NA,NA,other,NA,14,O,Västra Götalands,Göteborgs Tyska,NA,NA,"Christinae Tyska, Kristine tyska, Tyska",NA,NA,NA,NA,NA
1088,8617,148007,148007000,75346,148007,gotvasa,{9396AA53-A0B0-11D3-9E53-009027B0FCE9},SE/148007000,territorial,NA,14,O,Västra Götalands,Göteborgs Vasa,Göteborgs Vasa församling,Göteborgs Vasa,Vasa,NA,GÖTEBORGS VASA,NA,1929,1990
1089,6905,166102,166102000,58270,166102,gotene,{9396ABED-A0B0-11D3-9E53-009027B0FCE9},SE/166102000,territorial,NA,16,R,Skaraborgs,Götene,Götene församling,Götene,NA,NA,GÖTENE,GÖTENE,1600,1990
1090,7856,76505,76505000,67330,76505,goteryd,{9396A651-A0B0-11D3-9E53-009027B0FCE9},SE/076505000,territorial,NA,7,G,Kronobergs,Göteryd,Göteryds församling,Göteryds,NA,NA,GÖTERYD,GÖTERYD,1600,1990
1091,7864,168611,168611000,58960,168611,goteve,{9396ACAB-A0B0-11D3-9E53-009027B0FCE9},SE/168611000,territorial,NA,16,R,Skaraborgs,Göteve,Göteve församling,Göteve,NA,NA,GÖTEVE,GÖTEVE,1600,1990
1092,6880,98025,98025000,84940,98025,gothem,{9396A73C-A0B0-11D3-9E53-009027B0FCE9},SE/098025000,territorial,NA,9,I,Gotlands,Gothem,Gothems församling,Gothems,NA,NA,GOTHEM,GOTHEM,1600,1990
1093,6650,168327,168327000,60150,168327,gotlunda1,{9396AC7B-A0B0-11D3-9E53-009027B0FCE9},SE/168327000,territorial,NA,16,R,Skaraborgs,Götlunda,Götlunda församling (R-län),Götlunda,NA,NA,GÖTLUNDA (R-län),GÖTLUNDA,1600,1990
1094,7258,198404,198404000,64310,198404,gotlunda2,{9396AE29-A0B0-11D3-9E53-009027B0FCE9},SE/198404000,territorial,NA,19,U,Västmanlands,Götlunda,Götlunda församling (U-län),Götlunda,NA,NA,GÖTLUNDA (U-län),GÖTLUNDA,1600,1990
1096,7794,18814,18814000,51840,18814,gottrora,{9396A3C3-A0B0-11D3-9E53-009027B0FCE9},SE/018814000,territorial,NA,1,AB,Stockholms,Gottröra,Gottröra församling,Gottröra,NA,NA,GOTTRÖRA,GOTTRÖRA,1600,1990
1097,8794,38038,38038000,50014,38038,gottsunda,{9396A426-A0B0-11D3-9E53-009027B0FCE9},SE/038038000,territorial,NA,3,C,Uppsala,Gottsunda,Gottsunda församling,Gottsunda,NA,NA,GOTTSUNDA,NA,1974,1990
1099,NA,30500,NA,NA,NA,gran,NA,NA,other,NA,3,C,Uppsala,Gran,NA,NA,NA,NA,NA,NA,NA,NA
1100,8501,208503,208503000,65630,208503,grangarde,{9396AE8C-A0B0-11D3-9E53-009027B0FCE9},SE/208503000,territorial,NA,20,W,Dalarnas,Grangärde,Grangärde församling,Grangärde,Gränge,Gränge,GRANGÄRDE,GRANGÄRDE,1904,1990
1102,8500,208502,208502000,65632,208502,grangesberg,{9396AE8B-A0B0-11D3-9E53-009027B0FCE9},SE/208502000,territorial,NA,20,W,Dalarnas,Grängesberg,Grängesbergs församling,Grängesbergs,NA,NA,GRÄNGESBERG,GRÄNGESBERG,1904,1990
1103,NA,208500,NA,NA,NA,grangesberghorkens,NA,NA,kapell,NA,20,W,Dalarnas,Grängesberg-Hörkens kapellag,NA,NA,NA,NA,NA,NA,NA,NA
1104,NA,76000,NA,NA,NA,granhult,NA,NA,other,2579,7,G,Kronobergs,Granhult,NA,NA,NA,NA,NA,NA,NA,NA
1105,8221,228303,228303000,82310,228303,graninge,{9396AF24-A0B0-11D3-9E53-009027B0FCE9},SE/228303000,territorial,NA,22,Y,Västernorrlands,Graninge,Graninge församling,Graninge,NA,NA,GRANINGE,GRANINGE,1673,1990
1106,8740,68007,68007000,69360,68007,granna,{9396A5C6-A0B0-11D3-9E53-009027B0FCE9},SE/068007000,territorial,NA,6,F,Jönköpings,Gränna,Gränna församling,Gränna,Gränna stadsförsamling,1962 Gränna stadsförsamling,GRÄNNA,GRÄNNA STADS,1963,1990
1107,8181,68000,68007003,69360,68007,grannalandsforsamling,{9396A5C9-A0B0-11D3-9E53-009027B0FCE9},SE/068007003,territorial,NA,6,F,Jönköpings,Gränna landsförsamling,Gränna landsförsamling,Gränna landsförsamling,NA,1652 Gränna,GRÄNNA LANDS,GRÄNNA STADS,1652,1962
1109,5911,84010,84010000,79730,84010,grasgard,{9396A6A5-A0B0-11D3-9E53-009027B0FCE9},SE/084010000,territorial,NA,8,H,Kalmar,Gräsgård,Gräsgårds församling,Gräsgårds,NA,NA,GRÄSGÅRD,GRÄSGÅRD,1600,1990
1110,8283,176604,176604000,80490,176604,grasmark,{9396AD13-A0B0-11D3-9E53-009027B0FCE9},SE/176604000,territorial,NA,17,S,Värmlands,Gräsmark,Gräsmarks församling,Gräsmarks,NA,NA,GRÄSMARK,GRÄSMARK,1751,1990
1111,8140,38208,38208000,50430,38208,graso,{9396A45B-A0B0-11D3-9E53-009027B0FCE9},SE/038208000,territorial,NA,3,C,Uppsala,Gräsö,Gräsö församling,Gräsö,NA,NA,GRÄSÖ,GRÄSÖ,1641,1990
1112,NA,160200,NA,NA,NA,grastorpitengene,NA,NA,other,NA,16,R,Skaraborgs,Grästorp i Tengene,NA,NA,NA,NA,NA,NA,NA,NA
1113,8526,178008,178008000,79890,178008,grava,{9396AD22-A0B0-11D3-9E53-009027B0FCE9},SE/178008000,territorial,NA,17,S,Värmlands,Grava,Grava församling,Grava,NA,NA,GRAVA,GRAVA,1908,1990
1114,6396,188009,188009000,64330,188009,grave,{9396AD92-A0B0-11D3-9E53-009027B0FCE9},SE/188009000,territorial,NA,18,T,Örebro,Gräve,Gräve församling,Gräve,NA,NA,GRÄVE,GRÄVE,1600,1990
1115,NA,143501,NA,NA,NA,grebbestadskyrkoomrade,NA,NA,other,3735,14,O,Västra Götalands,Grebbestads kyrkoområde,NA,NA,NA,1919 Gräbbestad,NA,NA,NA,NA
1116,6385,56102,56102000,54870,56102,grebo,{9396A4FA-A0B0-11D3-9E53-009027B0FCE9},SE/056102000,territorial,NA,5,E,Östergötlands,Grebo,Grebo församling,Grebo,NA,NA,GREBO,GREBO,1600,1990
1117,NA,18000,NA,NA,NA,grenadjarbatalionen,NA,NA,other,NA,1,AB,Stockholms,Grenadjärbataljonen,NA,NA,NA,NA,NA,NA,NA,NA
1118,6523,168403,168403000,59920,168403,gravback,{9396AC81-A0B0-11D3-9E53-009027B0FCE9},SE/168403000,territorial,NA,16,R,Skaraborgs,Grevbäck,Grevbäcks församling,Grevbäcks,NA,NA,GREVBÄCK,GREVBÄCK,1600,1990
1119,5775,116803,116803000,73660,116803,grevie,{9396A7FB-A0B0-11D3-9E53-009027B0FCE9},SE/116803000,territorial,NA,11,L,Kristianstads,Grevie,Grevie församling,Grevie,NA,NA,GREVIE,GREVIE,1600,1990
1120,5906,138308,138308000,77950,138308,grimeton,{9396A9E4-A0B0-11D3-9E53-009027B0FCE9},SE/138308000,territorial,NA,13,N,Hallands,Grimeton,Grimetons församling,Grimetons,NA,NA,GRIMETON,GRIMETON,1600,1990
1121,7170,138322,138322000,77070,138322,grimmared,{9396A9F2-A0B0-11D3-9E53-009027B0FCE9},SE/138322000,territorial,NA,13,N,Hallands,Grimmared,Grimmareds församling,Grimmareds,NA,NA,GRIMMARED,GRIMMARED,1600,1990
1122,7756,148502,148502000,76380,148502,grinnerod,{9396AA92-A0B0-11D3-9E53-009027B0FCE9},SE/148502000,territorial,NA,14,O,Västra Götalands,Grinneröd,Grinneröds församling,Grinneröds,NA,NA,GRINNERÖD,GRINNERÖD,1600,1990
1123,7242,156103,156103000,81580,156103,grinstad,{9396AAED-A0B0-11D3-9E53-009027B0FCE9},SE/156103000,territorial,NA,15,P,Älvsborgs,Grinstad,Grinstads församling,Grinstads,NA,NA,GRINSTAD,GRINSTAD,1600,1990
1124,7959,12702,12702000,63320,12702,grodinge,{9396A347-A0B0-11D3-9E53-009027B0FCE9},SE/012702000,territorial,NA,1,AB,Stockholms,Grödinge,Grödinge församling,Grödinge,NA,NA,GRÖDINGE,GRÖDINGE,1600,1990
1125,7911,168612,168612000,59120,168612,grolanda,{9396ACAC-A0B0-11D3-9E53-009027B0FCE9},SE/168612000,territorial,NA,16,R,Skaraborgs,Grolanda,Grolanda församling,Grolanda,NA,NA,GROLANDA,GROLANDA,1600,1990
1126,7885,158417,158417000,77340,158417,gronahog,{9396AB8C-A0B0-11D3-9E53-009027B0FCE9},SE/158417000,territorial,NA,15,P,Älvsborgs,Grönahög,Grönahögs församling,Grönahögs,NA,NA,GRÖNAHÖG,GRÖNAHÖG,1600,1990
1127,7309,128730,128730000,70710,128730,gronby,{9396A994-A0B0-11D3-9E53-009027B0FCE9},SE/128730000,territorial,NA,12,M,Skåne,Grönby,Grönby församling,Grönby,NA,NA,GRÖNBY,GRÖNBY,1600,1990
1128,6000,98086,98086000,85400,98086,grotlingbo,{9396A779-A0B0-11D3-9E53-009027B0FCE9},SE/098086000,territorial,NA,9,I,Gotlands,Grötlingbo,Grötlingbo församling,Grötlingbo,NA,NA,GRÖTLINGBO,GRÖTLINGBO,1600,1990
1129,7855,158400,158408002,61480,158408,grovare,{9396AB83-A0B0-11D3-9E53-009027B0FCE9},SE/158408002,territorial,NA,15,P,Älvsborgs,Grovare,Grovare församling,Grovare,NA,1907 Grofvared,GROVARE,FÄNNESLUNDA,1600,1988
1130,6259,156614,156614000,61970,156614,grude,{9396AB30-A0B0-11D3-9E53-009027B0FCE9},SE/156614000,territorial,NA,15,P,Älvsborgs,Grude,Grude församling,Grude,NA,NA,GRUDE,GRUDE,1600,1990
1131,8257,176401,176401000,81130,176401,grums,{9396ACFE-A0B0-11D3-9E53-009027B0FCE9},SE/176401000,territorial,NA,17,S,Värmlands,Grums,Grums församling,Grums,NA,NA,GRUMS,GRUMS,1716,1990
1133,NA,148400,NA,NA,NA,grundstund,NA,NA,other,2371,14,O,Västra Götalands,Grundsund,NA,NA,NA,NA,NA,NA,NA,NA
1134,6677,228410,228410000,82650,228410,grundsunda,{9396AF3E-A0B0-11D3-9E53-009027B0FCE9},SE/228410000,territorial,NA,22,Y,Västernorrlands,Grundsunda,Grundsunda församling,Grundsunda,NA,NA,GRUNDSUNDA,GRUNDSUNDA,1600,1990
1135,NA,208002,NA,NA,NA,grycksbokbm,NA,NA,kbfd,3611,20,W,Dalarnas,Grycksbo kbfd,NA,NA,NA,NA,NA,NA,NA,NA
1136,7895,112102,112102000,74190,112102,gryt3,{9396A7C0-A0B0-11D3-9E53-009027B0FCE9},SE/112102000,territorial,NA,11,L,Kristianstads,Gryt,Gryts församling (L-län),Gryts,NA,NA,GRYT (L-län),GRYT,1600,1990
1137,7579,48034,48034000,63170,48034,gryt1,{9396A491-A0B0-11D3-9E53-009027B0FCE9},SE/048034000,territorial,NA,4,D,Södermanlands,Gryt,Gryts församling (D-län),Gryts,NA,NA,GRYT (D-län),GRYT,1600,1990
1138,5910,56304,56304000,55570,56304,gryt2,{9396A509-A0B0-11D3-9E53-009027B0FCE9},SE/056304000,territorial,NA,5,E,Östergötlands,Gryt,Gryts församling (E-län),Gryts,NA,NA,GRYT (E-län),GRYT,1600,1990
1139,7067,38130,38130000,51060,38130,gryta,{9396A44A-A0B0-11D3-9E53-009027B0FCE9},SE/038130000,territorial,NA,3,C,Uppsala,Gryta,Gryta församling,Gryta,NA,NA,GRYTA,GRYTA,1600,1990
1140,5981,66212,66212000,68650,66212,gryteryd,{9396A5B2-A0B0-11D3-9E53-009027B0FCE9},SE/066212000,territorial,NA,6,F,Jönköpings,Gryteryd,Gryteryds församling,Gryteryds,NA,NA,GRYTERYD,NA,1600,1990
1141,8161,186302,186302000,65520,186302,grythyttan,{9396AD7D-A0B0-11D3-9E53-009027B0FCE9},SE/186302000,territorial,NA,18,T,Örebro,Grythyttan,Grythyttans församling,Grythyttans,NA,NA,GRYTHYTTAN,GRYTHYTTAN,1644,1990
1142,8145,208406,208406000,66520,208406,grytnas,{9396AE85-A0B0-11D3-9E53-009027B0FCE9},SE/208406000,territorial,NA,20,W,Dalarnas,Grytnäs,Grytnäs församling,Grytnäs,NA,NA,GRYTNÄS,GRYTNÄS,1642,1990
1143,6800,116202,116202000,74340,116202,gualov,{9396A7E0-A0B0-11D3-9E53-009027B0FCE9},SE/116202000,territorial,NA,11,L,Kristianstads,Gualöv,Gualövs församling,Gualövs,NA,NA,GUALÖV,GUALÖV,1600,1990
1144,6229,168641,168641000,58690,168641,gudhem,{9396ACC8-A0B0-11D3-9E53-009027B0FCE9},SE/168641000,territorial,NA,16,R,Skaraborgs,Gudhem,Gudhems församling,Gudhems,NA,NA,GUDHEM,GUDHEM,1600,1990
1145,7828,228201,228201000,82100,228201,gudmundra,{9396AF16-A0B0-11D3-9E53-009027B0FCE9},SE/228201000,territorial,NA,22,Y,Västernorrlands,Gudmundrå,Gudmundrå församling,Gudmundrå,Kramfors,NA,GUDMUNDRÅ,GUDMUNDRÅ,1600,1990
1146,6931,126703,126703000,71370,126703,gudmundtorp,{9396A8DC-A0B0-11D3-9E53-009027B0FCE9},SE/126703000,territorial,NA,12,M,Skåne,Gudmuntorp,Gudmuntorps församling,Gudmuntorps,NA,NA,GUDMUNTORP,GUDMUNTORP,1600,1990
1147,7011,98041,98041000,85060,98041,guldrupe,{9396A74C-A0B0-11D3-9E53-009027B0FCE9},SE/098041000,territorial,NA,9,I,Gotlands,Guldrupe,Guldrupe församling,Guldrupe,NA,NA,GULDRUPE,GULDRUPE,1600,1990
1148,8491,188503,188503000,65372,188503,guldsmedhyttan,{9396ADCB-A0B0-11D3-9E53-009027B0FCE9},SE/188503000,territorial,NA,18,T,Örebro,Guldsmedshyttan,Guldsmedshyttans församling,Guldsmedshyttans,NA,NA,GULDSMEDSHYTTAN,GULDSMEDSHYTTAN,1896,1990
1149,8442,83401,83401000,79214,83401,gullabo,{9396A697-A0B0-11D3-9E53-009027B0FCE9},SE/083401000,territorial,NA,8,H,Kalmar,Gullabo,Gullabo församling,Gullabo,Glosboda,NA,GULLABO,GULLABO,1871,1990
1150,NA,128500,NA,NA,NA,gullarp,NA,NA,other,3905,12,M,Skåne,Gullarp,NA,NA,NA,NA,NA,NA,NA,NA
1151,6924,158419,158419000,61240,158419,gullered,{9396AB8E-A0B0-11D3-9E53-009027B0FCE9},SE/158419000,territorial,NA,15,P,Älvsborgs,Gullered,Gullereds församling,Gullereds,NA,NA,GULLERED,GULLERED,1600,1990
1152,8335,142109,142109000,76190,142109,gullholmen,{9396AA27-A0B0-11D3-9E53-009027B0FCE9},SE/142109000,territorial,NA,14,O,Västra Götalands,Gullholmen,Gullholmens församling,Gullholmens,NA,NA,GULLHOLMEN,GULLHOLMEN,1798,1990
1153,6685,118306,118306000,74010,118306,gumlosa,{9396A84F-A0B0-11D3-9E53-009027B0FCE9},SE/118306000,territorial,NA,11,L,Kristianstads,Gumlösa,Gumlösa församling,Gumlösa,NA,NA,GUMLÖSA,GUMLÖSA,1600,1990
1154,8775,148034,148034000,75604,148034,gunnared,{9396AA73-A0B0-11D3-9E53-009027B0FCE9},SE/148034000,territorial,NA,14,O,Västra Götalands,Gunnared,Gunnareds församling,Gunnareds,NA,NA,GUNNARED,NA,1971,1990
1155,6281,138220,138220000,78150,138220,gunnarp,{9396A9D7-A0B0-11D3-9E53-009027B0FCE9},SE/138220000,territorial,NA,13,N,Hallands,Gunnarp,Gunnarps församling,Gunnarps,NA,NA,GUNNARP,GUNNARP,1600,1990
1156,8729,258202,258202000,83174,258202,gunnarsbyn,{9396B043-A0B0-11D3-9E53-009027B0FCE9},SE/258202000,territorial,NA,25,BD,Norrbottens,Gunnarsbyn,Gunnarsbyns församling,Gunnarsbyns,NA,NA,GUNNARSBYN,NA,1962,1990
1157,6803,138325,138325000,77060,138325,gunnarsjo,{9396A9F5-A0B0-11D3-9E53-009027B0FCE9},SE/138325000,territorial,NA,13,N,Hallands,Gunnarsjö,Gunnarsjö församling,Gunnarsjö,NA,"Gunnarsred, från 1600-talet Gunnarsjö",GUNNARSJÖ,NA,1600,1990
1158,8401,178407,178407000,80660,178407,gunnarskog,{9396AD52-A0B0-11D3-9E53-009027B0FCE9},SE/178407000,territorial,NA,17,S,Värmlands,Gunnarskog,Gunnarskogs församling,Gunnarskogs,NA,NA,GUNNARSKOG,GUNNARSKOG,1850,1990
1160,7576,156107,156107000,81550,156107,gunnarsnas,{9396AAF1-A0B0-11D3-9E53-009027B0FCE9},SE/156107000,territorial,NA,15,P,Älvsborgs,Gunnarsnäs,Gunnarsnäs församling,Gunnarsnäs,NA,NA,GUNNARSNÄS,GUNNARSNÄS,1600,1990
1161,8119,190403,190403000,65140,190403,gunnilbo,{9396ADD5-A0B0-11D3-9E53-009027B0FCE9},SE/190403000,territorial,NA,19,U,Västmanlands,Gunnilbo,Gunnilbo församling,Gunnilbo,NA,NA,GUNNILBO,GUNNILBO,1638,1990
1162,8104,208203,208203000,66370,208203,gustafs,{9396AE7A-A0B0-11D3-9E53-009027B0FCE9},SE/208203000,territorial,NA,20,W,Dalarnas,Gustafs,Gustafs församling,Gustafs,Enbacka,"1777 Enbacka, Gustaf, Gustav, Gustavs",GUSTAFS,GUSTAFS,1633,1990
1164,6616,118025,118025000,74360,118025,adolf,{9396A81B-A0B0-11D3-9E53-009027B0FCE9},SE/118025000,territorial,NA,11,L,Kristianstads,Gustav Adolf,Gustav Adolfs församling (L-län),Gustav Adolfs,Viby,1778 Viby,GUSTAV ADOLF (L-län),GUSTAV ADOLF,1600,1990
1169,8312,162302,162302000,61060,162302,gustavadolf5,{9396ABC5-A0B0-11D3-9E53-009027B0FCE9},SE/162302000,territorial,NA,16,R,Skaraborgs,Gustav Adolf,Gustav Adolfs församling (R-län),Gustav Adolfs,NA,NA,GUSTAV ADOLF (R-län),GUSTAF ADOLF,1780,1990
1170,8321,178303,178303000,80000,178303,gustavadolf6,{9396AD44-A0B0-11D3-9E53-009027B0FCE9},SE/178303000,territorial,NA,17,S,Värmlands,Gustav Adolf,Gustav Adolfs församling (S-län),Gustav Adolfs,Deglunden,1791 Deglunden,GUSTAV ADOLF (S-län),GUSTAF ADOLFS KAPELLFÖRSAMLING,1789,1990
1171,NA,228100,NA,NA,NA,gustavadolf7,NA,NA,other,1164,22,Y,Västernorrlands,Gustav Adolf,NA,NA,NA,NA,NA,NA,NA,NA
1174,8497,12006,12006000,52562,12006,gustavsberg,{9396A331-A0B0-11D3-9E53-009027B0FCE9},SE/012006000,territorial,NA,1,AB,Stockholms,Gustavsberg,Gustavsbergs församling,Gustavsbergs,NA,NA,GUSTAVSBERG,GUSTAVSBERG,1902,1990
1175,8508,18006,18006000,85548,18006,gustavvasa,{9396A36E-A0B0-11D3-9E53-009027B0FCE9},SE/018006000,territorial,NA,1,AB,Stockholms,Gustav Vasa,Gustav Vasa församling,Gustav Vasa,Vasa,NA,GUSTAV VASA,"GUSTAV VASA, STOCKHOLM",1906,1990
1176,NA,56303,NA,NA,NA,gusumskbfd,NA,NA,kbfd,2975,5,E,Östergötlands,Gusums kbfd,NA,NA,NA,NA,NA,NA,NA,NA
1177,6697,128713,128713000,69940,128713,gylle,{9396A983-A0B0-11D3-9E53-009027B0FCE9},SE/128713000,territorial,NA,12,M,Skåne,Gylle,Gylle församling,Gylle,NA,NA,GYLLE,GYLLE,1600,1990
1178,NA,66200,NA,NA,NA,gyllenforskbfd,NA,NA,kbfd,118,6,F,Jönköpings,Gyllenfors kbfd,NA,NA,NA,NA,NA,NA,NA,NA
1179,7695,98083,98083000,85360,98083,NA,{9396A776-A0B0-11D3-9E53-009027B0FCE9},SE/098083000,territorial,NA,9,I,Gotlands,Hablingbo,Hablingbo församling,Hablingbo,NA,NA,HABLINGBO,HABLINGBO,1600,1990
1180,8309,162301,162301000,61050,162301,habo,{9396ABC3-A0B0-11D3-9E53-009027B0FCE9},SE/162301000,territorial,NA,16,R,Skaraborgs,Habo,Habo församling,Habo,NA,NA,HABO,HABO,1780,1990
1181,6906,150401,150401000,81770,150401,habol,{9396AAA7-A0B0-11D3-9E53-009027B0FCE9},SE/150401000,territorial,NA,15,P,Älvsborgs,Håbol,Håbols församling,Håbols,NA,NA,HÅBOL,HÅBOL,1600,1990
1182,6660,13905,13905000,52100,13905,hobotibble,{9396A35D-A0B0-11D3-9E53-009027B0FCE9},SE/013905000,territorial,NA,1,AB,Stockholms,Håbo-tibble,Håbo-Tibble församling,Håbo-Tibble,Tibble,1885 Tibble,HÅBO-TIBBLE,HÅBO-TIBBLE,1600,1990
1183,6213,143002,143002000,76540,143002,haby,{9396AA39-A0B0-11D3-9E53-009027B0FCE9},SE/143002000,territorial,NA,14,O,Västra Götalands,Håby,Håby församling,Håby,NA,NA,HÅBY,HÅBY,1600,1990
1184,5795,232602,232602000,84190,232602,hackas,{9396AF7B-A0B0-11D3-9E53-009027B0FCE9},SE/232602000,territorial,NA,23,Z,Jämtlands,Hackås,Hackås församling,Hackås,NA,NA,HACKÅS,HACKÅS,1600,1990
1185,6223,38115,38115000,51410,38115,hacksta,{9396A43B-A0B0-11D3-9E53-009027B0FCE9},SE/038115000,territorial,NA,3,C,Uppsala,Hacksta,Hacksta församling,Hacksta,NA,NA,HACKSTA,HACKSTA,1600,1990
1186,6524,156507,156507000,77490,156507,hacksvik,{9396AB17-A0B0-11D3-9E53-009027B0FCE9},SE/156507000,territorial,NA,15,P,Älvsborgs,Håcksvik,Håcksviks församling,Håcksviks,NA,1909 Håksvik,HÅCKSVIK,HÅCKSVIK,1600,1990
1187,7444,188022,188022000,64580,188022,hackvad,{9396AD9F-A0B0-11D3-9E53-009027B0FCE9},SE/188022000,territorial,NA,18,T,Örebro,Hackvad,Hackvads församling,Hackvads,NA,NA,HACKVAD,HACKVAD,1600,1990
1188,NA,148000,NA,NA,NA,haga2,NA,NA,other,1189,14,O,Västra Götalands,Haga,NA,NA,NA,NA,NA,NA,NA,NA
1189,6245,19104,19104000,51720,19104,haga1,{9396A3D9-A0B0-11D3-9E53-009027B0FCE9},SE/019104000,territorial,NA,1,AB,Stockholms,Haga,Haga församling (AB-län),Haga,NA,NA,HAGA (AB-län),HAGA,1600,1990
1190,6642,38007,38007000,50890,38007,hagby1,{9396A404-A0B0-11D3-9E53-009027B0FCE9},SE/038007000,territorial,NA,3,C,Uppsala,Hagby,Hagby församling (C-län),Hagby,NA,NA,HAGBY (C-län),HAGBY,1600,1990
1191,6887,88009,88009000,79160,88009,hageby2,{9396A6D1-A0B0-11D3-9E53-009027B0FCE9},SE/088009000,territorial,NA,8,H,Kalmar,Hagby,Hagby församling (H-län),Hagby,NA,NA,HAGBY (H-län),HAGBY,1600,1990
1192,6314,58411,58411000,54590,58411,hagebyhoga,{9396A580-A0B0-11D3-9E53-009027B0FCE9},SE/058411000,territorial,NA,5,E,Östergötlands,Hagebyhöga,Hagebyhöga församling,Hagebyhöga,NA,NA,HAGEBYHÖGA,HAGEBYHÖGA,1600,1990
1193,6475,168309,168309000,60640,168309,hagelberg,{9396AC67-A0B0-11D3-9E53-009027B0FCE9},SE/168309000,territorial,NA,16,R,Skaraborgs,Hagelberg,Hagelbergs församling,Hagelbergs,NA,NA,HAGELBERG,HAGELBERG,1600,1990
1194,5769,51307,51307000,56480,51307,hagerstad,{9396A4EE-A0B0-11D3-9E53-009027B0FCE9},SE/051307000,territorial,NA,5,E,Östergötlands,Hägerstad,Hägerstads församling,Hägerstads,NA,NA,HÄGERSTAD,HÄGERSTAD,1600,1990
1195,8761,18039,18039000,63342,18039,hagersten,{9396A38E-A0B0-11D3-9E53-009027B0FCE9},SE/018039000,territorial,NA,1,AB,Stockholms,Hägersten,Hägerstens församling,Hägerstens,NA,NA,HÄGERSTEN,NA,1969,1990
1196,NA,18000,NA,NA,NA,hagerstensostkbfd,NA,NA,kbfd,1195,1,AB,Stockholms,Hägerstens östra kbfd,NA,NA,NA,NA,NA,NA,NA,NA
1197,NA,18000,NA,NA,NA,hagerstensvastkbm,NA,NA,kbfd,1195,1,AB,Stockholms,Hägerstens västra kbfd,NA,NA,NA,NA,NA,NA,NA,NA
1198,8523,178301,178301000,79982,178301,hagfors,{9396AD41-A0B0-11D3-9E53-009027B0FCE9},SE/178301000,territorial,NA,17,S,Värmlands,Hagfors,Hagfors församling,Hagfors,NA,NA,HAGFORS,HAGFORS,1907,1990
1199,6089,228003,228003000,81970,228003,haggdanger,{9396AEFC-A0B0-11D3-9E53-009027B0FCE9},SE/228003000,territorial,NA,22,Y,Västernorrlands,Häggdånger,Häggdångers församling,Häggdångers,NA,NA,HÄGGDÅNGER,HÄGGDÅNGER,1600,1990
1200,7763,30504,30504000,52080,30504,haggeby,{9396A3EC-A0B0-11D3-9E53-009027B0FCE9},SE/030504000,territorial,NA,3,C,Uppsala,Häggeby,Häggeby församling,Häggeby,NA,NA,HÄGGEBY,HÄGGEBY,1600,1990
1201,NA,168300,NA,NA,NA,haggenaus,NA,NA,other,NA,16,R,Skaraborgs,Häggenäs,NA,NA,NA,NA,NA,NA,NA,NA
1202,7896,238010,238010000,83820,238010,haggenas,{9396AF9D-A0B0-11D3-9E53-009027B0FCE9},SE/238010000,territorial,NA,23,Z,Jämtlands,Häggenås,Häggenås församling,Häggenås,NA,NA,HÄGGENÅS,HÄGGENÅS,1600,1990
1203,6871,168104,168104000,57690,168104,haggesled,{9396AC28-A0B0-11D3-9E53-009027B0FCE9},SE/168104000,territorial,NA,16,R,Skaraborgs,Häggesled,Häggesleds församling,Häggesleds,NA,NA,HÄGGESLED,HÄGGESLED,1600,1990
1204,7514,168305,168305000,60850,168305,haggum,{9396AC63-A0B0-11D3-9E53-009027B0FCE9},SE/168305000,territorial,NA,16,R,Skaraborgs,Häggum,Häggums församling,Häggums,NA,Häggenäs,HÄGGUM,HÄGGUM,1600,1990
1205,7491,118316,118316000,71310,118316,haglinge,{9396A859-A0B0-11D3-9E53-009027B0FCE9},SE/118316000,territorial,NA,11,L,Kristianstads,Häglinge,Häglinge församling,Häglinge,NA,NA,HÄGLINGE,HÄGLINGE,1600,1990
1206,NA,60400,NA,NA,NA,hagrida,NA,NA,other,NA,6,F,Jönköpings,Hagrida,NA,NA,NA,NA,NA,NA,NA,NA
1207,6867,66504,66504000,68410,66504,hagshult,{9396A5BB-A0B0-11D3-9E53-009027B0FCE9},SE/066504000,territorial,NA,6,F,Jönköpings,Hagshult,Hagshults församling,Hagshults,NA,NA,HAGSHULT,NA,1600,1990
1208,7387,156308,156308000,76980,156308,hajom,{9396AB02-A0B0-11D3-9E53-009027B0FCE9},SE/156308000,territorial,NA,15,P,Älvsborgs,Hajom,Hajoms församling,Hajoms,NA,NA,HAJOM,NA,1600,1990
1209,7835,168639,168639000,58770,168639,hakantorp,{9396ACC6-A0B0-11D3-9E53-009027B0FCE9},SE/168639000,territorial,NA,16,R,Skaraborgs,Håkantorp,Håkantorps församling,Håkantorps,NA,NA,HÅKANTORP,HÅKANTORP,1600,1990
1210,8589,68006,68006000,68193,68006,hakarp,{9396A5C4-A0B0-11D3-9E53-009027B0FCE9},SE/068006000,territorial,NA,6,F,Jönköpings,Hakarp,Hakarps församling,Hakarps,NA,NA,HAKARP,NA,1919,1990
1211,8714,252304,252304000,83224,252304,hakkas,{9396B024-A0B0-11D3-9E53-009027B0FCE9},SE/252304000,territorial,NA,25,BD,Norrbottens,Hakkas,Hakkas församling,Hakkas,NA,NA,HAKKAS,HAKKAS,1962,1990
1212,NA,252300,NA,NA,NA,hakkaskbfd,NA,NA,kbfd,960,25,BD,Norrbottens,Hakkas kbfd,NA,NA,NA,NA,NA,NA,NA,NA
1213,6655,152102,152102000,75690,152102,halanda,{9396AAB8-A0B0-11D3-9E53-009027B0FCE9},SE/152102000,territorial,NA,15,P,Älvsborgs,Hålanda,Hålanda församling,Hålanda,NA,NA,HÅLANDA,HÅLANDA,1600,1990
1214,7440,160202,160202000,58130,160202,hale,{9396ABA8-A0B0-11D3-9E53-009027B0FCE9},SE/160202000,territorial,NA,16,R,Skaraborgs,Håle,Håle församling,Håle,NA,NA,HÅLE,NA,1600,1990
1215,NA,160200,NA,NA,NA,haletang,NA,NA,other,NA,16,R,Skaraborgs,Håle-täng,NA,NA,NA,NA,NA,NA,NA,NA
1216,7227,98008,98008000,84600,98008,hall,{9396A72B-A0B0-11D3-9E53-009027B0FCE9},SE/098008000,territorial,NA,9,I,Gotlands,Hall,Halls församling,Halls,NA,NA,HALL,HALL,1600,1990
1217,6744,48011,48011000,62740,48011,halla1,{9396A472-A0B0-11D3-9E53-009027B0FCE9},SE/048011000,territorial,NA,4,D,Södermanlands,Halla,Halla församling (D-län),Halla,NA,NA,HALLA (D-län),HALLA,1600,1990
1218,7452,98038,98038000,84920,98038,halla2,{9396A749-A0B0-11D3-9E53-009027B0FCE9},SE/098038000,territorial,NA,9,I,Gotlands,Halla,Halla församling (I-län),Halla,NA,NA,HALLA (I-län),HALLA (GOTLAND),1600,1990
1219,6894,126706,126706000,71350,126706,hallarod,{9396A8DF-A0B0-11D3-9E53-009027B0FCE9},SE/126706000,territorial,NA,12,M,Skåne,Hallaröd,Hallaröds församling,Hallaröds,NA,NA,HALLARÖD,HALLARÖD,1600,1990
1220,7101,108203,108203000,75150,108203,haullaryd,{9396A7AE-A0B0-11D3-9E53-009027B0FCE9},SE/108203000,territorial,NA,10,K,Blekinge,Hällaryd,Hällaryds församling,Hällaryds,NA,NA,HÄLLARYD,HÄLLARYD,1600,1990
1221,6002,76507,76507000,67320,76507,hallaryd,{9396A653-A0B0-11D3-9E53-009027B0FCE9},SE/076507000,territorial,NA,7,G,Kronobergs,Hallaryd,Hallaryds församling,Hallaryds,NA,NA,HALLARYD,HALLARYD,1600,1990
1222,NA,158000,NA,NA,NA,hallby,NA,NA,other,4064,15,P,Älvsborgs,Hallby,NA,NA,NA,NA,NA,NA,NA,NA
1223,7515,48410,48410000,63770,48410,hallby,{9396A4B7-A0B0-11D3-9E53-009027B0FCE9},SE/048410000,territorial,NA,4,D,Södermanlands,Hällby,Hällby församling,Hällby,Torshälla landsförsamling,1970 Torshälla landsförsamling,HÄLLBY,TORSHÄLLA LANDS,1600,1990
1224,7390,88109,88109000,67940,88109,halleberga,{9396A6E7-A0B0-11D3-9E53-009027B0FCE9},SE/088109000,territorial,NA,8,H,Kalmar,Hälleberga,Hälleberga församling,Hälleberga,NA,NA,HÄLLEBERGA,HÄLLEBERGA,1600,1990
1225,8160,186301,186301000,65530,186301,hallefors,{9396AD7C-A0B0-11D3-9E53-009027B0FCE9},SE/186301000,territorial,NA,18,T,Örebro,Hällefors,Hällefors församling,Hällefors,NA,NA,HÄLLEFORS,HÄLLEFORS,1644,1990
1226,6973,232106,232106000,84150,232106,hallen,{9396AF76-A0B0-11D3-9E53-009027B0FCE9},SE/232106000,territorial,NA,23,Z,Jämtlands,Hallen,Hallens församling,Hallens,NA,NA,HALLEN,HALLEN,1600,1990
1227,7656,230503,230503000,83770,230503,hallesjo,{9396AF4D-A0B0-11D3-9E53-009027B0FCE9},SE/230503000,territorial,NA,23,Z,Jämtlands,Hällesjö,Hällesjö församling,Hällesjö,Rotakäl,NA,HÄLLESJÖ,HÄLLESJÖ,1600,1990
1228,6588,128115,128115000,70080,128115,hallestad2,{9396A913-A0B0-11D3-9E53-009027B0FCE9},SE/128115000,territorial,NA,12,M,Skåne,Hällestad,Hällestads församling (M-län),Hällestads,NA,NA,HÄLLESTAD (M-län),HÄLLESTAD,1600,1990
1229,6088,168604,168604000,58980,168604,hallestad3,{9396ACA4-A0B0-11D3-9E53-009027B0FCE9},SE/168604000,territorial,NA,16,R,Skaraborgs,Hällestad,Hällestads församling (R-län),Hällestads,NA,NA,HÄLLESTAD (R-län),HÄLLESTAD,1600,1990
1230,7613,56202,56202000,55690,56202,hallestad1,{9396A502-A0B0-11D3-9E53-009027B0FCE9},SE/056202000,territorial,NA,5,E,Östergötlands,Hällestad,Hällestads församling (E-län),Hällestads,NA,NA,HÄLLESTAD (E-län),HÄLLESTAD,1600,1990
1231,7483,88314,88314000,55990,88314,hallingeberg,{9396A6FD-A0B0-11D3-9E53-009027B0FCE9},SE/088314000,territorial,NA,8,H,Kalmar,Hallingeberg,Hallingebergs församling,Hallingebergs,NA,NA,HALLINGEBERG,HALLINGEBERG,1600,1990
1232,NA,88300,NA,NA,NA,hallingebergsnorrkbfd,NA,NA,kbfd,1231,8,H,Kalmar,Hallingebergs norra kbfd,NA,NA,NA,NA,NA,NA,NA,NA
1233,NA,88300,NA,NA,NA,hallingesodkbfd,NA,NA,kbfd,1231,8,H,Kalmar,Hallingebergs södra kbfd,NA,NA,NA,NA,NA,NA,NA,NA
1234,6933,36009,36009000,53020,36009,hallnas,{9396A3FB-A0B0-11D3-9E53-009027B0FCE9},SE/036009000,territorial,NA,3,C,Uppsala,Hållnäs,Hållnäs församling,Hållnäs,NA,NA,HÅLLNÄS,HÅLLNÄS,1600,1990
1235,6901,186101,186101000,64470,186101,hallsberg,{9396AD72-A0B0-11D3-9E53-009027B0FCE9},SE/186101000,territorial,NA,18,T,Örebro,Hallsberg,Hallsbergs församling,Hallsbergs,NA,NA,HALLSBERG,HALLSBERG,1600,1990
1236,NA,78100,NA,NA,NA,hallsjo,NA,NA,other,620,7,G,Kronobergs,Hallsjö,NA,NA,NA,NA,NA,NA,NA,NA
1237,5792,158405,158405000,61580,158405,hallstad,{9396AB7F-A0B0-11D3-9E53-009027B0FCE9},SE/158405000,territorial,NA,15,P,Älvsborgs,Hällstad,Hällstads församling,Hällstads,NA,NA,HÄLLSTAD,HÄLLSTAD,1600,1990
1238,6678,196101,196101000,64930,196101,hallstahammar,{9396ADE8-A0B0-11D3-9E53-009027B0FCE9},SE/196101000,territorial,NA,19,U,Västmanlands,Hallstahammar,Hallstahammars församling,Hallstahammars,Svedvi,1942 Svedvi,HALLSTAHAMMAR,SVEDVI,1600,1990
1239,6503,88011,88011000,79180,88011,halltorp,{9396A6D3-A0B0-11D3-9E53-009027B0FCE9},SE/088011000,territorial,NA,8,H,Kalmar,Halltorp,Halltorps församling,Halltorps,NA,NA,HALLTORP,HALLTORP,1600,1990
1240,7420,166006,166006000,57790,166006,hallum,{9396ABD8-A0B0-11D3-9E53-009027B0FCE9},SE/166006000,territorial,NA,16,R,Skaraborgs,Hällum,Hällums församling,Hällums,NA,NA,HÄLLUM,HÄLLUM,1600,1990
1241,6235,121406,121406000,72680,121406,halmstad1,{9396A867-A0B0-11D3-9E53-009027B0FCE9},SE/121406000,territorial,NA,12,M,Skåne,Halmstad,Halmstads församling,Halmstads,NA,NA,HALMSTAD,HALMSTAD,1600,1990
1242,NA,138000,NA,NA,NA,halmstad2,NA,NA,other,1241,13,N,Hallands,Halmstad,NA,NA,NA,NA,NA,NA,NA,NA
1243,NA,138000,NA,NA,NA,halmstadsmosaiska,NA,NA,mosaiska,1241,13,N,Hallands,Halmstads mosaiska,NA,NA,NA,NA,NA,NA,NA,NA
1244,7135,166312,166312000,60460,166312,halna,{9396AC0F-A0B0-11D3-9E53-009027B0FCE9},SE/166312000,territorial,NA,16,R,Skaraborgs,Halna,Halna församling,Halna,NA,NA,HALNA,HALNA,1600,1990
1245,NA,128300,NA,NA,NA,halsingborg,NA,NA,other,NA,12,M,Skåne,Hälsingborg,NA,NA,NA,NA,NA,NA,NA,NA
1246,NA,128300,NA,NA,NA,halsinggarn,NA,NA,garrison,NA,12,M,Skåne,Hälsingborgs garnisonsförsamling,NA,NA,NA,NA,NA,NA,NA,NA
1247,NA,128300,NA,NA,NA,halsingga,NA,NA,other,NA,12,M,Skåne,Hälsingborgs gustav adolf,NA,NA,NA,NA,NA,NA,NA,NA
1248,NA,128300,NA,NA,NA,halsinglandsf,NA,NA,other,NA,12,M,Skåne,Hälsingborgs landsförsamling,NA,NA,NA,NA,NA,NA,NA,NA
1249,NA,128300,NA,NA,NA,halsingmaria,NA,NA,other,NA,12,M,Skåne,Hälsingborgs maria,NA,NA,NA,NA,NA,NA,NA,NA
1250,NA,128300,NA,NA,NA,halsingstadsf,NA,NA,other,NA,12,M,Skåne,Hälsingborgs stadsförsamling,NA,NA,NA,NA,NA,NA,NA,NA
1251,7546,218403,218403000,53990,218403,halsingtuna,{9396AEE2-A0B0-11D3-9E53-009027B0FCE9},SE/218403000,territorial,NA,21,X,Gävleborgs,Hälsingtuna,Hälsingtuna församling,Hälsingtuna,Tuna,1885 Tuna,HÄLSINGTUNA,HÄLSINGTUNA,1600,1990
1252,7527,148210,148210000,76010,148210,halta,{9396AA86-A0B0-11D3-9E53-009027B0FCE9},SE/148210000,territorial,NA,14,O,Västra Götalands,Hålta,Hålta församling,Hålta,NA,NA,HÅLTA,NA,1600,1990
1253,NA,166000,NA,NA,NA,halvas,NA,NA,other,3047,16,R,Skaraborgs,Halvås,NA,NA,NA,NA,NA,NA,NA,NA
1254,7057,123308,123308000,69810,123308,hammar1,{9396A88A-A0B0-11D3-9E53-009027B0FCE9},SE/123308000,territorial,NA,12,M,Skåne,Hammar,Stora Hammars församling,Stora Hammars,NA,NA,STORA HAMMAR,STORA HAMMAR,1600,1990
1255,7874,188205,188205000,64440,188205,hammar2,{9396ADB5-A0B0-11D3-9E53-009027B0FCE9},SE/188205000,territorial,NA,18,T,Örebro,Hammar,Hammars församling,Hammars,NA,NA,HAMMAR,HAMMAR,1600,1990
1256,6049,11402,11402000,52250,11402,hammarby1,{9396A313-A0B0-11D3-9E53-009027B0FCE9},SE/011402000,territorial,NA,1,AB,Stockholms,Hammarby,Hammarby församling (AB-län),Hammarby,NA,NA,HAMMARBY (AB-län),HAMMARBY,1600,1990
1257,7996,48407,48407000,63970,48407,hammarby2,{9396A4B4-A0B0-11D3-9E53-009027B0FCE9},SE/048407000,territorial,NA,4,D,Södermanlands,Hammarby,Hammarby församling (D-län),Hammarby,NA,NA,HAMMARBY (D-län),HAMMARBY,1600,1990
1258,6307,128705,128705000,69920,128705,hammarlov,{9396A97A-A0B0-11D3-9E53-009027B0FCE9},SE/128705000,territorial,NA,12,M,Skåne,Hammarlöv,Hammarlövs församling,Hammarlövs,NA,NA,HAMMARLÖV,HAMMARLÖV,1600,1990
1259,7311,128515,128515000,71420,128515,hammarlunda,{9396A956-A0B0-11D3-9E53-009027B0FCE9},SE/128515000,territorial,NA,12,M,Skåne,Hammarlunda,Hammarlunda församling,Hammarlunda,NA,NA,HAMMARLUNDA,HAMMARLUNDA,1600,1990
1260,5811,176101,176101000,79900,176101,hammaro,{9396ACF3-A0B0-11D3-9E53-009027B0FCE9},SE/176101000,territorial,NA,17,S,Värmlands,Hammarö,Hammarö församling,Hammarö,NA,NA,HAMMARÖ,HAMMARÖ,1600,1990
1261,NA,176100,NA,NA,NA,hammarokbm,NA,NA,kbfd,1260,17,S,Värmlands,Hammarö kbfd,NA,NA,NA,NA,NA,NA,NA,NA
1262,5915,118115,118115000,73120,118115,hammenhog,{9396A835-A0B0-11D3-9E53-009027B0FCE9},SE/118115000,territorial,NA,11,L,Kristianstads,Hammenhög,Hammenhögs församling,Hammenhögs,NA,NA,HAMMENHÖG,HAMMENHÖG,1600,1990
1263,8484,231304,231304000,83710,231304,hammerdal,{9396AF66-A0B0-11D3-9E53-009027B0FCE9},SE/231304000,territorial,NA,23,Z,Jämtlands,Hammerdal,Hammerdals församling,Hammerdals,NA,NA,HAMMERDAL,HAMMERDAL,1893,1990
1264,8022,78106,78106000,67430,78106,hamneda,{9396A680-A0B0-11D3-9E53-009027B0FCE9},SE/078106000,territorial,NA,7,G,Kronobergs,Hamneda,Hamneda församling,Hamneda,NA,NA,HAMNEDA,HAMNEDA,1600,1990
1265,8620,216102,216102000,53805,216102,hamra2,{9396AEAA-A0B0-11D3-9E53-009027B0FCE9},SE/216102000,territorial,NA,21,X,Gävleborgs,Hamra,Hamra församling (X-län),Hamra,NA,NA,HAMRA (X-län),NA,1931,1990
1266,6310,98090,98090000,85430,98090,hamra,{9396A77D-A0B0-11D3-9E53-009027B0FCE9},SE/098090000,territorial,NA,9,I,Gotlands,Hamra,Hamra församling (I-län),Hamra,NA,NA,HAMRA (I-län),NA,1600,1990
1267,6814,218003,218003000,53400,218003,hamrange,{9396AEB8-A0B0-11D3-9E53-009027B0FCE9},SE/218003000,territorial,NA,21,X,Gävleborgs,Hamrånge,Hamrånge församling,Hamrånge,NA,NA,HAMRÅNGE,HAMRÅNGE,1600,1990
1268,6812,168211,168211000,57590,168211,handene,{9396AC52-A0B0-11D3-9E53-009027B0FCE9},SE/168211000,territorial,NA,16,R,Skaraborgs,Händene,Händene församling,Händene,NA,NA,HÄNDENE,HÄNDENE,1600,1990
1269,7693,218306,218306000,53510,218306,hanebo,{9396AEDC-A0B0-11D3-9E53-009027B0FCE9},SE/218306000,territorial,NA,21,X,Gävleborgs,Hanebo,Hanebo församling,Hanebo,NA,NA,HANEBO,HANEBO OCH KATRINEBERGS BRUKSKAPELL,1600,1990
1270,6970,166107,166107000,58400,166107,hangelosa,{9396ABF2-A0B0-11D3-9E53-009027B0FCE9},SE/166107000,territorial,NA,16,R,Skaraborgs,Hangelösa,Hangelösa församling,Hangelösa,NA,NA,HANGELÖSA,HANGELÖSA,1600,1990
1271,NA,168600,NA,NA,NA,hanger2,NA,NA,other,1272,16,R,Skaraborgs,Hånger,NA,NA,NA,NA,NA,NA,NA,NA
1272,7792,68305,68305000,68390,68305,hanger1,{9396A5EB-A0B0-11D3-9E53-009027B0FCE9},SE/068305000,territorial,NA,6,F,Jönköpings,Hånger,Hångers församling,Hångers,NA,NA,HÅNGER,HÅNGER,1600,1990
1273,7094,168513,168513000,59340,168513,hangsdala,{9396AC97-A0B0-11D3-9E53-009027B0FCE9},SE/168513000,territorial,NA,16,R,Skaraborgs,Hångsdala,Hångsdala församling,Hångsdala,NA,NA,HÅNGSDALA,HÅNGSDALA,1600,1990
1274,7952,98009,98009000,84590,98009,hangvar,{9396A72C-A0B0-11D3-9E53-009027B0FCE9},SE/098009000,territorial,NA,9,I,Gotlands,Hangvar,Hangvars församling,Hangvars,NA,NA,HANGVAR,HANGVAR,1600,1990
1275,7991,138413,138413000,77650,138413,hanhals,{9396AA03-A0B0-11D3-9E53-009027B0FCE9},SE/138413000,territorial,NA,13,N,Hallands,Hanhals,Hanhals församling,Hanhals,NA,NA,HANHALS,HANHALS,1600,1990
1276,6456,118114,118114000,73130,118114,hannas,{9396A834-A0B0-11D3-9E53-009027B0FCE9},SE/118114000,territorial,NA,11,L,Kristianstads,Hannas,Hannas församling,Hannas,NA,NA,HANNAS,HANNAS,1600,1990
1277,7019,56106,56106000,55880,56106,hannaus,{9396A4FE-A0B0-11D3-9E53-009027B0FCE9},SE/056106000,territorial,NA,5,E,Östergötlands,Hannäs,Hannäs församling,Hannäs,NA,NA,HANNÄS,HANNÄS,1600,1990
1278,NA,98000,NA,NA,NA,hans,NA,NA,other,NA,9,I,Gotlands,Hans,NA,NA,NA,NA,NA,NA,NA,NA
1279,NA,258300,NA,NA,NA,haparandakbm,NA,NA,kbfd,2443,25,BD,Norrbottens,Haparanda kbfd,NA,NA,NA,NA,NA,NA,NA,NA
1280,NA,191700,NA,NA,NA,hara1,NA,NA,other,NA,19,U,Västmanlands,Hara,NA,NA,NA,NA,NA,NA,NA,NA
1281,NA,198000,NA,NA,NA,hara2,NA,NA,other,NA,19,U,Västmanlands,Hara,NA,NA,NA,NA,NA,NA,NA,NA
1282,6604,48613,48613000,62380,48613,harad,{9396A4D5-A0B0-11D3-9E53-009027B0FCE9},SE/048613000,territorial,NA,4,D,Södermanlands,Härad,Härads församling,Härads,Liviahärad,NA,HÄRAD,HÄRAD,1600,1990
1283,6602,58126,58126000,55360,58126,haradshammar,{9396A551-A0B0-11D3-9E53-009027B0FCE9},SE/058126000,territorial,NA,5,E,Östergötlands,Häradshammar,Häradshammars församling,Häradshammars,NA,NA,HÄRADSHAMMAR,HÄRADSHAMMAR,1600,1990
1284,8023,198005,198005000,66640,198005,haraker,{9396ADF7-A0B0-11D3-9E53-009027B0FCE9},SE/198005000,territorial,NA,19,U,Västmanlands,Haraker,Harakers församling,Harakers,NA,NA,HARAKER,HARAKER,1600,1990
1285,NA,58600,NA,NA,NA,harberga,NA,NA,other,NA,5,E,Östergötlands,Härberga,NA,NA,NA,NA,NA,NA,NA,NA
1286,7201,191707,191707000,53140,191707,harbo,{9396ADE0-A0B0-11D3-9E53-009027B0FCE9},SE/191707000,territorial,NA,19,U,Västmanlands,Harbo,Harbo församling,Harbo,NA,NA,HARBO,HARBO,1600,1990
1287,7784,128112,128112000,70130,128112,hardeberga,{9396A910-A0B0-11D3-9E53-009027B0FCE9},SE/128112000,territorial,NA,12,M,Skåne,Hardeberga,Hardeberga församling,Hardeberga,NA,NA,HARDEBERGA,HARDEBERGA,1600,1990
1288,7954,188102,188102000,64450,188102,harderno,{9396ADAC-A0B0-11D3-9E53-009027B0FCE9},SE/188102000,territorial,NA,18,T,Örebro,Hardemo,Hardemo församling,Hardemo,NA,NA,HARDEMO,HARDEMO,1600,1990
1289,NA,152700,NA,NA,NA,harene2,NA,NA,other,NA,15,P,Älvsborgs,Härene,NA,NA,NA,NA,NA,NA,NA,NA
1290,NA,168100,NA,NA,NA,harene,NA,NA,other,NA,16,R,Skaraborgs,Härene,NA,NA,NA,NA,NA,NA,NA,NA
1291,7588,148204,148204000,75930,148204,harestad,{9396AA80-A0B0-11D3-9E53-009027B0FCE9},SE/148204000,territorial,NA,14,O,Västra Götalands,Harestad,Harestads församling,Harestads,NA,NA,HARESTAD,NA,1600,1990
1292,6250,38206,38206000,50440,38206,harg1,{9396A459-A0B0-11D3-9E53-009027B0FCE9},SE/038206000,territorial,NA,3,C,Uppsala,Harg,Hargs församling,Hargs,NA,NA,HARG,HARG,1600,1990
1293,NA,58000,NA,NA,NA,harg2,NA,NA,other,1292,5,E,Östergötlands,Harg,NA,NA,NA,NA,NA,NA,NA,NA
1294,NA,58600,NA,NA,NA,harg3,NA,NA,other,1292,5,E,Östergötlands,Harg,NA,NA,NA,NA,NA,NA,NA,NA
1295,6344,168502,168502000,61020,168502,harja,{9396AC8A-A0B0-11D3-9E53-009027B0FCE9},SE/168502000,territorial,NA,16,R,Skaraborgs,Härja,Härja församling,Härja,NA,NA,HÄRJA,HÄRJA,1600,1990
1296,7460,168116,168116000,57660,168116,harjevad,{9396AC34-A0B0-11D3-9E53-009027B0FCE9},SE/168116000,territorial,NA,16,R,Skaraborgs,Härjevad,Härjevads församling,Härjevads,NA,NA,HÄRJEVAD,HÄRJEVAD,1600,1990
1297,7098,38120,38120000,51080,38120,harke,{9396A440-A0B0-11D3-9E53-009027B0FCE9},SE/038120000,territorial,NA,3,C,Uppsala,Härkeberga,Härkeberga församling,Härkeberga,NA,Herkulsberga,HÄRKEBERGA,HÄRKEBERGA,1600,1990
1298,8667,148006,148006000,75396,148006,harlanda,{9396AA52-A0B0-11D3-9E53-009027B0FCE9},SE/148006000,territorial,NA,14,O,Västra Götalands,Härlanda,Härlanda församling,Härlanda,NA,NA,HÄRLANDA,GAMLESTADS KBFD,1951,1990
1299,7490,128514,128514000,71410,128514,harlosa,{9396A955-A0B0-11D3-9E53-009027B0FCE9},SE/128514000,territorial,NA,12,M,Skåne,Harlösa,Harlösa församling,Harlösa,NA,NA,HARLÖSA,HARLÖSA,1600,1990
1300,7979,76403,76403000,67010,76403,harlov,{9396A640-A0B0-11D3-9E53-009027B0FCE9},SE/076403000,territorial,NA,7,G,Kronobergs,Härlöv,Härlövs församling,Härlövs,NA,NA,HÄRLÖV,NA,1600,1990
1301,8838,168214,168214000,57584,168214,harlunda2,{9396AC55-A0B0-11D3-9E53-009027B0FCE9},SE/168214000,territorial,NA,16,R,Skaraborgs,Härlunda,Härlunda församling (R-län),Härlunda,NA,NA,HÄRLUNDA (R-län),HÄRLUNDA,1989,1990
1302,5962,76502,76502000,67100,76502,harlunda1,{9396A64D-A0B0-11D3-9E53-009027B0FCE9},SE/076502000,territorial,NA,7,G,Kronobergs,Härlunda,Härlunda församling (G-län),Härlunda,NA,NA,HÄRLUNDA (G-län),HÄRLUNDA,1600,1990
1303,6606,213202,213202000,53970,213202,harmanger,{9396AEA2-A0B0-11D3-9E53-009027B0FCE9},SE/213202000,territorial,NA,21,X,Gävleborgs,Harmånger,Harmångers församling,Harmångers,NA,NA,HARMÅNGER,HARMÅNGER,1600,1990
1304,7923,158409,158409000,61470,158409,harna,{9396AB84-A0B0-11D3-9E53-009027B0FCE9},SE/158409000,territorial,NA,15,P,Älvsborgs,Härna,Härna församling,Härna,NA,NA,HÄRNA,HÄRNA,1600,1990
1305,7636,38133,38133000,51260,38133,harnevi,{9396A44D-A0B0-11D3-9E53-009027B0FCE9},SE/038133000,territorial,NA,3,C,Uppsala,Härnevi,Härnevi församling,Härnevi,NA,NA,HÄRNEVI,HÄRNEVI,1600,1990
1306,NA,228000,NA,NA,NA,harno,NA,NA,other,3062,22,Y,Västernorrlands,Härnö,NA,NA,NA,NA,NA,NA,NA,NA
1307,NA,228000,NA,NA,NA,harnosand,NA,NA,other,NA,22,Y,Västernorrlands,Härnösand,NA,NA,NA,NA,NA,NA,NA,NA
1308,6009,228001,228001000,81910,228001,harnodom,{9396AEF9-A0B0-11D3-9E53-009027B0FCE9},SE/228001000,territorial,NA,22,Y,Västernorrlands,Härnösands domkyrkoförsamling,Härnösands domkyrkoförsamling,Härnösands domkyrkoförsamling,NA,1978 Härnösand,HÄRNÖSANDS DOMKYRKO,HÄRNÖSANDS,1600,1990
1309,NA,228000,NA,NA,NA,harnosandshospitals,NA,NA,hospital,NA,22,Y,Västernorrlands,Härnösands hospitalsförsamling,NA,NA,NA,NA,NA,NA,NA,NA
1310,6595,138011,138011000,78330,138011,harplinge,{9396A9AC-A0B0-11D3-9E53-009027B0FCE9},SE/138011000,territorial,NA,13,N,Hallands,Harplinge,Harplinge församling,Harplinge,NA,NA,HARPLINGE,HARPLINGE,1600,1990
1311,NA,126100,NA,NA,NA,harrie,NA,NA,other,NA,12,M,Skåne,Harrie,NA,NA,NA,NA,NA,NA,NA,NA
1312,6116,140101,140101000,75470,140101,harryda,{9396AA07-A0B0-11D3-9E53-009027B0FCE9},SE/140101000,territorial,NA,14,O,Västra Götalands,Härryda,Härryda församling,Härryda,NA,NA,HÄRRYDA,HÄRRYDA,1600,1990
1313,5804,128208,128208000,72270,128208,harslov,{9396A924-A0B0-11D3-9E53-009027B0FCE9},SE/128208000,territorial,NA,12,M,Skåne,Härslöv,Härslövs församling,Härslövs,NA,NA,HÄRSLÖV,HÄRSLÖV,1600,1990
1314,NA,58600,NA,NA,NA,harstad,NA,NA,other,4015,5,E,Östergötlands,Harstad,NA,NA,NA,NA,NA,NA,NA,NA
1315,6077,230504,230504000,83780,230504,hasjo,{9396AF4E-A0B0-11D3-9E53-009027B0FCE9},SE/230504000,territorial,NA,23,Z,Jämtlands,Håsjö,Håsjö församling,Håsjö,NA,NA,HÅSJÖ,HÅSJÖ,1600,1990
1316,6563,123307,123307000,69820,123307,haslov,{9396A889-A0B0-11D3-9E53-009027B0FCE9},SE/123307000,territorial,NA,12,M,Skåne,Håslöv,Håslövs församling,Håslövs,NA,1920 Hårslöv,HÅSLÖV,HÅSLÖV,1600,1990
1317,7338,213206,213206000,54010,213206,hassela,{9396AEA6-A0B0-11D3-9E53-009027B0FCE9},SE/213206000,territorial,NA,21,X,Gävleborgs,Hassela,Hassela församling,Hassela,NA,NA,HASSELA,HASSELA,1600,1990
1318,8726,18038,18038000,52224,18038,hasselby,{9396A38D-A0B0-11D3-9E53-009027B0FCE9},SE/018038000,territorial,NA,1,AB,Stockholms,Hässelby,Hässelby församling,Hässelby,NA,NA,HÄSSELBY,NA,1962,1990
1319,NA,18000,NA,NA,NA,hasselbykbfd,NA,NA,kbfd,1318,1,AB,Stockholms,Hässelby kbfd,NA,NA,NA,NA,NA,NA,NA,NA
1320,NA,158500,NA,NA,NA,hasselskog,NA,NA,other,NA,15,P,Älvsborgs,Hässelskog,NA,NA,NA,NA,NA,NA,NA,NA
1321,7049,226203,226203000,83440,226203,hassjo,{9396AEF6-A0B0-11D3-9E53-009027B0FCE9},SE/226203000,territorial,NA,22,Y,Västernorrlands,Hässjö,Hässjö församling,Hässjö,NA,NA,HÄSSJÖ,HÄSSJÖ,1600,1990
1322,7065,168015,168015000,60350,168015,hassie,{9396AC20-A0B0-11D3-9E53-009027B0FCE9},SE/168015000,territorial,NA,16,R,Skaraborgs,Hassle,Hassle församling,Hassle,NA,NA,HASSLE,HASSLE,1600,1990
1323,7908,126402,126402000,70780,126402,hasbas,{9396A8B4-A0B0-11D3-9E53-009027B0FCE9},SE/126402000,territorial,NA,12,M,Skåne,Hassle-bösarp,Hassle-Bösarps församling,Hassle-Bösarps,Bösarp,NA,HASSLE-BÖSARP,HASSLE-BÖSARP,1600,1990
1324,6620,68602,68602000,56190,68602,hassleby,{9396A61A-A0B0-11D3-9E53-009027B0FCE9},SE/068602000,territorial,NA,6,F,Jönköpings,Hässleby,Hässleby församling,Hässleby,NA,NA,HÄSSLEBY,HÄSSLEBY,1600,1990
1325,8544,118301,118301000,73982,118301,hassleholm,{9396A849-A0B0-11D3-9E53-009027B0FCE9},SE/118301000,territorial,NA,11,L,Kristianstads,Hässleholm,Hässleholms församling,Hässleholms,NA,NA,HÄSSLEHOLM,NA,1910,1990
1326,8479,108019,108019000,75006,108019,hasslo,{9396A79D-A0B0-11D3-9E53-009027B0FCE9},SE/108019000,territorial,NA,10,K,Blekinge,Hasslö,Hasslö församling,Hasslö,NA,NA,HASSLÖ,HASSLÖ,1888,1990
1327,7851,168123,168123000,57850,168123,hasslosa,{9396AC3B-A0B0-11D3-9E53-009027B0FCE9},SE/168123000,territorial,NA,16,R,Skaraborgs,Hasslösa,Hasslösa församling,Hasslösa,NA,NA,HASSLÖSA,HASSLÖSA,1600,1990
1328,8030,138104,138104000,78650,138104,hasslov,{9396A9BB-A0B0-11D3-9E53-009027B0FCE9},SE/138104000,territorial,NA,13,N,Hallands,Hasslöv,Hasslövs församling,Hasslövs,NA,NA,HASSLÖV,NA,1600,1990
1329,5787,128311,128311000,72620,128311,hasslunda,{9396A938-A0B0-11D3-9E53-009027B0FCE9},SE/128311000,territorial,NA,12,M,Skåne,Hässlunda,Hässlunda församling,Hässlunda,NA,NA,HÄSSLUNDA,HÄSSLUNDA,1600,1990
1330,7598,128109,128109000,70180,128109,hastad,{9396A90D-A0B0-11D3-9E53-009027B0FCE9},SE/128109000,territorial,NA,12,M,Skåne,Håstad,Håstads församling,Håstads,NA,NA,HÅSTAD,HÅSTAD,1600,1990
1331,NA,50900,NA,NA,NA,hastholmen,NA,NA,other,4203,5,E,Östergötlands,Hästholmen,NA,NA,NA,NA,NA,NA,NA,NA
1332,5913,118309,118309000,74080,118309,hastveda,{9396A852-A0B0-11D3-9E53-009027B0FCE9},SE/118309000,territorial,NA,11,L,Kristianstads,Hästveda,Hästveda församling,Hästveda,NA,NA,HÄSTVEDA,HÄSTVEDA,1600,1990
1333,6719,13906,13906000,52090,13906,hatuna,{9396A35E-A0B0-11D3-9E53-009027B0FCE9},SE/013906000,territorial,NA,1,AB,Stockholms,Håtuna,Håtuna församling,Håtuna,NA,NA,HÅTUNA,HÅTUNA,1600,1990
1334,6289,60407,60407000,57250,60407,haurida,{9396A59E-A0B0-11D3-9E53-009027B0FCE9},SE/060407000,territorial,NA,6,F,Jönköpings,Haurida,Haurida församling,Haurida,NA,"Hagrida, enligt SCB ändrat 1-91,0 till Haurida",HAURIDA,HAURIDA,1600,1990
1335,7400,98084,98084000,85380,98084,havdhem,{9396A777-A0B0-11D3-9E53-009027B0FCE9},SE/098084000,territorial,NA,9,I,Gotlands,Havdhem,Havdhems församling,Havdhems,NA,NA,HAVDHEM,HAVDHEM,1600,1990
1336,6153,18805,18805000,50280,18805,havero,{9396A3BA-A0B0-11D3-9E53-009027B0FCE9},SE/018805000,territorial,NA,1,AB,Stockholms,Häverö,Häverö församling,Häverö,NA,NA,HÄVERÖ,HÄVERÖ,1600,1990
1337,6279,226003,226003000,83640,226003,havero,{9396AEF1-A0B0-11D3-9E53-009027B0FCE9},SE/226003000,territorial,NA,22,Y,Västernorrlands,Haverö,Haverö församling,Haverö,NA,NA,HAVERÖ,HAVERÖ,1600,1990
1338,6896,190401,190401000,65150,190401,hed,{9396ADD3-A0B0-11D3-9E53-009027B0FCE9},SE/190401000,territorial,NA,19,U,Västmanlands,Hed,Heds församling,Heds,Malma fjärding,NA,HED,HED,1600,1990
1339,6755,50905,50905000,57120,50905,heda,{9396A4DD-A0B0-11D3-9E53-009027B0FCE9},SE/050905000,territorial,NA,5,E,Östergötlands,Heda,Heda församling,Heda,NA,NA,HEDA,HEDA,1600,1990
1340,NA,178500,NA,NA,NA,hedane,NA,NA,other,NA,17,S,Värmlands,Hedane,NA,NA,NA,NA,NA,NA,NA,NA
1341,NA,158300,NA,NA,NA,hedared,NA,NA,other,3095,15,P,Älvsborgs,Hedared,NA,NA,NA,NA,NA,NA,NA,NA
1342,NA,123000,NA,NA,NA,heddinge,NA,NA,other,NA,12,M,Skåne,Heddinge,NA,NA,NA,NA,NA,NA,NA,NA
1343,7625,143006,143006000,76570,143006,hede1,{9396AA3D-A0B0-11D3-9E53-009027B0FCE9},SE/143006000,territorial,NA,14,O,Västra Götalands,Hede,Hede församling (O-län),Hede,NA,NA,HEDE (O-län),HEDE,1600,1990
1344,8287,236105,236105000,84290,236105,hede2,{9396AF88-A0B0-11D3-9E53-009027B0FCE9},SE/236105000,territorial,NA,23,Z,Jämtlands,Hede,Hede församling (Z-län),Hede,NA,NA,HEDE (Z-län),HEDE,1751,1990
1345,NA,236100,NA,NA,NA,hedelapp,NA,NA,other,NA,23,Z,Jämtlands,Hede lappförsamling,NA,NA,NA,NA,NA,NA,NA,NA
1346,8694,208301,208301000,66450,208301,hedemora,{9396AE7D-A0B0-11D3-9E53-009027B0FCE9},SE/208301000,territorial,NA,20,W,Dalarnas,Hedemora,Hedemora församling 1961-,Hedemora,NA,1960 Hedemora stadsförsamling,HEDEMORA,HEDEMORA STADS,1961,1990
1347,8249,208300,208301003,66450,208301,hedemoralands,{9396AE80-A0B0-11D3-9E53-009027B0FCE9},SE/208301003,territorial,NA,20,W,Dalarnas,Hedemora landsförsamling,Hedemora landsförsamling,Hedemora landsförsamling,NA,NA,HEDEMORA LANDS,HEDEMORA STADS,1700,1960
1348,8244,208300,208301002,66450,208301,hedemorastads,{9396AE7F-A0B0-11D3-9E53-009027B0FCE9},SE/208301002,territorial,NA,20,W,Dalarnas,Hedemora stadsförsamling,Hedemora stadsförsamling,Hedemora stadsförsamling,NA,NA,HEDEMORA STADS,HEDEMORA STADS,1700,1960
1349,NA,258200,NA,NA,NA,heden,NA,NA,other,NA,25,BD,Norrbottens,Heden,NA,NA,NA,NA,NA,NA,NA,NA
1350,6672,128607,128607000,71060,128607,hedeskoga,{9396A964-A0B0-11D3-9E53-009027B0FCE9},SE/128607000,territorial,NA,12,M,Skåne,Hedeskoga,Hedeskoga församling,Hedeskoga,NA,NA,HEDESKOGA,HEDESKOGA,1600,1990
1351,6414,218004,218004000,53340,218004,hedesunda,{9396AEB9-A0B0-11D3-9E53-009027B0FCE9},SE/218004000,territorial,NA,21,X,Gävleborgs,Hedesunda,Hedesunda församling,Hedesunda,NA,NA,HEDESUNDA,HEDESUNDA,1600,1990
1352,NA,58100,NA,NA,NA,hedvig,NA,NA,other,NA,5,E,Östergötlands,Hedvig,NA,NA,NA,NA,NA,NA,NA,NA
1353,8517,18010,18010000,85580,18010,hedele,{9396A371-A0B0-11D3-9E53-009027B0FCE9},SE/018010000,territorial,NA,1,AB,Stockholms,Hedvig eleonora,Hedvig Eleonora församling,Hedvig Eleonora,Östermalm,NA,HEDVIG ELEONORA,HEDVIG ELEONORA / LADUGÅRDSLAND,1906,1990
1354,NA,18000,NA,NA,NA,hedelefatt,NA,NA,other,1353,1,AB,Stockholms,Hedvig eleonora fattighus,NA,NA,NA,NA,NA,NA,NA,NA
1355,6846,98060,98060000,85070,98060,hejde,{9396A75F-A0B0-11D3-9E53-009027B0FCE9},SE/098060000,territorial,NA,9,I,Gotlands,Hejde,Hejde församling,Hejde,NA,NA,HEJDE,HEJDE,1600,1990
1356,5831,98032,98032000,84520,98032,hejdeby,{9396A743-A0B0-11D3-9E53-009027B0FCE9},SE/098032000,territorial,NA,9,I,Gotlands,Hejdeby,Hejdeby församling,Hejdeby,NA,NA,HEJDEBY,HEJDEBY,1600,1990
1357,6469,98013,98013000,84690,98013,hejnum,{9396A730-A0B0-11D3-9E53-009027B0FCE9},SE/098013000,territorial,NA,9,I,Gotlands,Hejnum,Hejnums församling,Hejnums,NA,NA,HEJNUM,HEJNUM,1600,1990
1358,6016,48612,48612000,62360,48612,helgaro,{9396A4D4-A0B0-11D3-9E53-009027B0FCE9},SE/048612000,territorial,NA,4,D,Södermanlands,Helgarö,Helgarö församling,Helgarö,NA,NA,HELGARÖ,HELGARÖ,1600,1990
1359,8790,38002,38002000,50010,38002,heg,{9396A3FE-A0B0-11D3-9E53-009027B0FCE9},SE/038002000,territorial,NA,3,C,Uppsala,Helga trefaldighet,Helga Trefaldighets församling,Helga Trefaldighets,"Bondkyrka, Trefaldighet","1961 Heliga Trefaldighet, Bondkyrka, -1961 Heliga Trefaldighet, 1962- Helga Trefaldighet",HELGA TREFALDIGHET,UPPSALA,1974,1990
1360,7318,48203,48203000,62180,48203,helgesta,{9396A497-A0B0-11D3-9E53-009027B0FCE9},SE/048203000,territorial,NA,4,D,Södermanlands,Helgesta,Helgesta församling,Helgesta,NA,NA,HELGESTA,HELGESTA,1600,1990
1361,NA,48000,NA,NA,NA,helgona,NA,NA,other,2605,4,D,Södermanlands,Helgona,NA,NA,"Allhelgona, Kråkelunds pastorat",NA,NA,NA,NA,NA
1362,NA,58600,NA,NA,NA,helgona2,NA,NA,other,NA,5,E,Östergötlands,Helgona,NA,NA,NA,NA,NA,NA,NA,NA
1363,7298,228307,228307000,82370,228307,helgum,{9396AF29-A0B0-11D3-9E53-009027B0FCE9},SE/228307000,territorial,NA,22,Y,Västernorrlands,Helgum,Helgums församling,Helgums,NA,NA,HELGUM,HELGUM,1600,1990
1364,8839,88016,88016000,0,88016,heligakorset,{9396A6D9-A0B0-11D3-9E53-009027B0FCE9},SE/088016000,territorial,NA,8,H,Kalmar,Heliga korset,Heliga korsets församling,Heliga korsets,Korset,NA,HELIGA KORSET,NA,1989,1990
1365,NA,118000,NA,NA,NA,heligtre2,NA,NA,other,NA,11,L,Kristianstads,Heliga trefaldighet,NA,NA,NA,NA,NA,NA,NA,NA
1366,NA,218000,NA,NA,NA,heligtre3,NA,NA,other,NA,21,X,Gävleborgs,Heliga trefaldighet,NA,NA,NA,NA,NA,NA,NA,NA
1367,NA,38000,NA,NA,NA,heligtre1,NA,NA,other,NA,3,C,Uppsala,Heliga trefaldighet,NA,NA,NA,NA,NA,NA,NA,NA
1368,NA,168500,NA,NA,NA,heligestad,NA,NA,other,NA,16,R,Skaraborgs,Heligestad,NA,NA,NA,NA,NA,NA,NA,NA
1369,NA,128100,NA,NA,NA,helkors,NA,NA,other,2202,12,M,Skåne,Heligkors,NA,NA,Crux,NA,NA,NA,NA,NA
1370,6146,98011,98011000,84660,98011,hellvi,{9396A72E-A0B0-11D3-9E53-009027B0FCE9},SE/098011000,territorial,NA,9,I,Gotlands,Hellvi,Hellvi församling,Hellvi,NA,NA,HELLVI,HELLVI,1600,1990
1371,NA,128100,NA,NA,NA,helne,NA,NA,other,NA,12,M,Skåne,Helne,NA,NA,NA,NA,NA,NA,NA,NA
1372,NA,128300,NA,NA,NA,helsingborg,NA,NA,other,NA,12,M,Skåne,Helsingborg,NA,NA,NA,NA,NA,NA,NA,NA
1373,NA,128300,NA,NA,NA,helsingbgar,NA,NA,garrison,NA,12,M,Skåne,Helsingborgs garnisonsförsamling,NA,NA,NA,NA,NA,NA,NA,NA
1374,8616,128302,128302000,72554,128302,hegusadolf,{9396A92F-A0B0-11D3-9E53-009027B0FCE9},SE/128302000,territorial,NA,12,M,Skåne,Helsingborgs gustav adolf,Helsingborgs Gustav Adolfs församling,Helsingborgs Gustav Adolfs,Gustav Adolf,NA,HELSINGBORGS GUSTAV ADOLF,NA,1927,1990
1375,8444,128300,128301005,72570,128301,helands,{9396A92E-A0B0-11D3-9E53-009027B0FCE9},SE/128301005,territorial,NA,12,M,Skåne,Helsingborgs landsförsamling,Helsingborgs landsförsamling,Helsingborgs landsförsamling,NA,1901- Helsingborgs landsförsamling,HELSINGBORGS LANDS,HELSINGBORGS GARNISONSFÖRSAMLING,1873,1918
1376,8802,128301,128301000,72570,128301,helmar,{9396A929-A0B0-11D3-9E53-009027B0FCE9},SE/128301000,territorial,NA,12,M,Skåne,Helsingborgs maria,Helsingborgs Maria församling,Helsingborgs Maria,"Maria, Vårfru","1901 Helsingborgs stadsförsamling, 1926 Hälsingborg",HELSINGBORGS MARIA,HELSINGBORGS GARNISONSFÖRSAMLING,1977,1990
1377,NA,128300,NA,NA,NA,helsingborgsstadsf,NA,NA,other,NA,12,M,Skåne,Helsingborgs stadsförsamling,NA,NA,NA,NA,NA,NA,NA,NA
1378,5815,128722,128722000,70860,128722,hemmesdynge,{9396A98C-A0B0-11D3-9E53-009027B0FCE9},SE/128722000,territorial,NA,12,M,Skåne,Hemmesdynge,Hemmesdynge församling,Hemmesdynge,NA,NA,HEMMESDYNGE,HEMMESDYNGE,1600,1990
1379,7031,78000,78007001,67714,78007,hemmesjo,{9396A663-A0B0-11D3-9E53-009027B0FCE9},SE/078007001,territorial,NA,7,G,Kronobergs,Hemmesjö,Hemmesjö församling,Hemmesjö,NA,NA,HEMMESJÖ,NA,1600,1853
1380,8410,78007,78007000,67714,78007,hemmteg,{9396A662-A0B0-11D3-9E53-009027B0FCE9},SE/078007000,territorial,NA,7,G,Kronobergs,Hemmesjö med tegnaby,Hemmesjö med Tegnaby församling,Hemmesjö med Tegnaby,NA,1853 Hemmesjö,HEMMESJÖ MED TEGNABY,NA,1854,1990
1381,6485,98076,98076000,85350,98076,hemse,{9396A76F-A0B0-11D3-9E53-009027B0FCE9},SE/098076000,territorial,NA,9,I,Gotlands,Hemse,Hemse församling,Hemse,NA,NA,HEMSE,HEMSE,1600,1990
1382,7323,158209,158209000,61800,158209,hemsjo,{9396AB5C-A0B0-11D3-9E53-009027B0FCE9},SE/158209000,territorial,NA,15,P,Älvsborgs,Hemsjö,Hemsjö församling,Hemsjö,NA,NA,HEMSJÖ,HEMSJÖ,1600,1990
1383,8393,228007,228007000,82120,228007,hemso,{9396AF01-A0B0-11D3-9E53-009027B0FCE9},SE/228007000,territorial,NA,22,Y,Västernorrlands,Hemsö,Hemsö församling,Hemsö,NA,NA,HEMSÖ,HEMSÖ,1845,1990
1385,NA,38100,NA,NA,NA,herkulsberga,NA,NA,other,NA,3,C,Uppsala,Herkulsberga,NA,NA,NA,NA,NA,NA,NA,NA
1386,6332,76002,76002000,68000,76002,herrakra,{9396A629-A0B0-11D3-9E53-009027B0FCE9},SE/076002000,territorial,NA,7,G,Kronobergs,Herråkra,Herråkra församling,Herråkra,NA,NA,HERRÅKRA,NA,1600,1990
1387,6419,58619,58619000,56760,58619,herrberga,{9396A595-A0B0-11D3-9E53-009027B0FCE9},SE/058619000,territorial,NA,5,E,Östergötlands,Herrberga,Herrberga församling,Herrberga,NA,"22 fastställt Herrberga., Härberga, 1927-10-22 fastställt Herrberga",HERRBERGA,HERRBERGA,1600,1990
1388,NA,118100,NA,NA,NA,herrestad2,NA,NA,other,1390,11,L,Kristianstads,Herrestad,NA,NA,NA,NA,NA,NA,NA,NA
1389,NA,128600,NA,NA,NA,herrestad3,NA,NA,other,1390,12,M,Skåne,Herrestad,NA,NA,NA,NA,NA,NA,NA,NA
1390,7564,148510,148510000,76430,148510,herrestad4,{9396AA9A-A0B0-11D3-9E53-009027B0FCE9},SE/148510000,territorial,NA,14,O,Västra Götalands,Herrestad,Herrestads församling (O-län),Herrestads,NA,NA,HERRESTAD (O-län),HERRESTAD,1600,1990
1391,7228,58406,58406000,54750,58406,herrestad1,{9396A57B-A0B0-11D3-9E53-009027B0FCE9},SE/058406000,territorial,NA,5,E,Östergötlands,Herrestad,Herrestads församling (E-län),Herrestads,NA,NA,HERRESTAD (E-län),HERRESTAD,1600,1990
1392,8745,156606,156606000,62000,156606,herrljunga,{9396AB24-A0B0-11D3-9E53-009027B0FCE9},SE/156606000,territorial,NA,15,P,Älvsborgs,Herrljunga,Herrljunga församling,Herrljunga,NA,NA,HERRLJUNGA,HERRLJUNGA,1964,1990
1393,NA,158500,NA,NA,NA,hesselskog,NA,NA,other,NA,15,P,Älvsborgs,Hesselskog,NA,NA,NA,NA,NA,NA,NA,NA
1394,NA,66200,NA,NA,NA,hestra,NA,NA,other,NA,6,F,Jönköpings,Hestra,NA,NA,NA,NA,NA,NA,NA,NA
1395,7250,188019,188019000,64600,188019,hidinge,{9396AD9C-A0B0-11D3-9E53-009027B0FCE9},SE/188019000,territorial,NA,18,T,Örebro,Hidinge,Hidinge församling,Hidinge,NA,NA,HIDINGE,HIDINGE,1600,1990
1396,8068,251803,251803000,83330,251803,hietaniemi,{9396B019-A0B0-11D3-9E53-009027B0FCE9},SE/251803000,territorial,NA,25,BD,Norrbottens,Hietaniemi,Hietaniemi församling,Hietaniemi,NA,NA,HIETANIEMI,HIETANIEMI,1617,1990
1397,7903,156514,156514000,77280,156514,hillared,{9396AB1E-A0B0-11D3-9E53-009027B0FCE9},SE/156514000,territorial,NA,15,P,Älvsborgs,Hillared,Hillareds församling,Hillareds,NA,NA,HILLARED,HILLARED,1600,1990
1398,6939,218005,218005000,53240,218005,hille,{9396AEBA-A0B0-11D3-9E53-009027B0FCE9},SE/218005000,territorial,NA,21,X,Gävleborgs,Hille,Hille församling,Hille,NA,NA,HILLE,HILLE,1600,1990
1399,7335,12505,12505000,52360,12505,hilleshog,{9396A339-A0B0-11D3-9E53-009027B0FCE9},SE/012505000,territorial,NA,1,AB,Stockholms,Hilleshög,Hilleshögs församling,Hilleshögs,NA,NA,HILLESHÖG,HILLESJÖ,1600,1990
1400,7458,198302,198302000,65260,198302,himmeta,{9396AE1B-A0B0-11D3-9E53-009027B0FCE9},SE/198302000,territorial,NA,19,U,Västmanlands,Himmeta,Himmeta församling,Himmeta,NA,NA,HIMMETA,HIMMETA,1600,1990
1401,6824,76702,76702000,67360,76702,hinneryd,{9396A656-A0B0-11D3-9E53-009027B0FCE9},SE/076702000,territorial,NA,7,G,Kronobergs,Hinneryd,Hinneryds församling,Hinneryds,NA,NA,HINNERYD,HINNERYD,1600,1990
1402,6170,138106,138106000,78670,138106,hishult,{9396A9BD-A0B0-11D3-9E53-009027B0FCE9},SE/138106000,territorial,NA,13,N,Hallands,Hishult,Hishults församling,Hishults,Ishult,NA,HISHULT,HISHULT,1600,1990
1403,6145,68406,68406000,68920,68406,hjalmseryd,{9396A5FD-A0B0-11D3-9E53-009027B0FCE9},SE/068406000,territorial,NA,6,F,Jönköpings,Hjälmseryd,Hjälmseryds församling,Hjälmseryds,NA,NA,HJÄLMSERYD,HJÄLMSERYD,1600,1990
1404,NA,238000,NA,NA,NA,hjalsjoas,NA,NA,other,NA,23,Z,Jämtlands,Hjälsjöås,NA,NA,NA,NA,NA,NA,NA,NA
1405,6590,38124,38124000,51120,38124,hjalsta,{9396A444-A0B0-11D3-9E53-009027B0FCE9},SE/038124000,territorial,NA,3,C,Uppsala,Hjälsta,Hjälsta församling,Hjälsta,NA,1901 Hjelsta,HJÄLSTA,HJÄLSTA,1600,1990
1406,7766,166305,166305000,60100,166305,hjalstad,{9396AC08-A0B0-11D3-9E53-009027B0FCE9},SE/166305000,territorial,NA,16,R,Skaraborgs,Hjälstad,Hjälstads församling,Hjälstads,NA,NA,HJÄLSTAD,HJÄLSTAD,1600,1990
1407,NA,38100,NA,NA,NA,hjalstaholmspast,NA,NA,other,NA,3,C,Uppsala,Hjälstaholms pastorat,NA,NA,NA,NA,NA,NA,NA,NA
1408,6324,118211,118211000,73710,118211,hjarnarp,{9396A846-A0B0-11D3-9E53-009027B0FCE9},SE/118211000,territorial,NA,11,L,Kristianstads,Hjärnarp,Hjärnarps församling,Hjärnarps,Jernarp,NA,HJÄRNARP,HJÄRNARP,1600,1990
1409,NA,173000,NA,NA,NA,hjarnskog,NA,NA,other,NA,17,S,Värmlands,Hjärnskog,NA,NA,NA,NA,NA,NA,NA,NA
1410,NA,168100,NA,NA,NA,hjarpas,NA,NA,other,NA,16,R,Skaraborgs,Hjärpås,NA,NA,NA,NA,NA,NA,NA,NA
1411,7740,112104,112104000,74160,112104,hjarsas,{9396A7C2-A0B0-11D3-9E53-009027B0FCE9},SE/112104000,territorial,NA,11,L,Kristianstads,Hjärsås,Hjärsås församling,Hjärsås,NA,NA,HJÄRSÅS,HJÄRSÅS,1600,1990
1412,5898,68402,68402000,69010,68402,hjartlanda,{9396A5F9-A0B0-11D3-9E53-009027B0FCE9},SE/068402000,territorial,NA,6,F,Jönköpings,Hjärtlanda,Hjärtlanda församling,Hjärtlanda,NA,NA,HJÄRTLANDA,HJÄRTLANDA,1600,1990
1413,6659,156207,156207000,75970,156207,hjartum,{9396AAFB-A0B0-11D3-9E53-009027B0FCE9},SE/156207000,territorial,NA,15,P,Älvsborgs,Hjärtum,Hjärtums församling,Hjärtums,NA,NA,HJÄRTUM,HJÄRTUM,1600,1990
1414,NA,156600,NA,NA,NA,hjellby,NA,NA,other,NA,15,P,Älvsborgs,Hjellby,NA,NA,NA,NA,NA,NA,NA,NA
1415,8821,168401,168401000,59750,168401,hjo,{9396AC7E-A0B0-11D3-9E53-009027B0FCE9},SE/168401000,territorial,NA,16,R,Skaraborgs,Hjo,Hjo församling,Hjo,NA,Hjo.,HJO,HJO STADS,1989,1990
1416,6635,168400,168401002,59750,168401,hjolandsf,{9396AC80-A0B0-11D3-9E53-009027B0FCE9},SE/168401002,territorial,NA,16,R,Skaraborgs,Hjo landsförsamling,Hjo landsförsamling,Hjo landsförsamling,NA,NA,HJO LANDS,HJO STADS,1600,1988
1417,7226,88315,88315000,55960,88315,hjorted,{9396A6FE-A0B0-11D3-9E53-009027B0FCE9},SE/088315000,territorial,NA,8,H,Kalmar,Hjorted,Hjorteds församling,Hjorteds,NA,NA,HJORTED,HJORTED,1600,1990
1418,6870,108109,108109000,74970,108109,hjortsberga2,{9396A7A6-A0B0-11D3-9E53-009027B0FCE9},SE/108109000,territorial,NA,10,K,Blekinge,Hjortsberga,Hjortsberga församling,Hjortsberga,NA,NA,HJORTSBERGA,HJORTSBERGA,1600,1990
1419,6703,76400,76404001,67179,76404,hjortsberga1,{9396A642-A0B0-11D3-9E53-009027B0FCE9},SE/076404001,territorial,NA,7,G,Kronobergs,Hjortsberga,Hjortsberga församling,Hjortsberga,NA,NA,HJORTSBERGA,NA,1600,1956
1420,8680,76404,76404000,67179,76404,hjkv,{9396A641-A0B0-11D3-9E53-009027B0FCE9},SE/076404000,territorial,NA,7,G,Kronobergs,Hjortsberga med kvenneberga,Hjortsberga med Kvenneberga församling,Hjortsberga med Kvenneberga,NA,1956 Hjortsberga,HJORTSBERGA MED KVENNEBERGA,NA,1957,1990
1421,NA,76400,NA,NA,NA,hjortsbergakvenne,NA,NA,other,NA,7,G,Kronobergs,Hjortsberga och kvenneberga,NA,NA,NA,NA,NA,NA,NA,NA
1422,6047,168400,168401001,59750,168401,hjostadsf,{9396AC7F-A0B0-11D3-9E53-009027B0FCE9},SE/168401001,territorial,NA,16,R,Skaraborgs,Hjo stadsförsamling,Hjo stadsförsamling,Hjo stadsförsamling,NA,NA,HJO STADS,HJO STADS,1600,1988
1423,8138,186303,186303000,65500,186303,hjulsjo,{9396AD7F-A0B0-11D3-9E53-009027B0FCE9},SE/186303000,territorial,NA,18,T,Örebro,Hjulsjö,Hjulsjö församling,Hjulsjö,Julsjö,NA,HJULSJÖ,HJULSJÖ,1640,1990
1424,NA,108100,NA,NA,NA,hoby1,NA,NA,other,NA,10,K,Blekinge,Hoby,NA,NA,NA,NA,NA,NA,NA,NA
1425,NA,118100,NA,NA,NA,hoby2,NA,NA,other,NA,11,L,Kristianstads,Hoby,NA,NA,NA,NA,NA,NA,NA,NA
1426,NA,128100,NA,NA,NA,hoby3,NA,NA,other,NA,12,M,Skåne,Hoby,NA,NA,NA,NA,NA,NA,NA,NA
1427,8546,210401,210401000,53372,210401,hofors,{9396AE97-A0B0-11D3-9E53-009027B0FCE9},SE/210401000,territorial,NA,21,X,Gävleborgs,Hofors,Hofors församling,Hofors,NA,NA,HOFORS,HOFORS,1911,1990
1428,6392,126110,126110000,72030,126110,hofterup,{9396A8A0-A0B0-11D3-9E53-009027B0FCE9},SE/126110000,territorial,NA,12,M,Skåne,Hofterup,Hofterups församling,Hofterups,NA,NA,HOFTERUP,HOFTERUP,1600,1990
1429,7510,126113,126113000,72040,126113,hog,{9396A8A3-A0B0-11D3-9E53-009027B0FCE9},SE/126113000,territorial,NA,12,M,Skåne,Hög,Högs församling (M-län),Högs,NA,NA,HÖG (M-län),HÖG,1600,1990
1430,7163,218412,218412000,53930,218412,hog2,{9396AEED-A0B0-11D3-9E53-009027B0FCE9},SE/218412000,territorial,NA,21,X,Gävleborgs,Hög,Högs församling (X-län),Högs,NA,NA,HÖG (X-län),HÖG,1600,1990
1431,8610,18014,18014000,85599,18014,hogalid,{9396A377-A0B0-11D3-9E53-009027B0FCE9},SE/018014000,territorial,NA,1,AB,Stockholms,Högalid,Högalids församling,Högalids,NA,NA,HÖGALID,"HÖGALID, STOCKHOLM",1925,1990
1432,8406,128401,128401000,72470,128401,hoganas,{9396A940-A0B0-11D3-9E53-009027B0FCE9},SE/128401000,territorial,NA,12,M,Skåne,Höganäs,Höganäs församling,Höganäs,NA,NA,HÖGANÄS,HÖGANÄS,1852,1990
1433,7553,148508,148508000,76440,148508,hogas,{9396AA98-A0B0-11D3-9E53-009027B0FCE9},SE/148508000,territorial,NA,14,O,Västra Götalands,Högås,Högås församling,Högås,NA,NA,HÖGÅS,HÖGÅS,1600,1990
1434,NA,218100,NA,NA,NA,hogbo,NA,NA,other,NA,21,X,Gävleborgs,Högbo,NA,NA,NA,NA,NA,NA,NA,NA
1435,7030,58602,58602000,56970,58602,hogby,{9396A584-A0B0-11D3-9E53-009027B0FCE9},SE/058602000,territorial,NA,5,E,Östergötlands,Högby,Högby församling (E-län),Högby,NA,NA,HÖGBY (E-län),VÄSTRA SKRUKEBY,1600,1990
1436,7943,88514,88514000,79310,88514,hogby2,{9396A71A-A0B0-11D3-9E53-009027B0FCE9},SE/088514000,territorial,NA,8,H,Kalmar,Högby,Högby församling (H-län),Högby,NA,NA,HÖGBY (H-län),HÖGBY,1600,1990
1437,8003,148606,148606000,76780,148606,hogdal1,{9396AAA3-A0B0-11D3-9E53-009027B0FCE9},SE/148606000,territorial,NA,14,O,Västra Götalands,Hogdal,Hogdals församling,Hogdals,NA,NA,HOGDAL,HOGDAL,1600,1990
1438,NA,236100,NA,NA,NA,hogdal2,NA,NA,other,1437,23,Z,Jämtlands,Hogdal,NA,NA,NA,NA,NA,NA,NA,NA
1439,8163,178404,178404000,81050,178404,hogerud,{9396AD4F-A0B0-11D3-9E53-009027B0FCE9},SE/178404000,territorial,NA,17,S,Värmlands,Högerud,Högeruds församling,Högeruds,NA,Hurud,HÖGERUD,HÖGERUD,1646,1990
1440,7617,128612,128612000,71130,128612,hogestad,{9396A969-A0B0-11D3-9E53-009027B0FCE9},SE/128612000,territorial,NA,12,M,Skåne,Högestad,Högestads församling,Högestads,NA,NA,HÖGESTAD,HÖGESTAD,1600,1990
1441,6865,98052,98052000,84860,98052,hogran,{9396A757-A0B0-11D3-9E53-009027B0FCE9},SE/098052000,territorial,NA,9,I,Gotlands,Hogrän,Hogräns församling,Hogräns,NA,NA,HOGRÄN,HOGRÄN,1600,1990
1442,6662,150708,150708000,81700,150708,hogsater,{9396AAB5-A0B0-11D3-9E53-009027B0FCE9},SE/150708000,territorial,NA,15,P,Älvsborgs,Högsäter,Högsäters församling,Högsäters,NA,NA,HÖGSÄTER,HÖGSÄTER,1600,1990
1443,8735,148021,148021000,75393,148021,hogsbo,{9396AA64-A0B0-11D3-9E53-009027B0FCE9},SE/148021000,territorial,NA,14,O,Västra Götalands,Högsbo,Högsbo församling,Högsbo,NA,NA,HÖGSBO,NA,1963,1990
1444,8454,82102,82102000,78990,82102,hogsby,{9396A691-A0B0-11D3-9E53-009027B0FCE9},SE/082102000,territorial,NA,8,H,Kalmar,Högsby,Högsby församling,Högsby,NA,NA,HÖGSBY,HÖGSBY,1880,1990
1445,7021,128513,128513000,71270,128513,hogserod,{9396A954-A0B0-11D3-9E53-009027B0FCE9},SE/128513000,territorial,NA,12,M,Skåne,Högseröd,Högseröds församling,Högseröds,NA,NA,HÖGSERÖD,HÖGSERÖD,1600,1990
1446,8392,228002,228002000,82110,228002,hogsjo,{9396AEFA-A0B0-11D3-9E53-009027B0FCE9},SE/228002000,territorial,NA,22,Y,Västernorrlands,Högsjö,Högsjö församling,Högsjö,NA,NA,HÖGSJÖ,HÖGSJÖ,1845,1990
1447,6911,88509,88509000,79470,88509,hogsrum,{9396A715-A0B0-11D3-9E53-009027B0FCE9},SE/088509000,territorial,NA,8,H,Kalmar,Högsrum,Högsrums församling,Högsrums,NA,Högserum,HÖGSRUM,HÖGSRUM,1600,1990
1448,7994,58611,58611000,56980,58611,hogstad,{9396A58D-A0B0-11D3-9E53-009027B0FCE9},SE/058611000,territorial,NA,5,E,Östergötlands,Hogstad,Hogstads församling,Hogstads,NA,NA,HOGSTAD,HOGSTAD,1600,1990
1449,5993,168631,168631000,60740,168631,hogstena,{9396ACBE-A0B0-11D3-9E53-009027B0FCE9},SE/168631000,territorial,NA,16,R,Skaraborgs,Högstena,Högstena församling,Högstena,NA,NA,HÖGSTENA,NA,1600,1990
1450,NA,126100,NA,NA,NA,hoj,NA,NA,other,NA,12,M,Skåne,Höj,NA,NA,NA,NA,NA,NA,NA,NA
1451,7664,118203,118203000,73340,118203,hoja,{9396A83E-A0B0-11D3-9E53-009027B0FCE9},SE/118203000,territorial,NA,11,L,Kristianstads,Höja,Höja församling,Höja,NA,NA,HÖJA,HÖJA,1600,1990
1452,NA,178300,NA,NA,NA,hokeshara,NA,NA,other,NA,17,S,Värmlands,Hökeshara,NA,NA,NA,NA,NA,NA,NA,NA
1453,6292,38205,38205000,50460,38205,hak,{9396A458-A0B0-11D3-9E53-009027B0FCE9},SE/038205000,territorial,NA,3,C,Uppsala,Hökhuvud,Hökhuvuds församling,Hökhuvuds,Brocaste,NA,HÖKHUVUD,HÖKHUVUD,1600,1990
1454,7060,123303,123303000,69560,123303,hokopinge,{9396A885-A0B0-11D3-9E53-009027B0FCE9},SE/123303000,territorial,NA,12,M,Skåne,Hököpinge,Hököpinge församling,Hököpinge,NA,NA,HÖKÖPINGE,HÖKÖPINGE,1600,1990
1455,6626,152706,152706000,62050,152706,hol,{9396AAC7-A0B0-11D3-9E53-009027B0FCE9},SE/152706000,territorial,NA,15,P,Älvsborgs,Hol,Hols församling,Hols,NA,NA,HOL,HOL,1600,1990
1456,NA,18000,NA,NA,NA,hollanskreformerta,NA,NA,other,NA,1,AB,Stockholms,Holländsk-reformerta,NA,NA,NA,NA,NA,NA,NA,NA
1457,7516,138016,138016000,78390,138016,holm2,{9396A9B1-A0B0-11D3-9E53-009027B0FCE9},SE/138016000,territorial,NA,13,N,Hallands,Holm,Holms församling (N-län),Holms,Skeppsholm,NA,HOLM (N-län),NA,1600,1990
1458,7308,156101,156101000,81520,156101,holm3,{9396AAEB-A0B0-11D3-9E53-009027B0FCE9},SE/156101000,territorial,NA,15,P,Älvsborgs,Holm,Holms församling (P-län),Holms,NA,NA,HOLM (P-län),HOLM,1600,1990
1459,7237,228112,228112000,83550,228112,holm4,{9396AF13-A0B0-11D3-9E53-009027B0FCE9},SE/228112000,territorial,NA,22,Y,Västernorrlands,Holm,Holms församling (Y-län),Holms,NA,NA,HOLM (Y-län),HOLM,1600,1990
1460,6668,38121,38121000,51090,38121,holm,{9396A441-A0B0-11D3-9E53-009027B0FCE9},SE/038121000,territorial,NA,3,C,Uppsala,Holm,Holms församling (C-län),Holms,Aggaholm,NA,HOLM (C-län),HOLM,1600,1990
1461,NA,168600,NA,NA,NA,holma,NA,NA,other,NA,16,R,Skaraborgs,Holma,NA,NA,NA,NA,NA,NA,NA,NA
1462,6215,128516,128516000,71460,128516,holmby,{9396A957-A0B0-11D3-9E53-009027B0FCE9},SE/128516000,territorial,NA,12,M,Skåne,Holmby,Holmby församling,Holmby,NA,NA,HOLMBY,HOLMBY,1600,1990
1463,7761,176504,176504000,80800,176504,holmedal,{9396AD07-A0B0-11D3-9E53-009027B0FCE9},SE/176504000,territorial,NA,17,S,Värmlands,Holmedal,Holmedals församling,Holmedals,NA,NA,HOLMEDAL,HOLMEDAL,1600,1990
1464,6290,166104,166104000,58280,166104,holmestad,{9396ABEF-A0B0-11D3-9E53-009027B0FCE9},SE/166104000,territorial,NA,16,R,Skaraborgs,Holmestad,Holmestads församling,Holmestads,NA,NA,HOLMESTAD,HOLMESTAD,1600,1990
1465,NA,18000,NA,NA,NA,holmkyrkan,NA,NA,other,NA,1,AB,Stockholms,Holmkyrkan eller holmförsamlingen,NA,NA,NA,NA,NA,NA,NA,NA
1466,8345,248010,248010000,82810,248010,holmon,{9396AFDA-A0B0-11D3-9E53-009027B0FCE9},SE/248010000,territorial,NA,24,AC,Västerbottens,Holmön,Holmöns församling,Holmöns,NA,NA,HOLMÖN,HOLMÖN,1802,1990
1467,8428,248006,248006000,82752,248006,holmsund,{9396AFD8-A0B0-11D3-9E53-009027B0FCE9},SE/248006000,territorial,NA,24,AC,Västerbottens,Holmsund,Holmsunds församling,Holmsunds,NA,NA,HOLMSUND,HOLMSUND,1863,1990
1468,7684,18110,18110000,63550,18110,holo,{9396A3A3-A0B0-11D3-9E53-009027B0FCE9},SE/018110000,territorial,NA,1,AB,Stockholms,Hölö,Hölö församling,Hölö,Ytterhölö,NA,HÖLÖ,HÖLÖ (FREDRIK ADOLFS),1600,1990
1469,7968,156502,156502000,77200,156502,holsljunga,{9396AB12-A0B0-11D3-9E53-009027B0FCE9},SE/156502000,territorial,NA,15,P,Älvsborgs,Holsljunga,Holsljunga församling,Holsljunga,NA,1908 Holtsljunga,HOLSLJUNGA,HOLSLJUNGA,1600,1990
1470,7010,168518,168518000,59310,168518,homb,{9396AC9C-A0B0-11D3-9E53-009027B0FCE9},SE/168518000,territorial,NA,16,R,Skaraborgs,Hömb,Hömbs församling,Hömbs,NA,NA,HÖMB,HÖMB,1600,1990
1471,6522,126702,126702000,71320,126702,hoor,{9396A8DB-A0B0-11D3-9E53-009027B0FCE9},SE/126702000,territorial,NA,12,M,Skåne,Höör,Höörs församling,Höörs,NA,1917 Hör,HÖÖR,HÖÖR,1600,1990
1472,NA,126700,NA,NA,NA,hor,NA,NA,other,NA,12,M,Skåne,Hör,NA,NA,NA,NA,NA,NA,NA,NA
1473,NA,168100,NA,NA,NA,houra,NA,NA,other,1625,16,R,Skaraborgs,Höra,NA,NA,NA,NA,NA,NA,NA,NA
1474,7421,126602,126602000,71250,126602,horby,{9396A8D0-A0B0-11D3-9E53-009027B0FCE9},SE/126602000,territorial,NA,12,M,Skåne,Hörby,Hörby församling,Hörby,NA,NA,HÖRBY,HÖRBY,1600,1990
1475,7443,68609,68609000,57420,68609,horeda,{9396A621-A0B0-11D3-9E53-009027B0FCE9},SE/068609000,territorial,NA,6,F,Jönköpings,Höreda,Höreda församling,Höreda,NA,NA,HÖREDA,HÖREDA,1600,1990
1476,NA,168100,NA,NA,NA,horene,NA,NA,other,NA,16,R,Skaraborgs,Hörene,NA,NA,NA,NA,NA,NA,NA,NA
1477,7381,118320,118320000,73890,118320,horja,{9396A85D-A0B0-11D3-9E53-009027B0FCE9},SE/118320000,territorial,NA,11,L,Kristianstads,Hörja,Hörja församling,Hörja,NA,Hörgh,HÖRJA,HÖRJA,1600,1990
1478,NA,186400,NA,NA,NA,horken,NA,NA,other,2144,18,T,Örebro,Hörken,NA,NA,NA,NA,NA,NA,NA,NA
1479,NA,186402,NA,NA,NA,horkenskbfd,NA,NA,kbfd,2144,18,T,Örebro,Hörkens kbfd,NA,NA,NA,NA,NA,NA,NA,NA
1480,6024,152705,152705000,62070,152705,horla,{9396AAC6-A0B0-11D3-9E53-009027B0FCE9},SE/152705000,territorial,NA,15,P,Älvsborgs,Horla,Horla församling,Horla,NA,NA,HORLA,NA,1600,1990
1481,6471,168318,168318000,60030,168318,horn2,{9396AC72-A0B0-11D3-9E53-009027B0FCE9},SE/168318000,territorial,NA,16,R,Skaraborgs,Horn,Horns församling (R-län),Horns,NA,NA,HORN (R-län),HORN (SKARABORG),1600,1990
1482,7156,51304,51304000,56430,51304,horn1,{9396A4EB-A0B0-11D3-9E53-009027B0FCE9},SE/051304000,territorial,NA,5,E,Östergötlands,Horn,Horns församling (E-län),Horns,NA,NA,HORN (E-län),HORN,1600,1990
1483,5778,78004,78004000,68030,78004,hornaryd,{9396A65F-A0B0-11D3-9E53-009027B0FCE9},SE/078004000,territorial,NA,7,G,Kronobergs,Hornaryd,Hornaryds församling,Hornaryds,NA,NA,HORNARYD,HORNARYD,1600,1990
1484,6839,168600,168647004,58620,168647,hornborga,{9396ACD0-A0B0-11D3-9E53-009027B0FCE9},SE/168647004,territorial,NA,16,R,Skaraborgs,Hornborga,Hornborga församling,Hornborga,NA,NA,HORNBORGA,BRODDETORP,1600,1988
1485,NA,208402,NA,NA,NA,horndalskbfd,NA,NA,kbfd,548,20,W,Dalarnas,Horndals kbfd,NA,NA,NA,NA,NA,NA,NA,NA
1486,8554,248007,248007000,82760,248007,hornefors,{9396AFD9-A0B0-11D3-9E53-009027B0FCE9},SE/248007000,territorial,NA,24,AC,Västerbottens,Hörnefors,Hörnefors församling,Hörnefors,NA,NA,HÖRNEFORS,HÖRNEFORS,1913,1990
1487,NA,248000,NA,NA,NA,harneback,NA,NA,bruk,NA,24,AC,Västerbottens,Hörnefors-strömbäcks bruksförsamling,NA,NA,Strömbäcks bruksförsamling,NA,NA,NA,NA,NA
1488,7249,156314,156314000,77040,156314,horred,{9396AB0A-A0B0-11D3-9E53-009027B0FCE9},SE/156314000,territorial,NA,15,P,Älvsborgs,Horred,Horreds församling,Horreds,NA,NA,HORRED,HORRED,1600,1990
1489,7434,118027,118027000,74610,118027,horrod,{9396A81D-A0B0-11D3-9E53-009027B0FCE9},SE/118027000,territorial,NA,11,L,Kristianstads,Hörröd,Hörröds församling,Hörröds,NA,NA,HÖRRÖD,HÖRRÖD,1600,1990
1490,NA,98000,NA,NA,NA,horsne,NA,NA,other,NA,9,I,Gotlands,Hörsne,NA,NA,NA,NA,NA,NA,NA,NA
1491,6473,98026,98026000,84934,98026,horbara,{9396A73D-A0B0-11D3-9E53-009027B0FCE9},SE/098026000,territorial,NA,9,I,Gotlands,Hörsne med bara,Hörsne med Bara församling,Hörsne med Bara,NA,1884 Hörsne,HÖRSNE MED BARA,NA,1600,1990
1492,8584,258102,258102000,83032,258102,hortlax,{9396B038-A0B0-11D3-9E53-009027B0FCE9},SE/258102000,territorial,NA,25,BD,Norrbottens,Hortlax,Hortlaxs församling,Hortlaxs,NA,NA,HORTLAX,HORTLAX,1918,1990
1493,NA,128500,NA,NA,NA,hortofta,NA,NA,other,NA,12,M,Skåne,Hörtofta,NA,NA,NA,NA,NA,NA,NA,NA
1494,7781,128616,128616000,73030,128616,horup,{9396A96D-A0B0-11D3-9E53-009027B0FCE9},SE/128616000,territorial,NA,12,M,Skåne,Hörup,Hörups församling,Hörups,NA,NA,HÖRUP,HÖRUP,1600,1990
1495,7295,208006,208006000,66360,208006,hosjo,{9396AE62-A0B0-11D3-9E53-009027B0FCE9},SE/208006000,territorial,NA,20,W,Dalarnas,Hosjö,Hosjö församling,Hosjö,Sandvik,NA,HOSJÖ,HOSJÖ,1600,1990
1496,NA,148000,NA,NA,NA,hospitalforsa,NA,NA,hospital,NA,14,O,Västra Götalands,Hospitalsförsamlingen,NA,NA,NA,NA,NA,NA,NA,NA
1497,7690,88004,88004000,79110,88004,hossmo,{9396A6C9-A0B0-11D3-9E53-009027B0FCE9},SE/088004000,territorial,NA,8,H,Kalmar,Hossmo,Hossmo församling,Hossmo,NA,NA,HOSSMO,HOSSMO,1600,1990
1498,7041,158420,158420000,61230,158420,hossna,{9396AB8F-A0B0-11D3-9E53-009027B0FCE9},SE/158420000,territorial,NA,15,P,Älvsborgs,Hössna,Hössna församling,Hössna,NA,NA,HÖSSNA,HÖSSNA,1600,1990
1499,8397,230907,230907000,83952,230907,hotagen,{9396AF5E-A0B0-11D3-9E53-009027B0FCE9},SE/230907000,territorial,NA,23,Z,Jämtlands,Hotagen,Hotagens församling,Hotagens,NA,NA,HOTAGEN,HOTAGENS LAPPFÖRSAMLING,1846,1990
1500,NA,230900,NA,NA,NA,hotlapp,NA,NA,other,219,23,Z,Jämtlands,Hotagens lappförsamling,NA,NA,Föllinge lappförsamling,1851 Föllinge lappförsamling,NA,NA,NA,NA
1501,7493,116805,116805000,73640,116805,hov2,{9396A7FD-A0B0-11D3-9E53-009027B0FCE9},SE/116805000,territorial,NA,11,L,Kristianstads,Hov,Hovs församling (L-län),Hovs,NA,Houf,HOV (L-län),HOV,1600,1990
1502,5949,156618,156618000,61640,156618,hov3,{9396AB34-A0B0-11D3-9E53-009027B0FCE9},SE/156618000,territorial,NA,15,P,Älvsborgs,Hov,Hovs församling (P-län),Hovs,NA,NA,HOV (P-län),HOV,1600,1990
1503,6484,58410,58410000,57010,58410,hov1,{9396A57F-A0B0-11D3-9E53-009027B0FCE9},SE/058410000,territorial,NA,5,E,Östergötlands,Hov,Hovs församling (E-län),Hovs,NA,NA,HOV (E-län),HOV,1600,1990
1504,7718,164302,164302000,60290,164302,hova,{9396ABD0-A0B0-11D3-9E53-009027B0FCE9},SE/164302000,territorial,NA,16,R,Skaraborgs,Hova,Hova församling,Hova,NA,NA,HOVA,HOVA MED FAGERLID,1600,1990
1505,NA,118100,NA,NA,NA,hovby1,NA,NA,other,1506,11,L,Kristianstads,Hovby,NA,NA,NA,NA,NA,NA,NA,NA
1506,6274,168120,168120000,59470,168120,hovby,{9396AC38-A0B0-11D3-9E53-009027B0FCE9},SE/168120000,territorial,NA,16,R,Skaraborgs,Hovby,Hovby församling (R-län),Hovby,NA,NA,HOVBY (R-län),HOVBY,1600,1990
1507,NA,18090,NA,NA,NA,hovforsamlingen,NA,NA,other,NA,1,AB,Stockholms,Hovförsamlingen,NA,NA,Slottsförsamlingen,NA,NA,NA,NA,NA
1508,8699,76102,76102000,67690,76102,hovmantorp,{9396A631-A0B0-11D3-9E53-009027B0FCE9},SE/076102000,territorial,NA,7,G,Kronobergs,Hovmantorp,Hovmantorps församling,Hovmantorps,NA,NA,HOVMANTORP,HOVMANTORP,1961,1990
1509,NA,76100,NA,NA,NA,hovmantorpskbfd,NA,NA,kbfd,1508,7,G,Kronobergs,Hovmantorps kbfd,NA,NA,NA,NA,NA,NA,NA,NA
1510,7375,188013,188013000,64270,188013,hovsta,{9396AD96-A0B0-11D3-9E53-009027B0FCE9},SE/188013000,territorial,NA,18,T,Örebro,Hovsta,Hovsta församling,Hovsta,NA,NA,HOVSTA,HOVSTA,1600,1990
1511,7842,118028,118028000,74590,118028,huarod,{9396A81E-A0B0-11D3-9E53-009027B0FCE9},SE/118028000,territorial,NA,11,L,Kristianstads,Huaröd,Huaröds församling,Huaröds,NA,NA,HUARÖD,HUARÖD,1600,1990
1512,6862,198016,198016000,64770,198016,hubbo,{9396AE02-A0B0-11D3-9E53-009027B0FCE9},SE/198016000,territorial,NA,19,U,Västmanlands,Hubbo,Hubbo församling,Hubbo,NA,NA,HUBBO,HUBBO,1600,1990
1513,8837,12601,12601000,63330,12601,huddinge,{9396A33E-A0B0-11D3-9E53-009027B0FCE9},SE/012601000,territorial,NA,1,AB,Stockholms,Huddinge,Huddinge församling,Huddinge,Uddunge,NA,HUDDINGE,HUDDINGE,1989,1990
1514,5807,191702,191702000,51300,191702,huddunge,{9396ADDB-A0B0-11D3-9E53-009027B0FCE9},SE/191702000,territorial,NA,19,U,Västmanlands,Huddunge,Huddunge församling,Huddunge,NA,NA,HUDDUNGE,ENÅKER,1600,1990
1515,7641,156607,156607000,61990,156607,hudene,{9396AB27-A0B0-11D3-9E53-009027B0FCE9},SE/156607000,territorial,NA,15,P,Älvsborgs,Hudene,Hudene församling,Hudene,NA,1910 Hudened,HUDENE,HUDENE,1600,1990
1516,7280,218401,218401000,53890,218401,hudiksvall,{9396AEE0-A0B0-11D3-9E53-009027B0FCE9},SE/218401000,territorial,NA,21,X,Gävleborgs,Hudiksvall,Hudiksvalls församling,Hudiksvalls,NA,NA,HUDIKSVALL,HUDIKSVALL,1600,1990
1517,NA,178500,NA,NA,NA,huggenas,NA,NA,other,2603,17,S,Värmlands,Huggenäs,NA,NA,NA,NA,NA,NA,NA,NA
1518,6268,155212,155212000,77400,155212,hulared,{9396AAE0-A0B0-11D3-9E53-009027B0FCE9},SE/155212000,territorial,NA,15,P,Älvsborgs,Hulared,Hulareds församling,Hulareds,NA,NA,HULARED,HULARED,1600,1990
1519,NA,158100,NA,NA,NA,hullsjo,NA,NA,other,985,15,P,Älvsborgs,Hullsjö,NA,NA,NA,NA,NA,NA,NA,NA
1520,7938,68606,68606000,57440,68606,hult,{9396A61E-A0B0-11D3-9E53-009027B0FCE9},SE/068606000,territorial,NA,6,F,Jönköpings,Hult,Hults församling,Hults,NA,NA,HULT,HULT,1600,1990
1521,6759,84005,84005000,79680,84005,hulterstad,{9396A6A0-A0B0-11D3-9E53-009027B0FCE9},SE/084005000,territorial,NA,8,H,Kalmar,Hulterstad,Hulterstads församling,Hulterstads,NA,NA,HULTERSTAD,HULTERSTAD,1600,1990
1522,8668,86001,86001000,56174,86001,hultsfred,{9396A6AF-A0B0-11D3-9E53-009027B0FCE9},SE/086001000,territorial,NA,8,H,Kalmar,Hultsfred,Hultsfreds församling,Hultsfreds,NA,NA,HULTSFRED,HULTFREDS KBFD,1951,1990
1523,NA,86000,NA,NA,NA,hultsfredskbfd,NA,NA,kbfd,1522,8,H,Kalmar,Hultsfreds kbfd,NA,NA,NA,NA,NA,NA,NA,NA
1524,7405,68408,68408000,68990,68408,hultsjo,{9396A5FF-A0B0-11D3-9E53-009027B0FCE9},SE/068408000,territorial,NA,6,F,Jönköpings,Hultsjö,Hultsjö församling,Hultsjö,NA,NA,HULTSJÖ,HULTSJÖ,1600,1990
1525,5943,158426,158426000,61220,158426,humla,{9396AB95-A0B0-11D3-9E53-009027B0FCE9},SE/158426000,territorial,NA,15,P,Älvsborgs,Humla,Humla församling,Humla,NA,NA,HUMLA,HUMLA,1600,1990
1526,NA,118200,NA,NA,NA,humlarp,NA,NA,other,260,11,L,Kristianstads,Humlarp,NA,NA,NA,NA,NA,NA,NA,NA
1527,8534,142705,142705000,76632,142705,hunnebostrand,{9396AA34-A0B0-11D3-9E53-009027B0FCE9},SE/142705000,territorial,NA,14,O,Västra Götalands,Hunnebostrand,Hunnebostrands församling,Hunnebostrands,NA,NA,HUNNEBOSTRAND,HUNNEBOSTRAND,1909,1990
1528,NA,166300,NA,NA,NA,hunnekulla,NA,NA,other,NA,16,R,Skaraborgs,Hunnekulla,NA,NA,NA,NA,NA,NA,NA,NA
1529,7697,138307,138307000,77930,138307,hunnestad,{9396A9E3-A0B0-11D3-9E53-009027B0FCE9},SE/138307000,territorial,NA,13,N,Hallands,Hunnestad,Hunnestads församling,Hunnestads,NA,NA,HUNNESTAD,NA,1600,1990
1530,NA,178400,NA,NA,NA,hurud,NA,NA,other,NA,17,S,Värmlands,Hurud,NA,NA,NA,NA,NA,NA,NA,NA
1531,6872,128509,128509000,71380,128509,hurva,{9396A951-A0B0-11D3-9E53-009027B0FCE9},SE/128509000,territorial,NA,12,M,Skåne,Hurva,Hurva församling,Hurva,NA,NA,HURVA,HURVA,1600,1990
1532,NA,232100,NA,NA,NA,husabrukskapell,NA,NA,kapell,NA,23,Z,Jämtlands,Huså bruks kapellförsamling,NA,NA,NA,NA,NA,NA,NA,NA
1533,7771,166113,166113000,58410,166113,husaby,{9396ABF8-A0B0-11D3-9E53-009027B0FCE9},SE/166113000,territorial,NA,16,R,Skaraborgs,Husaby,Husaby församling,Husaby,NA,NA,HUSABY,HUSABY,1600,1990
1534,NA,38000,NA,NA,NA,husabyarnavi,NA,NA,other,NA,3,C,Uppsala,Husaby-ärnavi,NA,NA,NA,NA,NA,NA,NA,NA
1535,NA,48600,NA,NA,NA,husabyaspo,NA,NA,other,NA,4,D,Södermanlands,Husaby aspö,NA,NA,NA,NA,NA,NA,NA,NA
1536,NA,18100,NA,NA,NA,husabyenhorna,NA,NA,other,NA,1,AB,Stockholms,Husaby enhörna,NA,NA,NA,NA,NA,NA,NA,NA
1537,NA,38100,NA,NA,NA,husabygismark,NA,NA,other,NA,3,C,Uppsala,Husaby gismark,NA,NA,NA,NA,NA,NA,NA,NA
1538,NA,38100,NA,NA,NA,husabytrogd,NA,NA,other,NA,3,C,Uppsala,Husabytrögd,NA,NA,NA,NA,NA,NA,NA,NA
1539,NA,18800,NA,NA,NA,husby1,NA,NA,other,1541,1,AB,Stockholms,Husby,NA,NA,NA,NA,NA,NA,NA,NA
1540,NA,19100,NA,NA,NA,husby2,NA,NA,other,1541,1,AB,Stockholms,Husby,NA,NA,NA,NA,NA,NA,NA,NA
1541,8001,208371,208371000,66480,208371,husby9,{9396AE82-A0B0-11D3-9E53-009027B0FCE9},SE/208371000,territorial,NA,20,W,Dalarnas,Husby,Husby församling (W-län),Husby,NA,NA,HUSBY (W-län),HUSBY,1600,1990
1542,NA,38000,NA,NA,NA,husby3,NA,NA,other,1541,3,C,Uppsala,Husby,NA,NA,NA,NA,NA,NA,NA,NA
1543,NA,38100,NA,NA,NA,husby4,NA,NA,other,1541,3,C,Uppsala,Husby,NA,NA,NA,NA,NA,NA,NA,NA
1544,NA,48000,NA,NA,NA,husby5,NA,NA,other,1541,4,D,Södermanlands,Husby,NA,NA,NA,NA,NA,NA,NA,NA
1545,NA,48400,NA,NA,NA,husby6,NA,NA,other,1541,4,D,Södermanlands,Husby,NA,NA,NA,NA,NA,NA,NA,NA
1546,NA,58100,NA,NA,NA,husby7,NA,NA,other,1541,5,E,Östergötlands,Husby,NA,NA,NA,NA,NA,NA,NA,NA
1547,NA,58200,NA,NA,NA,husby8,NA,NA,other,1541,5,E,Östergötlands,Husby,NA,NA,NA,NA,NA,NA,NA,NA
1548,7461,19106,19106000,51700,19106,husarl,{9396A3DB-A0B0-11D3-9E53-009027B0FCE9},SE/019106000,territorial,NA,1,AB,Stockholms,Husby-ärlinghundra,Husby-Ärlinghundra församling,Husby-Ärlinghundra,NA,1885 Husby,HUSBY-ÄRLINGHUNDRA,HUSBY-ÄRLINGHUNDRA,1600,1990
1549,NA,58200,NA,NA,NA,husbyaspvid,NA,NA,other,NA,5,E,Östergötlands,Husby-aspvid,NA,NA,NA,NA,NA,NA,NA,NA
1550,NA,48400,NA,NA,NA,husbybyringe,NA,NA,other,NA,4,D,Södermanlands,Husby byringe,NA,NA,NA,NA,NA,NA,NA,NA
1551,NA,208303,NA,NA,NA,husbykbfd,NA,NA,kbfd,1541,20,W,Dalarnas,Husby kbfd,NA,NA,NA,NA,NA,NA,NA,NA
1552,6183,38037,38037000,51860,38037,huslang,{9396A425-A0B0-11D3-9E53-009027B0FCE9},SE/038037000,territorial,NA,3,C,Uppsala,Husby-långhundra,Husby-Långhundra församling,Husby-Långhundra,NA,1885 Husby,HUSBY-LÅNGHUNDRA,HUSBY-LÅNGHUNDRA,1600,1990
1553,NA,18800,NA,NA,NA,husbylyhundra,NA,NA,other,NA,1,AB,Stockholms,Husby-lyhundra,NA,NA,NA,NA,NA,NA,NA,NA
1554,5850,48026,48026000,62510,48026,husopp,{9396A482-A0B0-11D3-9E53-009027B0FCE9},SE/048026000,territorial,NA,4,D,Södermanlands,Husby-oppunda,Husby-Oppunda församling,Husby-Oppunda,NA,1885 Husby,HUSBY-OPPUNDA,HUSBY-OPPUNDA,1600,1990
1555,6096,48418,48418000,63880,48418,husrek,{9396A4BF-A0B0-11D3-9E53-009027B0FCE9},SE/048418000,territorial,NA,4,D,Södermanlands,Husby-rekarne,Husby-Rekarne församling,Husby-Rekarne,NA,"1885 Husby, Husby Byringe, -1885 Husby, 1885-04-17- Husby-Rekarne",HUSBY-REKARNE,HUSBY-REKARNE,1600,1990
1556,7247,18813,18813000,50720,18813,hushund,{9396A3C2-A0B0-11D3-9E53-009027B0FCE9},SE/018813000,territorial,NA,1,AB,Stockholms,Husby-sjuhundra,Husby-Sjuhundra församling,Husby-Sjuhundra,NA,1885 Husby,HUSBY-SJUHUNDRA,HUSBY-LYHUNDRA,1600,1990
1557,6802,38118,38118000,51450,38118,husbysjut,{9396A43E-A0B0-11D3-9E53-009027B0FCE9},SE/038118000,territorial,NA,3,C,Uppsala,Husby-sjutolft,Husby-Sjutolfts församling,Husby-Sjutolfts,NA,NA,HUSBY-SJUTOLFT,HUSBY-SJUTOLFT,1600,1990
1558,7132,128010,128010000,69530,128010,husie,{9396A8F4-A0B0-11D3-9E53-009027B0FCE9},SE/128010000,territorial,NA,12,M,Skåne,Husie,Husie församling,Husie,NA,NA,HUSIE,HUSIE,1600,1990
1559,8586,68005,68005000,68194,68005,huskvarna,{9396A5C3-A0B0-11D3-9E53-009027B0FCE9},SE/068005000,territorial,NA,6,F,Jönköpings,Huskvarna,Huskvarna församling,Huskvarna,NA,NA,HUSKVARNA,HUSKVARNA,1919,1990
1560,5924,126308,126308000,70440,126308,hyby,{9396A8B1-A0B0-11D3-9E53-009027B0FCE9},SE/126308000,territorial,NA,12,M,Skåne,Hyby,Hyby församling,Hyby,NA,NA,HYBY,HYBY,1600,1990
1561,5841,51305,51305000,56440,51305,hycklinge,{9396A4EC-A0B0-11D3-9E53-009027B0FCE9},SE/051305000,territorial,NA,5,E,Östergötlands,Hycklinge,Hycklinge församling,Hycklinge,NA,NA,HYCKLINGE,HYCKLINGE,1600,1990
1562,6176,68404,68404000,68980,68404,hylletofta,{9396A5FB-A0B0-11D3-9E53-009027B0FCE9},SE/068404000,territorial,NA,6,F,Jönköpings,Hylletofta,Hylletofta församling,Hylletofta,NA,NA,HYLLETOFTA,NA,1600,1990
1563,8766,128016,128016000,69520,128016,hyllie,{9396A8FB-A0B0-11D3-9E53-009027B0FCE9},SE/128016000,territorial,NA,12,M,Skåne,Hyllie,Hyllie församling,Hyllie,NA,NA,HYLLIE,HYLLIE,1969,1990
1564,6913,48202,48202000,62190,48202,hyltinge,{9396A496-A0B0-11D3-9E53-009027B0FCE9},SE/048202000,territorial,NA,4,D,Södermanlands,Hyltinge,Hyltinge församling,Hyltinge,NA,NA,HYLTINGE,HYLTINGE,1600,1990
1565,6747,160212,160212000,58070,160212,hyringa,{9396ABB2-A0B0-11D3-9E53-009027B0FCE9},SE/160212000,territorial,NA,16,R,Skaraborgs,Hyringa,Hyringa församling,Hyringa,NA,NA,HYRINGA,HYRINGA,1600,1990
1566,6221,156305,156305000,76900,156305,hyssna,{9396AAFF-A0B0-11D3-9E53-009027B0FCE9},SE/156305000,territorial,NA,15,P,Älvsborgs,Hyssna,Hyssna församling,Hyssna,NA,NA,HYSSNA,HYSSNA,1600,1990
1568,7665,138410,138410000,77720,138410,idala,{9396AA00-A0B0-11D3-9E53-009027B0FCE9},SE/138410000,territorial,NA,13,N,Hallands,Idala,Idala församling,Idala,NA,NA,IDALA,IDALA,1600,1990
1569,7146,218402,218402000,53900,218402,idenor,{9396AEE1-A0B0-11D3-9E53-009027B0FCE9},SE/218402000,territorial,NA,21,X,Gävleborgs,Idenor,Idenors församling,Idenors,NA,NA,IDENOR,"AGÖ, BÅLSÖ, IDENOR, KRÅKÖ OCH KUGGÖRENS KAP. M.FL.",1600,1990
1570,8182,203905,203905000,66150,203905,idre,{9396AE4E-A0B0-11D3-9E53-009027B0FCE9},SE/203905000,territorial,NA,20,W,Dalarnas,Idre,Idre församling 1652-,Idre,NA,NA,IDRE,IDRE,1652,1990
1571,7813,128110,128110000,70150,128110,igelosa,{9396A90E-A0B0-11D3-9E53-009027B0FCE9},SE/128110000,territorial,NA,12,M,Skåne,Igelösa,Igelösa församling,Igelösa,NA,NA,IGELÖSA,IGELÖSA,1600,1990
1573,NA,158400,NA,NA,NA,igelsered,NA,NA,other,2056,15,P,Älvsborgs,Igelsered,NA,NA,NA,NA,NA,NA,NA,NA
1574,6938,118302,118302000,73930,118302,ignaberga,{9396A84A-A0B0-11D3-9E53-009027B0FCE9},SE/118302000,territorial,NA,11,L,Kristianstads,Ignaberga,Ignaberga församling,Ignaberga,Eknaberga,NA,IGNABERGA,IGNABERGA,1600,1990
1579,7312,213201,213201000,54050,213201,ilsbo,{9396AEA1-A0B0-11D3-9E53-009027B0FCE9},SE/213201000,territorial,NA,21,X,Gävleborgs,Ilsbo,Ilsbo församling,Ilsbo,NA,NA,ILSBO,ILSBO,1600,1990
1580,7422,126501,126501000,71590,126501,ilstorp,{9396A8C0-A0B0-11D3-9E53-009027B0FCE9},SE/126501000,territorial,NA,12,M,Skåne,Ilstorp,Ilstorps församling,Ilstorps,NA,NA,ILSTORP,ILSTORP,1600,1990
1581,6119,228111,228111000,83530,228111,indal,{9396AF12-A0B0-11D3-9E53-009027B0FCE9},SE/228111000,territorial,NA,22,Y,Västernorrlands,Indal,Indals församling,Indals,NA,NA,INDAL,INDAL,1600,1990
1583,NA,158400,NA,NA,NA,ingared,NA,NA,other,1838,15,P,Älvsborgs,Ingared,NA,NA,NA,NA,NA,NA,NA,NA
1584,8323,12005,12005000,52590,12005,ingaro,{9396A330-A0B0-11D3-9E53-009027B0FCE9},SE/012005000,territorial,NA,1,AB,Stockholms,Ingarö,Ingarö församling,Ingarö,Pilhamn,Pilhamn,INGARÖ,INGARÖ,1792,1990
1585,7905,68605,68605000,57460,68605,ingatorp,{9396A61D-A0B0-11D3-9E53-009027B0FCE9},SE/068605000,territorial,NA,6,F,Jönköpings,Ingatorp,Ingatorps församling,Ingatorps,NA,NA,INGATORP,INGATORP,1600,1990
1588,NA,78000,NA,NA,NA,ingelstad1,NA,NA,other,2792,7,G,Kronobergs,Ingelstad,NA,NA,NA,NA,NA,NA,NA,NA
1589,8002,128619,128619000,73050,128619,ingelstorp,{9396A970-A0B0-11D3-9E53-009027B0FCE9},SE/128619000,territorial,NA,12,M,Skåne,Ingelstorp,Ingelstorps församling,Ingelstorps,NA,NA,INGELSTORP,INGELSTORP,1600,1990
1590,NA,18400,NA,NA,NA,invalidk,NA,NA,other,3509,1,AB,Stockholms,Invalidkåren på Ulriksdal,NA,NA,NA,NA,NA,NA,NA,NA
1592,6826,198011,198011000,64790,198011,irsta,{9396ADFD-A0B0-11D3-9E53-009027B0FCE9},SE/198011000,territorial,NA,19,U,Västmanlands,Irsta,Irsta församling,Irsta,NA,NA,IRSTA,IRSTA,1600,1990
1595,7525,156315,156315000,77020,156315,istorp,{9396AB0B-A0B0-11D3-9E53-009027B0FCE9},SE/156315000,territorial,NA,15,P,Älvsborgs,Istorp,Istorps församling,Istorps,NA,NA,ISTORP,ISTORP,1600,1990
1596,6544,168202,168202000,60680,168202,istrum,{9396AC49-A0B0-11D3-9E53-009027B0FCE9},SE/168202000,territorial,NA,16,R,Skaraborgs,Istrum,Istrums församling,Istrums,NA,NA,ISTRUM,ISTRUM,1600,1990
1597,6576,116201,116201000,74320,116201,ivetofta,{9396A7DF-A0B0-11D3-9E53-009027B0FCE9},SE/116201000,territorial,NA,11,L,Kristianstads,Ivetofta,Ivetofta församling,Ivetofta,NA,NA,IVETOFTA,IVETOFTA,1600,1990
1598,6007,118022,118022000,74450,118022,ivo,{9396A818-A0B0-11D3-9E53-009027B0FCE9},SE/118022000,territorial,NA,11,L,Kristianstads,Ivö,Ivö församling,Ivö,NA,NA,IVÖ,NA,1600,1990
1599,7757,48405,48405000,63890,48405,jader,{9396A4B2-A0B0-11D3-9E53-009027B0FCE9},SE/048405000,territorial,NA,4,D,Södermanlands,Jäder,Jäders församling,Jäders,NA,NA,JÄDER,JÄDER,1600,1990
1603,NA,18000,NA,NA,NA,NA,NA,NA,other,NA,1,AB,Stockholms,Jakob,NA,NA,NA,1674 Sankt Jakob,NA,NA,NA,NA
1605,7595,168613,168613000,59130,168613,jala,{9396ACAD-A0B0-11D3-9E53-009027B0FCE9},SE/168613000,territorial,NA,16,R,Skaraborgs,Jäla,Jäla församling,Jäla,NA,NA,JÄLA,NA,1600,1990
1606,7881,156613,156613000,61980,156613,jallby,{9396AB2F-A0B0-11D3-9E53-009027B0FCE9},SE/156613000,territorial,NA,15,P,Älvsborgs,Jällby,Jällby församling,Jällby,Gällby,1910 Hjellby,JÄLLBY,JÄLLBY,1600,1990
1607,7662,131508,131508000,68600,131508,jalluntofta,{9396A99F-A0B0-11D3-9E53-009027B0FCE9},SE/131508000,territorial,NA,13,N,Hallands,Jälluntofta,Jälluntofta församling,Jälluntofta,NA,NA,JÄLLUNTOFTA,NA,1600,1990
1608,7709,108009,108009000,74830,108009,jamsjo,{9396A791-A0B0-11D3-9E53-009027B0FCE9},SE/108009000,territorial,NA,10,K,Blekinge,Jämjö,Jämjö församling,Jämjö,NA,1901 Jemjö,JÄMJÖ,JÄMJÖ,1600,1990
1609,8429,106071,106071000,75230,106071,jamshog,{9396A783-A0B0-11D3-9E53-009027B0FCE9},SE/106071000,territorial,NA,10,K,Blekinge,Jämshög,Jämshögs församling,Jämshögs,"Gämsö, Gemsjö",28 enligt KBr Jemshög och ej Gemsjö,JÄMSHÖG,JÄMSHÖG,1863,1990
1610,NA,106002,NA,NA,NA,jamshogskbfd,NA,NA,kbfd,1609,10,K,Blekinge,Jämshögs kbfd,NA,NA,NA,NA,NA,NA,NA,NA
1611,NA,68000,NA,NA,NA,jara,NA,NA,other,2385,6,F,Jönköpings,Jära,NA,NA,Jädra,NA,NA,NA,NA,NA
1612,7326,150704,150704000,81710,150704,jarbo1,{9396AAB1-A0B0-11D3-9E53-009027B0FCE9},SE/150704000,territorial,NA,15,P,Älvsborgs,Järbo,Järbo församling (P-län),Järbo,Runnsäter,"Järbo., Järboda, Jernboda, Jerbo, 1877- Järbo",JÄRBO (P-län),JÄRBO,1600,1990
1613,8424,218103,218103000,53410,218103,jarbo,{9396AEC3-A0B0-11D3-9E53-009027B0FCE9},SE/218103000,territorial,NA,21,X,Gävleborgs,Järbo,Järbo församling (X-län),Järbo,Jäderbo,"10 fastställt Järbo, -1906 även Jäderbo",JÄRBO (X-län),JÄRBO,1862,1990
1614,5886,86004,86004000,56320,86004,jareda,{9396A6B2-A0B0-11D3-9E53-009027B0FCE9},SE/086004000,territorial,NA,8,H,Kalmar,Järeda,Järeda församling,Järeda,NA,NA,JÄREDA,JÄREDA,1600,1990
1615,6065,12301,12301000,52230,12301,jarfalla,{9396A333-A0B0-11D3-9E53-009027B0FCE9},SE/012301000,territorial,NA,1,AB,Stockholms,Järfälla,Järfälla församling,Järfälla,Gerfälle,NA,JÄRFÄLLA,JÄRFÄLLA,1600,1990
1616,NA,12300,NA,NA,NA,jarfallanorrkbfd,NA,NA,kbfd,1615,1,AB,Stockholms,Järfälla norra kbfd,NA,NA,NA,NA,NA,NA,NA,NA
1617,NA,12300,NA,NA,NA,jarfallasodkbfd,NA,NA,kbfd,1615,1,AB,Stockholms,Järfälla södra kbfd,NA,NA,NA,NA,NA,NA,NA,NA
1618,7120,38017,38017000,50960,38017,jarlasa,{9396A411-A0B0-11D3-9E53-009027B0FCE9},SE/038017000,territorial,NA,3,C,Uppsala,Järlåsa,Järlåsa församling,Järlåsa,NA,NA,JÄRLÅSA,JÄRLÅSA,1600,1990
1619,6349,156102,156102000,81560,156102,jarn,{9396AAEC-A0B0-11D3-9E53-009027B0FCE9},SE/156102000,territorial,NA,15,P,Älvsborgs,Järn,Järns församling,Järns,NA,1901 Jern,JÄRN,NA,1600,1990
1620,NA,18100,NA,NA,NA,jarna1,NA,NA,other,1621,1,AB,Stockholms,Järna,NA,NA,NA,NA,NA,NA,NA,NA
1621,7624,202171,202171000,65730,202171,jarna2,{9396AE2F-A0B0-11D3-9E53-009027B0FCE9},SE/202171000,territorial,NA,20,W,Dalarnas,Järna,Järna församling (W-län),Järna,NA,1901 Jerna,JÄRNA (W-län),JÄRNA,1600,1990
1622,NA,202101,NA,NA,NA,jarnakbfd,NA,NA,kbfd,1621,20,W,Dalarnas,Järna kbfd,NA,NA,NA,NA,NA,NA,NA,NA
1623,8201,188403,188403000,65490,188403,jarnboas,{9396ADBB-A0B0-11D3-9E53-009027B0FCE9},SE/188403000,territorial,NA,18,T,Örebro,Järnboås,Järnboås församling,Järnboås,NA,1901 Jernboås,JÄRNBOÅS,JÄRNBOÅS,1660,1990
1624,6535,173003,173003000,80720,173003,jarnskog,{9396ACDC-A0B0-11D3-9E53-009027B0FCE9},SE/173003000,territorial,NA,17,S,Värmlands,Järnskog,Järnskogs församling,Järnskogs,NA,1901 Jernskog,JÄRNSKOG,JÄRNSKOG,1600,1990
1625,7389,168103,168103000,57676,168103,jarpas,{9396AC27-A0B0-11D3-9E53-009027B0FCE9},SE/168103000,territorial,NA,16,R,Skaraborgs,Järpås,Järpås församling,Järpås,NA,1901 Hjerpås,JÄRPÅS,VEDUM,1600,1990
1626,7241,118104,118104000,72860,118104,jarrestad,{9396A82A-A0B0-11D3-9E53-009027B0FCE9},SE/118104000,territorial,NA,11,L,Kristianstads,Järrestad,Järrestads församling,Järrestads,NA,1901 Jerrestad,JÄRRESTAD,JÄRRESTAD,1600,1990
1627,6997,68013,68013000,68170,68013,jarsnas,{9396A5CF-A0B0-11D3-9E53-009027B0FCE9},SE/068013000,territorial,NA,6,F,Jönköpings,Järsnäs,Järsnäs församling,Järsnäs,NA,1901- Jersnäs,JÄRSNÄS,JÄRSNÄS,1600,1990
1628,6443,58606,58606000,54460,58606,jarstad,{9396A588-A0B0-11D3-9E53-009027B0FCE9},SE/058606000,territorial,NA,5,E,Östergötlands,Järstad,Järstads församling,Järstads,Gerstad,1901 Jerstad,JÄRSTAD,JÄRSTAD,1600,1990
1629,6181,68004,68004000,68220,68004,jarstorp,{9396A5C2-A0B0-11D3-9E53-009027B0FCE9},SE/068004000,territorial,NA,6,F,Jönköpings,Järstorp,Järstorps församling,Järstorps,NA,NA,JÄRSTORP,JÄRSTORP,1600,1990
1630,6950,216107,216107000,53750,216107,jarvso,{9396AEB2-A0B0-11D3-9E53-009027B0FCE9},SE/216107000,territorial,NA,21,X,Gävleborgs,Järvsö,Järvsö församling,Järvsö,NA,NA,JÄRVSÖ,JÄRVSÖ,1600,1990
1631,6714,78011,78011000,66960,78011,jat,{9396A668-A0B0-11D3-9E53-009027B0FCE9},SE/078011000,territorial,NA,7,G,Kronobergs,Jät,Jäts församling,Jäts,NA,NA,JÄT,JÄT,1600,1990
1633,6958,213203,213203000,53980,213203,jattendal,{9396AEA3-A0B0-11D3-9E53-009027B0FCE9},SE/213203000,territorial,NA,21,X,Gävleborgs,Jättendal,Jättendals församling,Jättendals,NA,NA,JÄTTENDAL,JÄTTENDAL,1600,1990
1641,8520,18004,18004000,85570,18004,johannes1,{9396A36B-A0B0-11D3-9E53-009027B0FCE9},SE/018004000,territorial,NA,1,AB,Stockholms,Johannes,Johannes församling,Johannes,NA,NA,JOHANNES,"SANKT JOHANNIS, STOCKHOLM",1907,1990
1645,8705,251002,251002000,83200,251002,jokkmokk,{9396B005-A0B0-11D3-9E53-009027B0FCE9},SE/251002000,territorial,NA,25,BD,Norrbottens,Jokkmokk,Jokkmokks församling,Jokkmokks,NA,NA,JOKKMOKK,JOKKMOKK,1962,1990
1646,NA,251000,NA,NA,NA,jokkmokkskbfd,NA,NA,kbfd,1645,25,BD,Norrbottens,Jokkmokks kbfd,NA,NA,NA,NA,NA,NA,NA,NA
1649,NA,68000,NA,NA,NA,jonkopingshospital,NA,NA,hospital,NA,6,F,Jönköpings,Jönköpings hospitalsförsamling,NA,NA,NA,NA,NA,NA,NA,NA
1650,7164,68002,68002000,68100,68002,jankris,{9396A5C0-A0B0-11D3-9E53-009027B0FCE9},SE/068002000,territorial,NA,6,F,Jönköpings,Jönköpings Kristina,Jönköpings Kristina församling,Jönköpings Kristina,"Jönköping, Jönköpings östra, Jönköpings stadsförsamling, Kristina",1851 Jönköping,JÖNKÖPINGS KRISTINA,JÖNKÖPINGS ÖSTRA (KRISTINE),1600,1990
1653,6928,68001,68001000,68110,68001,jansofia,{9396A5BF-A0B0-11D3-9E53-009027B0FCE9},SE/068001000,territorial,NA,6,F,Jönköpings,Jönköpings Sofia,Jönköpings Sofia församling,Jönköpings Sofia,"Jönköpings Slottsförsamling, Jönköpings västra, Sofia",1921 Jönköpings västra,JÖNKÖPINGS SOFIA,JÖNKÖPINGS VÄSTRA (SOFIA),1600,1990
1656,6998,58127,58127000,55370,58127,jonsberg,{9396A552-A0B0-11D3-9E53-009027B0FCE9},SE/058127000,territorial,NA,5,E,Östergötlands,Jonsberg,Jonsbergs församling,Jonsbergs,NA,NA,JONSBERG,JONSBERGS KAPELLFÖRSAMLING,1600,1990
1657,NA,140202,NA,NA,NA,jonseredskbm,NA,NA,kbfd,2864,14,O,Västra Götalands,Jonsereds kbfd,NA,NA,NA,NA,NA,NA,NA,NA
1658,6138,128405,128405000,72500,128405,jonstorp,{9396A945-A0B0-11D3-9E53-009027B0FCE9},SE/128405000,territorial,NA,12,M,Skåne,Jonstorp,Jonstorps församling,Jonstorps,NA,NA,JONSTORP,JONSTORP,1600,1990
1659,7569,141505,141505000,76000,141505,jorlanda,{9396AA16-A0B0-11D3-9E53-009027B0FCE9},SE/141505000,territorial,NA,14,O,Västra Götalands,Jörlanda,Jörlanda församling,Jörlanda,NA,NA,JÖRLANDA,JÖRLANDA,1600,1990
1660,8383,248209,248209000,83010,248209,jorn,{9396AFF8-A0B0-11D3-9E53-009027B0FCE9},SE/248209000,territorial,NA,24,AC,Västerbottens,Jörn,Jörns församling,Jörns,NA,NA,JÖRN,JÖRN,1834,1990
1661,NA,248200,NA,NA,NA,jornsostkbfd,NA,NA,kbfd,1660,24,AC,Västerbottens,Jörns östra kbfd,NA,NA,NA,NA,NA,NA,NA,NA
1662,NA,248200,NA,NA,NA,jornsvastkbfd,NA,NA,kbfd,1660,24,AC,Västerbottens,Jörns västra kbfd,NA,NA,NA,NA,NA,NA,NA,NA
1665,8550,258401,258401000,83350,258401,jukkajarvi,{9396B04A-A0B0-11D3-9E53-009027B0FCE9},SE/258401000,territorial,NA,25,BD,Norrbottens,Jukkasjärvi,Jukkasjärvi församling,Jukkasjärvi,"Kiruna, Simojärvi",1673 Simojärvi,JUKKASJÄRVI,JUKKASJÄRVI,1913,1990
1666,6302,48308,48308000,62620,48308,julita,{9396A4A9-A0B0-11D3-9E53-009027B0FCE9},SE/048308000,territorial,NA,4,D,Södermanlands,Julita,Julita församling,Julita,NA,NA,JULITA,JULITA,1600,1990
1668,6152,38018,38018000,52750,38018,jumkil,{9396A412-A0B0-11D3-9E53-009027B0FCE9},SE/038018000,territorial,NA,3,C,Uppsala,Jumkil,Jumkils församling,Jumkils,NA,NA,JUMKIL,JUMKIL,1600,1990
1669,6584,166027,166027000,57800,166027,jung,{9396ABE5-A0B0-11D3-9E53-009027B0FCE9},SE/166027000,territorial,NA,16,R,Skaraborgs,Jung,Jungs församling,Jungs,NA,NA,JUNG,JUNG,1600,1990
1670,8563,252106,252106000,83344,252106,junosuando,{9396B022-A0B0-11D3-9E53-009027B0FCE9},SE/252106000,territorial,NA,25,BD,Norrbottens,Junosuando,Junosuando församling,Junosuando,NA,NA,JUNOSUANDO,JUNOSUANDO,1914,1990
1671,6757,228309,228309000,82340,228309,junsele,{9396AF2B-A0B0-11D3-9E53-009027B0FCE9},SE/228309000,territorial,NA,22,Y,Västernorrlands,Junsele,Junsele församling,Junsele,NA,NA,JUNSELE,JUNSELE,1600,1990
1673,NA,18400,NA,NA,NA,NA,NA,NA,other,NA,1,AB,Stockholms,Kadettkåren,NA,NA,NA,NA,NA,NA,NA,NA
1674,5825,58006,58006000,54160,58006,kaga,{9396A514-A0B0-11D3-9E53-009027B0FCE9},SE/058006000,territorial,NA,5,E,Östergötlands,Kaga,Kaga församling,Kaga,NA,NA,KAGA,KAGA,1600,1990
1675,8628,248206,248206000,82986,248206,kagedalen,{9396AFF4-A0B0-11D3-9E53-009027B0FCE9},SE/248206000,territorial,NA,24,AC,Västerbottens,Kågedalen,Kågedalens församling,Kågedalens,NA,NA,KÅGEDALEN,KÅGEDALEN,1933,1990
1676,7947,121405,121405000,72660,121405,kagerod,{9396A866-A0B0-11D3-9E53-009027B0FCE9},SE/121405000,territorial,NA,12,M,Skåne,Kågeröd,Kågeröds församling,Kågeröds,NA,NA,KÅGERÖD,KÅGERÖD,1600,1990
1679,7331,232104,232104000,83930,232104,kall,{9396AF74-A0B0-11D3-9E53-009027B0FCE9},SE/232104000,territorial,NA,23,Z,Jämtlands,Kall,Kalls församling,Kalls,NA,NA,KALL,KALL,1600,1990
1680,7336,88515,88515000,79320,88515,kalla,{9396A71B-A0B0-11D3-9E53-009027B0FCE9},SE/088515000,territorial,NA,8,H,Kalmar,Källa,Källa församling,Källa,NA,NA,KÄLLA,KÄLLA,1600,1990
1681,5789,168107,168107000,59560,168107,kallandsasaka,{9396AC2B-A0B0-11D3-9E53-009027B0FCE9},SE/168107000,territorial,NA,16,R,Skaraborgs,Kållands-Åsaka,Kållands-Åsaka församling,Kållands-Åsaka,Åsaka,1885 Åsaka,KÅLLANDS-ÅSAKA,NA,1600,1990
1684,6340,166112,166112000,58370,166112,kallby,{9396ABF7-A0B0-11D3-9E53-009027B0FCE9},SE/166112000,territorial,NA,16,R,Skaraborgs,Källby,Källby församling,Källby,NA,NA,KÄLLBY,KÄLLBY,1600,1990
1685,7717,148102,148102000,75500,148102,kallered,{9396AA7A-A0B0-11D3-9E53-009027B0FCE9},SE/148102000,territorial,NA,14,O,Västra Götalands,Kållered,Kållereds församling,Kållereds,NA,NA,KÅLLERED,KÅLLERED,1600,1990
1686,5788,66215,66215000,68790,66215,kallerstad,{9396A5B5-A0B0-11D3-9E53-009027B0FCE9},SE/066215000,territorial,NA,6,F,Jönköpings,Kållerstad,Kållerstads församling,Kållerstads,NA,NA,KÅLLERSTAD,KÅLLERSTAD,1600,1990
1687,6173,61701,61701000,68750,61701,kalleryd,{9396A5A1-A0B0-11D3-9E53-009027B0FCE9},SE/061701000,territorial,NA,6,F,Jönköpings,Källeryd,Källeryds församling,Källeryds,NA,NA,KÄLLERYD,KÄLLERYD,1600,1990
1688,NA,108102,NA,NA,NA,kallingekb,NA,NA,kbfd,3016,10,K,Blekinge,Kallinge kbfd,NA,NA,Bredåkra kyrkoområde,1941 Bredåkra kyrkoområde,NA,NA,NA,NA
1689,6525,116600,116607002,73440,116607,kallna,{9396A7F3-A0B0-11D3-9E53-009027B0FCE9},SE/116607002,territorial,NA,11,L,Kristianstads,Källna,Källna församling,Källna,NA,1901 Kellna,KÄLLNA,ÖSTRA LJUNGBY,1600,1976
1690,7083,138222,138222000,78120,138222,kallsjo,{9396A9D9-A0B0-11D3-9E53-009027B0FCE9},SE/138222000,territorial,NA,13,N,Hallands,Källsjö,Källsjö församling,Källsjö,NA,NA,KÄLLSJÖ,KÄLLSJÖ,1600,1990
1691,7912,121409,121409000,72320,121409,kallsnob,{9396A86A-A0B0-11D3-9E53-009027B0FCE9},SE/121409000,territorial,NA,12,M,Skåne,Källs-Nöbbelöv,Källs-Nöbbelövs församling,Källs-Nöbbelövs,Nöbbelöv,1922 Kells-Nöbbelöv,KÄLLS-NÖBBELÖV,KÄLLS-NÖBBELÖV,1600,1990
1692,6019,58407,58407000,54760,58407,kallstad,{9396A57C-A0B0-11D3-9E53-009027B0FCE9},SE/058407000,territorial,NA,5,E,Östergötlands,Källstad,Källstads församling,Källstads,NA,NA,KÄLLSTAD,KÄLLSTAD,1600,1990
1693,NA,121400,NA,NA,NA,NA,NA,NA,other,1694,12,M,Skåne,Källstorp,NA,NA,NA,NA,NA,NA,NA,NA
1694,7586,128727,128727000,70690,128727,kallstorp,{9396A991-A0B0-11D3-9E53-009027B0FCE9},SE/128727000,territorial,NA,12,M,Skåne,Källstorp,Källstorps församling,Källstorps,NA,1909 Kellstorp,KÄLLSTORP,KÄLLSTORP,1600,1990
1695,6776,156608,156608000,61650,156608,kallunga,{9396AB28-A0B0-11D3-9E53-009027B0FCE9},SE/156608000,territorial,NA,15,P,Älvsborgs,Källunga,Källunga församling,Källunga,Tjälunga,NA,KÄLLUNGA,NA,1600,1990
1696,7642,98023,98023000,84430,98023,kallunge,{9396A73A-A0B0-11D3-9E53-009027B0FCE9},SE/098023000,territorial,NA,9,I,Gotlands,Källunge,Källunge församling,Källunge,NA,NA,KÄLLUNGE,KÄLLUNGE,1600,1990
1697,6472,30501,30501000,52030,30501,kalmar,{9396A3E9-A0B0-11D3-9E53-009027B0FCE9},SE/030501000,territorial,NA,3,C,Uppsala,Kalmar,Kalmars församling,Kalmars,NA,NA,KALMAR,KALMAR,1600,1990
1699,8833,88001,88001000,78740,88001,kaldom,{9396A6C3-A0B0-11D3-9E53-009027B0FCE9},SE/088001000,territorial,NA,8,H,Kalmar,Kalmar domkyrkoförsamling,Kalmar domkyrkoförsamling,Kalmar domkyrkoförsamling,Kalmar,1884 Kalmar domkyrkoförsamling eller Kalmar stadsförsamling,KALMAR DOMKYRKO,KALMAR DOMKYRKOFÖRSAMLING,1989,1990
1700,7951,88000,88001002,78740,88001,kalmarlands,{9396A6C5-A0B0-11D3-9E53-009027B0FCE9},SE/088001002,territorial,NA,8,H,Kalmar,Kalmar landsförsamling,Kalmar landsförsamling,Kalmar landsförsamling,Sankta Gertrud,NA,KALMAR LANDS,KALMAR DOMKYRKOFÖRSAMLING,1600,1924
1701,NA,88000,NA,NA,NA,kalmarmosai,NA,NA,mosaiska,1697,8,H,Kalmar,Kalmar mosaiska,NA,NA,NA,NA,NA,NA,NA,NA
1702,8834,88015,88015000,0,88015,kalsanjoh,{9396A6D8-A0B0-11D3-9E53-009027B0FCE9},SE/088015000,territorial,NA,8,H,Kalmar,Kalmar Sankt Johannes,Kalmar Sankt Johannes församling,Kalmar Sankt Johannes,"Johannes, Sankt Johannes",NA,KALMAR SANKT JOHANNES,NA,1989,1990
1703,NA,88000,NA,NA,NA,kalmarslotts,NA,NA,slott,1697,8,H,Kalmar,Kalmar slottsförsamling,NA,NA,NA,NA,NA,NA,NA,NA
1705,NA,88000,NA,NA,NA,kalmartyska,NA,NA,other,NA,8,H,Kalmar,Kalmar tyska,NA,NA,NA,NA,NA,NA,NA,NA
1706,7473,156505,156505000,77480,156505,kalv,{9396AB15-A0B0-11D3-9E53-009027B0FCE9},SE/156505000,territorial,NA,15,P,Älvsborgs,Kalv,Kalvs församling,Kalvs,NA,NA,KALV,KALV,1600,1990
1707,6855,168625,168625000,59330,168625,kalvene,{9396ACB8-A0B0-11D3-9E53-009027B0FCE9},SE/168625000,territorial,NA,16,R,Skaraborgs,Kälvene,Kälvene församling,Kälvene,NA,NA,KÄLVENE,KÄLVENE,1600,1990
1709,7253,78012,78012000,66950,78012,kalvsvik,{9396A669-A0B0-11D3-9E53-009027B0FCE9},SE/078012000,territorial,NA,7,G,Kronobergs,Kalvsvik,Kalvsviks församling,Kalvsviks,NA,NA,KALVSVIK,KALVSVIK,1600,1990
1710,8591,248212,248212000,83022,248212,kalvtrask,{9396AFFC-A0B0-11D3-9E53-009027B0FCE9},SE/248212000,territorial,NA,24,AC,Västerbottens,Kalvträsk,Kalvträsks församling,Kalvträsks,NA,NA,KALVTRÄSK,KALVTRÄSK,1919,1990
1711,NA,58400,NA,NA,NA,kammarduksfabriken,NA,NA,other,NA,5,E,Östergötlands,Kammarduksfabriken i Vadstena,NA,NA,NA,NA,NA,NA,NA,NA
1713,NA,123300,NA,NA,NA,kampinge,NA,NA,other,2937,12,M,Skåne,Kämpinge,NA,NA,NA,NA,NA,NA,NA,NA
1714,7430,78107,78107000,67490,78107,kanna,{9396A681-A0B0-11D3-9E53-009027B0FCE9},SE/078107000,territorial,NA,7,G,Kronobergs,Kånna,Kånna församling,Kånna,Qvanna,NA,KÅNNA,KÅNNA,1600,1990
1717,7282,168117,168117000,59640,168117,karaby3,{9396AC35-A0B0-11D3-9E53-009027B0FCE9},SE/168117000,territorial,NA,16,R,Skaraborgs,Karaby,Karaby församling (R-län),Karaby,NA,NA,KARABY (R-län),KARABY,1600,1990
1718,8235,196202,196202000,66670,196202,karbenning,{9396ADEF-A0B0-11D3-9E53-009027B0FCE9},SE/196202000,territorial,NA,19,U,Västmanlands,Karbenning,Karbennings församling,Karbennings,NA,NA,KARBENNING,KARBENNING,1686,1990
1719,8601,216105,216105000,53790,216105,karbole,{9396AEB0-A0B0-11D3-9E53-009027B0FCE9},SE/216105000,territorial,NA,21,X,Gävleborgs,Kårböle,Kårböle församling,Kårböle,NA,NA,KÅRBÖLE,KÅRBÖLE KAPELLAG I FÄRILA,1923,1990
1720,7487,68304,68304000,68380,68304,karda,{9396A5EA-A0B0-11D3-9E53-009027B0FCE9},SE/068304000,territorial,NA,6,F,Jönköpings,Kärda,Kärda församling,Kärda,NA,NA,KÄRDA,KÄRDA,1600,1990
1721,6583,148209,148209000,75900,148209,kareby,{9396AA85-A0B0-11D3-9E53-009027B0FCE9},SE/148209000,territorial,NA,14,O,Västra Götalands,Kareby,Kareby församling,Kareby,Karreby,NA,KAREBY,KAREBY,1600,1990
1722,8045,258403,258403000,83360,258403,kares,{9396B04D-A0B0-11D3-9E53-009027B0FCE9},SE/258403000,territorial,NA,25,BD,Norrbottens,Karesuando,Karesuando församling,Karesuando,Enontekis,1907 växlande Enontekis eller Karesuando,KARESUANDO,KARESUANDO (ENONTEKI),1606,1990
1723,8329,142108,142108000,76180,142108,karingon,{9396AA26-A0B0-11D3-9E53-009027B0FCE9},SE/142108000,territorial,NA,14,O,Västra Götalands,Käringön,Käringöns församling,Käringöns,NA,NA,KÄRINGÖN,KÄRINGÖN,1795,1990
1724,7368,176503,176503000,80810,176503,karlanda,{9396AD06-A0B0-11D3-9E53-009027B0FCE9},SE/176503000,territorial,NA,17,S,Värmlands,Karlanda,Karlanda församling,Karlanda,NA,NA,KARLANDA,KARLANDA,1600,1990
1726,6497,168620,168620000,59210,168620,karleby,{9396ACB3-A0B0-11D3-9E53-009027B0FCE9},SE/168620000,territorial,NA,16,R,Skaraborgs,Karleby,Karleby församling,Karleby,NA,NA,KARLEBY,KARLEBY,1600,1990
1728,6364,138323,138323000,77080,138323,karlgustav1,{9396A9F3-A0B0-11D3-9E53-009027B0FCE9},SE/138323000,territorial,NA,13,N,Hallands,Karl Gustav,Karl Gustavs församling,Karl Gustavs,Skedeskamma,1828 Skedeskamma,KARL GUSTAV,KARL GUSTAV (SKEDESKAMMA),1600,1990
1729,8278,258304,258304000,83310,258304,karlgustav,{9396B048-A0B0-11D3-9E53-009027B0FCE9},SE/258304000,territorial,NA,25,BD,Norrbottens,Karl Gustav,Karl Gustavs församling (Bd-län),Karl Gustavs,Karungi,1783 Karungi kapellag,KARL GUSTAV (BD-län),KARL GUSTAF,1745,1990
1731,8469,163701,163701000,60440,163701,karlsborg,{9396ABC8-A0B0-11D3-9E53-009027B0FCE9},SE/163701000,territorial,NA,16,R,Skaraborgs,Karlsborg,Karlsborgs församling,Karlsborgs,NA,NA,KARLSBORG,KARLSBORGS GARNISONSFÖRSAMLING,1885,1990
1732,NA,163700,NA,NA,NA,karlsgarn,NA,NA,garrison,1731,16,R,Skaraborgs,Karlsborgs garnisonsförsamling,NA,NA,Vanäs,1832 Vanäs,NA,NA,NA,NA
1733,NA,188300,NA,NA,NA,karisdal,NA,NA,other,1736,18,T,Örebro,Karlsdal,NA,NA,NA,NA,NA,NA,NA,NA
1734,8207,108201,108201000,75140,108201,karlshamn,{9396A7AC-A0B0-11D3-9E53-009027B0FCE9},SE/108201000,territorial,NA,10,K,Blekinge,Karlshamn,Karlshamns församling,Karlshamns,NA,NA,KARLSHAMN,FRISHOLMENS KASTELLFÖRSAMLING,1664,1990
1736,8460,188301,188301000,80110,188301,karlskoga,{9396ADB7-A0B0-11D3-9E53-009027B0FCE9},SE/188301000,territorial,NA,18,T,Örebro,Karlskoga,Karlskoga församling,Karlskoga,Möckelsbodar,NA,KARLSKOGA,KARLSKOGA,1883,1990
1737,NA,108002,NA,NA,NA,karlamiral,NA,NA,other,NA,10,K,Blekinge,Karlskrona Amiralitetsförsamling,NA,NA,NA,NA,NA,NA,NA,NA
1738,NA,108000,NA,NA,NA,karlskronafangfors,NA,NA,other,NA,10,K,Blekinge,Karlskrona fångförsamling,NA,NA,NA,NA,NA,NA,NA,NA
1740,NA,108000,NA,NA,NA,karlskronamosai,NA,NA,mosaiska,NA,10,K,Blekinge,Karlskrona mosaiska,NA,NA,NA,NA,NA,NA,NA,NA
1741,8743,108001,108001000,74760,108001,karlstads,{9396A786-A0B0-11D3-9E53-009027B0FCE9},SE/108001000,territorial,NA,10,K,Blekinge,Karlskrona stadsförsamling,Karlskrona stadsförsamling,Karlskrona stadsförsamling,"Karlskrona Storkyrkoförsamling, Storkyrkoförsamlingen",1846 Karlskrona Storkyrkoförsamling,KARLSKRONA STAD,KARLSKRONA TYSKA,1964,1990
1743,NA,108000,NA,NA,NA,karltyska,NA,NA,other,258,10,K,Blekinge,Karlskrona tyska,NA,NA,Karlskrona Fredrika Dorotea Vilhelmina,NA,NA,NA,NA,NA
1744,NA,18800,NA,NA,NA,kariskyrka1,NA,NA,other,NA,1,AB,Stockholms,Karlskyrka,NA,NA,NA,NA,NA,NA,NA,NA
1746,8176,88014,88014000,79170,88014,karlun,{9396A6D7-A0B0-11D3-9E53-009027B0FCE9},SE/088014000,territorial,NA,8,H,Kalmar,Karlslunda,Karlslunda församling,Karlslunda,NA,1873 Arby kapell,KARLSLUNDA,KARLSLUNDA (ARBY),1650,1990
1748,8718,178001,178001000,79830,178001,karldomkyrk,{9396AD16-A0B0-11D3-9E53-009027B0FCE9},SE/178001000,territorial,NA,17,S,Värmlands,Karlstads domkyrkoförsamling,Karlstads domkyrkoförsamling,Karlstads domkyrkoförsamling,"Karlstad, Karlstads stadsförsamling",1933 Karlstads stadsförsamling,KARLSTADS DOMKYRKO,KARLSTAD,1962,1990
1749,NA,178000,NA,NA,NA,karlanfor,NA,NA,other,NA,17,S,Värmlands,Karlstads landsförsamling,NA,NA,Tingvalla,1584 Tingvalla,NA,NA,NA,NA
1751,NA,148200,NA,NA,NA,karlstensslottsf,NA,NA,slott,2297,14,O,Västra Götalands,Karlstens slottsförsamling,NA,NA,NA,NA,NA,NA,NA,NA
1752,7933,68517,68517000,69220,68517,karlstorp,{9396A610-A0B0-11D3-9E53-009027B0FCE9},SE/068517000,territorial,NA,6,F,Jönköpings,Karlstorp,Karlstorps församling,Karlstorps,NA,NA,KARLSTORP,KARLSTORP,1600,1990
1753,6058,58005,58005000,54150,58005,karna,{9396A513-A0B0-11D3-9E53-009027B0FCE9},SE/058005000,territorial,NA,5,E,Östergötlands,Kärna,Kärna församling,Kärna,NA,NA,KÄRNA,KÄRNA,1600,1990
1754,7967,48600,48604001,54150,48604,karnbo,{9396A4CB-A0B0-11D3-9E53-009027B0FCE9},SE/048604001,territorial,NA,4,D,Södermanlands,Kärnbo,Kärnbo församling,Kärnbo,Kjermbo,"24 enligt KMt Kärnbo., Kjermbo, 1924-02-24 enligt KMt Kärnbo",KÄRNBO,KÄRNA,1600,1966
1756,NA,128000,NA,NA,NA,karoli,NA,NA,other,NA,12,M,Skåne,Karoli,NA,NA,NA,NA,NA,NA,NA,NA
1757,7275,158402,158402000,59100,158402,karrakra,{9396AB7B-A0B0-11D3-9E53-009027B0FCE9},SE/158402000,territorial,NA,15,P,Älvsborgs,Kärråkra,Kärråkra församling,Kärråkra,NA,NA,KÄRRÅKRA,KÄRRÅKRA,1600,1990
1758,7983,198012,198012000,64840,198012,karrbo,{9396ADFE-A0B0-11D3-9E53-009027B0FCE9},SE/198012000,territorial,NA,19,U,Västmanlands,Kärrbo,Kärrbo församling,Kärrbo,NA,NA,KÄRRBO,KÄRRBO,1600,1990
1759,NA,116700,NA,NA,NA,karreberga,NA,NA,other,1936,11,L,Kristianstads,Kärreberga,NA,NA,NA,NA,NA,NA,NA,NA
1763,7900,11505,11505000,51880,11505,karsta,{9396A31A-A0B0-11D3-9E53-009027B0FCE9},SE/011505000,territorial,NA,1,AB,Stockholms,Kårsta,Kårsta församling,Kårsta,NA,NA,KÅRSTA,KÅRSTA,1600,1990
1765,NA,116800,NA,NA,NA,karup,NA,NA,other,NA,11,L,Kristianstads,Karup,NA,NA,NA,NA,NA,NA,NA,NA
1766,7456,84006,84006000,79670,84006,kastlosa,{9396A6A1-A0B0-11D3-9E53-009027B0FCE9},SE/084006000,territorial,NA,8,H,Kalmar,Kastlösa,Kastlösa församling,Kastlösa,NA,NA,KASTLÖSA,KASTLÖSA,1600,1990
1767,8575,18015,18015000,85590,18015,katarina,{9396A378-A0B0-11D3-9E53-009027B0FCE9},SE/018015000,territorial,NA,1,AB,Stockholms,Katarina,Katarina församling,Katarina,"Sankta Katarina, Sankt Katarina",1907 Sankt Katarina,KATARINA,"SANKT KATARINA, STOCKHOLM",1917,1990
1768,NA,218300,NA,NA,NA,katrineberg,NA,NA,other,426,21,X,Gävleborgs,Katrineberg,NA,NA,NA,NA,NA,NA,NA,NA
1769,8702,48301,48301000,62632,48301,katrineholm,{9396A4A1-A0B0-11D3-9E53-009027B0FCE9},SE/048301000,territorial,NA,4,D,Södermanlands,Katrineholm,Katrineholms församling,Katrineholms,NA,NA,KATRINEHOLM,KATRINEHOLM,1961,1990
1771,6052,126408,126408000,71030,126408,katslosa,{9396A8BA-A0B0-11D3-9E53-009027B0FCE9},SE/126408000,territorial,NA,12,M,Skåne,Katslösa,Katslösa församling,Katslösa,NA,NA,KATSLÖSA,NA,1600,1990
1772,6539,128305,128305000,72520,128305,kattarp,{9396A932-A0B0-11D3-9E53-009027B0FCE9},SE/128305000,territorial,NA,12,M,Skåne,Kattarp,Kattarps församling,Kattarps,NA,NA,KATTARP,KATTARP,1600,1990
1773,7334,51308,51308000,56410,51308,kattilstad,{9396A4EF-A0B0-11D3-9E53-009027B0FCE9},SE/051308000,territorial,NA,5,E,Östergötlands,Kättilstad,Kättilstads församling,Kättilstads,NA,NA,KÄTTILSTAD,KÄTTILSTAD,1600,1990
1774,7239,48000,48029002,63160,48029,kattnas,{9396A487-A0B0-11D3-9E53-009027B0FCE9},SE/048029002,territorial,NA,4,D,Södermanlands,Kattnäs,Kattnäs församling,Kattnäs,Katrinenäs,Katrinenäs,KATTNÄS,KATTNÄS,1600,1958
1775,7078,156300,156312002,76992,156312,kattunga,{9396AB08-A0B0-11D3-9E53-009027B0FCE9},SE/156312002,territorial,NA,15,P,Älvsborgs,Kattunga,Kattunga församling,Kattunga,NA,NA,KATTUNGA,SURTEBY,1600,1925
1776,NA,252100,NA,NA,NA,kaunisvaarakbfd,NA,NA,kbfd,2862,25,BD,Norrbottens,Kaunisvaara kbfd,NA,NA,NA,NA,NA,NA,NA,NA
1777,7148,126101,126101000,72050,126101,kavlinge,{9396A897-A0B0-11D3-9E53-009027B0FCE9},SE/126101000,territorial,NA,12,M,Skåne,Kävlinge,Kävlinge församling,Kävlinge,NA,NA,KÄVLINGE,KÄVLINGE,1600,1990
1778,7621,61703,61703000,68460,61703,kavsjo,{9396A5A3-A0B0-11D3-9E53-009027B0FCE9},SE/061703000,territorial,NA,6,F,Jönköpings,Kävsjö,Kävsjö församling,Kävsjö,NA,NA,KÄVSJÖ,KÄVSJÖ,1600,1990
1781,NA,252100,NA,NA,NA,kengisbruksf,NA,NA,bruk,2847,25,BD,Norrbottens,Kengis bruksförsamling,NA,NA,NA,NA,NA,NA,NA,NA
1782,6634,166115,166115000,58470,166115,kestad,{9396ABFA-A0B0-11D3-9E53-009027B0FCE9},SE/166115000,territorial,NA,16,R,Skaraborgs,Kestad,Kestads församling,Kestads,NA,NA,KESTAD,KESTAD,1600,1990
1783,7271,118023,118023000,74460,118023,kiaby,{9396A819-A0B0-11D3-9E53-009027B0FCE9},SE/118023000,territorial,NA,11,L,Kristianstads,Kiaby,Kiaby församling,Kiaby,NA,NA,KIABY,KIABY,1600,1990
1786,7436,188010,188010000,64320,188010,kil4,{9396AD93-A0B0-11D3-9E53-009027B0FCE9},SE/188010000,territorial,NA,18,T,Örebro,Kil,Kils församling (T-län),Kils,NA,NA,KIL (T-län),KIL,1600,1990
1788,6988,178510,178510000,80990,178510,kila2,{9396AD67-A0B0-11D3-9E53-009027B0FCE9},SE/178510000,territorial,NA,17,S,Värmlands,Kila,Kila församling (S-län),Kila,NA,NA,KILA (S-län),KILA,1600,1990
1789,6753,198107,198107000,66770,198107,kila3,{9396AE12-A0B0-11D3-9E53-009027B0FCE9},SE/198107000,territorial,NA,19,U,Västmanlands,Kila,Kila församling (U-län),Kila,NA,NA,KILA (U-län),KILA,1600,1990
1790,6400,48009,48009000,62770,48009,kila1,{9396A470-A0B0-11D3-9E53-009027B0FCE9},SE/048009000,territorial,NA,4,D,Södermanlands,Kila,Kila församling (D-län),Kila,NA,NA,KILA (D-län),KILA,1600,1990
1791,7776,152104,152104000,75630,152104,kilanda,{9396AABA-A0B0-11D3-9E53-009027B0FCE9},SE/152104000,territorial,NA,15,P,Älvsborgs,Kilanda,Kilanda församling,Kilanda,NA,NA,KILANDA,KILANDA,1600,1990
1792,7395,58112,58112000,55240,58112,kimstad,{9396A541-A0B0-11D3-9E53-009027B0FCE9},SE/058112000,territorial,NA,5,E,Östergötlands,Kimstad,Kimstads församling,Kimstads,Kämpestad,NA,KIMSTAD,KIMSTAD,1600,1990
1793,7565,156301,156301000,76960,156301,kinna,{9396AAFD-A0B0-11D3-9E53-009027B0FCE9},SE/156301000,territorial,NA,15,P,Älvsborgs,Kinna,Kinna församling,Kinna,NA,NA,KINNA,KINNA,1600,1990
1794,5940,131502,131502000,78430,131502,kinnared1,{9396A999-A0B0-11D3-9E53-009027B0FCE9},SE/131502000,territorial,NA,13,N,Hallands,Kinnared,Kinnareds församling,Kinnareds,NA,NA,KINNARED,KINNARED,1600,1990
1795,NA,158400,NA,NA,NA,kinnared2,NA,NA,other,1794,15,P,Älvsborgs,Kinnared,NA,NA,NA,NA,NA,NA,NA,NA
1796,6206,158320,158320000,76930,158320,kinnarumma,{9396AB75-A0B0-11D3-9E53-009027B0FCE9},SE/158320000,territorial,NA,15,P,Älvsborgs,Kinnarumma,Kinnarumma församling,Kinnarumma,NA,1910 Kinnaromma,KINNARUMMA,KINNARUMMA,1600,1990
1797,7604,166114,166114000,58480,166114,kinnekl,{9396ABF9-A0B0-11D3-9E53-009027B0FCE9},SE/166114000,territorial,NA,16,R,Skaraborgs,Kinne-Kleva,Kinne-Kleva församling,Kinne-Kleva,Kleva,1889 Kleva,KINNE-KLEVA,KINNE-KLEVA,1600,1990
1798,7875,168616,168616000,59070,168616,kinneved,{9396ACB0-A0B0-11D3-9E53-009027B0FCE9},SE/168616000,territorial,NA,16,R,Skaraborgs,Kinneved,Kinneveds församling,Kinneveds,NA,NA,KINNEVED,KINNEVED,1600,1990
1799,6261,166103,166103000,58320,166103,kinnevedum,{9396ABEE-A0B0-11D3-9E53-009027B0FCE9},SE/166103000,territorial,NA,16,R,Skaraborgs,Kinne-Vedum,Kinne-Vedums församling,Kinne-Vedums,Vedum,1885 Vedum,KINNE-VEDUM,KINNE-VEDUM,1600,1990
1800,8658,128003,128003000,69476,128003,kirseberg,{9396A8E8-A0B0-11D3-9E53-009027B0FCE9},SE/128003000,territorial,NA,12,M,Skåne,Kirseberg,Kirsebergs församling,Kirsebergs,NA,NA,KIRSEBERG,NA,1949,1990
1802,7627,51302,51302000,56470,51302,kisa,{9396A4E9-A0B0-11D3-9E53-009027B0FCE9},SE/051302000,territorial,NA,5,E,Östergötlands,Kisa,Kisa församling,Kisa,NA,NA,KISA,KISA,1600,1990
1803,8812,18042,18042000,52226,18042,kista,{9396A395-A0B0-11D3-9E53-009027B0FCE9},SE/018042000,territorial,NA,1,AB,Stockholms,Kista,Kista församling,Kista,NA,NA,KISTA,NA,1980,1990
1804,NA,18000,NA,NA,NA,kistakbfd,NA,NA,kbfd,1803,1,AB,Stockholms,Kista kbfd,NA,NA,NA,NA,NA,NA,NA,NA
1806,5935,48406,48406000,63940,48406,kjula,{9396A4B3-A0B0-11D3-9E53-009027B0FCE9},SE/048406000,territorial,NA,4,D,Södermanlands,Kjula,Kjula församling,Kjula,NA,NA,KJULA,KJULA,1600,1990
1807,6101,88002,88002000,78780,88002,klackeberga,{9396A6C7-A0B0-11D3-9E53-009027B0FCE9},SE/088002000,territorial,NA,8,H,Kalmar,Kläckeberga,Kläckeberga församling,Kläckeberga,NA,NA,KLÄCKEBERGA,KLÄCKEBERGA,1600,1990
1808,8327,141904,141904000,76130,141904,kladesholmen,{9396AA1C-A0B0-11D3-9E53-009027B0FCE9},SE/141904000,territorial,NA,14,O,Västra Götalands,Klädesholmen,Klädesholmens församling,Klädesholmens,NA,NA,KLÄDESHOLMEN,KLÄDESHOLMEN,1794,1990
1812,NA,18000,NA,NA,NA,klara,NA,NA,other,NA,1,AB,Stockholms,Klara,NA,NA,"Norrmalm, Sankta Klara, Sankt Klara",1643 Norrmalm,NA,NA,NA,NA
1814,NA,58400,NA,NA,NA,klastad,NA,NA,other,3206,5,E,Östergötlands,Klåstad,NA,NA,NA,NA,NA,NA,NA,NA
1818,6647,98061,98061000,85090,98061,klinte,{9396A760-A0B0-11D3-9E53-009027B0FCE9},SE/098061000,territorial,NA,9,I,Gotlands,Klinte,Klinte församling,Klinte,NA,NA,KLINTE,KLINTE,1600,1990
1819,6646,116601,116601000,73460,116601,klippan,{9396A7EC-A0B0-11D3-9E53-009027B0FCE9},SE/116601000,territorial,NA,11,L,Kristianstads,Klippan,Klippans församling,Klippans,Gråmanstorp,1944 Gråmanstorp,KLIPPAN,GRÅMANSTORP,1600,1990
1820,7616,58307,58307000,54434,58307,klockrike,{9396A568-A0B0-11D3-9E53-009027B0FCE9},SE/058307000,territorial,NA,5,E,Östergötlands,Klockrike,Klockrike församling,Klockrike,NA,NA,KLOCKRIKE,KLOCKRIKE,1600,1990
1825,8007,141905,141905000,76110,141905,klovedal,{9396AA1D-A0B0-11D3-9E53-009027B0FCE9},SE/141905000,territorial,NA,14,O,Västra Götalands,Klövedal,Klövedals församling,Klövedals,NA,NA,KLÖVEDAL,KLÖVEDAL,1600,1990
1826,6808,232607,232607000,84230,232607,klovsjo,{9396AF80-A0B0-11D3-9E53-009027B0FCE9},SE/232607000,territorial,NA,23,Z,Jämtlands,Klövsjö,Klövsjö församling,Klövsjö,NA,NA,KLÖVSJÖ,KLÖVSJÖ,1600,1990
1827,7243,138109,138109000,78600,138109,knared,{9396A9C0-A0B0-11D3-9E53-009027B0FCE9},SE/138109000,territorial,NA,13,N,Hallands,Knäred,Knäreds församling,Knäreds,NA,NA,KNÄRED,KNÄRED,1600,1990
1828,7575,123004,123004000,70510,123004,knastorp,{9396A875-A0B0-11D3-9E53-009027B0FCE9},SE/123004000,territorial,NA,12,M,Skåne,Knästorp,Knästorps församling,Knästorps,NA,NA,KNÄSTORP,KNÄSTORP,1600,1990
1829,6804,158423,158423000,60930,158423,knatte,{9396AB92-A0B0-11D3-9E53-009027B0FCE9},SE/158423000,territorial,NA,15,P,Älvsborgs,Knätte,Knätte församling,Knätte,NA,NA,KNÄTTE,KNÄTTE,1600,1990
1830,6907,112101,112101000,74170,112101,knislinge,{9396A7BF-A0B0-11D3-9E53-009027B0FCE9},SE/112101000,territorial,NA,11,L,Kristianstads,Knislinge,Knislinge församling,Knislinge,NA,1940 Knisslinge,KNISLINGE,KNISLINGE,1600,1990
1831,6034,188020,188020000,64590,188020,knista,{9396AD9D-A0B0-11D3-9E53-009027B0FCE9},SE/188020000,territorial,NA,18,T,Örebro,Knista,Knista församling,Knista,NA,NA,KNISTA,KNISTA,1600,1990
1832,7921,38035,38035000,51760,38035,knivsta,{9396A423-A0B0-11D3-9E53-009027B0FCE9},SE/038035000,territorial,NA,3,C,Uppsala,Knivsta,Knivsta församling,Knivsta,NA,NA,KNIVSTA,KNIVSTA,1600,1990
1833,7817,38028,38028000,50230,38028,knutby,{9396A41C-A0B0-11D3-9E53-009027B0FCE9},SE/038028000,territorial,NA,3,C,Uppsala,Knutby,Knutby församling,Knutby,NA,NA,KNUTBY,KNUTBY,1600,1990
1834,7840,138215,138215000,78090,138215,koinge,{9396A9D2-A0B0-11D3-9E53-009027B0FCE9},SE/138215000,territorial,NA,13,N,Hallands,Köinge,Köinge församling,Köinge,NA,NA,KÖINGE,KÖINGE,1600,1990
1835,7682,173005,173005000,80740,173005,kola,{9396ACDE-A0B0-11D3-9E53-009027B0FCE9},SE/173005000,territorial,NA,17,S,Värmlands,Köla,Köla församling,Köla,NA,Kölen eller Köln,KÖLA,KÖLA,1600,1990
1836,5803,158425,158425000,61090,158425,kolaby,{9396AB94-A0B0-11D3-9E53-009027B0FCE9},SE/158425000,territorial,NA,15,P,Älvsborgs,Kölaby,Kölaby församling,Kölaby,NA,NA,KÖLABY,KÖLABY,1600,1990
1837,6518,196103,196103000,64960,196103,kolback,{9396ADEA-A0B0-11D3-9E53-009027B0FCE9},SE/196103000,territorial,NA,19,U,Västmanlands,Kolbäck,Kolbäcks församling,Kolbäcks,NA,NA,KOLBÄCK,KOLBÄCK,1600,1990
1838,6241,158422,158422000,60960,158422,koling,{9396AB91-A0B0-11D3-9E53-009027B0FCE9},SE/158422000,territorial,NA,15,P,Älvsborgs,Kölingared,Kölingareds församling,Kölingareds,Kylingared,NA,KÖLINGARED,KÖLINGARED,1600,1990
1839,NA,58100,NA,NA,NA,kolmardsroten,NA,NA,other,NA,5,E,Östergötlands,Kolmårdsroten,NA,NA,NA,NA,NA,NA,NA,NA
1840,8646,198304,198304000,65170,198304,kolsva,{9396AE1D-A0B0-11D3-9E53-009027B0FCE9},SE/198304000,territorial,NA,19,U,Västmanlands,Kolsva,Kolsva församling,Kolsva,"Bro, Bro-Malma, Bro-Malma norra kbfd",1942 Bro,KOLSVA,NA,1943,1990
1841,NA,198300,NA,NA,NA,kolsva-0,NA,NA,kbfd,NA,19,U,Västmanlands,Kolsva norra kbfd,NA,NA,NA,1950 Bro-Malma norra kbfd,NA,NA,NA,NA
1842,NA,198300,NA,NA,NA,kolsvas,NA,NA,kbfd,NA,19,U,Västmanlands,Kolsva södra kbfd,NA,NA,Bro-Malma södra kbfd,1950 Bro-Malma södra kbfd,NA,NA,NA,NA
1843,6444,121412,121412000,71880,121412,konga,{9396A86D-A0B0-11D3-9E53-009027B0FCE9},SE/121412000,territorial,NA,12,M,Skåne,Konga,Konga församling,Konga,NA,NA,KONGA,KONGA,1600,1990
1844,NA,18000,NA,NA,NA,konradsberg,NA,NA,other,NA,1,AB,Stockholms,Konradsberg,NA,NA,NA,NA,NA,NA,NA,NA
1846,NA,18000,NA,NA,NA,konungens,NA,NA,other,NA,1,AB,Stockholms,Konung Oscar I,NA,NA,NA,NA,NA,NA,NA,NA
1847,7284,58118,58118000,55442,58118,konungsrund,{9396A548-A0B0-11D3-9E53-009027B0FCE9},SE/058118000,territorial,NA,5,E,Östergötlands,Konungsund,Konungsunds församling,Konungsunds,NA,NA,KONUNGSUND,NA,1600,1990
1848,NA,58100,NA,NA,NA,konungsunds,NA,NA,other,1847,5,E,Östergötlands,Konungsunds Kolmårdsrote,NA,NA,NA,NA,NA,NA,NA,NA
1849,8593,198301,198301000,65075,198301,koping1,{9396AE18-A0B0-11D3-9E53-009027B0FCE9},SE/198301000,territorial,NA,19,U,Västmanlands,Köping,Köpings församling (U-län),Köpings,"Köpings stadsförsamling, Laglösaköping",1919 Köpings stadsförsamling,KÖPING (U-län),KÖPINGS STADS,1920,1990
1850,6333,88507,88507000,79370,88507,koping,{9396A712-A0B0-11D3-9E53-009027B0FCE9},SE/088507000,territorial,NA,8,H,Kalmar,Köping,Köpings församling (H-län),Köpings,NA,NA,KÖPING (H-län),KÖPING,1600,1990
1851,5868,118008,118008000,74650,118008,kopinge1180,{9396A808-A0B0-11D3-9E53-009027B0FCE9},SE/118008000,territorial,NA,11,L,Kristianstads,Köpinge,Köpinge församling,Köpinge,NA,NA,KÖPINGE,KÖPINGE,1600,1990
1854,6881,198300,198301002,65075,198301,kopingslands,{9396AE1A-A0B0-11D3-9E53-009027B0FCE9},SE/198301002,territorial,NA,19,U,Västmanlands,Köpings landsförsamling,Köpings landsförsamling,Köpings landsförsamling,NA,NA,KÖPINGS LANDS,KÖPINGS STADS,1600,1919
1858,8416,252104,252104000,83321,252104,korpilombolo,{9396B020-A0B0-11D3-9E53-009027B0FCE9},SE/252104000,territorial,NA,25,BD,Norrbottens,Korpilombolo,Korpilombolo församling,Korpilombolo,NA,NA,KORPILOMBOLO,KORPILOMBOLO KAPELLFÖRSAMLING,1856,1990
1859,NA,18000,NA,NA,NA,korrektionsinrattningen,NA,NA,other,NA,1,AB,Stockholms,Korrektionsinrättningen,NA,NA,NA,NA,NA,NA,NA,NA
1860,7341,168408,168408000,59780,168408,korsberga2,{9396AC87-A0B0-11D3-9E53-009027B0FCE9},SE/168408000,territorial,NA,16,R,Skaraborgs,Korsberga,Korsberga församling (R-län),Korsberga,NA,NA,KORSBERGA (R-län),KORSBERGA,1600,1990
1861,5799,68509,68509000,69140,68509,korsberga1,{9396A608-A0B0-11D3-9E53-009027B0FCE9},SE/068509000,territorial,NA,6,F,Jönköpings,Korsberga,Korsberga församling (F-län),Korsberga,NA,NA,KORSBERGA (F-län),KORSBERGA,1600,1990
1863,8692,148005,148005000,75391,148005,kortedala,{9396AA51-A0B0-11D3-9E53-009027B0FCE9},SE/148005000,territorial,NA,14,O,Västra Götalands,Kortedala,Kortedala församling,Kortedala,NA,NA,KORTEDALA,NA,1960,1990
1864,NA,148000,NA,NA,NA,kortedalakbfd,NA,NA,kbfd,1863,14,O,Västra Götalands,Kortedala kbfd,NA,NA,NA,NA,NA,NA,NA,NA
1865,6499,188021,188021000,64610,188021,kracklinge,{9396AD9E-A0B0-11D3-9E53-009027B0FCE9},SE/188021000,territorial,NA,18,T,Örebro,Kräcklinge,Kräcklinge församling,Kräcklinge,NA,"Kräklinge, 1940 av SCB ändrat efter jordeboken till Kräcklinge",KRÄCKLINGE,KRÄCKLINGE,1600,1990
1868,7812,98044,98044000,84990,98044,kraklingbo,{9396A74F-A0B0-11D3-9E53-009027B0FCE9},SE/098044000,territorial,NA,9,I,Gotlands,Kräklingbo,Kräklingbo församling,Kräklingbo,NA,NA,KRÄKLINGBO,KRÄKLINGBO,1600,1990
1869,7526,68603,68603000,69230,68603,krakshult,{9396A61B-A0B0-11D3-9E53-009027B0FCE9},SE/068603000,territorial,NA,6,F,Jönköpings,Kråkshult,Kråkshults församling,Kråkshults,NA,NA,KRÅKSHULT,KRÅKSHULT,1600,1990
1870,7002,88102,88102000,79020,88102,kraksmala,{9396A6DE-A0B0-11D3-9E53-009027B0FCE9},SE/088102000,territorial,NA,8,H,Kalmar,Kråksmåla,Kråksmåla församling,Kråksmåla,NA,NA,KRÅKSMÅLA,KRÅKSMÅLA,1600,1990
1874,5956,58305,58305000,54440,58305,kristberg,{9396A566-A0B0-11D3-9E53-009027B0FCE9},SE/058305000,territorial,NA,5,E,Östergötlands,Kristberg,Kristbergs församling,Kristbergs,Krigsberg,NA,KRISTBERG,KRISTBERG,1600,1990
1875,6545,88204,88204000,56220,88204,kristdala,{9396A6EA-A0B0-11D3-9E53-009027B0FCE9},SE/088204000,territorial,NA,8,H,Kalmar,Kristdala,Kristdala församling,Kristdala,NA,Krigsdala,KRISTDALA,KRISTDALA,1600,1990
1876,7638,108008,108008000,74860,108008,kri,{9396A790-A0B0-11D3-9E53-009027B0FCE9},SE/108008000,territorial,NA,10,K,Blekinge,Kristianopel,Kristianopels församling,Kristianopels,Avaskär,1600 Avaskär,KRISTIANOPEL,KRISTIANOPEL,1600,1990
1878,NA,118000,NA,NA,NA,kristiangar,NA,NA,garrison,NA,11,L,Kristianstads,Kristianstads garnisonsförsamling,NA,NA,Vendes artilleriregemente,NA,NA,NA,NA,NA
1879,7976,118001,118001000,74280,118001,kristhel,{9396A801-A0B0-11D3-9E53-009027B0FCE9},SE/118001000,territorial,NA,11,L,Kristianstads,Kristianstads Heliga Trefaldighet,Kristianstads Heliga Trefaldighets församling,Kristianstads Heliga Trefaldighets,Trefaldighet,1947 Kristianstad,KRISTIANSTADS HELIGA TREF,KRISTIANSTADS,1600,1990
1880,NA,118000,NA,NA,NA,kristslott,NA,NA,slott,NA,11,L,Kristianstads,Kristianstads slottsförsamling,NA,NA,Fästningsfängelset,NA,NA,NA,NA,NA
1886,8689,178101,178101000,80160,178101,kristinehamn,{9396AD27-A0B0-11D3-9E53-009027B0FCE9},SE/178101000,territorial,NA,17,S,Värmlands,Kristinehamn,Kristinehamns församling,Kristinehamns,NA,NA,KRISTINEHAMN,KRISTINEHAMNS,1960,1990
1890,8199,88104,88104000,78830,88104,kristvalla,{9396A6E0-A0B0-11D3-9E53-009027B0FCE9},SE/088104000,territorial,NA,8,H,Kalmar,Kristvalla,Kristvalla församling,Kristvalla,NA,NA,KRISTVALLA,KRISTVALLA,1656,1990
1891,7175,138219,138219000,78230,138219,krogsered,{9396A9D6-A0B0-11D3-9E53-009027B0FCE9},SE/138219000,territorial,NA,13,N,Hallands,Krogsered,Krogsereds församling,Krogsereds,NA,NA,KROGSERED,KROGSERED,1600,1990
1892,7462,58115,58115000,55170,58115,krokek,{9396A545-A0B0-11D3-9E53-009027B0FCE9},SE/058115000,territorial,NA,5,E,Östergötlands,Krokek,Krokeks församling,Krokeks,NA,NA,KROKEK,KROKEK,1600,1990
1893,7633,143008,143008000,76560,143008,krokstad,{9396AA3F-A0B0-11D3-9E53-009027B0FCE9},SE/143008000,territorial,NA,14,O,Västra Götalands,Krokstad,Krokstads församling,Krokstads,NA,NA,KROKSTAD,KROKSTAD,1600,1990
1894,NA,148600,NA,NA,NA,krokstrand,NA,NA,kbfd,3355,14,O,Västra Götalands,Krokstrands kbfd,NA,NA,NA,NA,NA,NA,NA,NA
1897,NA,18000,NA,NA,NA,kronospinnhuset,NA,NA,other,NA,1,AB,Stockholms,Kronospinnhuset,NA,NA,NA,NA,NA,NA,NA,NA
1899,7432,128308,128308000,72530,128308,kropp,{9396A935-A0B0-11D3-9E53-009027B0FCE9},SE/128308000,territorial,NA,12,M,Skåne,Kropp,Kropps församling,Kropps,NA,NA,KROPP,KROPP,1600,1990
1900,8691,178206,178206000,80380,178206,kroppa,{9396AD3C-A0B0-11D3-9E53-009027B0FCE9},SE/178206000,territorial,NA,17,S,Värmlands,Kroppa,Kroppa församling,Kroppa,NA,NA,KROPPA,KROPPA,1960,1990
1901,NA,178200,NA,NA,NA,kroppakbfd,NA,NA,kbfd,1900,17,S,Värmlands,Kroppa kbfd,NA,NA,NA,NA,NA,NA,NA,NA
1902,NA,208405,NA,NA,NA,krylbokbfd,NA,NA,kbfd,856,20,W,Dalarnas,Krylbo kbfd,NA,NA,NA,NA,NA,NA,NA,NA
1903,7915,58122,58122000,55410,58122,kuddby,{9396A54C-A0B0-11D3-9E53-009027B0FCE9},SE/058122000,territorial,NA,5,E,Östergötlands,Kuddby,Kuddby församling,Kuddby,NA,NA,KUDDBY,KUDDBY,1600,1990
1905,6061,38123,38123000,51100,38123,kulla1,{9396A443-A0B0-11D3-9E53-009027B0FCE9},SE/038123000,territorial,NA,3,C,Uppsala,Kulla,Kulla församling,Kulla,Bondkulla,Bondkulla,KULLA,KULLA,1600,1990
1906,8767,128018,128018000,69632,128018,kulladal,{9396A8FD-A0B0-11D3-9E53-009027B0FCE9},SE/128018000,territorial,NA,12,M,Skåne,Kulladal,Kulladals församling,Kulladals,NA,NA,KULLADAL,NA,1969,1990
1907,6558,58109,58109000,55250,58109,kullerstad,{9396A53E-A0B0-11D3-9E53-009027B0FCE9},SE/058109000,territorial,NA,5,E,Östergötlands,Kullerstad,Kullerstads församling,Kullerstads,NA,NA,KULLERSTAD,KULLERSTAD,1600,1990
1908,8840,152714,152714000,61912,152714,kullingsskovde,{9396AACF-A0B0-11D3-9E53-009027B0FCE9},SE/152714000,territorial,NA,15,P,Älvsborgs,Kullings-Skövde,Kullings-Skövde församling,Kullings-Skövde,Skövde,1885 Skövde,KULLINGS-SKÖVDE,KULLINGS-SKÖVDE,1989,1990
1909,7077,61704,61704000,68760,61704,kulltorp0617,{9396A5A4-A0B0-11D3-9E53-009027B0FCE9},SE/061704000,territorial,NA,6,F,Jönköpings,Kulltorp,Kulltorps församling (F-län),Kulltorps,NA,NA,KULLTORP (F-län),KULLTORP,1600,1990
1910,6207,188101,188101000,64460,188101,kumla1881,{9396ADAB-A0B0-11D3-9E53-009027B0FCE9},SE/188101000,territorial,NA,18,T,Örebro,Kumla,Kumla församling (T-län),Kumla,NA,NA,KUMLA (T-län),KUMLA,1600,1990
1911,6210,198106,198106000,66780,198106,kumla1981,{9396AE11-A0B0-11D3-9E53-009027B0FCE9},SE/198106000,territorial,NA,19,U,Västmanlands,Kumla,Kumla församling (U-län),Kumla,NA,NA,KUMLA (U-län),KUMLA,1600,1990
1912,7414,58613,58613000,57160,58613,kumla0586,{9396A58F-A0B0-11D3-9E53-009027B0FCE9},SE/058613000,territorial,NA,5,E,Östergötlands,Kumla,Kumla församling (E-län),Kumla,NA,NA,KUMLA (E-län),KUMLA,1600,1990
1913,NA,68000,NA,NA,NA,kumlaby,NA,NA,other,4312,6,F,Jönköpings,Kumlaby,NA,NA,NA,NA,NA,NA,NA,NA
1915,7266,148201,148201000,75870,148201,kungalv,{9396AA7E-A0B0-11D3-9E53-009027B0FCE9},SE/148201000,territorial,NA,14,O,Västra Götalands,Kungälv,Kungälvs församling,Kungälvs,"Konungahälla, Maria",1612 Kongahälla,KUNGÄLV,KUNGÄLV,1600,1990
1916,8243,196001,196001000,63700,196001,kungkarl,{9396ADE2-A0B0-11D3-9E53-009027B0FCE9},SE/196001000,territorial,NA,19,U,Västmanlands,Kung Karl,Kung Karls församling,Kung Karls,"Carlskyrka, Karlskyrka, Kungsörs kapell",NA,KUNG KARL,KUNG KARL,1700,1990
1918,6254,13903,13903000,52050,13903,kungsangen,{9396A35B-A0B0-11D3-9E53-009027B0FCE9},SE/013903000,territorial,NA,1,AB,Stockholms,Kungsängen,Kungsängens församling,Kungsängens,"Näs, Stockholms-Näs",1885 Näs,KUNGSÄNGEN,NÄS,1600,1990
1919,5845,198013,198013000,64830,198013,kungsara,{9396ADFF-A0B0-11D3-9E53-009027B0FCE9},SE/198013000,territorial,NA,19,U,Västmanlands,Kungsåra,Kungsåra församling,Kungsåra,NA,NA,KUNGSÅRA,KUNGSÅRA,1600,1990
1920,7577,138324,138324000,77050,138324,kungsater,{9396A9F4-A0B0-11D3-9E53-009027B0FCE9},SE/138324000,territorial,NA,13,N,Hallands,Kungsäter,Kungsäters församling,Kungsäters,NA,1908 Kongsäter,KUNGSÄTER,KUNGSÄTER,1600,1990
1921,7034,138401,138401000,77640,138401,kungsbacka,{9396A9F7-A0B0-11D3-9E53-009027B0FCE9},SE/138401000,territorial,NA,13,N,Hallands,Kungsbacka,Kungsbacka församling,Kungsbacka,NA,NA,KUNGSBACKA,KUNGSBACKA,1600,1990
1922,NA,18000,NA,NA,NA,kunbafor,NA,NA,other,NA,1,AB,Stockholms,Kungsbacksförsamlingen,NA,NA,"Berget, Brunkebergs- och Kungsbacksförsamlingen",NA,NA,NA,NA,NA
1923,6536,196004,196004000,65090,196004,kungsbark,{9396ADE5-A0B0-11D3-9E53-009027B0FCE9},SE/196004000,territorial,NA,19,U,Västmanlands,Kungs-Barkarö,Kungs-Barkarö församling,Kungs-Barkarö,Barkarö,NA,KUNGS-BARKARÖ,KUNGS-BARKARÖ,1600,1990
1924,8602,142701,142701000,76660,142701,kungshamn,{9396AA2D-A0B0-11D3-9E53-009027B0FCE9},SE/142701000,territorial,NA,14,O,Västra Götalands,Kungshamn,Kungshamns församling,Kungshamns,Gustav Adolf,"20 utbruten ur Askum som kapellförsamling, kallad Gustav Adolf, 1772-02-20 utbruten ur Askum som kapellförsamling, 1924-01-01 utbrutet Smögen",KUNGSHAMN,KUNGSHAMN,1924,1990
1925,8605,18018,18018000,85540,18018,kungsholm,{9396A37B-A0B0-11D3-9E53-009027B0FCE9},SE/018018000,territorial,NA,1,AB,Stockholms,Kungsholm eller Ulrika Eleonora,Kungsholm eller Ulrika Eleonora,Kungsholm eller Ulrika Eleonora,"Munklägret, Ulrika Eleonora",1672 Munklägret,KUNGSHOLM ELLER ULRIKA ELEONORA,KUNGSHOLMEN / ULRIKA ELEONORA,1925,1990
1926,8647,38112,38112000,51380,38112,kungshusby,{9396A436-A0B0-11D3-9E53-009027B0FCE9},SE/038112000,territorial,NA,3,C,Uppsala,Kungs-Husby,Kungs-Husby församling,Kungs-Husby,NA,NA,KUNGS-HUSBY,KUNGS-HUSBY,1943,1990
1927,6142,168519,168519000,59300,168519,kungslena,{9396AC9D-A0B0-11D3-9E53-009027B0FCE9},SE/168519000,territorial,NA,16,R,Skaraborgs,Kungslena,Kungslena församling,Kungslena,Lena,Lena,KUNGSLENA,KUNGSLENA,1600,1990
1929,NA,18000,NA,NA,NA,kurhuset,NA,NA,other,NA,1,AB,Stockholms,Kurhuset,NA,NA,NA,NA,NA,NA,NA,NA
1931,7362,166029,166029000,58580,166029,kvanum,{9396ABE7-A0B0-11D3-9E53-009027B0FCE9},SE/166029000,territorial,NA,16,R,Skaraborgs,Kvänum,Kvänums församling,Kvänums,NA,NA,KVÄNUM,KVÄNUM,1600,1990
1932,8063,58116,58116000,62800,58116,kvarsebo,{9396A546-A0B0-11D3-9E53-009027B0FCE9},SE/058116000,territorial,NA,5,E,Östergötlands,Kvarsebo,Kvarsebo församling,Kvarsebo,"Christinae kapell, Kristine kapell",NA,KVARSEBO,KVARSEBO,1615,1990
1933,6945,76400,76404002,67179,76404,kvenneberga,{9396A643-A0B0-11D3-9E53-009027B0FCE9},SE/076404002,territorial,NA,7,G,Kronobergs,Kvenneberga,Kvenneberga församling,Kvenneberga,NA,NA,KVENNEBERGA,NA,1600,1956
1934,7964,116010,116010000,73140,116010,kverrestad,{9396A7D5-A0B0-11D3-9E53-009027B0FCE9},SE/116010000,territorial,NA,11,L,Kristianstads,Kverrestad,Kverrestads församling,Kverrestads,NA,NA,KVERRESTAD,KVERRESTAD,1600,1990
1935,7789,138015,138015000,78410,138015,kvibille,{9396A9B0-A0B0-11D3-9E53-009027B0FCE9},SE/138015000,territorial,NA,13,N,Hallands,Kvibille,Kvibille församling,Kvibille,NA,NA,KVIBILLE,KVIBILLE,1600,1990
1936,6407,116703,116703000,73320,116703,kvidinge,{9396A7F7-A0B0-11D3-9E53-009027B0FCE9},SE/116703000,territorial,NA,11,L,Kristianstads,Kvidinge,Kvidinge församling,Kvidinge,NA,NA,KVIDINGE,KVIDINGE,1600,1990
1937,6395,112103,112103000,74180,112103,kviinge,{9396A7C1-A0B0-11D3-9E53-009027B0FCE9},SE/112103000,territorial,NA,11,L,Kristianstads,Kviinge,Kviinge församling,Kviinge,NA,NA,KVIINGE,KVIINGE,1600,1990
1938,NA,251000,NA,NA,NA,kvikkjokk,NA,NA,other,1645,25,BD,Norrbottens,Kvikkjokk,NA,NA,NA,NA,NA,NA,NA,NA
1939,NA,251000,NA,NA,NA,kvikkjokkskbfd,NA,NA,kbfd,1645,25,BD,Norrbottens,Kvikkjokks kbfd,NA,NA,NA,NA,NA,NA,NA,NA
1940,5970,143571,143571000,76670,143571,kville,{9396AA46-A0B0-11D3-9E53-009027B0FCE9},SE/143571000,territorial,NA,14,O,Västra Götalands,Kville,Kville församling,Kville,NA,NA,KVILLE,KVILLE,1600,1990
1941,NA,143506,NA,NA,NA,kvillekbfd,NA,NA,kbfd,1940,14,O,Västra Götalands,Kville kbfd,NA,NA,NA,NA,NA,NA,NA,NA
1942,8197,58114,58114000,55220,58114,kvillinge,{9396A543-A0B0-11D3-9E53-009027B0FCE9},SE/058114000,territorial,NA,5,E,Östergötlands,Kvillinge,Kvillinge församling,Kvillinge,NA,NA,KVILLINGE,KVILLINGE,1655,1990
1943,7257,152712,152712000,61880,152712,kvinnestad,{9396AACD-A0B0-11D3-9E53-009027B0FCE9},SE/152712000,territorial,NA,15,P,Älvsborgs,Kvinnestad,Kvinnestads församling,Kvinnestads,NA,NA,KVINNESTAD,KVINNESTAD,1600,1990
1944,6103,188025,188025000,64620,188025,kvistbro,{9396ADA3-A0B0-11D3-9E53-009027B0FCE9},SE/188025000,territorial,NA,18,T,Örebro,Kvistbro,Kvistbro församling,Kvistbro,NA,NA,KVISTBRO,KVISTBRO,1600,1990
1945,6434,128316,128316000,72340,128316,kvistofta,{9396A93D-A0B0-11D3-9E53-009027B0FCE9},SE/128316000,territorial,NA,12,M,Skåne,Kvistofta,Kvistofta församling,Kvistofta,NA,NA,KVISTOFTA,KVISTOFTA,1600,1990
1947,6641,168511,168511000,59230,168511,kymbo,{9396AC95-A0B0-11D3-9E53-009027B0FCE9},SE/168511000,territorial,NA,16,R,Skaraborgs,Kymbo,Kymbo församling,Kymbo,Tiumbo,NA,KYMBO,KYMBO,1600,1990
1948,7582,160305,160305000,59050,160305,kyrkas2,{9396ABB8-A0B0-11D3-9E53-009027B0FCE9},SE/160305000,territorial,NA,16,R,Skaraborgs,Kyrkås,Kyrkås församling (R-län),Kyrkås,Sandbäck,1883 Sandbäck,KYRKÅS (R-län),KYRKÅS,1600,1990
1949,7683,238008,238008000,83810,238008,kyrkas1,{9396AF9B-A0B0-11D3-9E53-009027B0FCE9},SE/238008000,territorial,NA,23,Z,Jämtlands,Kyrkås,Kyrkås församling (Z-län),Kyrkås,NA,NA,KYRKÅS (Z-län),KYRKÅS,1600,1990
1952,NA,166300,NA,NA,NA,kyrketorp1663,NA,NA,other,3473,16,R,Skaraborgs,Kyrketorp,NA,NA,NA,NA,NA,NA,NA,NA
1955,6658,123002,123002000,70490,123002,kyrkheddinge,{9396A873-A0B0-11D3-9E53-009027B0FCE9},SE/123002000,territorial,NA,12,M,Skåne,Kyrkheddinge,Kyrkheddinge församling,Kyrkheddinge,NA,NA,KYRKHEDDINGE,KYRKHEDDINGE,1600,1990
1956,8430,106003,106003000,75270,106003,kyrkhult,{9396A782-A0B0-11D3-9E53-009027B0FCE9},SE/106003000,territorial,NA,10,K,Blekinge,Kyrkhult,Kyrkhults församling,Kyrkhults,NA,NA,KYRKHULT,KYRKHULT,1863,1990
1958,5773,128714,128714000,69950,128714,kyrkokop,{9396A984-A0B0-11D3-9E53-009027B0FCE9},SE/128714000,territorial,NA,12,M,Skåne,Kyrkoköpinge,Kyrkoköpinge församling,Kyrkoköpinge,Köpinge,NA,KYRKOKÖPINGE,KYRKOKÖPINGE,1600,1990
1960,8630,38013,38013000,52730,38013,laby,{9396A40A-A0B0-11D3-9E53-009027B0FCE9},SE/038013000,territorial,NA,3,C,Uppsala,Läby,Läby församling 1934-,Läby,NA,NA,LÄBY,LÄBY,1934,1990
1961,6187,126104,126104000,70200,126104,NA,{9396A89A-A0B0-11D3-9E53-009027B0FCE9},SE/126104000,territorial,NA,12,M,Skåne,Lackalänga,Lackalänga församling,Lackalänga,NA,1917 Lackalänge,LACKALÄNGA,LACKALÄNGA,1600,1990
1962,NA,168100,NA,NA,NA,lackoslottskapell,NA,NA,slott,2821,16,R,Skaraborgs,Läckö slottskapell,NA,NA,NA,NA,NA,NA,NA,NA
1964,NA,226200,NA,NA,NA,Lagforsbruksforsamling,NA,NA,bruk,2150,22,Y,Västernorrlands,Lagfors bruksförsamling,NA,NA,NA,NA,NA,NA,NA,NA
1965,6271,38032,38032000,50120,38032,Lagga,{9396A420-A0B0-11D3-9E53-009027B0FCE9},SE/038032000,territorial,NA,3,C,Uppsala,Lagga,Lagga församling,Lagga,NA,NA,LAGGA,LAGGA,1600,1990
1967,6725,158108,158108000,58040,158108,lagmansered,{9396AB4E-A0B0-11D3-9E53-009027B0FCE9},SE/158108000,territorial,NA,15,P,Älvsborgs,Lagmansered,Lagmansereds församling,Lagmansereds,NA,NA,LAGMANSERED,LAGMANSERED,1600,1990
1968,8783,138101,138101000,78560,138101,Laholm,{9396A9B7-A0B0-11D3-9E53-009027B0FCE9},SE/138101000,territorial,NA,13,N,Hallands,Laholm,Laholms församling,Laholms,Laholms stadsförsamling,1971 Laholms stadsförsamling,LAHOLM,LAHOLM,1972,1990
1969,7208,138100,138101002,78560,138101,Laholmslandsforsamling,{9396A9B9-A0B0-11D3-9E53-009027B0FCE9},SE/138101002,territorial,NA,13,N,Hallands,Laholms landsförsamling,Laholms landsförsamling,Laholms landsförsamling,NA,NA,LAHOLMS LANDS,LAHOLM,1600,1971
1972,7986,138407,138407000,77690,138407,landa1,{9396A9FD-A0B0-11D3-9E53-009027B0FCE9},SE/138407000,territorial,NA,13,N,Hallands,Landa,Landa församling (N-län),Landa,NA,NA,LANDA (N-län),NA,1600,1990
1973,5764,152717,152717000,61940,152717,Landa-0,{9396AAD3-A0B0-11D3-9E53-009027B0FCE9},SE/152717000,territorial,NA,15,P,Älvsborgs,Landa,Landa församling (P-län),Landa,NA,NA,LANDA (P-län),LANDA,1600,1990
1975,5965,58003,58003000,54190,58003,Landeryd,{9396A511-A0B0-11D3-9E53-009027B0FCE9},SE/058003000,territorial,NA,5,E,Östergötlands,Landeryd,Landeryds församling,Landeryds,NA,NA,LANDERYD,LANDERYD,1600,1990
1976,6205,128201,128201000,72230,128201,Landskrona,{9396A91D-A0B0-11D3-9E53-009027B0FCE9},SE/128201000,territorial,NA,12,M,Skåne,Landskrona,Landskrona församling,Landskrona,NA,NA,LANDSKRONA,LANDSKRONA GARNISIONSFÖRSAMLING,1600,1990
1977,NA,128200,NA,NA,NA,Landskronagarnisonsforsamling,NA,NA,garrison,1976,12,M,Skåne,Landskrona garnisonsförsamling,NA,NA,NA,NA,NA,NA,NA,NA
1978,NA,128200,NA,NA,NA,NA,NA,NA,slott,NA,12,M,Skåne,Landskrona slotts- och straffängelseförsamling,NA,NA,NA,NA,NA,NA,NA,NA
1979,6930,140102,140102000,75460,140102,Landvetter,{9396AA08-A0B0-11D3-9E53-009027B0FCE9},SE/140102000,territorial,NA,14,O,Västra Götalands,Landvetter,Landvetters församling,Landvetters,Skogbygds pastorat,NA,LANDVETTER,LANDVETTER,1600,1990
1980,6287,148511,148511000,76410,148511,LaneRyr,{9396AA9B-A0B0-11D3-9E53-009027B0FCE9},SE/148511000,territorial,NA,14,O,Västra Götalands,Lane-Ryr,Lane-Ryrs församling,Lane-Ryrs,"Maggeryr, Norra Ryr, Ryr",1885 Ryr eller Norra Ryr,LANE-RYR,NA,1600,1990
1981,6436,158207,158207000,61840,158207,langared,{9396AB5A-A0B0-11D3-9E53-009027B0FCE9},SE/158207000,territorial,NA,15,P,Älvsborgs,Långared,Långareds församling,Långareds,NA,NA,LÅNGARED,LÅNGARED,1600,1990
1982,6163,126604,126604000,71240,126604,langarod,{9396A8D2-A0B0-11D3-9E53-009027B0FCE9},SE/126604000,territorial,NA,12,M,Skåne,Långaröd,Långaröds församling,Långaröds,NA,NA,LÅNGARÖD,LÅNGARÖD,1600,1990
1983,6375,131504,131504000,68620,131504,langaryd,{9396A99B-A0B0-11D3-9E53-009027B0FCE9},SE/131504000,territorial,NA,13,N,Hallands,Långaryd,Långaryds församling,Långaryds,NA,NA,LÅNGARYD,LÅNGARYD,1600,1990
1984,7783,86204,86204000,67650,86204,langasjo,{9396A6C1-A0B0-11D3-9E53-009027B0FCE9},SE/086204000,territorial,NA,8,H,Kalmar,Långasjö,Långasjö församling,Långasjö,NA,NA,LÅNGASJÖ,LÅNGASJÖ,1600,1990
1985,8808,188003,188003000,64182,188003,langbro,{9396AD87-A0B0-11D3-9E53-009027B0FCE9},SE/188003000,territorial,NA,18,T,Örebro,Längbro,Längbro församling,Längbro,NA,NA,LÄNGBRO,LÄNGBRO,1977,1990
1986,6733,142104,142104000,76250,142104,langelanda,{9396AA22-A0B0-11D3-9E53-009027B0FCE9},SE/142104000,territorial,NA,14,O,Västra Götalands,Långelanda,Långelanda församling,Långelanda,NA,NA,LÅNGELANDA,LÅNGELANDA,1600,1990
1987,8268,82103,82103000,79000,82103,langemala,{9396A694-A0B0-11D3-9E53-009027B0FCE9},SE/082103000,territorial,NA,8,H,Kalmar,Långemåla,Långemåla församling,Långemåla,NA,NA,LÅNGEMÅLA,LÅNGEMÅLA,1732,1990
1988,7337,155206,155206000,77290,155206,langhem,{9396AADA-A0B0-11D3-9E53-009027B0FCE9},SE/155206000,territorial,NA,15,P,Älvsborgs,Länghem,Länghems församling,Länghems,NA,NA,LÄNGHEM,LÄNGHEM,1600,1990
1989,NA,18000,NA,NA,NA,langholmen,NA,NA,other,NA,1,AB,Stockholms,Långholmen,NA,NA,NA,NA,NA,NA,NA,NA
1990,NA,158300,NA,NA,NA,langgjurn,NA,NA,other,1991,15,P,Älvsborgs,Längjum,NA,NA,NA,NA,NA,NA,NA,NA
1991,5902,166025,166025000,58920,166025,langjum,{9396ABE3-A0B0-11D3-9E53-009027B0FCE9},SE/166025000,territorial,NA,16,R,Skaraborgs,Längjum,Längjums församling (R-län),Längjums,NA,Längjum.,LÄNGJUM (R-län),LÄNGJUM,1600,1990
1992,7687,88511,88511000,79500,88511,langlot,{9396A717-A0B0-11D3-9E53-009027B0FCE9},SE/088511000,territorial,NA,8,H,Kalmar,Långlöt,Långlöts församling,Långlöts,NA,NA,LÅNGLÖT,LÅNGLÖT,1600,1990
1993,6966,160211,160211000,58090,160211,langnum,{9396ABB1-A0B0-11D3-9E53-009027B0FCE9},SE/160211000,territorial,NA,16,R,Skaraborgs,Längnum,Längnums församling,Längnums,NA,NA,LÄNGNUM,NA,1600,1990
1994,8220,228304,228304000,82300,228304,langsele,{9396AF25-A0B0-11D3-9E53-009027B0FCE9},SE/228304000,territorial,NA,22,Y,Västernorrlands,Långsele,Långsele församling,Långsele,NA,NA,LÅNGSELE,LÅNGSELE,1673,1990
1995,6912,178512,178512000,80980,178512,langserud,{9396AD69-A0B0-11D3-9E53-009027B0FCE9},SE/178512000,territorial,NA,17,S,Värmlands,Långserud,Långseruds församling,Långseruds,NA,NA,LÅNGSERUD,LÅNGSERUD,1600,1990
1996,NA,208305,NA,NA,NA,langshyttanskbfd,NA,NA,kbfd,1541,20,W,Dalarnas,Långshyttans kbfd,NA,NA,NA,NA,NA,NA,NA,NA
1997,6636,38128,38128000,51070,38128,langtora,{9396A448-A0B0-11D3-9E53-009027B0FCE9},SE/038128000,territorial,NA,3,C,Uppsala,Långtora,Långtora församling,Långtora,NA,NA,LÅNGTORA,LÅNGTORA,1600,1990
1998,NA,168100,NA,NA,NA,Lanna,NA,NA,other,3074,16,R,Skaraborgs,Lanna,NA,NA,Landa,NA,NA,NA,NA,NA
1999,8174,18825,18825000,50770,18825,lanna,{9396A3D0-A0B0-11D3-9E53-009027B0FCE9},SE/018825000,territorial,NA,1,AB,Stockholms,Länna,Länna församling (AB-län),Länna,NA,NA,LÄNNA (AB-län),LÄNNA,1650,1990
2000,7889,48605,48605000,62270,48605,lanna2,{9396A4CD-A0B0-11D3-9E53-009027B0FCE9},SE/048605000,territorial,NA,4,D,Södermanlands,Länna,Länna församling (D-län),Länna,NA,NA,LÄNNA (D-län),LÄNNA,1600,1990
2001,7283,188014,188014000,64070,188014,lannas,{9396AD97-A0B0-11D3-9E53-009027B0FCE9},SE/188014000,territorial,NA,18,T,Örebro,Lännäs,Lännäs församling (T-län),Lännäs,NA,NA,LÄNNÄS (T-län),LÄNNÄS,1600,1990
2004,6615,68521,68521000,69290,68521,Lannaskede,{9396A614-A0B0-11D3-9E53-009027B0FCE9},SE/068521000,territorial,NA,6,F,Jönköpings,Lannaskede,Lannaskede församling,Lannaskede,NA,NA,LANNASKEDE,LANNASKEDE,1600,1990
2006,NA,251300,NA,NA,NA,lansjarvskbfd,NA,NA,kbfd,2836,25,BD,Norrbottens,Lansjärvs kbfd,NA,NA,Överkalix övre kbfd,1965 Överkalix övre kbfd,NA,NA,NA,NA
2007,7506,98010,98010000,84650,98010,larbro,{9396A72D-A0B0-11D3-9E53-009027B0FCE9},SE/098010000,territorial,NA,9,I,Gotlands,Lärbro,Lärbro församling,Lärbro,NA,NA,LÄRBRO,LÄRBRO,1600,1990
2012,6805,166024,166024000,58910,166024,larv,{9396ABE2-A0B0-11D3-9E53-009027B0FCE9},SE/166024000,territorial,NA,16,R,Skaraborgs,Larv,Larvs församling,Larvs,NA,NA,LARV,LARV,1600,1990
2013,6266,166014,166014000,59000,166014,laskevedum,{9396ABE0-A0B0-11D3-9E53-009027B0FCE9},SE/166014000,territorial,NA,16,R,Skaraborgs,Laske-Vedum,Laske-Vedums församling,Laske-Vedums,Vedum,1885 Vedum,LASKE-VEDUM,LASKE-VEDUM,1600,1990
2014,7945,13902,13902000,52070,13902,lassa,{9396A35A-A0B0-11D3-9E53-009027B0FCE9},SE/013902000,territorial,NA,1,AB,Stockholms,Låssa,Låssa församling,Låssa,Lossa,"Låssa., Lossa, 1941- Låssa",LÅSSA,LOSSA,1600,1990
2015,7857,168008,168008000,60080,168008,lastad,{9396AC19-A0B0-11D3-9E53-009027B0FCE9},SE/168008000,territorial,NA,16,R,Skaraborgs,Låstad,Låstads församling,Låstads,Löfstad,NA,LÅSTAD,LÅSTAD,1600,1990
2016,8815,48023,48023000,63070,48023,lastringe,{9396A47C-A0B0-11D3-9E53-009027B0FCE9},SE/048023000,territorial,NA,4,D,Södermanlands,Lästringe,Lästringe församling,Lästringe,NA,NA,LÄSTRINGE,LÄSTRINGE,1980,1990
2017,NA,246200,NA,NA,NA,latikbergskbfd,NA,NA,kbfd,4280,24,AC,Västerbottens,Latikbergs kbfd,NA,NA,NA,NA,NA,NA,NA,NA
2021,6256,98070,98070000,85290,98070,lau,{9396A769-A0B0-11D3-9E53-009027B0FCE9},SE/098070000,territorial,NA,9,I,Gotlands,Lau,Lau församling,Lau,NA,NA,LAU,NA,1600,1990
2026,6857,168125,168125000,59590,168125,lavad,{9396AC3D-A0B0-11D3-9E53-009027B0FCE9},SE/168125000,territorial,NA,16,R,Skaraborgs,Lavad,Lavads församling,Lavads,NA,NA,LAVAD,LAVAD,1600,1990
2027,5971,156003,156003000,81380,156003,laxarby,{9396AAE3-A0B0-11D3-9E53-009027B0FCE9},SE/156003000,territorial,NA,15,P,Älvsborgs,Laxarby,Laxarby församling,Laxarby,NA,NA,LAXARBY,LAXARBY,1600,1990
2028,8473,230905,230905000,83942,230905,laxsjo,{9396AF58-A0B0-11D3-9E53-009027B0FCE9},SE/230905000,territorial,NA,23,Z,Jämtlands,Laxsjö,Laxsjö församling,Laxsjö,NA,NA,LAXSJÖ,LAXSJÖ,1887,1990
2029,NA,168600,NA,NA,NA,leaby,NA,NA,other,1726,16,R,Skaraborgs,Leaby,NA,NA,NA,NA,NA,NA,NA,NA
2030,7294,58007,58007000,54380,58007,ledberg,{9396A515-A0B0-11D3-9E53-009027B0FCE9},SE/058007000,territorial,NA,5,E,Östergötlands,Ledberg,Ledbergs församling,Ledbergs,NA,NA,LEDBERG,LEDBERG,1600,1990
2031,7778,166109,166109000,58300,166109,ledsjo,{9396ABF4-A0B0-11D3-9E53-009027B0FCE9},SE/166109000,territorial,NA,16,R,Skaraborgs,Ledsjö,Ledsjö församling,Ledsjö,NA,NA,LEDSJÖ,LEDSJÖ,1600,1990
2032,6809,76402,76402000,67150,76402,lekaryd,{9396A63F-A0B0-11D3-9E53-009027B0FCE9},SE/076402000,territorial,NA,7,G,Kronobergs,Lekaryd,Lekaryds församling,Lekaryds,NA,NA,LEKARYD,LEKARYD,1600,1990
2033,6736,160308,160308000,59020,160308,lekasa,{9396ABBB-A0B0-11D3-9E53-009027B0FCE9},SE/160308000,territorial,NA,16,R,Skaraborgs,Lekåsa,Lekåsa församling,Lekåsa,NA,NA,LEKÅSA,LEKÅSA,1600,1990
2034,6029,68014,68014000,68140,68014,lekeryd,{9396A5D0-A0B0-11D3-9E53-009027B0FCE9},SE/068014000,territorial,NA,6,F,Jönköpings,Lekeryd,Lekeryds församling,Lekeryds,NA,NA,LEKERYD,LEKERYD,1600,1990
2035,8450,202901,202901000,65850,202901,leksand,{9396AE39-A0B0-11D3-9E53-009027B0FCE9},SE/202901000,territorial,NA,20,W,Dalarnas,Leksand,Leksands församling,Leksands,NA,NA,LEKSAND,LEKSAND,1875,1990
2036,5945,168002,168002000,60220,168002,leksberg,{9396AC13-A0B0-11D3-9E53-009027B0FCE9},SE/168002000,territorial,NA,16,R,Skaraborgs,Leksberg,Leksbergs församling,Leksbergs,NA,NA,LEKSBERG,LEKSBERG,1600,1990
2037,8402,173702,173702000,80540,173702,lekvattnet,{9396ACE3-A0B0-11D3-9E53-009027B0FCE9},SE/173702000,territorial,NA,17,S,Värmlands,Lekvattnet,Lekvattnets församling,Lekvattnets,NA,NA,LEKVATTNET,LEKVATTNETS KAPELLFÖRSAMLING,1851,1990
2038,NA,126300,NA,NA,NA,lemmestro,NA,NA,other,NA,12,M,Skåne,Lemmeströ,NA,NA,Lämmeströ,NA,NA,NA,NA,NA
2039,7909,68510,68510000,69150,68510,lemnhult,{9396A609-A0B0-11D3-9E53-009027B0FCE9},SE/068510000,territorial,NA,6,F,Jönköpings,Lemnhult,Lemnhults församling,Lemnhults,NA,NA,LEMNHULT,LEMNHULT,1600,1990
2040,6989,152701,152701000,61810,152701,lena2,{9396AAC2-A0B0-11D3-9E53-009027B0FCE9},SE/152701000,territorial,NA,15,P,Älvsborgs,Lena,Lena församling (P-län),Lena,NA,NA,LENA (P-län),LENA (ÄLVSBORG),1600,1990
2042,7966,38024,38024000,52830,38024,lena1,{9396A418-A0B0-11D3-9E53-009027B0FCE9},SE/038024000,territorial,NA,3,C,Uppsala,Lena,Lena församling (C-län),Lena,NA,NA,LENA (C-län),TENSTA,1600,1990
2043,6916,76003,76003000,67970,76003,lenhovda,{9396A62A-A0B0-11D3-9E53-009027B0FCE9},SE/076003000,territorial,NA,7,G,Kronobergs,Lenhovda,Lenhovda församling,Lenhovda,NA,NA,LENHOVDA,LENHOVDA,1600,1990
2044,6746,188203,188203000,64480,188203,lerback,{9396ADB3-A0B0-11D3-9E53-009027B0FCE9},SE/188203000,territorial,NA,18,T,Örebro,Lerbäck,Lerbäcks församling,Lerbäcks,NA,NA,LERBÄCK,LERBÄCK,1600,1990
2045,5791,48303,48303000,62520,48303,lerbo,{9396A4A3-A0B0-11D3-9E53-009027B0FCE9},SE/048303000,territorial,NA,4,D,Södermanlands,Lerbo,Lerbo församling,Lerbo,NA,NA,LERBO,LERBO,1600,1990
2046,6137,150706,150706000,81730,150706,lerdal,{9396AAB3-A0B0-11D3-9E53-009027B0FCE9},SE/150706000,territorial,NA,15,P,Älvsborgs,Lerdal,Lerdals församling,Lerdals,NA,NA,LERDAL,NA,1600,1990
2047,5944,168323,168323000,60760,168323,lerdala,{9396AC77-A0B0-11D3-9E53-009027B0FCE9},SE/168323000,territorial,NA,16,R,Skaraborgs,Lerdala,Lerdala församling,Lerdala,NA,NA,LERDALA,LERDALA,1600,1990
2048,7800,152401,152401000,75590,152401,lerum,{9396AABD-A0B0-11D3-9E53-009027B0FCE9},SE/152401000,territorial,NA,15,P,Älvsborgs,Lerum,Lerums församling,Lerums,NA,NA,LERUM,LERUM,1600,1990
2049,8701,76101,76101000,67692,76101,lessebo,{9396A630-A0B0-11D3-9E53-009027B0FCE9},SE/076101000,territorial,NA,7,G,Kronobergs,Lessebo,Lessebo församling,Lessebo,NA,NA,LESSEBO,NA,1961,1990
2050,NA,76100,NA,NA,NA,lessebokbfd,NA,NA,kbfd,2049,7,G,Kronobergs,Lessebo kbfd,NA,NA,NA,NA,NA,NA,NA,NA
2053,6108,166004,166004000,57600,166004,levede2,{9396ABD6-A0B0-11D3-9E53-009027B0FCE9},SE/166004000,territorial,NA,16,R,Skaraborgs,Levene,Levene församling,Levene,NA,NA,LEVENE,LEVENE,1600,1990
2054,6026,98081,98081000,85190,98081,levide,{9396A774-A0B0-11D3-9E53-009027B0FCE9},SE/098081000,territorial,NA,9,I,Gotlands,Levide,Levide församling,Levide,Levede,1940 Levede,LEVIDE,LEVIDE,1600,1990
2055,8828,158109,158109000,0,158109,lextorp,{9396AB4F-A0B0-11D3-9E53-009027B0FCE9},SE/158109000,territorial,NA,15,P,Älvsborgs,Lextorp,Lextorps församling,Lextorps,NA,NA,LEXTORP,NA,1989,1990
2056,5954,158421,158421000,60940,158421,liared,{9396AB90-A0B0-11D3-9E53-009027B0FCE9},SE/158421000,territorial,NA,15,P,Älvsborgs,Liared,Liareds församling,Liareds,NA,NA,LIARED,LIARED,1600,1990
2057,5830,48015,48015000,63020,48015,lid,{9396A476-A0B0-11D3-9E53-009027B0FCE9},SE/048015000,territorial,NA,4,D,Södermanlands,Lid,Lids församling,Lids,NA,NA,LID,LID,1600,1990
2058,7790,228113,228113000,83540,228113,liden1,{9396AF14-A0B0-11D3-9E53-009027B0FCE9},SE/228113000,territorial,NA,22,Y,Västernorrlands,Liden,Lidens församling (Y-län),Lidens,Indals-Liden,1885 Liden,LIDEN (Y-län),LIDEN (INDALSLIDEN),1600,1990
2060,6488,78116,78116000,67510,78116,lidhult,{9396A68A-A0B0-11D3-9E53-009027B0FCE9},SE/078116000,territorial,NA,7,G,Kronobergs,Lidhult,Lidhults församling,Lidhults,NA,NA,LIDHULT,LIDHULT,1600,1990
2061,8190,18601,18601000,52510,18601,lidingo,{9396A3B2-A0B0-11D3-9E53-009027B0FCE9},SE/018601000,territorial,NA,1,AB,Stockholms,Lidingö,Lidingö församling,Lidingö,NA,NA,LIDINGÖ,LIDINGÖ,1653,1990
2062,7592,168101,168101000,59450,168101,lidkoping,{9396AC25-A0B0-11D3-9E53-009027B0FCE9},SE/168101000,territorial,NA,16,R,Skaraborgs,Lidköping,Lidköpings församling,Lidköpings,NA,NA,LIDKÖPING,LIDKÖPING,1600,1990
2065,5767,128725,128725000,70000,128725,lillabedd,{9396A98F-A0B0-11D3-9E53-009027B0FCE9},SE/128725000,territorial,NA,12,M,Skåne,Lilla Beddinge,Lilla Beddinge församling,Lilla Beddinge,"Bedinge, Bitinge","Lilla Bedinge, 1940 av SCB ändrat efter jordeboken till Lilla Beddinge",LILLA BEDDINGE,NA,1600,1990
2066,8035,126108,126108000,72070,126108,lillharrie,{9396A89E-A0B0-11D3-9E53-009027B0FCE9},SE/126108000,territorial,NA,12,M,Skåne,Lilla Harrie,Lilla Harrie församling,Lilla Harrie,NA,NA,LILLA HARRIE,LILLA HARRIE,1600,1990
2067,7039,128720,128720000,70800,128720,lillaisie,{9396A98A-A0B0-11D3-9E53-009027B0FCE9},SE/128720000,territorial,NA,12,M,Skåne,Lilla Isie,Lilla Isie församling,Lilla Isie,Isie,NA,LILLA ISIE,NA,1600,1990
2068,7071,48205,48205000,62172,48205,lillamalm,{9396A499-A0B0-11D3-9E53-009027B0FCE9},SE/048205000,territorial,NA,4,D,Södermanlands,Lilla Malma,Lilla Malma församling,Lilla Malma,"Malma, Malmköping",NA,LILLA MALMA,NA,1600,1990
2069,NA,48200,NA,NA,NA,lillamellosa,NA,NA,other,NA,4,D,Södermanlands,Lilla Mellösa,NA,NA,NA,NA,NA,NA,NA,NA
2070,NA,18000,NA,NA,NA,lillaess,NA,NA,kbfd,524,1,AB,Stockholms,Lilla och Stora Essingens kbfd,NA,NA,"Essingen, Stora Essingen",NA,NA,NA,NA,NA
2071,NA,198000,NA,NA,NA,lillarytterne,NA,NA,other,3059,19,U,Västmanlands,Lilla Rytterne,NA,NA,Vikhus,NA,NA,NA,NA,NA
2072,NA,128700,NA,NA,NA,lillaslagarp,NA,NA,other,84,12,M,Skåne,Lilla Slågarp,NA,NA,NA,Lilla Slågerup,NA,NA,NA,NA
2074,7087,198008,198008000,65000,198008,lillharad,{9396ADFA-A0B0-11D3-9E53-009027B0FCE9},SE/198008000,territorial,NA,19,U,Västmanlands,Lillhärad,Lillhärads församling,Lillhärads,NA,NA,LILLHÄRAD,LILLHÄRAD,1600,1990
2075,7423,236111,236111000,84270,236111,lillhardal,{9396AF91-A0B0-11D3-9E53-009027B0FCE9},SE/236111000,territorial,NA,23,Z,Jämtlands,Lillhärdal,Lillhärdals församling,Lillhärdals,NA,NA,LILLHÄRDAL,LILLHÄRDAL,1600,1990
2077,7159,38110,38110000,51430,38110,lillkyrka1,{9396A434-A0B0-11D3-9E53-009027B0FCE9},SE/038110000,territorial,NA,3,C,Uppsala,Lillkyrka,Lillkyrka församling (C-län),Lillkyrka,NA,NA,LILLKYRKA (C-län),LILLKYRKA,1600,1990
2078,7907,58027,58027000,54250,58027,lillkyrka2,{9396A529-A0B0-11D3-9E53-009027B0FCE9},SE/058027000,territorial,NA,5,E,Östergötlands,Lillkyrka,Lillkyrka församling (E-län),Lillkyrka,NA,NA,LILLKYRKA (E-län),LILLKYRKA,1600,1990
2079,8816,188029,188029000,64340,188029,lillad,{9396ADA6-A0B0-11D3-9E53-009027B0FCE9},SE/188029000,territorial,NA,18,T,Örebro,Lillkyrka-Ödeby,Lillkyrka-Ödeby församling,Lillkyrka-Ödeby,Lillkyrka,1980 Lillkyrka,LILLKYRKA-ÖDEBY,LILLKYRKA,1981,1990
2080,6789,202303,202303000,65750,202303,lima,{9396AE32-A0B0-11D3-9E53-009027B0FCE9},SE/202303000,territorial,NA,20,W,Dalarnas,Lima,Lima församling,Lima,NA,NA,LIMA,LIMA,1600,1990
2081,NA,202300,NA,NA,NA,limakbfd,NA,NA,kbfd,2080,20,W,Dalarnas,Lima kbfd,NA,NA,NA,NA,NA,NA,NA,NA
2082,8765,128007,128007000,69522,128007,limhamn,{9396A8ED-A0B0-11D3-9E53-009027B0FCE9},SE/128007000,territorial,NA,12,M,Skåne,Limhamn,Limhamns församling,Limhamns,NA,NA,LIMHAMN,NA,1969,1990
2084,NA,155200,NA,NA,NA,limmared,NA,NA,other,3881,15,P,Älvsborgs,Limmared,NA,NA,NA,NA,NA,NA,NA,NA
2085,8024,168122,168122000,57840,168122,lindarva,{9396AC3A-A0B0-11D3-9E53-009027B0FCE9},SE/168122000,territorial,NA,16,R,Skaraborgs,Lindärva,Lindärva församling,Lindärva,NA,NA,LINDÄRVA,LINDÄRVA,1600,1990
2086,5975,138313,138313000,77890,138313,lindberg,{9396A9E9-A0B0-11D3-9E53-009027B0FCE9},SE/138313000,territorial,NA,13,N,Hallands,Lindberg,Lindbergs församling,Lindbergs,NA,NA,LINDBERG,LINDBERG,1600,1990
2087,8158,188500,NA,NA,NA,linde2,{9396ADC9-A0B0-11D3-9E53-009027B0FCE9},SE/188502005,territorial,NA,18,T,Örebro,Linde,Lindesbergs landsförsamling,Lindesbergs landsförsamling,"Linde bergsförsamling, Lindesberg, Lindesbergs landsförsamling",1643 Lindesberg,NA,NA,1643,1895
2088,7104,98075,98075000,85220,98075,linde,{9396A76E-A0B0-11D3-9E53-009027B0FCE9},SE/098075000,territorial,NA,9,I,Gotlands,Linde,Linde församling,Linde,NA,NA,LINDE,LINDE,1600,1990
2090,7521,68703,68703000,57320,68703,linderas,{9396A625-A0B0-11D3-9E53-009027B0FCE9},SE/068703000,territorial,NA,6,F,Jönköpings,Linderås,Linderås församling,Linderås,NA,NA,LINDERÅS,LINDERÅS,1600,1990
2091,6888,118033,118033000,74700,118033,linderod,{9396A823-A0B0-11D3-9E53-009027B0FCE9},SE/118033000,territorial,NA,11,L,Kristianstads,Linderöd,Linderöds församling,Linderöds,Linneröd,1889 Linneröd,LINDERÖD,LINDERÖD,1600,1990
2093,8754,188502,188502000,65360,188502,lindesberg1,{9396ADC5-A0B0-11D3-9E53-009027B0FCE9},SE/188502000,territorial,NA,18,T,Örebro,Lindesberg,Lindesbergs församling (T-län),Lindesbergs,NA,1927 Lindesbergs stadsförsamling,LINDESBERG (T-län),LINDESBERGS STADS,1967,1990
2096,7099,148103,148103000,77590,148103,lindome,{9396AA7B-A0B0-11D3-9E53-009027B0FCE9},SE/148103000,territorial,NA,14,O,Västra Götalands,Lindome,Lindome församling,Lindome,NA,NA,LINDOME,LINDOME,1600,1990
2097,8574,210103,210103000,53552,210103,lingbo,{9396AE95-A0B0-11D3-9E53-009027B0FCE9},SE/210103000,territorial,NA,21,X,Gävleborgs,Lingbo,Lingbo församling,Lingbo,NA,NA,LINGBO,LINGBO,1917,1990
2099,8784,58033,58033000,54146,58033,linberg,{9396A52F-A0B0-11D3-9E53-009027B0FCE9},SE/058033000,territorial,NA,5,E,Östergötlands,Linköpings Berga,Linköpings Berga församling (E-län),Linköpings Berga,Berga,NA,LINKÖPINGS BERGA (E-län),NA,1972,1990
2100,8823,58001,58001000,54130,58001,linkopdom,{9396A50D-A0B0-11D3-9E53-009027B0FCE9},SE/058001000,territorial,NA,5,E,Östergötlands,Linköpings domkyrkoförsamling,Linköpings Domkyrkoförsamling,Linköpings Domkyrkoförsamling,Linköping,1967 Linköping,LINKÖPINGS DOMKYRKO,LINKÖPINGS DOMKYRKOFÖRSAMLING,1989,1990
2101,8782,58034,58034000,54148,58034,linkjoh,{9396A530-A0B0-11D3-9E53-009027B0FCE9},SE/058034000,territorial,NA,5,E,Östergötlands,Linköpings Johannelund,Linköpings Johannelunds församling,Linköpings Johannelunds,Johannelund,NA,LINKÖPINGS JOHANNELUND,NA,1972,1990
2102,8826,58000,58036000,0,58036,linkopingsryd,{9396A532-A0B0-11D3-9E53-009027B0FCE9},SE/058036000,territorial,NA,5,E,Östergötlands,Linköpings Ryd,Linköpings Ryds församling,Linköpings Ryds,Ryd,NA,LINKÖPINGS RYD,NA,1989,1990
2103,8785,58002,58002000,54140,58002,linsanlars,{9396A50F-A0B0-11D3-9E53-009027B0FCE9},SE/058002000,territorial,NA,5,E,Östergötlands,Linköpings Sankt Lars,Linköpings Sankt Lars församling,Linköpings Sankt Lars,"Lars, Sankt Lars",1967 Sankt Lars,LINKÖPINGS SANKT LARS,SANKT LARS,1972,1990
2104,8835,58000,58035000,0,58035,linskagg,{9396A531-A0B0-11D3-9E53-009027B0FCE9},SE/058035000,territorial,NA,5,E,Östergötlands,Linköpings Skäggetorp,Linköpings Skäggetorps församling,Linköpings Skäggetorps,Skäggetorp,NA,LINKÖPINGS SKÄGGETORP,NA,1989,1990
2106,7330,76304,76304000,67620,76304,linneryd,{9396A639-A0B0-11D3-9E53-009027B0FCE9},SE/076304000,territorial,NA,7,G,Kronobergs,Linneryd,Linneryds församling,Linneryds,NA,NA,LINNERYD,LINNERYD,1600,1990
2107,8337,236102,236102000,84280,236102,linsell,{9396AF85-A0B0-11D3-9E53-009027B0FCE9},SE/236102000,territorial,NA,23,Z,Jämtlands,Linsell,Linsells församling,Linsells,NA,1909 Linsell,LINSELL,LINSELL,1798,1990
2108,6402,48414,48414000,63750,48414,lista,{9396A4BB-A0B0-11D3-9E53-009027B0FCE9},SE/048414000,territorial,NA,4,D,Södermanlands,Lista,Lista församling,Lista,Lidstad,Lidstad,LISTA,LISTA,1600,1990
2109,6840,108107,108107000,75010,108107,listerby,{9396A7A4-A0B0-11D3-9E53-009027B0FCE9},SE/108107000,territorial,NA,10,K,Blekinge,Listerby,Listerby församling,Listerby,NA,NA,LISTERBY,LISTERBY,1600,1990
2110,7769,238009,238009000,83800,238009,lit,{9396AF9C-A0B0-11D3-9E53-009027B0FCE9},SE/238009000,territorial,NA,23,Z,Jämtlands,Lit,Lits församling,Lits,NA,NA,LIT,LIT,1600,1990
2111,6721,38119,38119000,51400,38119,litslena,{9396A43F-A0B0-11D3-9E53-009027B0FCE9},SE/038119000,territorial,NA,3,C,Uppsala,Litslena,Litslena församling,Litslena,NA,NA,LITSLENA,LITSLENA,1600,1990
2112,NA,18000,NA,NA,NA,livbataljonsforsamlingen,NA,NA,other,NA,1,AB,Stockholms,Livbataljonsförsamlingen,NA,NA,NA,NA,NA,NA,NA,NA
2113,NA,18000,NA,NA,NA,livbevvaringsregenlentet,NA,NA,regemente,NA,1,AB,Stockholms,Livbeväringsregementet,NA,NA,NA,NA,NA,NA,NA,NA
2114,NA,18000,NA,NA,NA,livdrabantfors,NA,NA,other,NA,1,AB,Stockholms,Livdrabantförsamlingen,NA,NA,NA,NA,NA,NA,NA,NA
2117,NA,18000,NA,NA,NA,livhast,NA,NA,other,NA,1,AB,Stockholms,Livgardet till häst,NA,NA,"Lätta dragonkåren, Lätta livdragonregementet, Livdragonregementet, Livhusarregementet, Liv- och dragonregementet",1793 Lätta dragonkåren av Livgardet eller av Konungens liv- och hustrupper,NA,NA,NA,NA
2121,NA,18000,NA,NA,NA,livreginfant,NA,NA,regemente,NA,1,AB,Stockholms,Livregementets värvade infanteribataljon,NA,NA,NA,NA,NA,NA,NA,NA
2123,5828,76104,76104000,67660,76104,ljuder,{9396A634-A0B0-11D3-9E53-009027B0FCE9},SE/076104000,territorial,NA,7,G,Kronobergs,Ljuder,Ljuders församling,Ljuders,NA,NA,LJUDER,LJUDER,1600,1990
2124,6352,148503,148503000,76370,148503,ljung2,{9396AA93-A0B0-11D3-9E53-009027B0FCE9},SE/148503000,territorial,NA,14,O,Västra Götalands,Ljung,Ljungs församling (O-län),Ljungs,NA,NA,LJUNG (O-län),LJUNG,1600,1990
2125,NA,156600,NA,NA,NA,ljung3,NA,NA,other,2124,15,P,Älvsborgs,Ljung,NA,NA,NA,NA,NA,NA,NA,NA
2126,7174,58021,58021000,54350,58021,ljung1,{9396A523-A0B0-11D3-9E53-009027B0FCE9},SE/058021000,territorial,NA,5,E,Östergötlands,Ljung,Ljungs församling (E-län),Ljungs,NA,NA,LJUNG (E-län),LJUNG,1600,1990
2129,6967,68003,68003000,68120,68003,ljungarum,{9396A5C1-A0B0-11D3-9E53-009027B0FCE9},SE/068003000,territorial,NA,6,F,Jönköpings,Ljungarum,Ljungarums församling,Ljungarums,NA,NA,LJUNGARUM,LJUNGARUM,1600,1990
2131,NA,118000,NA,NA,NA,ljungby3,NA,NA,other,2134,11,L,Kristianstads,Ljungby,NA,NA,NA,NA,NA,NA,NA,NA
2134,7796,138210,138210000,78040,138210,ljungby6,{9396A9CD-A0B0-11D3-9E53-009027B0FCE9},SE/138210000,territorial,NA,13,N,Hallands,Ljungby,Ljungby församling (N-län),Ljungby,NA,NA,LJUNGBY (N-län),LJUNGBY,1600,1990
2135,6781,78101,78101000,67480,78101,ljungby,{9396A67B-A0B0-11D3-9E53-009027B0FCE9},SE/078101000,territorial,NA,7,G,Kronobergs,Ljungby,Ljungby församling (G-län),Ljungby,NA,NA,LJUNGBY (G-län),LJUNGBY,1600,1990
2136,8415,88008,88008000,79100,88008,ljungby1,{9396A6CF-A0B0-11D3-9E53-009027B0FCE9},SE/088008000,territorial,NA,8,H,Kalmar,Ljungby,Ljungby församling (H-län),Ljungby,NA,NA,LJUNGBY (H-län),LJUNGBY,1856,1990
2138,NA,162200,NA,NA,NA,ljunghem1,NA,NA,other,2139,16,R,Skaraborgs,Ljunghem,NA,NA,NA,NA,NA,NA,NA,NA
2139,6418,168310,168310000,59820,168310,ljunghem2,{9396AC68-A0B0-11D3-9E53-009027B0FCE9},SE/168310000,territorial,NA,16,R,Skaraborgs,Ljunghem,Ljunghems församling (R-län),Ljunghems,NA,NA,LJUNGHEM (R-län),LJUNGHEM,1600,1990
2140,6953,155209,155209000,77430,155209,ljungsarp,{9396AADD-A0B0-11D3-9E53-009027B0FCE9},SE/155209000,territorial,NA,15,P,Älvsborgs,Ljungsarp,Ljungsarps församling,Ljungsarps,NA,NA,LJUNGSARP,LJUNGSARP,1600,1990
2141,6003,152709,152709000,61860,152709,ljur,{9396AACA-A0B0-11D3-9E53-009027B0FCE9},SE/152709000,territorial,NA,15,P,Älvsborgs,Ljur,Ljurs församling,Ljurs,NA,NA,LJUR,NA,1600,1990
2142,8407,216101,216101000,53760,216101,ljusdal,{9396AEA8-A0B0-11D3-9E53-009027B0FCE9},SE/216101000,territorial,NA,21,X,Gävleborgs,Ljusdal,Ljusdals församling,Ljusdals,NA,NA,LJUSDAL,LJUSDAL,1852,1990
2143,6242,158308,158308000,77270,158308,ljushult,{9396AB69-A0B0-11D3-9E53-009027B0FCE9},SE/158308000,territorial,NA,15,P,Älvsborgs,Ljushult,Ljushults församling,Ljushults,NA,NA,LJUSHULT,LJUSHULT,1600,1990
2144,8089,186471,186471000,65510,186471,ljusnarsberg,{9396AD81-A0B0-11D3-9E53-009027B0FCE9},SE/186471000,territorial,NA,18,T,Örebro,Ljusnarsberg,Ljusnarsbergs församling,Ljusnarsbergs,Nya Kopparberg,1926 Nya Kopparberg,LJUSNARSBERG,LJUSNARSBERG (NYA KOPPARBERG),1624,1990
2145,NA,186401,NA,NA,NA,ljusnarsbergskbfd,NA,NA,kbfd,2144,18,T,Örebro,Ljusnarsbergs kbfd,NA,NA,NA,NA,NA,NA,NA,NA
2146,8579,218204,218204000,53496,218204,ljusne,{9396AECC-A0B0-11D3-9E53-009027B0FCE9},SE/218204000,territorial,NA,21,X,Gävleborgs,Ljusne,Ljusne församling,Ljusne,Maråker,1896 Maråker,LJUSNE,LJUSNE,1917,1990
2147,8228,236106,236106000,84330,236106,ljusnedal,{9396AF8A-A0B0-11D3-9E53-009027B0FCE9},SE/236106000,territorial,NA,23,Z,Jämtlands,Ljusnedal,Ljusnedals församling,Ljusnedals,"Mässlinge, Messlinge",1757 Mässlinge,LJUSNEDAL,LJUSNEDAL,1680,1990
2149,8437,11703,11703000,52595,11703,ljustero,{9396A322-A0B0-11D3-9E53-009027B0FCE9},SE/011703000,territorial,NA,1,AB,Stockholms,Ljusterö,Ljusterö församling,Ljusterö,Norra Ljusterö,1869 Norra Ljusterö,LJUSTERÖ,NA,1869,1990
2150,7739,226202,226202000,83430,226202,ljustorp,{9396AEF5-A0B0-11D3-9E53-009027B0FCE9},SE/226202000,territorial,NA,22,Y,Västernorrlands,Ljustorp,Ljustorps församling,Ljustorps,NA,NA,LJUSTORP,LJUSTORP,1600,1990
2151,NA,128000,NA,NA,NA,lockarp,NA,NA,other,2860,12,M,Skåne,Lockarp,NA,NA,NA,NA,NA,NA,NA,NA
2152,6417,168316,168316000,60170,168316,locketorp,{9396AC70-A0B0-11D3-9E53-009027B0FCE9},SE/168316000,territorial,NA,16,R,Skaraborgs,Locketorp,Locketorps församling,Locketorps,NA,NA,LOCKETORP,LOCKETORP,1600,1990
2153,7165,238005,238005000,84050,238005,lockne,{9396AF97-A0B0-11D3-9E53-009027B0FCE9},SE/238005000,territorial,NA,23,Z,Jämtlands,Lockne,Lockne församling,Lockne,NA,NA,LOCKNE,LOCKNE,1600,1990
2154,6758,88406,88406000,55970,88406,locknevi,{9396A707-A0B0-11D3-9E53-009027B0FCE9},SE/088406000,territorial,NA,8,H,Kalmar,Locknevi,Locknevi församling,Locknevi,NA,NA,LOCKNEVI,LOCKNEVI,1600,1990
2155,7726,126112,126112000,70260,126112,loddekopinge,{9396A8A2-A0B0-11D3-9E53-009027B0FCE9},SE/126112000,territorial,NA,12,M,Skåne,Löddeköpinge,Löddeköpinge församling,Löddeköpinge,NA,Lyddeköpinge,LÖDDEKÖPINGE,LÖDDEKÖPINGE,1600,1990
2156,7704,128617,128617000,73020,128617,loderup,{9396A96E-A0B0-11D3-9E53-009027B0FCE9},SE/128617000,territorial,NA,12,M,Skåne,Löderup,Löderups församling,Löderups,NA,NA,LÖDERUP,LÖDERUP,1600,1990
2159,8625,88310,88310000,55800,88310,lofta,{9396A6F9-A0B0-11D3-9E53-009027B0FCE9},SE/088310000,territorial,NA,8,H,Kalmar,Lofta,Lofta församling,Lofta,NA,NA,LOFTA,LOFTA,1931,1990
2160,7770,88309,88309000,55810,88309,loftahammar,{9396A6F8-A0B0-11D3-9E53-009027B0FCE9},SE/088309000,territorial,NA,8,H,Kalmar,Loftahammar,Loftahammars församling,Loftahammars,NA,NA,LOFTAHAMMAR,LOFTAHAMMAR,1600,1990
2161,NA,226200,NA,NA,NA,logdobruksf,NA,NA,bruk,1321,22,Y,Västernorrlands,Lögdö bruksförsamling,NA,NA,NA,NA,NA,NA,NA,NA
2162,6303,18817,18817000,50620,18817,loharad,{9396A3C6-A0B0-11D3-9E53-009027B0FCE9},SE/018817000,territorial,NA,1,AB,Stockholms,Lohärad,Lohärads församling,Lohärads,NA,NA,LOHÄRAD,LOHÄRAD,1600,1990
2163,7583,98074,98074000,85230,98074,loista,{9396A76D-A0B0-11D3-9E53-009027B0FCE9},SE/098074000,territorial,NA,9,I,Gotlands,Lojsta,Lojsta församling,Lojsta,NA,Löjsta,LOJSTA,NA,1600,1990
2164,6074,98020,98020000,84460,98020,lokrume,{9396A737-A0B0-11D3-9E53-009027B0FCE9},SE/098020000,territorial,NA,9,I,Gotlands,Lokrume,Lokrume församling,Lokrume,NA,NA,LOKRUME,LOKRUME,1600,1990
2165,6592,126201,126201000,70310,126201,lomma,{9396A8A5-A0B0-11D3-9E53-009027B0FCE9},SE/126201000,territorial,NA,12,M,Skåne,Lomma,Lomma församling,Lomma,NA,NA,LOMMA,LOMMA,1600,1990
2166,5781,60406,60406000,57260,60406,lommaryd,{9396A59D-A0B0-11D3-9E53-009027B0FCE9},SE/060406000,territorial,NA,6,F,Jönköpings,Lommaryd,Lommaryds församling,Lommaryds,NA,NA,LOMMARYD,LOMMARYD,1600,1990
2167,7300,148605,148605000,76790,148605,lommeland,{9396AAA2-A0B0-11D3-9E53-009027B0FCE9},SE/148605000,territorial,NA,14,O,Västra Götalands,Lommeland,Lommelands församling,Lommelands,NA,NA,LOMMELAND,LOMMELAND,1600,1990
2168,7213,166005,166005000,57620,166005,long,{9396ABD7-A0B0-11D3-9E53-009027B0FCE9},SE/166005000,territorial,NA,16,R,Skaraborgs,Long,Longs församling,Longs,NA,NA,LONG,LONG,1600,1990
2169,7914,86002,86002000,56340,86002,lonneberga,{9396A6B0-A0B0-11D3-9E53-009027B0FCE9},SE/086002000,territorial,NA,8,H,Kalmar,Lönneberga,Lönneberga församling,Lönneberga,NA,NA,LÖNNEBERGA,LÖNNEBERGA,1600,1990
2170,6575,58310,58310000,54400,58310,lonsas,{9396A56B-A0B0-11D3-9E53-009027B0FCE9},SE/058310000,territorial,NA,5,E,Östergötlands,Lönsås,Lönsås församling,Lönsås,NA,NA,LÖNSÅS,LÖNSÅS,1600,1990
2171,NA,178500,NA,NA,NA,lonskog,NA,NA,other,1995,17,S,Värmlands,Lönskog,NA,NA,NA,NA,NA,NA,NA,NA
2172,8619,216103,216103000,53800,216103,los,{9396AEAB-A0B0-11D3-9E53-009027B0FCE9},SE/216103000,territorial,NA,21,X,Gävleborgs,Los,Los församling,Los,NA,NA,LOS,LOS,1931,1990
2173,7793,108005,108005000,74840,108005,losen,{9396A78A-A0B0-11D3-9E53-009027B0FCE9},SE/108005000,territorial,NA,10,K,Blekinge,Lösen,Lösens församling,Lösens,NA,NA,LÖSEN,"LÖSEN, MED LYCKEBY",1600,1990
2174,7653,116303,116303000,74150,116303,loshult,{9396A7E5-A0B0-11D3-9E53-009027B0FCE9},SE/116303000,territorial,NA,11,L,Kristianstads,Loshult,Loshults församling,Loshults,NA,NA,LOSHULT,LOSHULT,1600,1990
2176,5897,38116,38116000,51420,38116,lot1,{9396A43C-A0B0-11D3-9E53-009027B0FCE9},SE/038116000,territorial,NA,3,C,Uppsala,Löt,Löts församling (C-län),Löts,NA,NA,LÖT (C-län),LÖT,1600,1990
2177,NA,58100,NA,NA,NA,lot2,NA,NA,other,2176,5,E,Östergötlands,Löt,NA,NA,NA,NA,NA,NA,NA,NA
2178,6687,88504,88504000,79350,88504,lot3,{9396A70F-A0B0-11D3-9E53-009027B0FCE9},SE/088504000,territorial,NA,8,H,Kalmar,Löt,Löts församling (H-län),Löts,NA,NA,LÖT (H-län),LÖT,1600,1990
2179,7478,248210,248210000,82860,248210,lovanger,{9396AFF9-A0B0-11D3-9E53-009027B0FCE9},SE/248210000,territorial,NA,24,AC,Västerbottens,Lövånger,Lövångers församling,Lövångers,NA,NA,LÖVÅNGER,LÖVÅNGER,1600,1990
2180,NA,168600,NA,NA,NA,lovene,NA,NA,other,1726,16,R,Skaraborgs,Lovene,NA,NA,NA,NA,NA,NA,NA,NA
2181,6607,126510,126510000,71610,126510,lovestad,{9396A8C9-A0B0-11D3-9E53-009027B0FCE9},SE/126510000,territorial,NA,12,M,Skåne,Lövestad,Lövestads församling,Lövestads,NA,NA,LÖVESTAD,LÖVESTAD,1600,1990
2182,6701,12504,12504000,52410,12504,lovo,{9396A338-A0B0-11D3-9E53-009027B0FCE9},SE/012504000,territorial,NA,1,AB,Stockholms,Lovö,Lovö församling,Lovö,NA,NA,LOVÖ,LOVÖ,1600,1990
2185,NA,36000,NA,NA,NA,lovstabruksf,NA,NA,bruk,NA,3,C,Uppsala,Lövsta bruksförsamling,NA,NA,NA,NA,NA,NA,NA,NA
2186,7737,48017,48017000,62960,48017,ludgo,{9396A478-A0B0-11D3-9E53-009027B0FCE9},SE/048017000,territorial,NA,4,D,Södermanlands,Ludgo,Ludgo församling,Ludgo,NA,NA,LUDGO,LUDGO,1600,1990
2187,8185,208501,208501000,65640,208501,ludvika,{9396AE8A-A0B0-11D3-9E53-009027B0FCE9},SE/208501000,territorial,NA,20,W,Dalarnas,Ludvika,Ludvika församling,Ludvika,NA,NA,LUDVIKA,LUDVIKA,1652,1990
2188,6884,168010,168010000,58350,168010,lugnas,{9396AC1B-A0B0-11D3-9E53-009027B0FCE9},SE/168010000,territorial,NA,16,R,Skaraborgs,Lugnås,Lugnås församling,Lugnås,NA,NA,LUGNÅS,LUGNÅS,1600,1990
2190,8706,258001,258001000,83150,258001,luldom,{9396B02C-A0B0-11D3-9E53-009027B0FCE9},SE/258001000,territorial,NA,25,BD,Norrbottens,Luleå domkyrkoförsamling,Luleå domkyrkoförsamling,Luleå domkyrkoförsamling,"Luleå, Luleå stadsförsamling","Luleå stadsförsamling, senare -1961 även Luleå",LULEÅ DOMKYRKO,LULEÅ DOMKYRKOFÖRSAMLING,1962,1990
2192,7998,98016,98016000,84560,98016,lummelunda,{9396A733-A0B0-11D3-9E53-009027B0FCE9},SE/098016000,territorial,NA,9,I,Gotlands,Lummelunda,Lummelunda församling,Lummelunda,NA,NA,LUMMELUNDA,LUMMELUNDA,1600,1990
2193,6263,19110,19110000,51900,19110,lunda1,{9396A3DF-A0B0-11D3-9E53-009027B0FCE9},SE/019110000,territorial,NA,1,AB,Stockholms,Lunda,Lunda församling (AB-län),Lunda,NA,NA,LUNDA (AB-län),LUNDA,1600,1990
2194,6132,48008,48008000,62760,48008,lunda,{9396A46F-A0B0-11D3-9E53-009027B0FCE9},SE/048008000,territorial,NA,4,D,Södermanlands,Lunda,Lunda församling (D-län),Lunda,"Jenåker, Jönåker",Jönåker,LUNDA (D-län),LUNDA,1600,1990
2195,8697,148017,148017000,75550,148017,lundby1,{9396AA5F-A0B0-11D3-9E53-009027B0FCE9},SE/148017000,territorial,NA,14,O,Västra Götalands,Lundby,Lundby församling (O-län),Lundby,NA,NA,LUNDBY (O-län),LUNDBY,1961,1990
2200,NA,148000,NA,NA,NA,lundbykbfd,NA,NA,kbfd,2195,14,O,Västra Götalands,Lundby kbfd,NA,NA,NA,NA,NA,NA,NA,NA
2201,8728,128104,128104000,70332,128104,lunall,{9396A908-A0B0-11D3-9E53-009027B0FCE9},SE/128104000,territorial,NA,12,M,Skåne,Lunds Allhelgonaförsamling,Lunds allhelgonaförsamling,Lunds allhelgonaförsamling,Allhelgona,NA,LUNDS ALLHELGONA,NA,1962,1990
2202,8723,128101,128101000,70320,128101,lunddom,{9396A902-A0B0-11D3-9E53-009027B0FCE9},SE/128101000,territorial,NA,12,M,Skåne,Lunds domkyrkoförsamling,Lunds domkyrkoförsamling,Lunds domkyrkoförsamling,"Kraftskyrkan, Lunds stadsförsamling",1943 Lunds stadsförsamling,LUNDS DOMKYRKO,LUNDS DOMKYRKOFÖRSAMLING,1962,1990
2203,NA,128100,NA,NA,NA,lundhos,NA,NA,hospital,1955,12,M,Skåne,Lunds hospitalsförsamling,NA,NA,"Johannes, Sankt Johannes, Sankt Jörgens hospital, Spetelöv",talet Sankt Jörgens hospital.,NA,NA,NA,NA
2204,6823,128100,128101003,70320,128101,lundslandsf,{9396A905-A0B0-11D3-9E53-009027B0FCE9},SE/128101003,territorial,NA,12,M,Skåne,Lunds landsförsamling,Lunds landsförsamling,Lunds landsförsamling,NA,NA,LUNDS LANDS,LUNDS DOMKYRKOFÖRSAMLING,1600,1943
2206,NA,198400,NA,NA,NA,lunger,NA,NA,other,1093,19,U,Västmanlands,Lunger,NA,NA,NA,NA,NA,NA,NA,NA
2207,8154,176003,176003000,80390,176003,lungsund,{9396ACF1-A0B0-11D3-9E53-009027B0FCE9},SE/176003000,territorial,NA,17,S,Värmlands,Lungsund,Lungsunds församling,Lungsunds,NA,NA,LUNGSUND,LUNGSUND,1643,1990
2209,NA,118200,NA,NA,NA,luntertun,NA,NA,other,293,11,L,Kristianstads,Luntertun,NA,NA,Rynestad,NA,NA,NA,NA,NA
2210,7559,143503,143503000,76710,143503,lur,{9396AA41-A0B0-11D3-9E53-009027B0FCE9},SE/143503000,territorial,NA,14,O,Västra Götalands,Lur,Lurs församling,Lurs,NA,NA,LUR,LUR,1600,1990
2211,6084,168618,168618000,58900,168618,luttra,{9396ACB2-A0B0-11D3-9E53-009027B0FCE9},SE/168618000,territorial,NA,16,R,Skaraborgs,Luttra,Luttra församling,Luttra,NA,NA,LUTTRA,LUTTRA,1600,1990
2212,6234,126609,126609000,71260,126609,lyby,{9396A8D7-A0B0-11D3-9E53-009027B0FCE9},SE/126609000,territorial,NA,12,M,Skåne,Lyby,Lyby församling,Lyby,NA,NA,LYBY,LYBY,1600,1990
2213,6458,148206,148206000,75940,148206,lycke,{9396AA82-A0B0-11D3-9E53-009027B0FCE9},SE/148206000,territorial,NA,14,O,Västra Götalands,Lycke,Lycke församling,Lycke,NA,NA,LYCKE,LYCKE,1600,1990
2214,NA,108000,NA,NA,NA,lyckeby,NA,NA,other,2173,10,K,Blekinge,Lyckeby,NA,NA,NA,NA,NA,NA,NA,NA
2215,8707,248101,248101000,82870,248101,lycksele,{9396AFDD-A0B0-11D3-9E53-009027B0FCE9},SE/248101000,territorial,NA,24,AC,Västerbottens,Lycksele,Lycksele församling,Lycksele,NA,NA,LYCKSELE,LYCKSELE,1962,1990
2216,NA,248100,NA,NA,NA,lyckselekbfd,NA,NA,kbfd,2215,24,AC,Västerbottens,Lycksele kbfd,NA,NA,NA,NA,NA,NA,NA,NA
2217,7035,98069,98069000,85270,98069,lye,{9396A768-A0B0-11D3-9E53-009027B0FCE9},SE/098069000,territorial,NA,9,I,Gotlands,Lye,Lye församling,Lye,NA,NA,LYE,LYE,1600,1990
2218,7639,128119,128119000,70400,128119,lyngby,{9396A917-A0B0-11D3-9E53-009027B0FCE9},SE/128119000,territorial,NA,12,M,Skåne,Lyngby,Lyngby församling,Lyngby,Ljungby,NA,LYNGBY,NA,1600,1990
2219,6591,118018,118018000,74660,118018,lyngsjo,{9396A814-A0B0-11D3-9E53-009027B0FCE9},SE/118018000,territorial,NA,11,L,Kristianstads,Lyngsjö,Lyngsjö församling,Lyngsjö,NA,NA,LYNGSJÖ,LYNGSJÖ,1600,1990
2220,6330,168018,168018000,60510,168018,lyrestad,{9396AC23-A0B0-11D3-9E53-009027B0FCE9},SE/168018000,territorial,NA,16,R,Skaraborgs,Lyrestad,Lyrestads församling,Lyrestads,NA,NA,LYRESTAD,LYRESTAD,1600,1990
2221,8250,148402,148402000,76610,148402,lyse,{9396AA8A-A0B0-11D3-9E53-009027B0FCE9},SE/148402000,territorial,NA,14,O,Västra Götalands,Lyse,Lyse församling,Lyse,NA,NA,LYSE,LYSE,1700,1990
2222,8242,148401,148401000,76620,148401,lysekil,{9396AA89-A0B0-11D3-9E53-009027B0FCE9},SE/148401000,territorial,NA,14,O,Västra Götalands,Lysekil,Lysekils församling,Lysekils,NA,NA,LYSEKIL,LYSEKIL,1700,1990
2223,7319,176605,176605000,80510,176605,lysvik,{9396AD14-A0B0-11D3-9E53-009027B0FCE9},SE/176605000,territorial,NA,17,S,Värmlands,Lysvik,Lysviks församling,Lysviks,NA,NA,LYSVIK,LYSVIK,1600,1990
2224,8637,88105,88105000,79230,88105,NA,{9396A6E1-A0B0-11D3-9E53-009027B0FCE9},SE/088105000,territorial,NA,8,H,Kalmar,Madesjö,Madesjö församling,Madesjö,NA,NA,MADESJÖ,MADESJÖ,1939,1990
2225,NA,88100,NA,NA,NA,madesjokbfd,NA,NA,kbfd,2224,8,H,Kalmar,Madesjö kbfd,NA,NA,NA,NA,NA,NA,NA,NA
2227,6696,128702,128702000,69790,128702,maglarp,{9396A977-A0B0-11D3-9E53-009027B0FCE9},SE/128702000,territorial,NA,12,M,Skåne,Maglarp,Maglarps församling,Maglarps,NA,Maglerup,MAGLARP,MAGLARP,1600,1990
2229,6243,118026,118026000,74620,118026,maglebern,{9396A81C-A0B0-11D3-9E53-009027B0FCE9},SE/118026000,territorial,NA,11,L,Kristianstads,Maglehem,Maglehems församling,Maglehems,NA,NA,MAGLEHEM,MAGLEHEM,1600,1990
2231,7122,158206,158206000,58020,158206,magra,{9396AB59-A0B0-11D3-9E53-009027B0FCE9},SE/158206000,territorial,NA,15,P,Älvsborgs,Magra,Magra församling,Magra,NA,NA,MAGRA,MAGRA,1600,1990
2234,8421,241801,241801000,83062,241801,mala,{9396AFB3-A0B0-11D3-9E53-009027B0FCE9},SE/241801000,territorial,NA,24,AC,Västerbottens,Malå,Malå församling,Malå,NA,NA,MALÅ,MALÅ,1862,1990
2236,6557,56006,56006000,56610,56006,malexander,{9396A4F7-A0B0-11D3-9E53-009027B0FCE9},SE/056006000,territorial,NA,5,E,Östergötlands,Malexander,Malexanders församling,Malexanders,NA,NA,MALEXANDER,MALEXANDER,1600,1990
2238,NA,86000,NA,NA,NA,malillakbfd,NA,NA,kbfd,2239,8,H,Kalmar,Målilla kbfd,NA,NA,NA,NA,NA,NA,NA,NA
2239,6481,86003,86003000,56332,86003,molgod,{9396A6B1-A0B0-11D3-9E53-009027B0FCE9},SE/086003000,territorial,NA,8,H,Kalmar,Målilla med Gårdveda,Målilla med Gårdveda församling,Målilla med Gårdveda,"Målilla, Molilja",1770 Målilla,MÅLILLA MED GÅRDVEDA,GÅRDVEDA,1600,1990
2240,8256,206100,206102003,65620,206102,malingsbo,{9396AE55-A0B0-11D3-9E53-009027B0FCE9},SE/206102003,territorial,NA,20,W,Dalarnas,Malingsbo,Malingsbo församling,Malingsbo,NA,NA,MALINGSBO,MALINGSBO,1708,1969
2242,6643,160301,160301000,58080,160301,malma2,{9396ABB4-A0B0-11D3-9E53-009027B0FCE9},SE/160301000,territorial,NA,16,R,Skaraborgs,Malma,Malma församling (R-län),Malma,NA,NA,MALMA (R-län),MALMA,1600,1990
2243,7261,198300,198304002,65170,198304,malma3,{9396AE1F-A0B0-11D3-9E53-009027B0FCE9},SE/198304002,territorial,NA,19,U,Västmanlands,Malma,Malma församling,Malma,NA,NA,MALMA,NA,1600,1942
2246,6854,68209,68209000,68860,68209,malmback,{9396A5E3-A0B0-11D3-9E53-009027B0FCE9},SE/068209000,territorial,NA,6,F,Jönköpings,Malmbäck,Malmbäcks församling,Malmbäcks,NA,NA,MALMBÄCK,MALMBÄCK,1600,1990
2247,8711,252306,252306000,83226,252306,malmberget,{9396B026-A0B0-11D3-9E53-009027B0FCE9},SE/252306000,territorial,NA,25,BD,Norrbottens,Malmberget,Malmbergets församling,Malmbergets,NA,NA,MALMBERGET,NILIVAARA,1962,1990
2248,NA,252300,NA,NA,NA,malmbergetskbfd,NA,NA,kbfd,2247,25,BD,Norrbottens,Malmbergets kbfd,NA,NA,NA,NA,NA,NA,NA,NA
2251,NA,128000,NA,NA,NA,malgarn,NA,NA,garrison,NA,12,M,Skåne,Malmö garnisonsförsamling,NA,NA,Kronprinsens husarregemente,NA,NA,NA,NA,NA
2252,NA,128000,NA,NA,NA,malmohospitalsforsamling,NA,NA,hospital,NA,12,M,Skåne,Malmö hospitalsförsamling,NA,NA,NA,NA,NA,NA,NA,NA
2253,NA,128000,NA,NA,NA,malmokaroll,NA,NA,other,2260,12,M,Skåne,Malmö Karoli,NA,NA,"Caroli, Malmö Caroli",1813 Malmö tyska eller Caroli,NA,NA,NA,NA
2254,NA,128000,NA,NA,NA,malmokatolska,NA,NA,other,NA,12,M,Skåne,Malmö katolska,NA,NA,NA,NA,NA,NA,NA,NA
2255,NA,128000,NA,NA,NA,malmomosaiska,NA,NA,mosaiska,NA,12,M,Skåne,Malmö mosaiska,NA,NA,NA,NA,NA,NA,NA,NA
2256,8539,142702,142702000,76642,142702,malmon,{9396AA2F-A0B0-11D3-9E53-009027B0FCE9},SE/142702000,territorial,NA,14,O,Västra Götalands,Malmön,Malmöns församling,Malmöns,NA,NA,MALMÖN,MALMÖN,1909,1990
2257,NA,128000,NA,NA,NA,malmoovra,NA,NA,other,2260,12,M,Skåne,Malmö Övra,NA,NA,Övre Malmö,NA,NA,NA,NA,NA
2258,8513,128005,128005000,69481,128005,malsanjoh,{9396A8EB-A0B0-11D3-9E53-009027B0FCE9},SE/128005000,territorial,NA,12,M,Skåne,Malmö Sankt Johannes,Malmö Sankt Johannes församling,Malmö Sankt Johannes,Johannes,1948 Sankt Johannes,MALMÖ SANKT JOHANNES,SANKT JOHANNES (MALMÖ SF),1906,1990
2259,8662,128004,128004000,69472,128004,malsanktpauli,{9396A8E9-A0B0-11D3-9E53-009027B0FCE9},SE/128004000,territorial,NA,12,M,Skåne,Malmö Sankt Pauli,Malmö Sankt Pauli församling,Malmö Sankt Pauli,"Pauli, Sankt Pauli",1948 Sankt Pauli,MALMÖ SANKT PAULI,SANKT PAULI (MALMÖ SF),1949,1990
2260,8656,128001,128001000,69481,128001,malsanktpetri,{9396A8E3-A0B0-11D3-9E53-009027B0FCE9},SE/128001000,territorial,NA,12,M,Skåne,Malmö Sankt Petri,Malmö Sankt Petri församling,Malmö Sankt Petri,"Petri, Sankt Petri",1948 Sankt Petri,MALMÖ SANKT PETRI,SANKT JOHANNES (MALMÖ SF),1949,1990
2261,NA,128000,NA,NA,NA,malmoslottsforsamling,NA,NA,slott,NA,12,M,Skåne,Malmö slottsförsamling,NA,NA,NA,NA,NA,NA,NA,NA
2262,NA,128000,NA,NA,NA,malmotyska,NA,NA,other,NA,12,M,Skåne,Malmö tyska,NA,NA,NA,NA,NA,NA,NA,NA
2263,NA,158100,NA,NA,NA,maloga,NA,NA,other,2812,15,P,Älvsborgs,Malöga,NA,NA,NA,NA,NA,NA,NA,NA
2264,6706,18816,18816000,50630,18816,malsta,{9396A3C5-A0B0-11D3-9E53-009027B0FCE9},SE/018816000,territorial,NA,1,AB,Stockholms,Malsta,Malsta församling,Malsta,NA,NA,MALSTA,MALSTA,1600,1990
2265,6308,202302,202302000,65770,202302,malung,{9396AE31-A0B0-11D3-9E53-009027B0FCE9},SE/202302000,territorial,NA,20,W,Dalarnas,Malung,Malungs församling,Malungs,Övermalung,NA,MALUNG,MALUNG,1600,1990
2266,NA,202300,NA,NA,NA,malungutomtyngsjo,NA,NA,other,2265,20,W,Dalarnas,Malung utom Tyngsjö,NA,NA,NA,NA,NA,NA,NA,NA
2267,8253,178410,178410000,80570,178410,mangskog,{9396AD56-A0B0-11D3-9E53-009027B0FCE9},SE/178410000,territorial,NA,17,S,Värmlands,Mangskog,Mangskogs församling,Mangskogs,NA,NA,MANGSKOG,MANGSKOG,1705,1990
2270,6538,68019,68019000,68260,68019,mansarp,{9396A5D5-A0B0-11D3-9E53-009027B0FCE9},SE/068019000,territorial,NA,6,F,Jönköpings,Månsarp,Månsarps församling,Månsarps,NA,NA,MÅNSARP,MÅNSARP,1600,1990
2271,7358,155207,155207000,77310,155207,manstad,{9396AADB-A0B0-11D3-9E53-009027B0FCE9},SE/155207000,territorial,NA,15,P,Älvsborgs,Månstad,Månstads församling,Månstads,NA,NA,MÅNSTAD,MÅNSTAD,1600,1990
2273,7320,158415,158415000,77360,158415,marback2,{9396AB8A-A0B0-11D3-9E53-009027B0FCE9},SE/158415000,territorial,NA,15,P,Älvsborgs,Marbäck,Marbäcks församling (P-län),Marbäcks,NA,NA,MARBÄCK (P-län),MARBÄCK,1600,1990
2274,6718,60404,60404000,57300,60404,marback1,{9396A59B-A0B0-11D3-9E53-009027B0FCE9},SE/060404000,territorial,NA,6,F,Jönköpings,Marbäck,Marbäcks församling (F-län),Marbäcks,NA,NA,MARBÄCK (F-län),MARBÄCK,1600,1990
2276,7404,232107,232107000,84170,232107,marby,{9396AF77-A0B0-11D3-9E53-009027B0FCE9},SE/232107000,territorial,NA,23,Z,Jämtlands,Marby,Marby församling,Marby,NA,NA,MARBY,MARBY,1600,1990
2277,5998,156504,156504000,77500,156504,mardaklev,{9396AB14-A0B0-11D3-9E53-009027B0FCE9},SE/156504000,territorial,NA,15,P,Älvsborgs,Mårdaklev,Mårdaklevs församling,Mårdaklevs,NA,NA,MÅRDAKLEV,MÅRDAKLEV,1600,1990
2285,8607,18013,18013000,85600,18013,mariamagdal,{9396A374-A0B0-11D3-9E53-009027B0FCE9},SE/018013000,territorial,NA,1,AB,Stockholms,Maria Magdalena,Maria Magdalena församling,Maria Magdalena,"Maria, Sankta Maria Magdalena, Södermalm",1654 Södermalm,MARIA MAGDALENA,"SANKT MARIA MAGDALENA, STOCKHOLM",1925,1990
2288,NA,148000,NA,NA,NA,marieberg,NA,NA,other,2705,14,O,Västra Götalands,Marieberg,NA,NA,Majförsamlingen,NA,NA,NA,NA,NA
2289,7725,238006,238006000,84060,238006,marieby,{9396AF98-A0B0-11D3-9E53-009027B0FCE9},SE/238006000,territorial,NA,23,Z,Jämtlands,Marieby,Marieby församling,Marieby,NA,NA,MARIEBY,MARIEBY,1600,1990
2290,8750,48604,48604000,54150,48604,mariefred,{9396A4CA-A0B0-11D3-9E53-009027B0FCE9},SE/048604000,territorial,NA,4,D,Södermanlands,Mariefred,Mariefreds församling,Mariefreds,NA,NA,MARIEFRED,KÄRNA,1967,1990
2291,6889,168001,168001000,60000,168001,mariestad,{9396AC12-A0B0-11D3-9E53-009027B0FCE9},SE/168001000,territorial,NA,16,R,Skaraborgs,Mariestad,Mariestads församling,Mariestads,NA,NA,MARIESTAD,MARIESTAD,1600,1990
2292,6507,168610,168610000,58600,168610,marka,{9396ACAA-A0B0-11D3-9E53-009027B0FCE9},SE/168610000,territorial,NA,16,R,Skaraborgs,Marka,Marka församling,Marka,NA,NA,MARKA,MARKA,1600,1990
2293,7214,76701,76701000,67350,76701,markaryd,{9396A655-A0B0-11D3-9E53-009027B0FCE9},SE/076701000,territorial,NA,7,G,Kronobergs,Markaryd,Markaryds församling,Markaryds,NA,NA,MARKARYD,MARKARYD,1600,1990
2294,NA,258104,NA,NA,NA,markbygdenskbfd,NA,NA,kbfd,NA,25,BD,Norrbottens,Markbygdens kbfd,NA,NA,NA,NA,NA,NA,NA,NA
2295,NA,128700,NA,NA,NA,markie,NA,NA,other,117,12,M,Skåne,Markie,NA,NA,Stora Markie,NA,NA,NA,NA,NA
2296,7801,11502,11502000,51910,11502,markim,{9396A317-A0B0-11D3-9E53-009027B0FCE9},SE/011502000,territorial,NA,1,AB,Stockholms,Markim,Markims församling,Markims,NA,NA,MARKIM,MARKIM,1600,1990
2297,7866,148203,148203000,75950,148203,marstrand,{9396AA7F-A0B0-11D3-9E53-009027B0FCE9},SE/148203000,territorial,NA,14,O,Västra Götalands,Marstrand,Marstrands församling,Marstrands,NA,NA,MARSTRAND,MARSTRAND,1600,1990
2298,NA,148200,NA,NA,NA,marstrandsmosaiska,NA,NA,mosaiska,2297,14,O,Västra Götalands,Marstrands mosaiska,NA,NA,NA,NA,NA,NA,NA,NA
2299,NA,128600,NA,NA,NA,marsvinsholm,NA,NA,other,NA,12,M,Skåne,Marsvinsholm,NA,NA,NA,NA,NA,NA,NA,NA
2300,7671,98017,98017000,84550,98017,martebo,{9396A734-A0B0-11D3-9E53-009027B0FCE9},SE/098017000,territorial,NA,9,I,Gotlands,Martebo,Martebo församling,Martebo,NA,NA,MARTEBO,MARTEBO,1600,1990
2302,8727,138002,138002000,78374,138002,martinluther,{9396A9A3-A0B0-11D3-9E53-009027B0FCE9},SE/138002000,territorial,NA,13,N,Hallands,Martin Luther,Martin Luthers församling,Martin Luthers,NA,NA,MARTIN LUTHER,NA,1962,1990
2303,6570,168213,168213000,58790,168213,marum,{9396AC54-A0B0-11D3-9E53-009027B0FCE9},SE/168213000,territorial,NA,16,R,Skaraborgs,Marum,Marums församling,Marums,NA,NA,MARUM,MARUM,1600,1990
2305,7188,98058,98058000,84790,98058,masterby,{9396A75D-A0B0-11D3-9E53-009027B0FCE9},SE/098058000,territorial,NA,9,I,Gotlands,Mästerby,Mästerby församling,Mästerby,NA,NA,MÄSTERBY,MÄSTERBY,1600,1990
2308,7286,118318,118318000,73870,118318,matterod,{9396A85B-A0B0-11D3-9E53-009027B0FCE9},SE/118318000,territorial,NA,11,L,Kristianstads,Matteröd,Matteröds församling,Matteröds,NA,NA,MATTERÖD,NA,1600,1990
2309,8511,18007,18007000,85549,18007,matteus1,{9396A36F-A0B0-11D3-9E53-009027B0FCE9},SE/018007000,territorial,NA,1,AB,Stockholms,Matteus,Matteus församling (AB-län),Matteus,NA,NA,MATTEUS (AB-län),"MATTEUS, STOCKHOLM",1906,1990
2311,7263,232102,232102000,83890,232102,mattmar,{9396AF72-A0B0-11D3-9E53-009027B0FCE9},SE/232102000,territorial,NA,23,Z,Jämtlands,Mattmar,Mattmars församling,Mattmars,NA,NA,MATTMAR,MATTMAR,1600,1990
2312,7365,198403,198403000,65270,198403,medaker,{9396AE28-A0B0-11D3-9E53-009027B0FCE9},SE/198403000,territorial,NA,19,U,Västmanlands,Medåker,Medåkers församling,Medåkers,NA,NA,MEDÅKER,MEDÅKER,1600,1990
2314,7935,166119,166119000,58440,166119,medelplana,{9396ABFE-A0B0-11D3-9E53-009027B0FCE9},SE/166119000,territorial,NA,16,R,Skaraborgs,Medelplana,Medelplana församling,Medelplana,NA,Mellplana,MEDELPLANA,MEDELPLANA,1600,1990
2315,6128,123311,123311000,69590,123311,mellangrevie,{9396A88D-A0B0-11D3-9E53-009027B0FCE9},SE/123311000,territorial,NA,12,M,Skåne,Mellan-Grevie,Mellan-Grevie församling,Mellan-Grevie,NA,NA,MELLAN-GREVIE,NA,1600,1990
2320,7017,168106,168106000,59570,168106,mellby6,{9396AC2A-A0B0-11D3-9E53-009027B0FCE9},SE/168106000,territorial,NA,16,R,Skaraborgs,Mellby,Mellby församling (R-län),Mellby,NA,NA,MELLBY (R-län),MELLBY,1600,1990
2321,6962,68608,68608000,57430,68608,mellby1,{9396A620-A0B0-11D3-9E53-009027B0FCE9},SE/068608000,territorial,NA,6,F,Jönköpings,Mellby,Mellby församling (F-län),Mellby,Medelby,NA,MELLBY (F-län),MELLBY,1600,1990
2323,6674,48207,48207000,62200,48207,mellosa1,{9396A49B-A0B0-11D3-9E53-009027B0FCE9},SE/048207000,territorial,NA,4,D,Södermanlands,Mellösa,Mellösa församling,Mellösa,NA,1933 Lilla Mellösa,MELLÖSA,LILLA MELLÖSA,1600,1990
2327,8804,188030,188030000,64184,188030,mikael4,{9396ADA9-A0B0-11D3-9E53-009027B0FCE9},SE/188030000,territorial,NA,18,T,Örebro,Mikael,Mikaels församling (T-län),Mikaels,NA,NA,MIKAEL (T-län),NA,1977,1990
2329,NA,18000,NA,NA,NA,militarforsorningen,NA,NA,other,NA,1,AB,Stockholms,Militärförsörjningsinrättningen,NA,NA,NA,NA,NA,NA,NA,NA
2330,NA,18000,NA,NA,NA,militarkaren,NA,NA,other,NA,1,AB,Stockholms,Militärkåren,NA,NA,NA,NA,NA,NA,NA,NA
2331,7268,178506,178506000,81210,178506,millesvik,{9396AD61-A0B0-11D3-9E53-009027B0FCE9},SE/178506000,territorial,NA,17,S,Värmlands,Millesvik,Millesviks församling,Millesviks,NA,NA,MILLESVIK,MILLESVIK,1600,1990
2332,5894,76407,76407000,67200,76407,mistelas,{9396A646-A0B0-11D3-9E53-009027B0FCE9},SE/076407000,territorial,NA,7,G,Kronobergs,Mistelås,Mistelås församling,Mistelås,NA,NA,MISTELÅS,MISTELÅS,1600,1990
2333,8011,88272,88272000,56200,88272,misterhult,{9396A6ED-A0B0-11D3-9E53-009027B0FCE9},SE/088272000,territorial,NA,8,H,Kalmar,Misterhult,Misterhults församling,Misterhults,NA,NA,MISTERHULT,MISTERHULT,1600,1990
2334,NA,88202,NA,NA,NA,misterhultsnorrakbfd,NA,NA,kbfd,2333,8,H,Kalmar,Misterhults norra kbfd,NA,NA,NA,NA,NA,NA,NA,NA
2335,NA,88203,NA,NA,NA,misterhultssodrakbfd,NA,NA,kbfd,2333,8,H,Kalmar,Misterhults södra kbfd,NA,NA,NA,NA,NA,NA,NA,NA
2336,7343,156609,156609000,61670,156609,mjaldrunga,{9396AB29-A0B0-11D3-9E53-009027B0FCE9},SE/156609000,territorial,NA,15,P,Älvsborgs,Mjäldrunga,Mjäldrunga församling,Mjäldrunga,NA,1911 Mjelldrunga,MJÄLDRUNGA,NA,1600,1990
2337,6566,108304,108304000,75200,108304,mjallby,{9396A7BC-A0B0-11D3-9E53-009027B0FCE9},SE/108304000,territorial,NA,10,K,Blekinge,Mjällby,Mjällby församling,Mjällby,Mellby,NA,MJÄLLBY,MJÄLLBY,1600,1990
2338,6315,156503,156503000,77180,156503,mjoback,{9396AB13-A0B0-11D3-9E53-009027B0FCE9},SE/156503000,territorial,NA,15,P,Älvsborgs,Mjöbäck,Mjöbäcks församling,Mjöbäcks,NA,NA,MJÖBÄCK,MJÖBÄCK,1600,1990
2339,6035,58601,58601000,56770,58601,mjalby,{9396A583-A0B0-11D3-9E53-009027B0FCE9},SE/058601000,territorial,NA,5,E,Östergötlands,Mjölby,Mjölby församling,Mjölby,"Mjölby med Sörby, Mylloby","1791 Mjölby, Mylloby, Mölnaby, Möleby mm, -1791 Mjölby, 1791-1890 Mjölby med Sörby, 1890-02-28- Mjölby",MJÖLBY,MJÖLBY,1600,1990
2342,7988,143505,143505000,76730,143505,mo1,{9396AA43-A0B0-11D3-9E53-009027B0FCE9},SE/143505000,territorial,NA,14,O,Västra Götalands,Mo,Mo församling (O-län),Mo,NA,NA,MO (O-län),MO,1600,1990
2343,5955,158503,158503000,81390,158503,mo2,{9396AB9E-A0B0-11D3-9E53-009027B0FCE9},SE/158503000,territorial,NA,15,P,Älvsborgs,Mo,Mo församling (P-län),Mo,NA,NA,MO (P-län),MO,1600,1990
2344,7701,166308,166308000,60130,166308,mo3,{9396AC0B-A0B0-11D3-9E53-009027B0FCE9},SE/166308000,territorial,NA,16,R,Skaraborgs,Mo,Mo församling (R-län),Mo,NA,stundom kallad Moholm,MO (R-län),MO,1600,1990
2345,6486,218207,218207000,53470,218207,mo4,{9396AED5-A0B0-11D3-9E53-009027B0FCE9},SE/218207000,territorial,NA,21,X,Gävleborgs,Mo,Mo församling (X-län),Mo,NA,NA,MO (X-län),MO,1600,1990
2346,8373,228409,228409000,82620,228409,mo5,{9396AF3D-A0B0-11D3-9E53-009027B0FCE9},SE/228409000,territorial,NA,22,Y,Västernorrlands,Mo,Mo församling (Y-län),Mo,NA,NA,MO (Y-län),MO,1824,1990
2348,6578,202601,202601000,65880,202601,mockfjard,{9396AE35-A0B0-11D3-9E53-009027B0FCE9},SE/202601000,territorial,NA,20,W,Dalarnas,Mockfjärd,Mockfjärds församling,Mockfjärds,NA,NA,MOCKFJÄRD,MOCKFJÄRDS KAPELL,1600,1990
2349,NA,84000,NA,NA,NA,mockleby,NA,NA,other,NA,8,H,Kalmar,Möckleby,NA,NA,NA,NA,NA,NA,NA,NA
2350,5983,168404,168404000,59850,168404,mofalla,{9396AC82-A0B0-11D3-9E53-009027B0FCE9},SE/168404000,territorial,NA,16,R,Skaraborgs,Mofalla,Mofalla församling,Mofalla,NA,NA,MOFALLA,MOFALLA,1600,1990
2351,8260,58210,58210000,55530,58210,mogata,{9396A55E-A0B0-11D3-9E53-009027B0FCE9},SE/058210000,territorial,NA,5,E,Östergötlands,Mogata,Mogata församling,Mogata,NA,NA,MOGATA,MOGATA,1718,1990
2352,6401,76405,76405000,67120,76405,moheda,{9396A644-A0B0-11D3-9E53-009027B0FCE9},SE/076405000,territorial,NA,7,G,Kronobergs,Moheda,Moheda församling,Moheda,NA,NA,MOHEDA,MOHEDA,1600,1990
2353,8121,12002,12002000,52600,12002,moja,{9396A32D-A0B0-11D3-9E53-009027B0FCE9},SE/012002000,territorial,NA,1,AB,Stockholms,Möja,Möja församling,Möja,NA,NA,MÖJA,MÖJA,1638,1990
2354,6556,198108,198108000,66760,198108,moklinta,{9396AE13-A0B0-11D3-9E53-009027B0FCE9},SE/198108000,territorial,NA,19,U,Västmanlands,Möklinta,Möklinta församling,Möklinta,NA,NA,MÖKLINTA,MÖKLINTA,1600,1990
2357,6156,156616,156616000,61550,156616,molla,{9396AB32-A0B0-11D3-9E53-009027B0FCE9},SE/156616000,territorial,NA,15,P,Älvsborgs,Molla,Molla församling,Molla,NA,1910 Målla,MOLLA,MOLLA,1600,1990
2358,6773,123009,123009000,70480,123009,molleberga,{9396A87C-A0B0-11D3-9E53-009027B0FCE9},SE/123009000,territorial,NA,12,M,Skåne,Mölleberga,Mölleberga församling,Mölleberga,NA,NA,MÖLLEBERGA,MÖLLEBERGA,1600,1990
2359,8661,128006,128006000,69544,128006,mollevagen,{9396A8EC-A0B0-11D3-9E53-009027B0FCE9},SE/128006000,territorial,NA,12,M,Skåne,Möllevången,Möllevångens församling,Möllevångens,NA,NA,MÖLLEVÅNGEN,MÖLLEVÅNGEN,1949,1990
2360,6416,142107,142107000,76160,142107,mollosund,{9396AA25-A0B0-11D3-9E53-009027B0FCE9},SE/142107000,territorial,NA,14,O,Västra Götalands,Mollösund,Mollösunds församling,Mollösunds,NA,NA,MOLLÖSUND,NA,1600,1990
2361,8471,163703,163703000,60430,163703,molltorp,{9396ABCA-A0B0-11D3-9E53-009027B0FCE9},SE/163703000,territorial,NA,16,R,Skaraborgs,Mölltorp,Mölltorps församling,Mölltorps,NA,NA,MÖLLTORP,MÖLLTORP,1885,1990
2362,NA,148100,NA,NA,NA,molndal,NA,NA,other,NA,14,O,Västra Götalands,Mölndal,NA,NA,NA,NA,NA,NA,NA,NA
2363,8820,158404,158404000,61610,158404,mone,{9396AB7C-A0B0-11D3-9E53-009027B0FCE9},SE/158404000,territorial,NA,15,P,Älvsborgs,Möne,Möne församling,Möne,NA,NA,MÖNE,NA,1989,1990
2364,7081,86101,86101000,78910,86101,monsteras,{9396A6B9-A0B0-11D3-9E53-009027B0FCE9},SE/086101000,territorial,NA,8,H,Kalmar,Mönsterås,Mönsterås församling,Mönsterås,NA,NA,MÖNSTERÅS,MÖNSTERÅS,1600,1990
2365,8301,206201,206201000,66080,206201,mora,{9396AE57-A0B0-11D3-9E53-009027B0FCE9},SE/206201000,territorial,NA,20,W,Dalarnas,Mora,Mora församling,Mora,NA,NA,MORA,MORA,1775,1990
2366,7767,128312,128312000,72540,128312,morarp,{9396A939-A0B0-11D3-9E53-009027B0FCE9},SE/128312000,territorial,NA,12,M,Skåne,Mörarp,Mörarps församling,Mörarps,NA,NA,MÖRARP,MÖRARP,1600,1990
2367,6167,84003,84003000,79660,84003,morbylanga,{9396A69E-A0B0-11D3-9E53-009027B0FCE9},SE/084003000,territorial,NA,8,H,Kalmar,Mörbylånga,Mörbylånga församling,Mörbylånga,NA,NA,MÖRBYLÅNGA,MÖRBYLÅNGA,1600,1990
2368,NA,251403,NA,NA,NA,moriarvskbfd,NA,NA,kbfd,3817,25,BD,Norrbottens,Morjärvs kbfd,NA,NA,NA,NA,NA,NA,NA,NA
2369,6713,38212,38212000,50390,38212,morkarla,{9396A45F-A0B0-11D3-9E53-009027B0FCE9},SE/038212000,territorial,NA,3,C,Uppsala,Morkarla,Morkarla församling,Morkarla,Olandsmora,NA,MORKARLA,MORKARLA,1600,1990
2370,7291,18111,18111000,63580,18111,morko,{9396A3A4-A0B0-11D3-9E53-009027B0FCE9},SE/018111000,territorial,NA,1,AB,Stockholms,Mörkö,Mörkö församling,Mörkö,NA,NA,MÖRKÖ,MÖRKÖ,1600,1990
2371,8475,142110,142110000,76150,142110,morlanda,{9396AA28-A0B0-11D3-9E53-009027B0FCE9},SE/142110000,territorial,NA,14,O,Västra Götalands,Morlanda,Morlanda församling,Morlanda,NA,NA,MORLANDA,MORLANDA,1888,1990
2372,7038,86008,86008000,56290,86008,molunda,{9396A6B7-A0B0-11D3-9E53-009027B0FCE9},SE/086008000,territorial,NA,8,H,Kalmar,Mörlunda,Mörlunda församling,Mörlunda,NA,NA,MÖRLUNDA,MÖRLUNDA,1600,1990
2373,7363,108206,108206000,75180,108206,morrum,{9396A7B3-A0B0-11D3-9E53-009027B0FCE9},SE/108206000,territorial,NA,10,K,Blekinge,Mörrum,Mörrums församling,Mörrums,NA,NA,MÖRRUM,MÖRRUM,1600,1990
2375,7609,232103,232103000,83910,232103,morsil,{9396AF73-A0B0-11D3-9E53-009027B0FCE9},SE/232103000,territorial,NA,23,Z,Jämtlands,Mörsil,Mörsils församling,Mörsils,NA,NA,MÖRSIL,MÖRSIL,1600,1990
2376,8019,88013,88013000,79130,88013,mortorp,{9396A6D6-A0B0-11D3-9E53-009027B0FCE9},SE/088013000,territorial,NA,8,H,Kalmar,Mortorp,Mortorps församling,Mortorps,NA,NA,MORTORP,MORTORP,1600,1990
2378,7328,138209,138209000,77990,138209,morup,{9396A9CC-A0B0-11D3-9E53-009027B0FCE9},SE/138209000,territorial,NA,13,N,Hallands,Morup,Morups församling,Morups,NA,NA,MORUP,MORUP,1600,1990
2379,NA,18000,NA,NA,NA,mosaiska,NA,NA,mosaiska,NA,1,AB,Stockholms,Mosaiska,NA,NA,Stockholms mosaiska,NA,NA,NA,NA,NA
2380,6130,188005,188005000,64080,188005,mosjo,{9396AD8E-A0B0-11D3-9E53-009027B0FCE9},SE/188005000,territorial,NA,18,T,Örebro,Mosjö,Mosjö församling,Mosjö,NA,NA,MOSJÖ,MOSJÖ,1600,1990
2381,NA,162200,NA,NA,NA,mosseberg,NA,NA,other,3093,16,R,Skaraborgs,Mosseberg,NA,NA,Mjösjöberg,NA,NA,NA,NA,NA
2382,7435,155204,155204000,77450,155204,mossebo,{9396AAD8-A0B0-11D3-9E53-009027B0FCE9},SE/155204000,territorial,NA,15,P,Älvsborgs,Mossebo,Mossebo församling,Mossebo,NA,NA,MOSSEBO,NA,1600,1990
2383,8752,58301,58301000,54566,58301,motala,{9396A561-A0B0-11D3-9E53-009027B0FCE9},SE/058301000,territorial,NA,5,E,Östergötlands,Motala,Motala församling,Motala,NA,NA,MOTALA,NA,1967,1990
2384,5887,168623,168623000,59270,168623,mularp,{9396ACB6-A0B0-11D3-9E53-009027B0FCE9},SE/168623000,territorial,NA,16,R,Skaraborgs,Mularp,Mularps församling,Mularps,NA,NA,MULARP,NA,1600,1990
2385,5984,68022,68022000,60980,68022,mulserud,{9396A5D9-A0B0-11D3-9E53-009027B0FCE9},SE/068022000,territorial,NA,6,F,Jönköpings,Mulseryd,Mulseryds församling,Mulseryds,NA,NA,MULSERYD,MULSERYD,1600,1990
2386,7533,228302,228302000,82280,228302,multra,{9396AF23-A0B0-11D3-9E53-009027B0FCE9},SE/228302000,territorial,NA,22,Y,Västernorrlands,Multrå,Multrå församling,Multrå,NA,NA,MULTRÅ,MULTRÅ,1600,1990
2387,5989,118205,118205000,73680,118205,munby,{9396A840-A0B0-11D3-9E53-009027B0FCE9},SE/118205000,territorial,NA,11,L,Kristianstads,Munka-Ljungby,Munka-Ljungby församling,Munka-Ljungby,Ljungby,NA,MUNKA-LJUNGBY,MUNKA-LJUNGBY,1600,1990
2388,6226,126705,126705000,71330,126705,munkarp,{9396A8DE-A0B0-11D3-9E53-009027B0FCE9},SE/126705000,territorial,NA,12,M,Skåne,Munkarp,Munkarps församling,Munkarps,NA,NA,MUNKARP,MUNKARP,1600,1990
2389,8581,176202,176202000,79882,176202,munkfors,{9396ACF7-A0B0-11D3-9E53-009027B0FCE9},SE/176202000,territorial,NA,17,S,Värmlands,Munkfors,Munkfors församling,Munkfors,NA,NA,MUNKFORS,MUNKFORS,1918,1990
2391,7651,198306,198306000,64920,198306,munktorp,{9396AE22-A0B0-11D3-9E53-009027B0FCE9},SE/198306000,territorial,NA,19,U,Västmanlands,Munktorp,Munktorps församling,Munktorps,NA,NA,MUNKTORP,MUNKTORP,1600,1990
2392,6829,12501,12501000,52420,12501,munso,{9396A335-A0B0-11D3-9E53-009027B0FCE9},SE/012501000,territorial,NA,1,AB,Stockholms,Munsö,Munsö församling,Munsö,NA,NA,MUNSÖ,MUNSÖ,1600,1990
2393,8412,252103,252103000,83342,252103,muonionalusta,{9396B01F-A0B0-11D3-9E53-009027B0FCE9},SE/252103000,territorial,NA,25,BD,Norrbottens,Muonionalusta,Muonionalusta församling,Muonionalusta,NA,NA,MUONIONALUSTA,MUONIONALUSTA,1854,1990
2394,5925,158406,158406000,61590,158406,murum,{9396AB80-A0B0-11D3-9E53-009027B0FCE9},SE/158406000,territorial,NA,15,P,Älvsborgs,Murum,Murums församling,Murums,NA,NA,MURUM,MURUM,1600,1990
2395,8266,13607,13607000,63410,13607,musko,{9396A354-A0B0-11D3-9E53-009027B0FCE9},SE/013607000,territorial,NA,1,AB,Stockholms,Muskö,Muskö församling,Muskö,NA,NA,MUSKÖ,MUSKÖ,1731,1990
2396,NA,168600,NA,NA,NA,mussla,NA,NA,other,464,16,R,Skaraborgs,Mussla,NA,NA,Sandhem,NA,NA,NA,NA,NA
2397,NA,156100,NA,NA,NA,mustasater,NA,NA,other,2689,15,P,Älvsborgs,Mustasäter,NA,NA,Kyrkebol,NA,NA,NA,NA,NA
2398,6910,142105,142105000,76240,142105,myckleby,{9396AA23-A0B0-11D3-9E53-009027B0FCE9},SE/142105000,territorial,NA,14,O,Västra Götalands,Myckleby,Myckleby församling,Myckleby,NA,NA,MYCKLEBY,MYCKLEBY,1600,1990
2400,5842,68522,68522000,69280,68522,myresjo,{9396A615-A0B0-11D3-9E53-009027B0FCE9},SE/068522000,territorial,NA,6,F,Jönköpings,Myresjö,Myresjö församling,Myresjö,NA,NA,MYRESJÖ,MYRESJÖ,1600,1990
2402,5834,232604,232604000,84200,232604,myssjo,{9396AF7D-A0B0-11D3-9E53-009027B0FCE9},SE/232604000,territorial,NA,23,Z,Jämtlands,Myssjö,Myssjö församling,Myssjö,NA,NA,MYSSJÖ,MYSSJÖ,1600,1990
2403,8552,18201,18201000,63353,18201,NA,{9396A3A7-A0B0-11D3-9E53-009027B0FCE9},SE/018201000,territorial,NA,1,AB,Stockholms,Nacka,Nacka församling,Nacka,NA,NA,NACKA,NACKA,1913,1990
2404,NA,68000,NA,NA,NA,nackebo,NA,NA,other,477,6,F,Jönköpings,Nackebo,NA,NA,NA,NA,NA,NA,NA,NA
2405,NA,158000,NA,NA,NA,naglum,NA,NA,other,4130,15,P,Älvsborgs,Naglum,NA,NA,NA,NA,NA,NA,NA,NA
2406,8048,12004,12004000,63460,12004,namdo,{9396A32F-A0B0-11D3-9E53-009027B0FCE9},SE/012004000,territorial,NA,1,AB,Stockholms,Nämdö,Nämdö församling,Nämdö,NA,Nämndö,NÄMDÖ,NÄMDÖ,1607,1990
2407,7562,98071,98071000,85280,98071,nar,{9396A76A-A0B0-11D3-9E53-009027B0FCE9},SE/098071000,territorial,NA,9,I,Gotlands,När,Närs församling,Närs,NA,NA,NÄR,NÄR,1600,1990
2408,7600,18815,18815000,51830,18815,nartuna,{9396A3C4-A0B0-11D3-9E53-009027B0FCE9},SE/018815000,territorial,NA,1,AB,Stockholms,Närtuna,Närtuna församling,Närtuna,NA,NA,NÄRTUNA,NÄRTUNA,1600,1990
2409,7829,152708,152708000,61850,152708,norunga-0,{9396AAC9-A0B0-11D3-9E53-009027B0FCE9},SE/152708000,territorial,NA,15,P,Älvsborgs,Nårunga,Nårunga församling,Nårunga,NA,NA,NÅRUNGA,NÅRUNGA,1600,1990
2413,6023,168626,168626000,61270,168626,nas7,{9396ACB9-A0B0-11D3-9E53-009027B0FCE9},SE/168626000,territorial,NA,16,R,Skaraborgs,Näs,Näs församling (R-län),Näs,NA,NA,NÄS (R-län),NÄS,1600,1990
2414,8280,202103,202103000,65720,202103,nas,{9396AE2C-A0B0-11D3-9E53-009027B0FCE9},SE/202103000,territorial,NA,20,W,Dalarnas,Nås,Nås församling,Nås,NA,NA,NÅS,NÅS,1748,1990
2415,6329,238004,238004000,84070,238004,nas8,{9396AF96-A0B0-11D3-9E53-009027B0FCE9},SE/238004000,territorial,NA,23,Z,Jämtlands,Näs,Näs församling (Z-län),Näs,NA,NA,NÄS (Z-län),NÄS,1600,1990
2418,6495,98087,98087000,85390,98087,nas4,{9396A77A-A0B0-11D3-9E53-009027B0FCE9},SE/098087000,territorial,NA,9,I,Gotlands,Näs,Näs församling (I-län),Näs,NA,NA,NÄS (I-län),NÄS,1600,1990
2419,NA,250600,NA,NA,NA,nasafjall,NA,NA,other,NA,25,BD,Norrbottens,Nasafjäll,NA,NA,NA,NA,NA,NA,NA,NA
2420,5893,188504,188504000,65380,188504,nasby3,{9396ADCC-A0B0-11D3-9E53-009027B0FCE9},SE/188504000,territorial,NA,18,T,Örebro,Näsby,Näsby församling (T-län),Näsby,NA,NA,NÄSBY (T-län),NÄSBY,1600,1990
2421,NA,58000,NA,NA,NA,nasby1,NA,NA,other,2420,5,E,Östergötlands,Näsby,NA,NA,NA,NA,NA,NA,NA,NA
2422,6500,68504,68504000,69270,68504,nasby2,{9396A603-A0B0-11D3-9E53-009027B0FCE9},SE/068504000,territorial,NA,6,F,Jönköpings,Näsby,Näsby församling (F-län),Näsby,NA,NA,NÄSBY (F-län),NÄSBY,1600,1990
2423,6212,68511,68511000,69200,68511,nashult,{9396A60A-A0B0-11D3-9E53-009027B0FCE9},SE/068511000,territorial,NA,6,F,Jönköpings,Näshult,Näshults församling,Näshults,NA,NA,NÄSHULT,NÄSHULT,1600,1990
2424,7215,48417,48417000,63910,48417,nashulta,{9396A4BE-A0B0-11D3-9E53-009027B0FCE9},SE/048417000,territorial,NA,4,D,Södermanlands,Näshulta,Näshulta församling,Näshulta,NA,NA,NÄSHULTA,NÄSHULTA,1600,1990
2425,6081,148604,148604000,76770,148604,nasinge,{9396AAA1-A0B0-11D3-9E53-009027B0FCE9},SE/148604000,territorial,NA,14,O,Västra Götalands,Näsinge,Näsinge församling,Näsinge,NA,NA,NÄSINGE,NÄSINGE,1600,1990
2426,7438,230902,230902000,83840,230902,naskott,{9396AF55-A0B0-11D3-9E53-009027B0FCE9},SE/230902000,territorial,NA,23,Z,Jämtlands,Näskott,Näskotts församling,Näskotts,NA,NA,NÄSKOTT,NÄSKOTT,1600,1990
2428,7785,58404,58404000,54800,58404,nassja,{9396A579-A0B0-11D3-9E53-009027B0FCE9},SE/058404000,territorial,NA,5,E,Östergötlands,Nässja,Nässja församling,Nässja,NA,NA,NÄSSJA,NÄSSJA,1600,1990
2429,6360,68201,68201000,68160,68201,nassjo,{9396A5DD-A0B0-11D3-9E53-009027B0FCE9},SE/068201000,territorial,NA,6,F,Jönköpings,Nässjö,Nässjö församling,Nässjö,NA,NA,NÄSSJÖ,NÄSSJÖ,1600,1990
2430,7736,116203,116203000,75240,116203,nasum,{9396A7E1-A0B0-11D3-9E53-009027B0FCE9},SE/116203000,territorial,NA,11,L,Kristianstads,Näsum,Näsums församling,Näsums,Nordansjö,NA,NÄSUM,NÄSUM,1600,1990
2431,6585,228407,228407000,82470,228407,natra,{9396AF38-A0B0-11D3-9E53-009027B0FCE9},SE/228407000,territorial,NA,22,Y,Västernorrlands,Nätra,Nätra församling,Nätra,NA,NA,NÄTRA,NÄTRA,1600,1990
2432,NA,252302,NA,NA,NA,nattavaarakbfd,NA,NA,kbfd,960,25,BD,Norrbottens,Nattavaara kbfd,NA,NA,NA,NA,NA,NA,NA,NA
2433,8480,108018,108018000,75000,108018,nattraby,{9396A79B-A0B0-11D3-9E53-009027B0FCE9},SE/108018000,territorial,NA,10,K,Blekinge,Nättraby,Nättraby församling,Nättraby,NA,NA,NÄTTRABY,NÄTTRABY,1888,1990
2434,6533,166009,166009000,57710,166009,naum,{9396ABDB-A0B0-11D3-9E53-009027B0FCE9},SE/166009000,territorial,NA,16,R,Skaraborgs,Naum,Naums församling,Naums,NA,NA,NAUM,NAUM,1600,1990
2436,8027,68520,68520000,69250,68520,navelsjo,{9396A613-A0B0-11D3-9E53-009027B0FCE9},SE/068520000,territorial,NA,6,F,Jönköpings,Nävelsjö,Nävelsjö församling,Nävelsjö,NA,NA,NÄVELSJÖ,NÄVELSJÖ,1600,1990
2437,7689,143504,143504000,76720,143504,naverstad,{9396AA42-A0B0-11D3-9E53-009027B0FCE9},SE/143504000,territorial,NA,14,O,Västra Götalands,Naverstad,Naverstads församling,Naverstads,NA,NA,NAVERSTAD,NAVERSTAD,1600,1990
2438,5973,118308,118308000,73830,118308,navlinge,{9396A851-A0B0-11D3-9E53-009027B0FCE9},SE/118308000,territorial,NA,11,L,Kristianstads,Nävlinge,Nävlinge församling,Nävlinge,NA,NA,NÄVLINGE,NÄVLINGE,1600,1990
2440,8535,251401,251401000,83180,251401,nederkalix,{9396B00D-A0B0-11D3-9E53-009027B0FCE9},SE/251401000,territorial,NA,25,BD,Norrbottens,Nederkalix,Nederkalixs församling,Nederkalixs,Kalix,1644 Kalix,NEDERKALIX,NEDERKALIX,1909,1990
2441,8380,258003,258003000,83140,258003,nederlul,{9396B02F-A0B0-11D3-9E53-009027B0FCE9},SE/258003000,territorial,NA,25,BD,Norrbottens,Nederluleå,Nederluleå församling,Nederluleå,NA,1831 Luleå,NEDERLULEÅ,NEDERLULEÅ,1831,1990
2443,8277,258301,258301000,83290,258301,nedertorhaparanda,{9396B046-A0B0-11D3-9E53-009027B0FCE9},SE/258301000,territorial,NA,25,BD,Norrbottens,Nedertorneå-Haparanda,Nedertorneå-Haparanda församling,Nedertorneå-Haparanda,Nedertorneå,1909 Neder-Torneå,NEDERTORNEÅ-HAPARANDA,NEDERTORNEÅ,1745,1990
2444,NA,258300,NA,NA,NA,nedertorneakbfd,NA,NA,kbfd,2443,25,BD,Norrbottens,Nedertorneå kbfd,NA,NA,NA,NA,NA,NA,NA,NA
2445,NA,116000,NA,NA,NA,nedraby,NA,NA,other,2851,11,L,Kristianstads,Nedraby,NA,NA,"Arvalund, Nedby",NA,NA,NA,NA,NA
2446,6168,176302,176302000,79870,176302,nedreullerud,{9396ACFA-A0B0-11D3-9E53-009027B0FCE9},SE/176302000,territorial,NA,17,S,Värmlands,Nedre Ullerud,Nedre Ulleruds församling,Nedre Ulleruds,Yttre Ullerud,NA,NEDRE ULLERUD,NEDRE ULLERUD,1600,1990
2447,8010,123000,123007002,70620,123007,nevishog,{9396A87B-A0B0-11D3-9E53-009027B0FCE9},SE/123007002,territorial,NA,12,M,Skåne,Nevishög,Nevishögs församling,Nevishögs,NA,NA,NEVISHÖG,NEVISHÖG,1600,1963
2448,8340,218406,218405003,53950,218405,nianfors,{9396AEE7-A0B0-11D3-9E53-009027B0FCE9},SE/218405003,territorial,NA,21,X,Gävleborgs,Nianfors,Nianfors församling,Nianfors,NA,NA,NIANFORS,NJUTÅNGER,1798,1984
2451,NA,148200,NA,NA,NA,nicolai5,NA,NA,other,1006,14,O,Västra Götalands,Nicolai,NA,NA,NA,NA,NA,NA,NA,NA
2453,NA,48000,NA,NA,NA,nicolai2,NA,NA,other,NA,4,D,Södermanlands,Nicolai,NA,NA,Nyköpings landsförsarnling,NA,NA,NA,NA,NA
2454,NA,252300,NA,NA,NA,niilivaarakbfd,NA,NA,kbfd,960,25,BD,Norrbottens,Niilivaara kbfd,NA,NA,NA,NA,NA,NA,NA,NA
2456,NA,18000,NA,NA,NA,nikolai1,NA,NA,other,3178,1,AB,Stockholms,Nikolai,NA,NA,NA,NA,NA,NA,NA,NA
2461,NA,48000,NA,NA,NA,nikolai2,NA,NA,other,3178,4,D,Södermanlands,Nikolai,NA,NA,Sankt Nikolai,1939 Sankt Nicolai,NA,NA,NA,NA
2462,NA,48000,NA,NA,NA,nikolaikbfd,NA,NA,kbfd,3178,4,D,Södermanlands,Nikolai kbfd,NA,NA,NA,NA,NA,NA,NA,NA
2463,NA,128100,NA,NA,NA,nikolaus1,NA,NA,other,NA,12,M,Skåne,Nikolaus,NA,NA,NA,NA,NA,NA,NA,NA
2464,NA,168200,NA,NA,NA,nikolaus2,NA,NA,other,NA,16,R,Skaraborgs,Nikolaus,NA,NA,NA,NA,NA,NA,NA,NA
2465,8732,252305,252305000,83228,252305,nilivaara,{9396B025-A0B0-11D3-9E53-009027B0FCE9},SE/252305000,territorial,NA,25,BD,Norrbottens,Nilivaara,Nilivaara församling,Nilivaara,NA,NA,NILIVAARA,NA,1962,1990
2466,6134,155208,155208000,77410,155208,nittorp,{9396AADC-A0B0-11D3-9E53-009027B0FCE9},SE/155208000,territorial,NA,15,P,Älvsborgs,Nittorp,Nittorps församling,Nittorps,NA,NA,NITTORP,NITTORP,1600,1990
2467,7820,228110,228110000,83580,228110,njurunda,{9396AF11-A0B0-11D3-9E53-009027B0FCE9},SE/228110000,territorial,NA,22,Y,Västernorrlands,Njurunda,Njurunda församling,Njurunda,NA,NA,NJURUNDA,SVARTVIK,1600,1990
2468,8819,218405,218405000,53950,218405,njutanger,{9396AEE4-A0B0-11D3-9E53-009027B0FCE9},SE/218405000,territorial,NA,21,X,Gävleborgs,Njutånger,Njutångers församling,Njutångers,NA,NA,NJUTÅNGER,NJUTÅNGER,1985,1990
2469,7496,78009,78009000,67670,78009,nobbele,{9396A666-A0B0-11D3-9E53-009027B0FCE9},SE/078009000,territorial,NA,7,G,Kronobergs,Nöbbele,Nöbbele församling,Nöbbele,NA,NA,NÖBBELE,NÖBBELE,1600,1990
2470,NA,118000,NA,NA,NA,nobbelov1,NA,NA,other,1691,11,L,Kristianstads,Nöbbelöv,NA,NA,NA,NA,NA,NA,NA,NA
2475,5884,152101,152101000,75640,152101,nodinge,{9396AAB7-A0B0-11D3-9E53-009027B0FCE9},SE/152101000,territorial,NA,15,P,Älvsborgs,Nödinge,Nödinge församling,Nödinge,NA,NA,NÖDINGE,NÖDINGE,1600,1990
2476,NA,152100,NA,NA,NA,nolalaforskbfd,NA,NA,kbfd,3552,15,P,Älvsborgs,Nol-Alafors kbfd,NA,NA,NA,NA,NA,NA,NA,NA
2478,6296,178009,178009000,81120,178009,nor,{9396AD24-A0B0-11D3-9E53-009027B0FCE9},SE/178009000,territorial,NA,17,S,Värmlands,Nor,Nors församling,Nors,Grums härads pastorat,NA,NOR,NOR,1600,1990
2479,NA,188400,NA,NA,NA,nora1,NA,NA,other,2480,18,T,Örebro,Nora,NA,NA,NA,NA,NA,NA,NA,NA
2480,7013,191705,191705000,53130,191705,nora2,{9396ADDE-A0B0-11D3-9E53-009027B0FCE9},SE/191705000,territorial,NA,19,U,Västmanlands,Nora,Nora församling (U-län),Nora,NA,NA,NORA (U-län),NORA,1600,1990
2481,6291,228202,228202000,82070,228202,nora3,{9396AF17-A0B0-11D3-9E53-009027B0FCE9},SE/228202000,territorial,NA,22,Y,Västernorrlands,Nora,Nora församling (Y-län),Nora,NA,NA,NORA (Y-län),NORA,1600,1990
2482,8797,188404,188404000,65470,188404,norabergs,{9396ADBC-A0B0-11D3-9E53-009027B0FCE9},SE/188404000,territorial,NA,18,T,Örebro,Nora bergsförsamling,Nora Bergs församling,Nora Bergs,"Nora landsförsamling, Noraskoga","Noraskoga, Nora landsförsamling",NORA BERGS,NORA STADS,1974,1990
2485,NA,188400,NA,NA,NA,norastads,NA,NA,other,2480,18,T,Örebro,Nora stadsförsamling,NA,NA,NA,NA,NA,NA,NA,NA
2486,8203,196201,196201000,66610,196201,norberg,{9396ADED-A0B0-11D3-9E53-009027B0FCE9},SE/196201000,territorial,NA,19,U,Västmanlands,Norberg,Norbergs församling,Norbergs,NA,NA,NORBERG,NORBERG,1661,1990
2488,6873,238011,238011000,84160,238011,nordero,{9396AF9E-A0B0-11D3-9E53-009027B0FCE9},SE/238011000,territorial,NA,23,Z,Jämtlands,Norderö,Norderö församling,Norderö,NA,"Norderön, 1940 enligt SCB ändrat efter jordeboken till Norderö",NORDERÖ,NORDERÖ,1600,1990
2489,6624,228204,228204000,82040,228204,nordingra,{9396AF19-A0B0-11D3-9E53-009027B0FCE9},SE/228204000,territorial,NA,22,Y,Västernorrlands,Nordingrå,Nordingrå församling,Nordingrå,NA,NA,NORDINGRÅ,NORDINGRÅ,1600,1990
2490,8350,240171,240171000,82660,240171,nordmaling,{9396AFA1-A0B0-11D3-9E53-009027B0FCE9},SE/240171000,territorial,NA,24,AC,Västerbottens,Nordmaling,Nordmalings församling,Nordmalings,Nykyrka,NA,NORDMALING,NORDMALING,1808,1990
2491,NA,240102,NA,NA,NA,nordmalingskbfd,NA,NA,kbfd,2490,24,AC,Västerbottens,Nordmalings kbfd,NA,NA,NA,NA,NA,NA,NA,NA
2492,8264,178204,178204000,80300,178204,nordmark,{9396AD39-A0B0-11D3-9E53-009027B0FCE9},SE/178204000,territorial,NA,17,S,Värmlands,Nordmark,Nordmarks församling,Nordmarks,NA,NA,NORDMARK,NORDMARK,1731,1990
2493,NA,156000,NA,NA,NA,noreby,NA,NA,other,3565,15,P,Älvsborgs,Noreby,NA,NA,NA,NA,NA,NA,NA,NA
2494,7963,58607,58607000,56750,58607,normlosa,{9396A589-A0B0-11D3-9E53-009027B0FCE9},SE/058607000,territorial,NA,5,E,Östergötlands,Normlösa,Normlösa församling,Normlösa,NA,NA,NORMLÖSA,NORMLÖSA,1600,1990
2495,NA,208300,NA,NA,NA,nornsbruksf,NA,NA,bruk,1346,20,W,Dalarnas,Norns bruksförsamling,NA,NA,NA,NA,NA,NA,NA,NA
2496,6537,118313,118313000,73940,118313,norrakarp,{9396A856-A0B0-11D3-9E53-009027B0FCE9},SE/118313000,territorial,NA,11,L,Kristianstads,Norra Åkarp,Norra Åkarps församling,Norra Åkarps,Åkarp,1885 Åkarp,NORRA ÅKARP,NORRA ÅKARP,1600,1990
2497,8021,168651,168651000,61070,168651,norrasarp,{9396ACD3-A0B0-11D3-9E53-009027B0FCE9},SE/168651000,territorial,NA,16,R,Skaraborgs,Norra Åsarp,Norra Åsarps församling,Norra Åsarps,Åsarp,1885 Åsarp,NORRA ÅSARP,NORRA ÅSARP,1600,1990
2498,6708,118002,118002000,74670,118002,norrasum,{9396A802-A0B0-11D3-9E53-009027B0FCE9},SE/118002000,territorial,NA,11,L,Kristianstads,Norra Åsum,Norra Åsums församling,Norra Åsums,Åsum,1885 Åsum,NORRA ÅSUM,NORRA ÅSUM,1600,1990
2499,NA,18000,NA,NA,NA,norrbat,NA,NA,other,NA,1,AB,Stockholms,Norra bataljonsförsamlingen,NA,NA,"Klara bataljonsförsamling, Majorens bataljon, Sankta Clara bataljonsförsamling, Sankt Clara bataljonsförsamling",NA,NA,NA,NA,NA
2500,7264,158102,158102000,57980,158102,norrabjorke,{9396AB47-A0B0-11D3-9E53-009027B0FCE9},SE/158102000,territorial,NA,15,P,Älvsborgs,Norra Björke,Norra Björke församling,Norra Björke,"Björke, Östra Björke",1885 Björke,NORRA BJÖRKE,NORRA BJÖRKE,1600,1990
2504,NA,18000,NA,NA,NA,norracorrec,NA,NA,other,NA,1,AB,Stockholms,Norra correctionsinrättningen,NA,NA,NA,NA,NA,NA,NA,NA
2505,8499,168406,168406000,59744,168406,norfagel,{9396AC84-A0B0-11D3-9E53-009027B0FCE9},SE/168406000,territorial,NA,16,R,Skaraborgs,Norra Fågelås,Norra Fågelås församling,Norra Fågelås,NA,1902 Fågelås,NORRA FÅGELÅS,NORRA FÅGELÅS,1902,1990
2506,8378,173706,173706000,80030,173706,norrfinnskog,{9396ACE8-A0B0-11D3-9E53-009027B0FCE9},SE/173706000,territorial,NA,17,S,Värmlands,Norra Finnskoga,Norra Finnskoga församling,Norra Finnskoga,NA,NA,NORRA FINNSKOGA,NORRA FINNSKOGA,1831,1990
2507,7105,68008,68008000,68240,68008,norrahammar,{9396A5CA-A0B0-11D3-9E53-009027B0FCE9},SE/068008000,territorial,NA,6,F,Jönköpings,Norrahammar,Norrahammars församling,Norrahammars,Sandseryd,NA,NORRAHAMMAR,SANDSERYD,1600,1990
2508,6258,168121,168121000,59462,168121,norraharene,{9396AC39-A0B0-11D3-9E53-009027B0FCE9},SE/168121000,territorial,NA,16,R,Skaraborgs,Norra Härene,Norra Härene församling,Norra Härene,NA,1776 Härene,NORRA HÄRENE,NA,1600,1990
2509,6413,66208,66208000,61180,66208,norrahestra,{9396A5AE-A0B0-11D3-9E53-009027B0FCE9},SE/066208000,territorial,NA,6,F,Jönköpings,Norra Hestra,Norra Hestra församling,Norra Hestra,NA,1885 Hestra,NORRA HESTRA,NORRA HESTRA,1600,1990
2510,NA,18000,NA,NA,NA,norrajarva,NA,NA,other,NA,1,AB,Stockholms,Norra Järva,NA,NA,NA,NA,NA,NA,NA,NA
2511,7281,168129,168129000,59600,168129,norrkedum,{9396AC41-A0B0-11D3-9E53-009027B0FCE9},SE/168129000,territorial,NA,16,R,Skaraborgs,Norra Kedum,Norra Kedums församling,Norra Kedums,"Fiskekedum, Kedum",1885 Kedum,NORRA KEDUM,NORRA KEDUM,1600,1990
2512,NA,18000,NA,NA,NA,norrakorrek,NA,NA,other,NA,1,AB,Stockholms,Norra korrektionsinrättningen,NA,NA,NA,NA,NA,NA,NA,NA
2513,NA,18000,NA,NA,NA,norrakrono,NA,NA,other,NA,1,AB,Stockholms,Norra kronohäktet,NA,NA,NA,NA,NA,NA,NA,NA
2514,7786,168308,168308000,60650,168308,norrakyrk,{9396AC66-A0B0-11D3-9E53-009027B0FCE9},SE/168308000,territorial,NA,16,R,Skaraborgs,Norra Kyrketorp,Norra Kyrketorps församling,Norra Kyrketorps,"hene, Kyrketorp",17Norra Kyrketorp.,NORRA KYRKETORP,NORRA KYRKETORP,1600,1990
2515,5986,218209,218209000,53530,218209,norrala,{9396AED7-A0B0-11D3-9E53-009027B0FCE9},SE/218209000,territorial,NA,21,X,Gävleborgs,Norrala,Norrala församling,Norrala,NA,NA,NORRALA,NORRALA,1600,1990
2518,7547,168206,168206000,60710,168206,norralundby,{9396AC4D-A0B0-11D3-9E53-009027B0FCE9},SE/168206000,territorial,NA,16,R,Skaraborgs,Norra Lundby,Norra Lundby församling,Norra Lundby,Lundby,1885 Lundby,NORRA LUNDBY,NORRA LUNDBY,1600,1990
2519,6079,118315,118315000,73840,118315,norrmel,{9396A858-A0B0-11D3-9E53-009027B0FCE9},SE/118315000,territorial,NA,11,L,Kristianstads,Norra Mellby,Norra Mellby församling,Norra Mellby,"Mälby, Mellby","1885 Mellby, Mälby, -1885 Mellby , 1885-04-17- Norra Mellby",NORRA MELLBY,NORRA MELLBY,1600,1990
2520,5939,84016,84016000,79520,84016,norramoby,{9396A6AB-A0B0-11D3-9E53-009027B0FCE9},SE/084016000,territorial,NA,8,H,Kalmar,Norra Möckleby,Norra Möckleby församling,Norra Möckleby,NA,NA,NORRA MÖCKLEBY,NORRA MÖCKLEBY,1600,1990
2521,7719,128105,128105000,70240,128105,norranob,{9396A909-A0B0-11D3-9E53-009027B0FCE9},SE/128105000,territorial,NA,12,M,Skåne,Norra Nöbbelöv,Norra Nöbbelövs församling,Norra Nöbbelövs,Nöbbelöv,1885 Nöbbelöv,NORRA NÖBBELÖV,NA,1600,1990
2522,8447,173709,173709000,80010,173709,norrany,{9396ACEC-A0B0-11D3-9E53-009027B0FCE9},SE/173709000,territorial,NA,17,S,Värmlands,Norra Ny,Norra Ny församling,Norra Ny,"Ny, Övre Älvdals pastorat",1885 Ny,NORRA NY,NORRA NY,1873,1990
2523,8522,178304,178304000,79980,178304,norrarada,{9396AD45-A0B0-11D3-9E53-009027B0FCE9},SE/178304000,territorial,NA,17,S,Värmlands,Norra Råda,Norra Råda församling,Norra Råda,Råda,1885 Råda,NORRA RÅDA,NORRA RÅDA,1907,1990
2524,7774,126707,126707000,71340,126707,norrarorum,{9396A8E0-A0B0-11D3-9E53-009027B0FCE9},SE/126707000,territorial,NA,12,M,Skåne,Norra Rörum,Norra Rörums församling,Norra Rörums,Rörum,NA,NORRA RÖRUM,NORRA RÖRUM,1600,1990
2525,NA,78000,NA,NA,NA,norrarottne,NA,NA,other,3517,7,G,Kronobergs,Norra Rottne,NA,NA,Norraby,NA,NA,NA,NA,NA
2528,6169,156600,156611002,61620,156611,norrasam,{9396AB2D-A0B0-11D3-9E53-009027B0FCE9},SE/156611002,territorial,NA,15,P,Älvsborgs,Norra Säm,Norra Säms församling,Norra Säms,Säm,1885 Säm,NORRA SÄM,SKÖLVENE,1600,1988
2529,6799,118304,118304000,73990,118304,norrasandby,{9396A84D-A0B0-11D3-9E53-009027B0FCE9},SE/118304000,territorial,NA,11,L,Kristianstads,Norra Sandby,Norra Sandby församling,Norra Sandby,Sandby,1885 Sandby,NORRA SANDBY,NORRA SANDBY,1600,1990
2530,6546,68271,68271000,68940,68271,norrasandsjo,{9396A5E5-A0B0-11D3-9E53-009027B0FCE9},SE/068271000,territorial,NA,6,F,Jönköpings,Norra Sandsjö,Norra Sandsjö församling,Norra Sandsjö,Sandsjö,1885 Sandsjö,NORRA SANDSJÖ,NORRA SANDSJÖ,1600,1990
2531,NA,68203,NA,NA,NA,norrasandsjokbfd,NA,NA,kbfd,2530,6,F,Jönköpings,Norra Sandsjö kbfd,NA,NA,Sandsjö kbfd,NA,NA,NA,NA,NA
2532,6255,121410,121410000,71810,121410,norrskravlinge,{9396A86B-A0B0-11D3-9E53-009027B0FCE9},SE/121410000,territorial,NA,12,M,Skåne,Norra Skrävlinge,Norra Skrävlinge församling,Norra Skrävlinge,Skrävlinge,1885 Skrävlinge,NORRA SKRÄVLINGE,NORRA SKRÄVLINGE,1600,1990
2533,6691,68205,68205000,57490,68205,norrasolberga,{9396A5DF-A0B0-11D3-9E53-009027B0FCE9},SE/068205000,territorial,NA,6,F,Jönköpings,Norra Solberga,Norra Solberga församling,Norra Solberga,Solberga,1885 Solberga,NORRA SOLBERGA,NORRA SOLBERGA,1600,1990
2534,7758,118012,118012000,74210,118012,norrastro,{9396A80C-A0B0-11D3-9E53-009027B0FCE9},SE/118012000,territorial,NA,11,L,Kristianstads,Norra Strö,Norra Strö församling,Norra Strö,Strö,1885 Strö,NORRA STRÖ,NORRA STRÖ,1600,1990
2536,7316,68024,68024000,61160,68024,norraunnaryd,{9396A5DB-A0B0-11D3-9E53-009027B0FCE9},SE/068024000,territorial,NA,6,F,Jönköpings,Norra Unnaryd,Norra Unnaryds församling,Norra Unnaryds,Unnaryd,1885 Unnaryd,NORRA UNNARYD,UNNARYD,1600,1990
2537,7522,166031,166031000,58560,166031,norravanga,{9396ABE9-A0B0-11D3-9E53-009027B0FCE9},SE/166031000,territorial,NA,16,R,Skaraborgs,Norra Vånga,Norra Vånga församling,Norra Vånga,Vånga,1885 Vånga,NORRA VÅNGA,NORRA VÅNGA,1600,1990
2538,6885,51206,51206000,56620,51206,norravi,{9396A4E6-A0B0-11D3-9E53-009027B0FCE9},SE/051206000,territorial,NA,5,E,Östergötlands,Norra Vi,Norra Vi församling,Norra Vi,Vi,"Vi , åtminstone från 1700-talets början Norra Vi",NORRA VI,NORRA VI,1600,1990
2539,6405,168208,168208000,58720,168208,norraving,{9396AC4F-A0B0-11D3-9E53-009027B0FCE9},SE/168208000,territorial,NA,16,R,Skaraborgs,Norra Ving,Norra Vings församling,Norra Vings,Ving,1885 Ving,NORRA VING,NORRA VING,1600,1990
2540,6470,126003,126003000,73280,126003,norravram,{9396A894-A0B0-11D3-9E53-009027B0FCE9},SE/126003000,territorial,NA,12,M,Skåne,Norra Vram,Norra Vrams församling,Norra Vrams,"Södra Vram, Vram",Vram,NORRA VRAM,NORRA VRAM,1600,1990
2541,6925,206101,206101000,65600,206101,norrbarke,{9396AE51-A0B0-11D3-9E53-009027B0FCE9},SE/206101000,territorial,NA,20,W,Dalarnas,Norrbärke,Norrbärke församling,Norrbärke,NA,NA,NORRBÄRKE,NORRBÄRKE,1600,1990
2542,6445,218410,218410000,54020,218410,norrbo,{9396AEEB-A0B0-11D3-9E53-009027B0FCE9},SE/218410000,territorial,NA,21,X,Gävleborgs,Norrbo,Norrbo församling,Norrbo,NA,NA,NORRBO,NORRBO,1600,1990
2543,5826,198104,198104000,51210,198104,norrby,{9396AE0F-A0B0-11D3-9E53-009027B0FCE9},SE/198104000,territorial,NA,19,U,Västmanlands,Norrby,Norrby församling,Norrby,NA,NA,NORRBY,NORRBY,1600,1990
2544,7668,188017,188017000,64120,188017,norrbyas,{9396AD9A-A0B0-11D3-9E53-009027B0FCE9},SE/188017000,territorial,NA,18,T,Örebro,Norrbyås,Norrbyås församling,Norrbyås,NA,NA,NORRBYÅS,NORRBYÅS,1600,1990
2545,8566,258105,258105000,83034,258105,norrfjarden,{9396B039-A0B0-11D3-9E53-009027B0FCE9},SE/258105000,territorial,NA,25,BD,Norrbottens,Norrfjärden,Norrfjärdens församling,Norrfjärdens,NA,NA,NORRFJÄRDEN,NORRFJÄRDEN,1915,1990
2546,NA,240101,NA,NA,NA,norrforskbfd,NA,NA,kbfd,2490,24,AC,Västerbottens,Norrfors kbfd,NA,NA,NA,NA,NA,NA,NA,NA
2547,6629,58105,58105000,55260,58105,norrborg,{9396A53A-A0B0-11D3-9E53-009027B0FCE9},SE/058105000,territorial,NA,5,E,Östergötlands,Norrköpings Borg,Norrköpings Borgs församling,Norrköpings Borgs,"Borg, Borg och Löt",1802 Borg,NORRKÖPINGS BORG,BORG,1600,1990
2548,8061,58102,58102000,55140,58102,norrhed,{9396A537-A0B0-11D3-9E53-009027B0FCE9},SE/058102000,territorial,NA,5,E,Östergötlands,Norrköpings Hedvig,Norrköpings Hedvigs församling,Norrköpings Hedvigs,"Norrköpings tyska, Tyska",15 - 1661 Tyska,NORRKÖPINGS HEDVIG,NORRKÖPINGS HEDVIG,1613,1990
2550,8470,58103,58103000,55122,58103,norrmatt,{9396A538-A0B0-11D3-9E53-009027B0FCE9},SE/058103000,territorial,NA,5,E,Östergötlands,Norrköpings Matteus,Norrköpings Matteus församling,Norrköpings Matteus,"Matteus, Norrköpings Norra",1938 Norrköpings Norra,NORRKÖPINGS MATTEUS,NA,1885,1990
2551,NA,58100,NA,NA,NA,norrkopingsmosai,NA,NA,mosaiska,NA,5,E,Östergötlands,Norrköpings mosaiska,NA,NA,NA,NA,NA,NA,NA,NA
2553,7103,58104,58104000,55210,58104,norrast,{9396A539-A0B0-11D3-9E53-009027B0FCE9},SE/058104000,territorial,NA,5,E,Östergötlands,Norrköpings Östra Eneby,Norrköpings Östra Eneby församling,Norrköpings Östra Eneby,"Eneby, Östra Eneby",01 - Norrköpings Östra Eneby.,NORRKÖPINGS ÖSTRA ENEBY,ÖSTRA ENEBY,1600,1990
2554,NA,58100,NA,NA,NA,norrkopingsreform,NA,NA,other,NA,5,E,Östergötlands,Norrköpings reformerta,NA,NA,NA,NA,NA,NA,NA,NA
2555,6451,58106,58106000,55130,58106,norrsanjoh,{9396A53B-A0B0-11D3-9E53-009027B0FCE9},SE/058106000,territorial,NA,5,E,Östergötlands,Norrköpings Sankt Johannes,Norrköpings Sankt Johannes församling,Norrköpings Sankt Johannes,"Norrköpings landsförsamling, Sankt Johannes",1922 Sankt Johannes,NORRKÖPINGS SANKT JOHANNES,NORRKÖPINGS SANKT JOHANNES,1600,1990
2556,8468,58101,58101000,55150,58101,norrsanktolai,{9396A534-A0B0-11D3-9E53-009027B0FCE9},SE/058101000,territorial,NA,5,E,Östergötlands,Norrköpings Sankt Olai,Norrköpings Sankt Olai församling,Norrköpings Sankt Olai,"Olai, Olof, Sankt Olai, Sankt Olof",1879 Sankt Olof,NORRKÖPINGS SANKT OLAI,NORRKÖPINGS ALLM. STRAFF OCH ARBETSFÄNGELSE,1885,1990
2557,NA,58100,NA,NA,NA,norrkopingsstraffarb,NA,NA,straffanstalt,NA,5,E,Östergötlands,Norrköpings straff- och arbetsfängelse,NA,NA,NA,NA,NA,NA,NA,NA
2559,7246,98027,98027000,84950,98027,norrlanda,{9396A73E-A0B0-11D3-9E53-009027B0FCE9},SE/098027000,territorial,NA,9,I,Gotlands,Norrlanda,Norrlanda församling,Norrlanda,NA,NA,NORRLANDA,NORRLANDA,1600,1990
2560,NA,238000,NA,NA,NA,norrlandsart,NA,NA,regemente,2765,23,Z,Jämtlands,Norrlands artilleriregemente,NA,NA,Östersunds garnisonsförsamling,NA,NA,NA,NA,NA
2562,NA,228300,NA,NA,NA,norrtrang,NA,NA,other,NA,22,Y,Västernorrlands,Norrlands trängkår,NA,NA,Norrlands trängbataljon,1902 Norrlands trängbataljon,NA,NA,NA,NA
2564,8724,178002,178002000,79824,178002,norrstrand,{9396AD1A-A0B0-11D3-9E53-009027B0FCE9},SE/178002000,territorial,NA,17,S,Värmlands,Norrstrand,Norrstrands församling,Norrstrands,NA,NA,NORRSTRAND,NA,1962,1990
2565,6543,19108,19108000,51940,19108,norrsunda,{9396A3DD-A0B0-11D3-9E53-009027B0FCE9},SE/019108000,territorial,NA,1,AB,Stockholms,Norrsunda,Norrsunda församling,Norrsunda,NA,NA,NORRSUNDA,NORRSUNDA,1600,1990
2566,8078,18801,18801000,50760,18801,norrtalje,{9396A3B6-A0B0-11D3-9E53-009027B0FCE9},SE/018801000,territorial,NA,1,AB,Stockholms,Norrtälje,Norrtälje församling,Norrtälje,NA,NA,NORRTÄLJE,NORRTÄLJE,1622,1990
2567,7750,121411,121411000,72100,121411,norrvidinge,{9396A86C-A0B0-11D3-9E53-009027B0FCE9},SE/121411000,territorial,NA,12,M,Skåne,Norrvidinge,Norrvidinge församling,Norrvidinge,NA,NA,NORRVIDINGE,NORRVIDINGE,1600,1990
2568,8384,241771,241771000,83000,241771,norsjo,{9396AFB0-A0B0-11D3-9E53-009027B0FCE9},SE/241771000,territorial,NA,24,AC,Västerbottens,Norsjö,Norsjö församling,Norsjö,NA,NA,NORSJÖ,NORSJÖ,1834,1990
2569,NA,241702,NA,NA,NA,norsjokbfd,NA,NA,kbfd,2568,24,AC,Västerbottens,Norsjö kbfd,NA,NA,Norsjö västra kbfd,1933 Norsjö västra kbfd,NA,NA,NA,NA
2572,NA,18400,NA,NA,NA,norskajagar,NA,NA,other,NA,1,AB,Stockholms,Norska jägarkåren,NA,NA,NA,NA,NA,NA,NA,NA
2574,7262,141502,141502000,76340,141502,norum,{9396AA13-A0B0-11D3-9E53-009027B0FCE9},SE/141502000,territorial,NA,14,O,Västra Götalands,Norum,Norums församling,Norums,NA,NA,NORUM,NORUM,1600,1990
2576,7219,118009,118009000,74380,118009,nosaby,{9396A809-A0B0-11D3-9E53-009027B0FCE9},SE/118009000,territorial,NA,11,L,Kristianstads,Nosaby,Nosaby församling,Nosaby,NA,NA,NOSABY,NOSABY,1600,1990
2577,6577,150402,150402000,81760,150402,nossemark,{9396AAA8-A0B0-11D3-9E53-009027B0FCE9},SE/150402000,territorial,NA,15,P,Älvsborgs,Nössemark,Nössemarks församling,Nössemarks,NA,NA,NÖSSEMARK,NÖSSEMARK,1600,1990
2578,6698,138303,138303000,77870,138303,nosslinge,{9396A9DF-A0B0-11D3-9E53-009027B0FCE9},SE/138303000,territorial,NA,13,N,Hallands,Nösslinge,Nösslinge församling,Nösslinge,NA,NA,NÖSSLINGE,NA,1600,1990
2579,8385,76004,76004000,67955,76004,notteback,{9396A62B-A0B0-11D3-9E53-009027B0FCE9},SE/076004000,territorial,NA,7,G,Kronobergs,Nottebäck,Nottebäcks församling,Nottebäcks,Nottebäck med Granhult,1837 Nottebäck,NOTTEBÄCK,NA,1837,1990
2581,6433,78113,78113000,67450,78113,nottja,{9396A687-A0B0-11D3-9E53-009027B0FCE9},SE/078113000,territorial,NA,7,G,Kronobergs,Nöttja,Nöttja församling,Nöttja,NA,NA,NÖTTJA,NÖTTJA,1600,1990
2584,7235,178408,178408000,80680,178408,ny,{9396AD54-A0B0-11D3-9E53-009027B0FCE9},SE/178408000,territorial,NA,17,S,Värmlands,Ny,Ny församling (S-län),Ny,Jösse Ny,NA,NY (S-län),NY,1600,1990
2588,NA,148000,NA,NA,NA,nyaolvsborg,NA,NA,other,2195,14,O,Västra Götalands,Nya Älvsborg,NA,NA,Ny-Elfsborgs slottsförsamling,NA,NA,NA,NA,NA
2589,NA,138200,NA,NA,NA,nyafalkenberg,NA,NA,other,761,13,N,Hallands,Nya Falkenberg,NA,NA,NA,NA,NA,NA,NA,NA
2592,NA,138300,NA,NA,NA,nyavarberg,NA,NA,other,2086,13,N,Hallands,Nya Varberg,NA,NA,Nyby,NA,NA,NA,NA,NA
2593,NA,148000,NA,NA,NA,nyavarvet,NA,NA,other,NA,14,O,Västra Götalands,Nya Varvet,NA,NA,Flottan,NA,NA,NA,NA,NA
2595,8638,88101,88101000,79232,88101,nybro,{9396A6DD-A0B0-11D3-9E53-009027B0FCE9},SE/088101000,territorial,NA,8,H,Kalmar,Nybro,Nybro församling,Nybro,NA,NA,NYBRO,NYBRO,1939,1990
2596,NA,88100,NA,NA,NA,nybrokbfd,NA,NA,kbfd,2595,8,H,Kalmar,Nybro kbfd,NA,NA,NA,NA,NA,NA,NA,NA
2598,7498,68314,68314000,68910,68314,nydala,{9396A5F4-A0B0-11D3-9E53-009027B0FCE9},SE/068314000,territorial,NA,6,F,Jönköpings,Nydala,Nydala församling,Nydala,NA,NA,NYDALA,NYDALA,1600,1990
2599,6001,68514,68514000,69190,68514,nye,{9396A60D-A0B0-11D3-9E53-009027B0FCE9},SE/068514000,territorial,NA,6,F,Jönköpings,Nye,Nye församling,Nye,"Mörsebo, Myrisboda",NA,NYE,NYE,1600,1990
2600,8362,178006,178006000,80350,178006,nyed,{9396AD1E-A0B0-11D3-9E53-009027B0FCE9},SE/178006000,territorial,NA,17,S,Värmlands,Nyed,Nyeds församling,Nyeds,NA,NA,NYED,NYED,1820,1990
2602,8404,230502,230502000,84125,230502,nnyhem,{9396AF4C-A0B0-11D3-9E53-009027B0FCE9},SE/230502000,territorial,NA,23,Z,Jämtlands,Nyhem,Nyhems församling,Nyhems,NA,NA,NYHEM,NYHEMS KAPELLFÖRSAMLING,1851,1990
2603,8769,178508,178508000,81190,178508,nyhuggenas,{9396AD63-A0B0-11D3-9E53-009027B0FCE9},SE/178508000,territorial,NA,17,S,Värmlands,Ny-Huggenäs,Ny-Huggenäs församling,Ny-Huggenäs,"Ny, Södra Ny",1885 Ny,NY-HUGGENÄS,SÖDRA NY,1970,1990
2604,6353,58011,58011000,56780,58011,nykil,{9396A519-A0B0-11D3-9E53-009027B0FCE9},SE/058011000,territorial,NA,5,E,Östergötlands,Nykil,Nykils församling,Nykils,NA,NA,NYKIL,NYKIL,1600,1990
2605,7654,48002,48002000,62980,48002,nyah,{9396A46A-A0B0-11D3-9E53-009027B0FCE9},SE/048002000,territorial,NA,4,D,Södermanlands,Nyköpings Alla Helgona,Nyköpings Alla Helgona församling,Nyköpings Alla Helgona,"Alla Helgona, Nyköpings östra",1988 Nyköpings östra,NYKÖPINGS ALLA HELGONA,NYKÖPINGS ÖSTRA,1600,1990
2606,NA,48000,NA,NA,NA,nykopingshelgona,NA,NA,other,NA,4,D,Södermanlands,Nyköpings Helgona,NA,NA,NA,NA,NA,NA,NA,NA
2609,8671,48001,48001000,62790,48001,nysannicolai,{9396A468-A0B0-11D3-9E53-009027B0FCE9},SE/048001000,territorial,NA,4,D,Södermanlands,Nyköpings Sankt Nicolai,Nyköpings Sankt Nicolai församling,Nyköpings Sankt Nicolai,Nyköpings västra,1952 Nyköpings västra,NYKÖPINGS SANKT NICOLAI,NICOLAI,1953,1990
2612,8196,162203,162203000,61040,162203,nykyrka3,{9396ABC0-A0B0-11D3-9E53-009027B0FCE9},SE/162203000,territorial,NA,16,R,Skaraborgs,Nykyrka,Nykyrka församling (R-län),Nykyrka,NA,NA,NYKYRKA (R-län),NYKYRKA,1655,1990
2614,7558,48012,48012000,62840,48012,nykyrka1,{9396A473-A0B0-11D3-9E53-009027B0FCE9},SE/048012000,territorial,NA,4,D,Södermanlands,Nykyrka,Nykyrka församling (D-län),Nykyrka,NA,NA,NYKYRKA (D-län),NYKYRKA,1600,1990
2617,NA,168400,NA,NA,NA,nykyrke3,NA,NA,other,77,16,R,Skaraborgs,Nykyrke,NA,NA,NA,NA,NA,NA,NA,NA
2619,8781,148004,148004000,75390,148004,nylose,{9396AA4C-A0B0-11D3-9E53-009027B0FCE9},SE/148004000,territorial,NA,14,O,Västra Götalands,Nylöse,Nylöse församling,Nylöse,"Gamlestad, Götaholm, Göteborgs Gamlestad, Göteborgs hospitalsförsamling, Kronohospitalsförsamlingen","1474 Götaholm, 1571 Älvsborg, 1883 Göteborgs hospitalsförsamling eller Kronohospitalsförsamlingen",NYLÖSE,NA,1971,1990
2620,NA,148000,NA,NA,NA,nylosekbm,NA,NA,kbfd,2619,14,O,Västra Götalands,Nylöse kbfd,NA,NA,NA,NA,NA,NA,NA,NA
2621,6154,118020,118020000,74420,118020,nymo,{9396A816-A0B0-11D3-9E53-009027B0FCE9},SE/118020000,territorial,NA,11,L,Kristianstads,Nymö,Nymö församling,Nymö,NA,NA,NYMÖ,NA,1600,1990
2622,8651,19201,19201000,63422,19201,nynashamn,{9396A3E2-A0B0-11D3-9E53-009027B0FCE9},SE/019201000,territorial,NA,1,AB,Stockholms,Nynäshamn,Nynäshamns församling,Nynäshamns,NA,NA,NYNÄSHAMN,NYNÄSHAMN,1947,1990
2623,8082,240904,240904000,82850,240904,nysatra2,{9396AFAB-A0B0-11D3-9E53-009027B0FCE9},SE/240904000,territorial,NA,24,AC,Västerbottens,Nysätra,Nysätra församling (AC-län),Nysätra,NA,NA,NYSÄTRA (AC-län),NYSÄTRA,1624,1990
2624,6860,38129,38129000,51130,38129,nysatra1,{9396A449-A0B0-11D3-9E53-009027B0FCE9},SE/038129000,territorial,NA,3,C,Uppsala,Nysätra,Nysätra församling (C-län),Nysätra,NA,NA,NYSÄTRA (C-län),NYSÄTRA,1600,1990
2625,8449,173704,173704000,80012,173704,nyskoga,{9396ACE5-A0B0-11D3-9E53-009027B0FCE9},SE/173704000,territorial,NA,17,S,Värmlands,Nyskoga,Nyskoga församling,Nyskoga,NA,NA,NYSKOGA,NYSKOGA,1873,1990
2626,8117,186202,186202000,64660,186202,nysund,{9396AD7A-A0B0-11D3-9E53-009027B0FCE9},SE/186202000,territorial,NA,18,T,Örebro,Nysund,Nysunds församling,Nysunds,Sund,1686 Sund,NYSUND,NYSUND,1638,1990
2627,8318,210102,210102000,53320,210102,NA,{9396AE93-A0B0-11D3-9E53-009027B0FCE9},SE/210102000,territorial,NA,21,X,Gävleborgs,Ockelbo,Ockelbo församling,Ockelbo,NA,1883 Ugglebo,OCKELBO,OCKELBO,1785,1990
2628,7290,140701,140701000,75830,140701,NA,{9396AA10-A0B0-11D3-9E53-009027B0FCE9},SE/140701000,territorial,NA,14,O,Västra Götalands,Öckerö,Öckerö församling,Öckerö,NA,NA,ÖCKERÖ,ÖCKERÖ,1600,1990
2629,6842,156617,156617000,61540,156617,od,{9396AB33-A0B0-11D3-9E53-009027B0FCE9},SE/156617000,territorial,NA,15,P,Älvsborgs,Od,Ods församling,Ods,NA,NA,OD,OD,1600,1990
2630,7507,128111,128111000,70160,128111,odarslov,{9396A90F-A0B0-11D3-9E53-009027B0FCE9},SE/128111000,territorial,NA,12,M,Skåne,Odarslöv,Odarslövs församling,Odarslövs,Västra Odarslöv,NA,ODARSLÖV,VÄSTRA ODARSLÖV,1600,1990
2631,6944,150702,150702000,81800,150702,odeborg,{9396AAAF-A0B0-11D3-9E53-009027B0FCE9},SE/150702000,territorial,NA,15,P,Älvsborgs,Ödeborg,Ödeborgs församling,Ödeborgs,NA,NA,ÖDEBORG,ÖDEBORG,1600,1990
2632,NA,188000,NA,NA,NA,odeby,NA,NA,other,2079,18,T,Örebro,Ödeby,NA,NA,NA,NA,NA,NA,NA,NA
2634,6702,158210,158210000,61790,158210,odenas,{9396AB5D-A0B0-11D3-9E53-009027B0FCE9},SE/158210000,territorial,NA,15,P,Älvsborgs,Ödenäs,Ödenäs församling,Ödenäs,NA,NA,ÖDENÄS,ÖDENÄS,1600,1990
2635,6787,168007,168007000,60060,168007,odensaker,{9396AC18-A0B0-11D3-9E53-009027B0FCE9},SE/168007000,territorial,NA,16,R,Skaraborgs,Odensåker,Odensåkers församling,Odensåkers,NA,NA,ODENSÅKER,ODENSÅKER,1600,1990
2636,7667,19105,19105000,51690,19105,odensala,{9396A3DA-A0B0-11D3-9E53-009027B0FCE9},SE/019105000,territorial,NA,1,AB,Stockholms,Odensala,Odensala församling,Odensala,NA,NA,ODENSALA,ODENSALA,1600,1990
2638,6133,78117,78117000,67500,78117,odensjo1,{9396A68B-A0B0-11D3-9E53-009027B0FCE9},SE/078117000,territorial,NA,7,G,Kronobergs,Odensjö,Odensjö församling,Odensjö,NA,NA,ODENSJÖ,ODENSJÖ,1600,1990
2639,8118,198305,198305000,65110,198305,odensvi2,{9396AE20-A0B0-11D3-9E53-009027B0FCE9},SE/198305000,territorial,NA,19,U,Västmanlands,Odensvi,Odensvi församling (U-län),Odensvi,NA,NA,ODENSVI (U-län),ODENSVI,1638,1990
2640,6076,88312,88312000,55950,88312,odensvi1,{9396A6FC-A0B0-11D3-9E53-009027B0FCE9},SE/088312000,territorial,NA,8,H,Kalmar,Odensvi,Odensvi församling (H-län),Odensvi,NA,NA,ODENSVI (H-län),ODENSVI,1600,1990
2641,8026,116500,116501002,73510,116501,oderljunga,{9396A7EA-A0B0-11D3-9E53-009027B0FCE9},SE/116501002,territorial,NA,11,L,Kristianstads,Oderljunga,Oderljunga församling,Oderljunga,NA,NA,ODERLJUNGA,PERSTORP,1600,1970
2642,7062,50902,50902000,57100,50902,odeshog,{9396A4DA-A0B0-11D3-9E53-009027B0FCE9},SE/050902000,territorial,NA,5,E,Östergötlands,Ödeshög,Ödeshögs församling,Ödeshögs,NA,NA,ÖDESHÖG,ÖDESHÖG,1600,1990
2643,6540,68017,68017000,68870,68017,odestugu,{9396A5D3-A0B0-11D3-9E53-009027B0FCE9},SE/068017000,territorial,NA,6,F,Jönköpings,Ödestugu,Ödestugu församling,Ödestugu,NA,NA,ÖDESTUGU,ÖDESTUGU,1600,1990
2644,6141,156008,156008000,81330,156008,odskolt,{9396AAE8-A0B0-11D3-9E53-009027B0FCE9},SE/156008000,territorial,NA,15,P,Älvsborgs,Ödskölt,Ödskölts församling,Ödskölts,Äskholt,NA,ÖDSKÖLT,ÖDSKÖLT,1600,1990
2645,7585,141503,141503000,76330,141503,ads,{9396AA14-A0B0-11D3-9E53-009027B0FCE9},SE/141503000,territorial,NA,14,O,Västra Götalands,Ödsmål,Ödsmåls församling,Ödsmåls,Audsmal,NA,ÖDSMÅL,ÖDSMÅL,1600,1990
2646,6978,230908,230908000,83870,230908,offerdal,{9396AF5F-A0B0-11D3-9E53-009027B0FCE9},SE/230908000,territorial,NA,23,Z,Jämtlands,Offerdal,Offerdals församling,Offerdals,Aflodal,NA,OFFERDAL,OFFERDAL,1600,1990
2647,NA,230900,NA,NA,NA,offerdalskbfd,NA,NA,kbfd,2646,23,Z,Jämtlands,Offerdals kbfd,NA,NA,NA,NA,NA,NA,NA,NA
2648,7391,68018,68018000,68210,68018,oggestorp,{9396A5D4-A0B0-11D3-9E53-009027B0FCE9},SE/068018000,territorial,NA,6,F,Jönköpings,Öggestorp,Öggestorps församling,Öggestorps,NA,NA,ÖGGESTORP,ÖGGESTORP,1600,1990
2649,7894,168203,168203000,60700,168203,oglunda,{9396AC4A-A0B0-11D3-9E53-009027B0FCE9},SE/168203000,territorial,NA,16,R,Skaraborgs,Öglunda,Öglunda församling,Öglunda,NA,NA,ÖGLUNDA,ÖGLUNDA,1600,1990
2650,7220,128609,128609000,71050,128609,oja4,{9396A966-A0B0-11D3-9E53-009027B0FCE9},SE/128609000,territorial,NA,12,M,Skåne,Öja,Öja församling (M-län),Öja,NA,NA,ÖJA (M-län),ÖJA,1600,1990
2651,6951,48415,48415000,63800,48415,oja1,{9396A4BC-A0B0-11D3-9E53-009027B0FCE9},SE/048415000,territorial,NA,4,D,Södermanlands,Öja,Öja församling (D-län),Öja,NA,NA,ÖJA (D-län),ÖJA,1600,1990
2652,6767,78016,78016000,66920,78016,oja2,{9396A66D-A0B0-11D3-9E53-009027B0FCE9},SE/078016000,territorial,NA,7,G,Kronobergs,Öja,Öja församling (G-län),Öja,NA,NA,ÖJA (G-län),ÖJA,1600,1990
2653,5950,98089,98089000,85420,98089,oja3,{9396A77C-A0B0-11D3-9E53-009027B0FCE9},SE/098089000,territorial,NA,9,I,Gotlands,Öja,Öja församling (I-län),Öja,NA,NA,ÖJA (I-län),ÖJA,1600,1990
2654,7845,78018,78018000,67000,78018,ojaby,{9396A66F-A0B0-11D3-9E53-009027B0FCE9},SE/078018000,territorial,NA,7,G,Kronobergs,Öjaby,Öjaby församling,Öjaby,NA,NA,ÖJABY,ÖJABY,1600,1990
2655,5854,68516,68516000,69130,68516,okna,{9396A60F-A0B0-11D3-9E53-009027B0FCE9},SE/068516000,territorial,NA,6,F,Jönköpings,Ökna,Ökna församling,Ökna,NA,NA,ÖKNA,ÖKNA,1600,1990
2656,NA,48600,NA,NA,NA,okno,NA,NA,other,178,4,D,Södermanlands,Oknö,NA,NA,NA,NA,NA,NA,NA,NA
2657,7406,138217,138217000,78080,138217,okome,{9396A9D4-A0B0-11D3-9E53-009027B0FCE9},SE/138217000,territorial,NA,13,N,Hallands,Okome,Okome församling,Okome,NA,NA,OKOME,OKOME,1600,1990
2660,NA,168200,NA,NA,NA,olanda,NA,NA,other,1596,16,R,Skaraborgs,Ölanda,NA,NA,NA,NA,NA,NA,NA,NA
2663,8417,108104,108104000,75174,108104,oljehult,{9396A7A0-A0B0-11D3-9E53-009027B0FCE9},SE/108104000,territorial,NA,10,K,Blekinge,Öljehult,Öljehults församling,Öljehults,NA,NA,ÖLJEHULT,ÖLJEHULTS KAPELLFÖRSAMLING,1859,1990
2664,7016,178106,178106000,80370,178106,olme,{9396AD2F-A0B0-11D3-9E53-009027B0FCE9},SE/178106000,territorial,NA,17,S,Värmlands,Ölme,Ölme församling,Ölme,Ölmehärad,1894 Ölmehärad,ÖLME,ÖLME,1600,1990
2666,7459,138408,138408000,77680,138408,olmevalla,{9396A9FE-A0B0-11D3-9E53-009027B0FCE9},SE/138408000,territorial,NA,13,N,Hallands,Ölmevalla,Ölmevalla församling,Ölmevalla,Örmevalla,Örmevalla,ÖLMEVALLA,ÖLMEVALLA,1600,1990
2674,NA,106001,NA,NA,NA,olofstromskbfd,NA,NA,kbfd,1609,10,K,Blekinge,Olofströms kbfd,NA,NA,NA,NA,NA,NA,NA,NA
2676,5860,178505,178505000,81240,178505,olserud,{9396AD60-A0B0-11D3-9E53-009027B0FCE9},SE/178505000,territorial,NA,17,S,Värmlands,Ölserud,Ölseruds församling,Ölseruds,NA,NA,ÖLSERUD,ÖLSERUD,1600,1990
2677,6461,155210,155210000,77420,155210,olsremma,{9396AADE-A0B0-11D3-9E53-009027B0FCE9},SE/155210000,territorial,NA,15,P,Älvsborgs,Ölsremma,Ölsremma församling,Ölsremma,Elofsremma,NA,ÖLSREMMA,ÖLSREMMA,1600,1990
2678,NA,160200,NA,NA,NA,olunda,NA,NA,other,829,16,R,Skaraborgs,Olunda,NA,NA,NA,NA,NA,NA,NA,NA
2679,8570,168300,168301004,60580,168301,om,{9396AC60-A0B0-11D3-9E53-009027B0FCE9},SE/168301004,territorial,NA,16,R,Skaraborgs,Öm,Öms församling,Öms,NA,NA,ÖM,SKÖVDE STADS,1916,1973
2681,6053,128728,128728000,70740,128728,onnarp,{9396A992-A0B0-11D3-9E53-009027B0FCE9},SE/128728000,territorial,NA,12,M,Skåne,Önnarp,Önnarps församling,Önnarps,NA,NA,ÖNNARP,NA,1600,1990
2682,6126,118013,118013000,73810,118013,onnestad,{9396A80D-A0B0-11D3-9E53-009027B0FCE9},SE/118013000,territorial,NA,11,L,Kristianstads,Önnestad,Önnestads församling,Önnestads,Onestad,NA,ÖNNESTAD,ÖNNESTAD,1600,1990
2683,7591,138414,138414000,77630,138414,onsala,{9396AA04-A0B0-11D3-9E53-009027B0FCE9},SE/138414000,territorial,NA,13,N,Hallands,Onsala,Onsala församling,Onsala,NA,NA,ONSALA,ONSALA,1600,1990
2684,5859,116008,116008000,71160,116008,onslunda,{9396A7D3-A0B0-11D3-9E53-009027B0FCE9},SE/116008000,territorial,NA,11,L,Kristianstads,Onslunda,Onslunda församling,Onslunda,NA,NA,ONSLUNDA,ONSLUNDA,1600,1990
2686,6398,166008,166008000,57780,166008,onum,{9396ABDA-A0B0-11D3-9E53-009027B0FCE9},SE/166008000,territorial,NA,16,R,Skaraborgs,Önum,Önums församling,Önums,NA,NA,ÖNUM,ÖNUM,1600,1990
2687,6447,51306,51306000,56490,51306,oppeby,{9396A4ED-A0B0-11D3-9E53-009027B0FCE9},SE/051306000,territorial,NA,5,E,Östergötlands,Oppeby,Oppeby församling,Oppeby,NA,NA,OPPEBY,OPPEBY,1600,1990
2688,6827,118035,118035000,74390,118035,oppmanna,{9396A825-A0B0-11D3-9E53-009027B0FCE9},SE/118035000,territorial,NA,11,L,Kristianstads,Oppmanna,Oppmanna församling,Oppmanna,NA,Opmadinge,OPPMANNA,OPPMANNA,1600,1990
2689,6051,156106,156106000,81510,156106,or2,{9396AAF0-A0B0-11D3-9E53-009027B0FCE9},SE/156106000,territorial,NA,15,P,Älvsborgs,Ör,Örs församling (P-län),Örs,NA,NA,ÖR (P-län),ÖR,1600,1990
2690,6601,78027,78027000,67130,78027,or1,{9396A678-A0B0-11D3-9E53-009027B0FCE9},SE/078027000,territorial,NA,7,G,Kronobergs,Ör,Örs församling (G-län),Örs,NA,NA,ÖR (G-län),ÖR,1600,1990
2691,7922,156622,156622000,61570,156622,ora,{9396AB37-A0B0-11D3-9E53-009027B0FCE9},SE/156622000,territorial,NA,15,P,Älvsborgs,Öra,Öra församling,Öra,NA,NA,ÖRA,ÖRA,1600,1990
2693,6974,58405,58405000,54790,58405,orberga,{9396A57A-A0B0-11D3-9E53-009027B0FCE9},SE/058405000,territorial,NA,5,E,Östergötlands,Örberga,Örberga församling,Örberga,NA,NA,ÖRBERGA,ÖRBERGA,1600,1990
2695,7747,156371,156371000,76950,156371,orby,{9396AB0F-A0B0-11D3-9E53-009027B0FCE9},SE/156371000,territorial,NA,15,P,Älvsborgs,Örby,Örby församling,Örby,NA,NA,ÖRBY,ÖRBY,1600,1990
2696,NA,156303,NA,NA,NA,orbykbfd,NA,NA,kbfd,2695,15,P,Älvsborgs,Örby kbfd,NA,NA,NA,NA,NA,NA,NA,NA
2697,5978,203104,203104000,66010,203104,ore,{9396AE45-A0B0-11D3-9E53-009027B0FCE9},SE/203104000,territorial,NA,20,W,Dalarnas,Ore,Ore församling,Ore,NA,NA,ORE,ORE,1600,1990
2699,8687,188001,188001000,64181,188001,ornik,{9396AD83-A0B0-11D3-9E53-009027B0FCE9},SE/188001000,territorial,NA,18,T,Örebro,Örebro Nikolai,Örebro Nikolai församling,Örebro Nikolai,"Nikolai, Örebro, Örebro södra",1912 Örebro,ÖREBRO NIKOLAI,ÅNSTA,1959,1990
2701,8548,188002,188002000,64172,188002,orebroop,{9396AD86-A0B0-11D3-9E53-009027B0FCE9},SE/188002000,territorial,NA,18,T,Örebro,Örebro Olaus Petri,Örebro Olaus Petri församling,Örebro Olaus Petri,"Olaus Petri, Örebro norra",1921 Örebro norra,ÖREBRO OLAUS PETRI,NA,1913,1990
2703,6239,38207,38207000,50420,38207,oregrund,{9396A45A-A0B0-11D3-9E53-009027B0FCE9},SE/038207000,territorial,NA,3,C,Uppsala,Öregrund,Öregrunds församling,Öregrunds,NA,NA,ÖREGRUND,ÖREGRUND,1600,1990
2704,7450,66207,66207000,61170,66207,oreryd,{9396A5AD-A0B0-11D3-9E53-009027B0FCE9},SE/066207000,territorial,NA,6,F,Jönköpings,Öreryd,Öreryds församling,Öreryds,NA,NA,ÖRERYD,ÖRERYD,1600,1990
2705,8246,148016,148016000,75440,148016,orgryte,{9396AA5D-A0B0-11D3-9E53-009027B0FCE9},SE/148016000,territorial,NA,14,O,Västra Götalands,Örgryte,Örgryte församling,Örgryte,NA,NA,ÖRGRYTE,ÖRGRYTE,1700,1990
2706,7096,128211,128211000,72260,128211,orja,{9396A927-A0B0-11D3-9E53-009027B0FCE9},SE/128211000,territorial,NA,12,M,Skåne,Örja,Örja församling,Örja,NA,NA,ÖRJA,NA,1600,1990
2708,7409,113701,113701000,73520,113701,orkelljunga,{9396A7C7-A0B0-11D3-9E53-009027B0FCE9},SE/113701000,territorial,NA,11,L,Kristianstads,Örkelljunga,Örkelljunga församling,Örkelljunga,NA,NA,ÖRKELLJUNGA,ÖRKELLJUNGA,1600,1990
2709,7322,116302,116302000,74130,116302,orkened,{9396A7E4-A0B0-11D3-9E53-009027B0FCE9},SE/116302000,territorial,NA,11,L,Kristianstads,Örkened,Örkeneds församling,Örkeneds,Nykyrke,NA,ÖRKENED,ÖRKENED,1600,1990
2710,6581,11503,11503000,51920,11503,orkesta,{9396A318-A0B0-11D3-9E53-009027B0FCE9},SE/011503000,territorial,NA,1,AB,Stockholms,Orkesta,Orkesta församling,Orkesta,NA,NA,ORKESTA,ORKESTA,1600,1990
2711,NA,168500,NA,NA,NA,orleka,NA,NA,other,920,16,R,Skaraborgs,Orleka,NA,NA,NA,NA,NA,NA,NA,NA
2712,7224,58412,58412000,54740,58412,orlunda,{9396A581-A0B0-11D3-9E53-009027B0FCE9},SE/058412000,territorial,NA,5,E,Östergötlands,Orlunda,Orlunda församling,Orlunda,NA,NA,ORLUNDA,ORLUNDA,1600,1990
2713,6856,78026,78026000,67820,78026,ormesberga,{9396A677-A0B0-11D3-9E53-009027B0FCE9},SE/078026000,territorial,NA,7,G,Kronobergs,Ormesberga,Ormesberga församling,Ormesberga,NA,NA,ORMESBERGA,ORMESBERGA,1600,1990
2715,8717,258002,258002000,83164,258002,ornaset,{9396B02E-A0B0-11D3-9E53-009027B0FCE9},SE/258002000,territorial,NA,25,BD,Norrbottens,Örnäset,Örnäsets församling,Örnäsets,NA,NA,ÖRNÄSET,NA,1962,1990
2716,8051,13604,13604000,63440,13604,orno,{9396A350-A0B0-11D3-9E53-009027B0FCE9},SE/013604000,territorial,NA,1,AB,Stockholms,Ornö,Ornö församling,Ornö,NA,NA,ORNÖ,ORNÖ,1607,1990
2717,8519,228401,228401000,82605,228401,ornskoldsvik,{9396AF32-A0B0-11D3-9E53-009027B0FCE9},SE/228401000,territorial,NA,22,Y,Västernorrlands,Örnsköldsvik,Örnsköldsviks församling,Örnsköldsviks,NA,NA,ÖRNSKÖLDSVIK,ÖRNSKÖLDSVIK,1907,1990
2718,6639,152710,152710000,61870,152710,ornunga,{9396AACB-A0B0-11D3-9E53-009027B0FCE9},SE/152710000,territorial,NA,15,P,Älvsborgs,Ornunga,Ornunga församling,Ornunga,NA,NA,ORNUNGA,NA,1600,1990
2719,7379,203402,203402000,66000,203402,orsa,{9396AE47-A0B0-11D3-9E53-009027B0FCE9},SE/203402000,territorial,NA,20,W,Dalarnas,Orsa,Orsa församling,Orsa,NA,NA,ORSA,SKATTUNGE,1600,1990
2720,7677,156508,156508000,77220,156508,orsas,{9396AB18-A0B0-11D3-9E53-009027B0FCE9},SE/156508000,territorial,NA,15,P,Älvsborgs,Örsås,Örsås församling,Örsås,NA,NA,ÖRSÅS,ÖRSÅS,1600,1990
2721,NA,203400,NA,NA,NA,orsautomskattunge,NA,NA,other,NA,20,W,Dalarnas,Orsa utom Skattunge,NA,NA,NA,NA,NA,NA,NA,NA
2723,6517,126410,126410000,70960,126410,orsjo2,{9396A8BC-A0B0-11D3-9E53-009027B0FCE9},SE/126410000,territorial,NA,12,M,Skåne,Örsjö,Örsjö församling (M-län),Örsjö,NA,NA,ÖRSJÖ (M-län),ÖRSJÖ,1600,1990
2724,8486,88106,88106000,79240,88106,orsjo1,{9396A6E4-A0B0-11D3-9E53-009027B0FCE9},SE/088106000,territorial,NA,8,H,Kalmar,Örsjö,Örsjö församling (H-län),Örsjö,NA,NA,ÖRSJÖ (H-län),ÖRSJÖ,1894,1990
2725,7897,168131,168131000,59510,168131,orslosa,{9396AC43-A0B0-11D3-9E53-009027B0FCE9},SE/168131000,territorial,NA,16,R,Skaraborgs,Örslösa,Örslösa församling,Örslösa,NA,NA,ÖRSLÖSA,ÖRSLÖSA,1600,1990
2726,6605,128507,128507000,72060,128507,ortofta,{9396A94F-A0B0-11D3-9E53-009027B0FCE9},SE/128507000,territorial,NA,12,M,Skåne,Örtofta,Örtofta församling,Örtofta,Väggarp,NA,ÖRTOFTA,ÖRTOFTA,1600,1990
2727,7847,58029,58029000,54890,58029,ortomta,{9396A52B-A0B0-11D3-9E53-009027B0FCE9},SE/058029000,territorial,NA,5,E,Östergötlands,Örtomta,Örtomta församling,Örtomta,NA,NA,ÖRTOMTA,ÖRTOMTA,1600,1990
2728,8398,248104,248104000,82880,248104,ortrask,{9396AFE5-A0B0-11D3-9E53-009027B0FCE9},SE/248104000,territorial,NA,24,AC,Västerbottens,Örträsk,Örträsks församling,Örträsks,NA,NA,ÖRTRÄSK,ÖRTRÄSK,1848,1990
2730,6305,116301,116301000,74140,116301,osby,{9396A7E3-A0B0-11D3-9E53-009027B0FCE9},SE/116301000,territorial,NA,11,L,Kristianstads,Osby,Osby församling,Osby,NA,NA,OSBY,OSBY,1600,1990
2731,NA,158400,NA,NA,NA,oscar2,NA,NA,other,2732,15,P,Älvsborgs,Oscar,NA,NA,NA,NA,NA,NA,NA,NA
2732,8514,18011,18011000,85578,18011,oscar1,{9396A373-A0B0-11D3-9E53-009027B0FCE9},SE/018011000,territorial,NA,1,AB,Stockholms,Oscar,Oscars församling,Oscars,NA,1961 Oskar,OSCAR,"OSKARS, STOCKHOLM",1906,1990
2733,NA,18000,NA,NA,NA,oscar1minne,NA,NA,other,NA,1,AB,Stockholms,Oscar I,NA,NA,NA,NA,NA,NA,NA,NA
2735,7850,88108,88108000,79140,88108,oskar,{9396A6E6-A0B0-11D3-9E53-009027B0FCE9},SE/088108000,territorial,NA,8,H,Kalmar,Oskar,Oskars församling,Oskars,Mortorps kapell,1847 Mortorps kapell,OSKAR,OSKAR,1600,1990
2738,8446,88201,88201000,78921,88201,oskarshamn,{9396A6E9-A0B0-11D3-9E53-009027B0FCE9},SE/088201000,territorial,NA,8,H,Kalmar,Oskarshamn,Oskarshamns församling,Oskarshamns,NA,NA,OSKARSHAMN,OSKARSHAMN,1873,1990
2739,NA,88200,NA,NA,NA,oskarshamnsmosaiska,NA,NA,mosaiska,2738,8,H,Kalmar,Oskarshamns mosaiska,NA,NA,NA,NA,NA,NA,NA,NA
2740,8682,138005,138005000,78514,138005,oskarstrom,{9396A9A6-A0B0-11D3-9E53-009027B0FCE9},SE/138005000,territorial,NA,13,N,Hallands,Oskarström,Oskarströms församling,Oskarströms,NA,NA,OSKARSTRÖM,NA,1957,1990
2741,NA,128500,NA,NA,NA,oslov,NA,NA,other,467,12,M,Skåne,Öslöv,NA,NA,NA,NA,NA,NA,NA,NA
2742,8652,19204,19204000,63420,19204,osmo,{9396A3E5-A0B0-11D3-9E53-009027B0FCE9},SE/019204000,territorial,NA,1,AB,Stockholms,Ösmo,Ösmo församling,Ösmo,NA,NA,ÖSMO,ÖSMO,1947,1990
2744,6817,11507,11507000,52280,11507,ossebygarn,{9396A31C-A0B0-11D3-9E53-009027B0FCE9},SE/011507000,territorial,NA,1,AB,Stockholms,Össeby-Garn,Össeby-Garns församling,Össeby-Garns,"Ösby, Össeby",1838 Össeby eller Ösby,ÖSSEBY-GARN,ÖSSEBY-GARN,1600,1990
2745,6649,118212,118212000,73540,118212,ossjo,{9396A847-A0B0-11D3-9E53-009027B0FCE9},SE/118212000,territorial,NA,11,L,Kristianstads,Össjö,Össjö församling,Össjö,Odensjö,NA,ÖSSJÖ,ÖSSJÖ,1600,1990
2746,5848,152404,152404000,75650,152404,ostad,{9396AAC0-A0B0-11D3-9E53-009027B0FCE9},SE/152404000,territorial,NA,15,P,Älvsborgs,Östad,Östads församling,Östads,NA,NA,ÖSTAD,ÖSTAD,1600,1990
2747,NA,156100,NA,NA,NA,ostana,NA,NA,other,1457,15,P,Älvsborgs,Östanå,NA,NA,NA,NA,NA,NA,NA,NA
2748,NA,168100,NA,NA,NA,ostby,NA,NA,other,1506,16,R,Skaraborgs,Östby,NA,NA,NA,NA,NA,NA,NA,NA
2750,6982,11702,11702000,52530,11702,osteraker1,{9396A321-A0B0-11D3-9E53-009027B0FCE9},SE/011702000,territorial,NA,1,AB,Stockholms,Österåker,Österåkers församling (AB-län),Österåkers,Åker,NA,ÖSTERÅKER (AB-län),ÖSTERÅKER,1600,1990
2751,8015,42802,42802000,62660,42802,osteraker2,{9396A466-A0B0-11D3-9E53-009027B0FCE9},SE/042802000,territorial,NA,4,D,Södermanlands,Österåker,Österåkers församling (D-län),Österåkers,NA,NA,ÖSTERÅKER (D-län),ÖSTERÅKER,1600,1990
2752,NA,166000,NA,NA,NA,osterbitterna,NA,NA,other,354,16,R,Skaraborgs,Österbitterna,NA,NA,NA,NA,NA,NA,NA,NA
2753,NA,38200,NA,NA,NA,osterbybruksforsamling,NA,NA,bruk,802,3,C,Uppsala,Österby bruksförsamling,NA,NA,NA,NA,NA,NA,NA,NA
2754,7126,218105,218105000,53350,218105,ostfarn,{9396AEC5-A0B0-11D3-9E53-009027B0FCE9},SE/218105000,territorial,NA,21,X,Gävleborgs,Österfärnebo,Österfärnebo församling,Österfärnebo,Färnebo,"Färnebo, ibland på 1700-talet och åtminstone från 1860-talet som regel Öster-Färnebo, 1910 enligt SCB Österfärnebo",ÖSTERFÄRNEBO,ÖSTERFÄRNEBO,1600,1990
2756,5914,98047,98047000,84960,98047,astergarn,{9396A752-A0B0-11D3-9E53-009027B0FCE9},SE/098047000,territorial,NA,9,I,Gotlands,Östergarn,Östergarns församling,Östergarns,Nyagarn,NA,ÖSTERGARN,ÖSTERGARN (NYAGARN),1600,1990
2757,8109,13601,13601000,63430,13601,osterhaninge,{9396A34C-A0B0-11D3-9E53-009027B0FCE9},SE/013601000,territorial,NA,1,AB,Stockholms,Österhaninge,Österhaninge församling,Österhaninge,NA,NA,ÖSTERHANINGE,ÖSTERHANINGE,1636,1990
2758,NA,13600,NA,NA,NA,osterhaningenorrakbfd,NA,NA,kbfd,2757,1,AB,Stockholms,Österhaninge norra kbfd,NA,NA,NA,NA,NA,NA,NA,NA
2759,NA,13600,NA,NA,NA,osterhaningesodrakbfd,NA,NA,kbfd,2757,1,AB,Stockholms,Österhaninge södra kbfd,NA,NA,NA,NA,NA,NA,NA,NA
2760,7424,36008,36008000,52950,36008,osterlovsta,{9396A3FA-A0B0-11D3-9E53-009027B0FCE9},SE/036008000,territorial,NA,3,C,Uppsala,Österlövsta,Österlövsta församling,Österlövsta,"Leuvsta, Lövsta",1884 Löfsta,ÖSTERLÖVSTA,ÖSTERLÖVSTA,1600,1990
2762,7724,166118,166118000,58460,166118,osterplana,{9396ABFD-A0B0-11D3-9E53-009027B0FCE9},SE/166118000,territorial,NA,16,R,Skaraborgs,Österplana,Österplana församling,Österplana,NA,NA,ÖSTERPLANA,ÖSTERPLANA,1600,1990
2763,6435,118011,118011000,74440,118011,osterlov,{9396A80B-A0B0-11D3-9E53-009027B0FCE9},SE/118011000,territorial,NA,11,L,Kristianstads,Österslöv,Österslövs församling,Österslövs,NA,NA,ÖSTERSLÖV,ÖSTERSLÖV,1600,1990
2765,8363,238001,238001000,84080,238001,ostersund,{9396AF93-A0B0-11D3-9E53-009027B0FCE9},SE/238001000,territorial,NA,23,Z,Jämtlands,Östersund,Östersunds församling,Östersunds,NA,NA,ÖSTERSUND,ÖSTERSUND,1821,1990
2767,7995,18102,18102000,63594,18102,astalje,{9396A399-A0B0-11D3-9E53-009027B0FCE9},SE/018102000,territorial,NA,1,AB,Stockholms,Östertälje,Östertälje församling,Östertälje,"Södertälje landsförsamling, Tälbo",1945 Södertälje landsförsamling,ÖSTERTÄLJE,SÖDERTÄLJE LANDS,1600,1990
2768,7192,38135,38135000,51140,38135,osterunda,{9396A44F-A0B0-11D3-9E53-009027B0FCE9},SE/038135000,territorial,NA,3,C,Uppsala,Österunda,Österunda församling,Österunda,NA,NA,ÖSTERUNDA,ÖSTERUNDA,1600,1990
2769,6030,191706,191706000,53120,191706,ostervala,{9396ADDF-A0B0-11D3-9E53-009027B0FCE9},SE/191706000,territorial,NA,19,U,Västmanlands,Östervåla,Östervåla församling,Östervåla,Våla,Östervåla.,ÖSTERVÅLA,ÖSTERVÅLA,1600,1990
2770,6579,176509,176509000,80830,176509,ostervallskog,{9396AD0C-A0B0-11D3-9E53-009027B0FCE9},SE/176509000,territorial,NA,17,S,Värmlands,Östervallskog,Östervallskogs församling,Östervallskogs,NA,NA,ÖSTERVALLSKOG,ÖSTERVALLSKOG,1600,1990
2771,NA,68600,NA,NA,NA,ostra,NA,NA,other,NA,6,F,Jönköpings,Östgöta trängkår,NA,NA,NA,1904 Andra Göta trängkår,NA,NA,NA,NA
2772,6560,38201,38201000,50370,38201,osthammar,{9396A452-A0B0-11D3-9E53-009027B0FCE9},SE/038201000,territorial,NA,3,C,Uppsala,Östhammar,Östhammars församling,Östhammars,NA,NA,ÖSTHAMMAR,ÖSTHAMMAR,1600,1990
2773,8403,173705,173705000,80520,173705,ostmark,{9396ACE6-A0B0-11D3-9E53-009027B0FCE9},SE/173705000,territorial,NA,17,S,Värmlands,Östmark,Östmarks församling,Östmarks,NA,NA,ÖSTMARK,ÖSTMARK,1851,1990
2775,8222,176603,176603000,80470,176603,astramt,{9396AD11-A0B0-11D3-9E53-009027B0FCE9},SE/176603000,territorial,NA,17,S,Värmlands,Östra Ämtervik,Östra Ämterviks församling,Östra Ämterviks,NA,1674 Emtervik,ÖSTRA ÄMTERVIK,ÖSTRA ÄMTERVIK,1674,1990
2776,NA,38000,NA,NA,NA,ostraaros,NA,NA,other,NA,3,C,Uppsala,Östra Aros,NA,NA,NA,NA,NA,NA,NA,NA
2780,7472,112106,112106000,74100,112106,ostbroby,{9396A7C4-A0B0-11D3-9E53-009027B0FCE9},SE/112106000,territorial,NA,11,L,Kristianstads,Östra Broby,Östra Broby församling,Östra Broby,Broby,1885 Broby,ÖSTRA BROBY,ÖSTRA BROBY,1600,1990
2781,6135,126610,126610000,71720,126610,ostraby,{9396A8D8-A0B0-11D3-9E53-009027B0FCE9},SE/126610000,territorial,NA,12,M,Skåne,Östraby,Östraby församling,Östraby,Österstad,NA,ÖSTRABY,ÖSTRABY,1600,1990
2782,8071,56306,56306000,55830,56306,ostraed,{9396A50B-A0B0-11D3-9E53-009027B0FCE9},SE/056306000,territorial,NA,5,E,Östergötlands,Östra Ed,Östra Eds församling,Östra Eds,"Ed, Eds kapell",1884 Eds kapell,ÖSTRA ED,ÖSTRA ED,1619,1990
2784,7658,178003,178003000,80330,178003,ostfagel,{9396AD1B-A0B0-11D3-9E53-009027B0FCE9},SE/178003000,territorial,NA,17,S,Värmlands,Östra Fågelvik,Östra Fågelviks församling,Östra Fågelviks,"Fågelvik, Fogelvik",1885 Fågelvik,ÖSTRA FÅGELVIK,ÖSTRA FÅGELVIK,1600,1990
2785,7410,156506,156506000,77510,156506,ostrafrolunda,{9396AB16-A0B0-11D3-9E53-009027B0FCE9},SE/156506000,territorial,NA,15,P,Älvsborgs,Östra Frölunda,Östra Frölunda församling,Östra Frölunda,Frölunda,1885 Frölunda,ÖSTRA FRÖLUNDA,ÖSTRA FRÖLUNDA,1600,1990
2786,7106,168514,168514000,59360,168514,astragerum,{9396AC98-A0B0-11D3-9E53-009027B0FCE9},SE/168514000,territorial,NA,16,R,Skaraborgs,Östra Gerum,Östra Gerums församling,Östra Gerums,Gerum,1885 Gerum,ÖSTRA GERUM,NA,1600,1990
2787,7481,123312,123312000,69620,123312,astragrevie,{9396A88E-A0B0-11D3-9E53-009027B0FCE9},SE/123312000,territorial,NA,12,M,Skåne,Östra Grevie,Östra Grevie församling,Östra Grevie,NA,NA,ÖSTRA GREVIE,ÖSTRA GREVIE,1600,1990
2788,6232,58023,58023000,54220,58023,ostharg,{9396A525-A0B0-11D3-9E53-009027B0FCE9},SE/058023000,territorial,NA,5,E,Östergötlands,Östra Harg,Östra Hargs församling,Östra Hargs,NA,"Harg , åtminstone från slutet av 1700-talet Östra Harg",ÖSTRA HARG,ÖSTRA HARG,1600,1990
2789,5836,118113,118113000,73160,118113,astherr,{9396A833-A0B0-11D3-9E53-009027B0FCE9},SE/118113000,territorial,NA,11,L,Kristianstads,Östra Herrestad,Östra Herrestads församling,Östra Herrestads,NA,NA,ÖSTRA HERRESTAD,ÖSTRA HERRESTAD,1600,1990
2790,5783,118106,118106000,73040,118106,astrahoby,{9396A82C-A0B0-11D3-9E53-009027B0FCE9},SE/118106000,territorial,NA,11,L,Kristianstads,Östra Hoby,Östra Hoby församling,Östra Hoby,NA,"1885 Hoby, Hofby, -1885 Hoby , 1885-04-17- Östra Hoby",ÖSTRA HOBY,ÖSTRA HOBY,1600,1990
2791,8064,58125,58125000,55350,58125,asthus,{9396A54F-A0B0-11D3-9E53-009027B0FCE9},SE/058125000,territorial,NA,5,E,Östergötlands,Östra Husby,Östra Husby församling,Östra Husby,NA,NA,ÖSTRA HUSBY,ÖSTRA HUSBY,1615,1990
2792,7688,116015,116015000,73170,116015,ostraing,{9396A7DA-A0B0-11D3-9E53-009027B0FCE9},SE/116015000,territorial,NA,11,L,Kristianstads,Östra Ingelstad,Östra Ingelstads församling,Östra Ingelstads,Ingelstad,1885 Ingelstad,ÖSTRA INGELSTAD,NA,1600,1990
2793,7764,128512,128512000,71830,128512,ostkara,{9396A953-A0B0-11D3-9E53-009027B0FCE9},SE/128512000,territorial,NA,12,M,Skåne,Östra Karaby,Östra Karaby församling,Östra Karaby,Karaby,22 enligt KMt Östra Karaby.,ÖSTRA KARABY,ÖSTRA KARABY,1600,1990
2794,7339,126515,126515000,71700,126515,ostrakarr,{9396A8CE-A0B0-11D3-9E53-009027B0FCE9},SE/126515000,territorial,NA,12,M,Skåne,Östra Kärrstorp,Östra Kärrstorps församling,Östra Kärrstorps,Kärrstorp,1885 Kärrstorp,ÖSTRA KÄRRSTORP,ÖSTRA KÄRRSTORP,1600,1990
2795,7325,116807,116807000,78630,116807,ostkarup,{9396A7FF-A0B0-11D3-9E53-009027B0FCE9},SE/116807000,territorial,NA,11,L,Kristianstads,Östra Karup,Östra Karups församling,Östra Karups,NA,NA,ÖSTRA KARUP,ÖSTRA KARUP,1600,1990
2796,5794,128723,128723000,70820,128723,astraklag,{9396A98D-A0B0-11D3-9E53-009027B0FCE9},SE/128723000,territorial,NA,12,M,Skåne,Östra Klagstorp,Östra Klagstorps församling,Östra Klagstorps,Klagstorp,1885 Klagstorp,ÖSTRA KLAGSTORP,ÖSTRA KLAGSTORP,1600,1990
2797,8803,116607,116607000,73440,116607,ostraby-0,{9396A7F1-A0B0-11D3-9E53-009027B0FCE9},SE/116607000,territorial,NA,11,L,Kristianstads,Östra Ljungby,Östra Ljungby församling,Östra Ljungby,NA,Lyngby,ÖSTRA LJUNGBY,ÖSTRA LJUNGBY,1977,1990
2798,6699,118103,118103000,72880,118103,ostranob,{9396A829-A0B0-11D3-9E53-009027B0FCE9},SE/118103000,territorial,NA,11,L,Kristianstads,Östra Nöbbelöv,Östra Nöbbelövs församling,Östra Nöbbelövs,Nöbbelöv,1885 Nöbbelöv,ÖSTRA NÖBBELÖV,ÖSTRA NÖBBELÖV,1600,1990
2799,7549,58124,58124000,55380,58124,ostrany,{9396A54E-A0B0-11D3-9E53-009027B0FCE9},SE/058124000,territorial,NA,5,E,Östergötlands,Östra Ny,Östra Ny församling,Östra Ny,Ny,"Ny , åtminstone från 1756 Östra Ny eller Nykyrka",ÖSTRA NY,ÖSTRA NY,1600,1990
2800,8186,11701,11701000,52520,11701,ostraryd1,{9396A31F-A0B0-11D3-9E53-009027B0FCE9},SE/011701000,territorial,NA,1,AB,Stockholms,Östra Ryd,Östra Ryds församling (AB-län),Östra Ryds,Ryd,NA,ÖSTRA RYD (AB-län),ÖSTRA RYD,1652,1990
2801,6520,58206,58206000,55050,58206,ostraryd2,{9396A55A-A0B0-11D3-9E53-009027B0FCE9},SE/058206000,territorial,NA,5,E,Östergötlands,Östra Ryd,Östra Ryds församling (E-län),Östra Ryds,"Ryd, Vibyryd","Ryd , åtminstone från 1760-talet Östra Ryd",ÖSTRA RYD (E-län),ÖSTRA RYD,1600,1990
2802,5827,126603,126603000,71230,126603,ostsallerup,{9396A8D1-A0B0-11D3-9E53-009027B0FCE9},SE/126603000,territorial,NA,12,M,Skåne,Östra Sallerup,Östra Sallerups församling,Östra Sallerups,Sallerup,1885 Sallerup,ÖSTRA SALLERUP,ÖSTRA SALLERUP,1600,1990
2803,6765,58026,58026000,54240,58026,ostskrukeby,{9396A528-A0B0-11D3-9E53-009027B0FCE9},SE/058026000,territorial,NA,5,E,Östergötlands,Östra Skrukeby,Östra Skrukeby församling,Östra Skrukeby,Skrukeby,NA,ÖSTRA SKRUKEBY,ÖSTRA SKRUKEBY,1600,1990
2804,5814,118016,118016000,74580,118016,astsonnar,{9396A812-A0B0-11D3-9E53-009027B0FCE9},SE/118016000,territorial,NA,11,L,Kristianstads,Östra Sönnarslöv,Östra Sönnarslövs församling,Östra Sönnarslövs,Sönnarslöv,1885 Sönnarslöv,ÖSTRA SÖNNARSLÖV,ÖSTRA SÖNNARSLÖV,1600,1990
2805,8018,58117,58117000,55340,58117,astrastenby,{9396A547-A0B0-11D3-9E53-009027B0FCE9},SE/058117000,territorial,NA,5,E,Östergötlands,Östra Stenby,Östra Stenby församling,Östra Stenby,Stenby,NA,ÖSTRA STENBY,ÖSTRA STENBY,1600,1990
2806,6972,128521,128521000,71430,128521,astra,{9396A95C-A0B0-11D3-9E53-009027B0FCE9},SE/128521000,territorial,NA,12,M,Skåne,Östra Strö,Östra Strö församling,Östra Strö,"Dapraströ, Strö",1885 Strö,ÖSTRA STRÖ,ÖSTRA STRÖ,1600,1990
2808,6898,58616,58616000,56710,58616,ostratoll,{9396A592-A0B0-11D3-9E53-009027B0FCE9},SE/058616000,territorial,NA,5,E,Östergötlands,Östra Tollstad,Östra Tollstads församling,Östra Tollstads,Tollstad,"Tollstad , åtminstone från omkring 1750 Östra Tolistad",ÖSTRA TOLLSTAD,ÖSTRA TOLLSTAD,1600,1990
2809,6653,118109,118109000,72900,118109,ostratomm,{9396A82F-A0B0-11D3-9E53-009027B0FCE9},SE/118109000,territorial,NA,11,L,Kristianstads,Östra Tommarp,Östra Tommarps församling,Östra Tommarps,"Tomerup, Tommarp",1885 Tommarp,ÖSTRA TOMMARP,ÖSTRA TOMMARP,1600,1990
2810,6640,128721,128721000,70790,128721,astratorp,{9396A98B-A0B0-11D3-9E53-009027B0FCE9},SE/128721000,territorial,NA,12,M,Skåne,Östra Torp,Östra Torps församling,Östra Torps,Torp,1932 Östra Torp och Lilla Isie,ÖSTRA TORP,ÖSTRA TORP,1600,1990
2811,7317,78008,78008000,67680,78008,ostratoras,{9396A665-A0B0-11D3-9E53-009027B0FCE9},SE/078008000,territorial,NA,7,G,Kronobergs,Östra Torsås,Östra Torsås församling,Östra Torsås,Torsås,1854 Torsås,ÖSTRA TORSÅS,ÖSTRA TORSÅS,1600,1990
2812,6124,168642,168642000,58700,168642,ostratun,{9396ACC9-A0B0-11D3-9E53-009027B0FCE9},SE/168642000,territorial,NA,16,R,Skaraborgs,Östra Tunhem,Östra Tunhems församling,Östra Tunhems,Tunhem,1885 Tunhem,ÖSTRA TUNHEM,ÖSTRA TUNHEM,1600,1990
2813,6810,126405,126405000,70750,126405,ostvemmenhog,{9396A8B7-A0B0-11D3-9E53-009027B0FCE9},SE/126405000,territorial,NA,12,M,Skåne,Östra Vemmenhög,Östra Vemmenhögs församling,Östra Vemmenhögs,Ödelöv,NA,ÖSTRA VEMMENHÖG,ÖSTRA VEMMENHÖG,1600,1990
2814,5896,118110,118110000,72830,118110,ostvemmerlov,{9396A830-A0B0-11D3-9E53-009027B0FCE9},SE/118110000,territorial,NA,11,L,Kristianstads,ÖstraVemmerlöv,Östra Vemmerlövs församling,Östra Vemmerlövs,Vemmerlöv,1885 Vemmerlöv,ÖSTRA VEMMERLÖV,ÖSTRA VEMMERLÖV,1600,1990
2815,8148,48307,48307000,62650,48307,ostravingaker,{9396A4A8-A0B0-11D3-9E53-009027B0FCE9},SE/048307000,territorial,NA,4,D,Södermanlands,Östra Vingåker,Östra Vingåkers församling,Östra Vingåkers,Vingåker,NA,ÖSTRA VINGÅKER,ÖSTRA VINGÅKER,1642,1990
2816,5874,118031,118031000,74560,118031,ostravram,{9396A821-A0B0-11D3-9E53-009027B0FCE9},SE/118031000,territorial,NA,11,L,Kristianstads,Östra Vram,Östra Vrams församling,Östra Vrams,NA,NA,ÖSTRA VRAM,ÖSTRA VRAM,1600,1990
2817,6070,38036,38036000,50130,38036,ostuna,{9396A424-A0B0-11D3-9E53-009027B0FCE9},SE/038036000,territorial,NA,3,C,Uppsala,Östuna,Östuna församling,Östuna,NA,NA,ÖSTUNA,ÖSTUNA,1600,1990
2818,6729,98002,98002000,84670,98002,othem,{9396A725-A0B0-11D3-9E53-009027B0FCE9},SE/098002000,territorial,NA,9,I,Gotlands,Othem,Othems församling,Othems,NA,NA,OTHEM,OTHEM,1600,1990
2820,6895,128314,128314000,72700,128314,ottarp,{9396A93B-A0B0-11D3-9E53-009027B0FCE9},SE/128314000,territorial,NA,12,M,Skåne,Ottarp,Ottarps församling,Ottarps,NA,NA,OTTARP,OTTARP,1600,1990
2821,6656,168111,168111000,59650,168111,otterstad,{9396AC2F-A0B0-11D3-9E53-009027B0FCE9},SE/168111000,territorial,NA,16,R,Skaraborgs,Otterstad,Otterstads församling,Otterstads,Kållandsö pastorat,NA,OTTERSTAD,OTTERSTAD,1600,1990
2822,7178,168508,168508000,59380,168508,ottravad,{9396AC92-A0B0-11D3-9E53-009027B0FCE9},SE/168508000,territorial,NA,16,R,Skaraborgs,Ottravad,Ottravads församling,Ottravads,NA,NA,OTTRAVAD,NA,1600,1990
2823,7416,166030,166030000,57810,166030,ottum,{9396ABE8-A0B0-11D3-9E53-009027B0FCE9},SE/166030000,territorial,NA,16,R,Skaraborgs,Öttum,Öttums församling,Öttums,NA,NA,ÖTTUM,ÖTTUM,1600,1990
2824,6847,166108,166108000,58430,166108,ova,{9396ABF3-A0B0-11D3-9E53-009027B0FCE9},SE/166108000,territorial,NA,16,R,Skaraborgs,Ova,Ova församling,Ova,NA,NA,OVA,OVA,1600,1990
2827,8289,212101,212101000,53670,212101,ovanaker,{9396AE9B-A0B0-11D3-9E53-009027B0FCE9},SE/212101000,territorial,NA,21,X,Gävleborgs,Ovanåker,Ovanåkers församling,Ovanåkers,NA,NA,OVANÅKER,OVANÅKER,1759,1990
2829,8423,218102,218102000,53380,218102,ovansjo,{9396AEC0-A0B0-11D3-9E53-009027B0FCE9},SE/218102000,territorial,NA,21,X,Gävleborgs,Ovansjö,Ovansjö församling,Ovansjö,NA,NA,OVANSJÖ,OVANSJÖ,1862,1990
2830,6195,126514,126514000,71630,126514,oved,{9396A8CD-A0B0-11D3-9E53-009027B0FCE9},SE/126514000,territorial,NA,12,M,Skåne,Öved,Öveds församling,Öveds,NA,NA,ÖVED,ÖVED,1600,1990
2831,NA,18100,NA,NA,NA,overhorn,NA,NA,other,709,1,AB,Stockholms,Överenhörna,NA,NA,NA,NA,NA,NA,NA,NA
2832,7206,30503,30503000,52010,30503,overgran,{9396A3EB-A0B0-11D3-9E53-009027B0FCE9},SE/030503000,territorial,NA,3,C,Uppsala,Övergran,Övergrans församling,Övergrans,NA,1901 Över-Gran,ÖVERGRAN,ÖVERGRAN,1600,1990
2833,6363,236108,236108000,53820,236108,averhog,{9396AF8D-A0B0-11D3-9E53-009027B0FCE9},SE/236108000,territorial,NA,23,Z,Jämtlands,Överhogdal,Överhogdals församling,Överhogdals,NA,1909 Över-Hogdal,ÖVERHOGDAL,ÖVERHOGDAL,1600,1990
2834,NA,18100,NA,NA,NA,overholo,NA,NA,other,1468,1,AB,Stockholms,Överhölö,NA,NA,NA,NA,NA,NA,NA,NA
2835,7285,18107,18107000,63560,18107,overjarna,{9396A3A0-A0B0-11D3-9E53-009027B0FCE9},SE/018107000,territorial,NA,1,AB,Stockholms,Överjärna,Överjärna församling,Överjärna,NA,1909 Över-Järna,ÖVERJÄRNA,ÖVERJÄRNA,1600,1990
2836,8115,251301,251301000,83190,251301,overkalix,{9396B00B-A0B0-11D3-9E53-009027B0FCE9},SE/251301000,territorial,NA,25,BD,Norrbottens,Överkalix,Överkalixs församling,Överkalixs,NA,1909 Över-Kalix,ÖVERKALIX,ÖVERKALIX,1637,1990
2837,NA,251300,NA,NA,NA,overkalixkbfd,NA,NA,kbfd,2836,25,BD,Norrbottens,Överkalix kbfd,NA,NA,Överkalix nedre kbfd,1965 Överkalix nedre kbfd,NA,NA,NA,NA
2840,NA,240902,NA,NA,NA,overklintenskbfd,NA,NA,kbfd,550,24,AC,Västerbottens,Överklintens kbfd,NA,NA,NA,NA,NA,NA,NA,NA
2841,6114,228312,228312000,82250,228312,overlan,{9396AF2C-A0B0-11D3-9E53-009027B0FCE9},SE/228312000,territorial,NA,22,Y,Västernorrlands,Överlännäs,Överlännäs församling,Överlännäs,Lännäs,1909 Öfver-Lännäs,ÖVERLÄNNÄS,ÖVERLÄNNÄS,1600,1990
2842,8466,258201,258201000,83160,258201,overlulea,{9396B041-A0B0-11D3-9E53-009027B0FCE9},SE/258201000,territorial,NA,25,BD,Norrbottens,Överluleå,Överluleå församling,Överluleå,NA,NA,ÖVERLULEÅ,ÖVERLULEÅ,1884,1990
2843,NA,258200,NA,NA,NA,overluleakbfd,NA,NA,kbfd,2842,25,BD,Norrbottens,Överluleå kbfd,NA,NA,NA,NA,NA,NA,NA,NA
2845,6467,48609,48609000,62400,48609,overselo,{9396A4D1-A0B0-11D3-9E53-009027B0FCE9},SE/048609000,territorial,NA,4,D,Södermanlands,Överselö,Överselö församling,Överselö,Ulvilda,1909 Öfver-Selö,ÖVERSELÖ,ÖVERSELÖ,1600,1990
2846,NA,18000,NA,NA,NA,overstelojbata,NA,NA,other,NA,1,AB,Stockholms,Överstelöjtnantens bataljon,NA,NA,NA,NA,NA,NA,NA,NA
2847,8725,251801,251801000,83320,251801,overtor,{9396B012-A0B0-11D3-9E53-009027B0FCE9},SE/251801000,territorial,NA,25,BD,Norrbottens,Övertorneå,Övertorneå församling,Övertorneå,"Matarengi, Särkilax",1909 Öfver-Torneå,ÖVERTORNEÅ,ÖVERTORNEÅ,1962,1990
2848,NA,251800,NA,NA,NA,overtorneakbfd,NA,NA,kbfd,2847,25,BD,Norrbottens,Övertorneå kbfd,NA,NA,NA,NA,NA,NA,NA,NA
2849,8624,88307,88307000,55804,88307,overum,{9396A6F6-A0B0-11D3-9E53-009027B0FCE9},SE/088307000,territorial,NA,8,H,Kalmar,Överum,Överums församling,Överums,NA,NA,ÖVERUM,NA,1931,1990
2850,6904,232603,232603000,84180,232603,oviken,{9396AF7C-A0B0-11D3-9E53-009027B0FCE9},SE/232603000,territorial,NA,23,Z,Jämtlands,Oviken,Ovikens församling,Ovikens,Aavig,NA,OVIKEN,OVIKEN,1600,1990
2851,6365,116018,116018000,73100,116018,ovraby1,{9396A7DD-A0B0-11D3-9E53-009027B0FCE9},SE/116018000,territorial,NA,11,L,Kristianstads,Övraby,Övraby församling (L-län),Övraby,Öraby,NA,ÖVRABY (L-län),ÖVRABY,1600,1990
2852,5969,138018,138018000,78380,138018,ovraby,{9396A9B3-A0B0-11D3-9E53-009027B0FCE9},SE/138018000,territorial,NA,13,N,Hallands,Övraby,Övraby församling (N-län),Övraby,NA,NA,ÖVRABY (N-län),ÖVRABY,1600,1990
2856,8215,176303,176303000,79860,176303,ovreullerud,{9396ACFB-A0B0-11D3-9E53-009027B0FCE9},SE/176303000,territorial,NA,17,S,Värmlands,Övre Ullerud,Övre Ulleruds församling,Övre Ulleruds,NA,NA,ÖVRE ULLERUD,ÖVRE ULLERUD,1670,1990
2857,6390,156318,156318000,77100,156318,oxaback,{9396AB0E-A0B0-11D3-9E53-009027B0FCE9},SE/156318000,territorial,NA,15,P,Älvsborgs,Öxabäck,Öxabäcks församling,Öxabäcks,NA,NA,ÖXABÄCK,ÖXABÄCK,1600,1990
2858,8672,48101,48101000,62782,48101,oxelosund,{9396A493-A0B0-11D3-9E53-009027B0FCE9},SE/048101000,territorial,NA,4,D,Södermanlands,Oxelösund,Oxelösunds församling,Oxelösunds,NA,NA,OXELÖSUND,NA,1953,1990
2859,NA,48100,NA,NA,NA,oxelosundskbm,NA,NA,kbfd,2858,4,D,Södermanlands,Oxelösunds kbfd,NA,NA,NA,NA,NA,NA,NA,NA
2860,8817,128014,128014000,70590,128014,oxie,{9396A8F6-A0B0-11D3-9E53-009027B0FCE9},SE/128014000,territorial,NA,12,M,Skåne,Oxie,Oxie församling,Oxie,NA,NA,OXIE,OXIE,1983,1990
2861,5822,156313,156313000,77030,156313,oxnevalla,{9396AB09-A0B0-11D3-9E53-009027B0FCE9},SE/156313000,territorial,NA,15,P,Älvsborgs,Öxnevalla,Öxnevalla församling,Öxnevalla,NA,NA,ÖXNEVALLA,ÖXNEVALLA,1600,1990
2862,8560,252101,252101000,83340,252101,NA,{9396B01B-A0B0-11D3-9E53-009027B0FCE9},SE/252101000,territorial,NA,25,BD,Norrbottens,Pajala,Pajala församling,Pajala,NA,NA,PAJALA,PAJALA,1914,1990
2863,NA,252100,NA,NA,NA,pajalakbfd,NA,NA,kbfd,2862,25,BD,Norrbottens,Pajala kbfd,NA,NA,NA,NA,NA,NA,NA,NA
2864,8778,140271,140271000,75480,140271,partille,{9396AA0D-A0B0-11D3-9E53-009027B0FCE9},SE/140271000,territorial,NA,14,O,Västra Götalands,Partille,Partille församling,Partille,NA,1917 Partilled,PARTILLE,PARTILLE,1971,1990
2865,NA,140201,NA,NA,NA,partillekbfd,NA,NA,kbfd,2864,14,O,Västra Götalands,Partille kbfd,NA,NA,NA,NA,NA,NA,NA,NA
2866,NA,88206,NA,NA,NA,paskallavikskbfd,NA,NA,kbfd,616,8,H,Kalmar,Påskallaviks kbfd,NA,NA,NA,NA,NA,NA,NA,NA
2872,7022,88404,88404000,56130,88404,pelarne,{9396A705-A0B0-11D3-9E53-009027B0FCE9},SE/088404000,territorial,NA,8,H,Kalmar,Pelarne,Pelarne församling,Pelarne,NA,NA,PELARNE,PELARNE,1600,1990
2878,7107,88516,88516000,79330,88516,persnas,{9396A71C-A0B0-11D3-9E53-009027B0FCE9},SE/088516000,territorial,NA,8,H,Kalmar,Persnäs,Persnäs församling,Persnäs,NA,NA,PERSNÄS,PERSNÄS,1600,1990
2879,8779,116501,116501000,73510,116501,perstorp,{9396A7E8-A0B0-11D3-9E53-009027B0FCE9},SE/116501000,territorial,NA,11,L,Kristianstads,Perstorp,Perstorps församling,Perstorps,NA,NA,PERSTORP,PERSTORP,1971,1990
2880,NA,128100,NA,NA,NA,peter2,NA,NA,other,NA,12,M,Skåne,Peter,NA,NA,NA,NA,NA,NA,NA,NA
2885,NA,168200,NA,NA,NA,peter6,NA,NA,other,NA,16,R,Skaraborgs,Peter,NA,NA,NA,NA,NA,NA,NA,NA
2894,NA,258103,NA,NA,NA,piteakbfd,NA,NA,kbfd,2895,25,BD,Norrbottens,Piteå kbfd,NA,NA,NA,NA,NA,NA,NA,NA
2895,8580,258171,258171000,83030,258171,pitealandsf,{9396B03A-A0B0-11D3-9E53-009027B0FCE9},SE/258171000,territorial,NA,25,BD,Norrbottens,Piteå landsförsamling,Piteå landsförsamling,Piteå landsförsamling,Piteå,1686 Piteå,PITEÅ LANDS,PITEÅ LANDS,1918,1990
2896,8236,258101,258101000,83040,258101,piteastadsforsamling,{9396B037-A0B0-11D3-9E53-009027B0FCE9},SE/258101000,territorial,NA,25,BD,Norrbottens,Piteå stadsförsamling,Piteå stadsförsamling,Piteå stadsförsamling,NA,NA,PITEÅ STADS,PITEÅ STADS,1686,1990
2897,7234,76506,76506000,67310,76506,pjatteryd,{9396A652-A0B0-11D3-9E53-009027B0FCE9},SE/076506000,territorial,NA,7,G,Kronobergs,Pjätteryd,Pjätteryds församling,Pjätteryds,NA,1901 Pjetteryd,PJÄTTERYD,PJÄTTERYD,1600,1990
2899,8719,251004,251004000,83214,251004,porius,{9396B008-A0B0-11D3-9E53-009027B0FCE9},SE/251004000,territorial,NA,25,BD,Norrbottens,Porjus,Porjus församling,Porjus,NA,NA,PORJUS,VITTRÄSK KBFD,1962,1990
2900,NA,251000,NA,NA,NA,poriuskbfd,NA,NA,kbfd,1645,25,BD,Norrbottens,Porjus kbfd,NA,NA,NA,NA,NA,NA,NA,NA
2902,NA,251000,NA,NA,NA,puottaure,NA,NA,kbfd,NA,25,BD,Norrbottens,Puottaure kbfd,NA,NA,NA,NA,NA,NA,NA,NA
2904,NA,118000,NA,NA,NA,rabelov,NA,NA,other,818,11,L,Kristianstads,Råbelöv,NA,NA,NA,NA,NA,NA,NA,NA
2908,6877,48412,48412000,63790,48412,rabyrekarne,{9396A4B9-A0B0-11D3-9E53-009027B0FCE9},SE/048412000,territorial,NA,4,D,Södermanlands,Råby-Rekarne,Råby-Rekarne församling,Råby-Rekarne,"Råby, Tråby",1885 Råby,RÅBY-REKARNE,RÅBY-REKARNE,1600,1990
2909,7861,48014,48014000,62810,48014,rabyrono,{9396A475-A0B0-11D3-9E53-009027B0FCE9},SE/048014000,territorial,NA,4,D,Södermanlands,Råby-Rönö,Råby-Rönö församling,Råby-Rönö,Råby,1885 Råby,RÅBY-RÖNÖ,RÅBY-RÖNÖ,1600,1990
2910,5960,168109,168109000,59660,168109,NA,{9396AC2D-A0B0-11D3-9E53-009027B0FCE9},SE/168109000,territorial,NA,16,R,Skaraborgs,Rackeby,Rackeby församling,Rackeby,NA,NA,RACKEBY,RACKEBY,1600,1990
2911,7702,140103,140103000,75510,140103,rada1,{9396AA09-A0B0-11D3-9E53-009027B0FCE9},SE/140103000,territorial,NA,14,O,Västra Götalands,Råda,Råda församling (O-län),Råda,NA,NA,RÅDA (O-län),RÅDA,1600,1990
2913,7542,168105,168105000,59550,168105,rada3,{9396AC29-A0B0-11D3-9E53-009027B0FCE9},SE/168105000,territorial,NA,16,R,Skaraborgs,Råda,Råda församling (R-län),Råda,NA,NA,RÅDA (R-län),RÅDA,1600,1990
2915,7321,168306,168306000,60830,168306,radene,{9396AC64-A0B0-11D3-9E53-009027B0FCE9},SE/168306000,territorial,NA,16,R,Skaraborgs,Rådene,Rådene församling,Rådene,NA,NA,RÅDENE,RÅDENE,1600,1990
2916,6455,18822,18822000,50750,18822,radmanso,{9396A3CC-A0B0-11D3-9E53-009027B0FCE9},SE/018822000,territorial,NA,1,AB,Stockholms,Rådmansö,Rådmansö församling,Rådmansö,NA,NA,RÅDMANSÖ,RÅDMANSÖ,1600,1990
2917,6580,150705,150705000,81740,150705,raggard,{9396AAB2-A0B0-11D3-9E53-009027B0FCE9},SE/150705000,territorial,NA,15,P,Älvsborgs,Råggärd,Råggärds församling,Råggärds,Roggered,1913 Roggered,RÅGGÄRD,RÅGGÄRD,1600,1990
2919,7501,230301,230301000,83750,230301,ragunda,{9396AF46-A0B0-11D3-9E53-009027B0FCE9},SE/230301000,territorial,NA,23,Z,Jämtlands,Ragunda,Ragunda församling,Ragunda,NA,NA,RAGUNDA,RAGUNDA,1600,1990
2921,NA,58000,NA,NA,NA,rakered,NA,NA,other,4274,5,E,Östergötlands,Rakered,NA,NA,NA,NA,NA,NA,NA,NA
2922,NA,148600,NA,NA,NA,rallen,NA,NA,other,3355,14,O,Västra Götalands,Rällen,NA,NA,NA,NA,NA,NA,NA,NA
2923,7145,108012,108012000,74820,108012,ramdala,{9396A794-A0B0-11D3-9E53-009027B0FCE9},SE/108012000,territorial,NA,10,K,Blekinge,Ramdala,Ramdala församling,Ramdala,NA,NA,RAMDALA,RAMDALA,1600,1990
2924,6897,68507,68507000,69030,68507,ramkvilla,{9396A606-A0B0-11D3-9E53-009027B0FCE9},SE/068507000,territorial,NA,6,F,Jönköpings,Ramkvilla,Ramkvilla församling,Ramkvilla,NA,NA,RAMKVILLA,RAMKVILLA,1600,1990
2925,8304,178207,178207000,80310,178207,rammen,{9396AD3F-A0B0-11D3-9E53-009027B0FCE9},SE/178207000,territorial,NA,17,S,Värmlands,Rämmen,Rämmens församling,Rämmens,Näsräm,"23 enligt KBr Rämen, Näsräm, Råm eller Rämen, 1891-10-23 enligt KBr Rämen, 1950-03-24 av KMt fastställt Rämmen",RÄMMEN,RÄMMEN (NÄSRÄM),1777,1990
2926,6063,190702,190702000,64940,190702,ramnas,{9396ADD8-A0B0-11D3-9E53-009027B0FCE9},SE/190702000,territorial,NA,19,U,Västmanlands,Ramnäs,Ramnäs församling,Ramnäs,NA,NA,RAMNÄS,RAMNÄS,1600,1990
2927,7042,116003,116003000,71560,116003,ramsasa,{9396A7CD-A0B0-11D3-9E53-009027B0FCE9},SE/116003000,territorial,NA,11,L,Kristianstads,Ramsåsa,Ramsåsa församling,Ramsåsa,NA,NA,RAMSÅSA,RAMSÅSA,1600,1990
2928,6921,188507,188507000,65400,188507,ramsberg,{9396ADD0-A0B0-11D3-9E53-009027B0FCE9},SE/188507000,territorial,NA,18,T,Örebro,Ramsberg,Ramsbergs församling,Ramsbergs,Ramshyttan,NA,RAMSBERG,RAMSBERG,1600,1990
2929,7901,228315,228315000,82350,228315,ramsele,{9396AF2F-A0B0-11D3-9E53-009027B0FCE9},SE/228315000,territorial,NA,22,Y,Västernorrlands,Ramsele,Ramsele församling,Ramsele,NA,NA,RAMSELE,RAMSELE,1600,1990
2931,8409,216106,216106000,53770,216106,ramsjo,{9396AEB1-A0B0-11D3-9E53-009027B0FCE9},SE/216106000,territorial,NA,21,X,Gävleborgs,Ramsjö,Ramsjö församling,Ramsjö,NA,NA,RAMSJÖ,RAMSJÖ,1852,1990
2932,5959,38008,38008000,50900,38008,ramsta,{9396A405-A0B0-11D3-9E53-009027B0FCE9},SE/038008000,territorial,NA,3,C,Uppsala,Ramsta,Ramsta församling,Ramsta,NA,NA,RAMSTA,RAMSTA,1600,1990
2933,8099,186001,186001000,64560,186001,ramundeboda,{9396AD6C-A0B0-11D3-9E53-009027B0FCE9},SE/186001000,territorial,NA,18,T,Örebro,Ramundeboda,Ramundeboda församling,Ramundeboda,"Bodarne, Tivedsbodarne",21 - Ramundeboda.,RAMUNDEBODA,RAMUNDEBODA,1630,1990
2934,8704,258004,258004000,83170,258004,ranea,{9396B034-A0B0-11D3-9E53-009027B0FCE9},SE/258004000,territorial,NA,25,BD,Norrbottens,Råneå,Råneå församling,Råneå,NA,NA,RÅNEÅ,RÅNEÅ,1962,1990
2935,NA,258000,NA,NA,NA,raneanedrekbfd,NA,NA,kbfd,2934,25,BD,Norrbottens,Råneå nedre kbfd,NA,NA,NA,NA,NA,NA,NA,NA
2936,NA,258200,NA,NA,NA,raneaovrekbfd,NA,NA,kbfd,2934,25,BD,Norrbottens,Råneå övre kbfd,NA,NA,NA,NA,NA,NA,NA,NA
2937,5996,123309,123309000,69800,123309,rang,{9396A88B-A0B0-11D3-9E53-009027B0FCE9},SE/123309000,territorial,NA,12,M,Skåne,Räng,Rängs församling,Rängs,NA,NA,RÄNG,RÄNG,1600,1990
2938,7382,158304,158304000,61410,158304,rangedala,{9396AB65-A0B0-11D3-9E53-009027B0FCE9},SE/158304000,territorial,NA,15,P,Älvsborgs,Rångedala,Rångedala församling,Rångedala,Ragnhildsdal,NA,RÅNGEDALA,RÅNGEDALA,1600,1990
2939,7612,150707,150707000,81720,150707,rannelanda,{9396AAB4-A0B0-11D3-9E53-009027B0FCE9},SE/150707000,territorial,NA,15,P,Älvsborgs,Rännelanda,Rännelanda församling,Rännelanda,NA,1913 Rennelanda,RÄNNELANDA,NA,1600,1990
2940,7807,138107,138107000,78610,138107,ranneslov,{9396A9BE-A0B0-11D3-9E53-009027B0FCE9},SE/138107000,territorial,NA,13,N,Hallands,Ränneslöv,Ränneslövs församling,Ränneslövs,NA,NA,RÄNNESLÖV,RÄNNESLÖV,1600,1990
2941,NA,158000,NA,NA,NA,rannum,NA,NA,other,2812,15,P,Älvsborgs,Rånnum,NA,NA,NA,NA,NA,NA,NA,NA
2942,8583,176201,176201000,79880,176201,ransater,{9396ACF5-A0B0-11D3-9E53-009027B0FCE9},SE/176201000,territorial,NA,17,S,Värmlands,Ransäter,Ransäters församling,Ransäters,NA,1915 Ransätter,RANSÄTER,RANSÄTER,1918,1990
2943,7265,166202,166202000,60420,166202,ransberg,{9396AC02-A0B0-11D3-9E53-009027B0FCE9},SE/166202000,territorial,NA,16,R,Skaraborgs,Ransberg,Ransbergs församling,Ransbergs,NA,NA,RANSBERG,RANSBERG,1600,1990
2944,6468,58017,58017000,56800,58017,rappestad,{9396A51F-A0B0-11D3-9E53-009027B0FCE9},SE/058017000,territorial,NA,5,E,Östergötlands,Rappestad,Rappestads församling,Rappestads,NA,NA,RAPPESTAD,RAPPESTAD,1600,1990
2945,8306,88508,88508000,79460,88508,rapplinge,{9396A713-A0B0-11D3-9E53-009027B0FCE9},SE/088508000,territorial,NA,8,H,Kalmar,Räpplinge,Räpplinge församling,Räpplinge,NA,NA,RÄPPLINGE,RÄPPLINGE,1777,1990
2946,7594,38041,38041000,50140,38041,rasbo,{9396A429-A0B0-11D3-9E53-009027B0FCE9},SE/038041000,territorial,NA,3,C,Uppsala,Rasbo,Rasbo församling,Rasbo,NA,NA,RASBO,RASBO,1600,1990
2947,6947,38042,38042000,50150,38042,rasbokil,{9396A42A-A0B0-11D3-9E53-009027B0FCE9},SE/038042000,territorial,NA,3,C,Uppsala,Rasbokil,Rasbokils församling,Rasbokils,Kil,NA,RASBOKIL,RASBOKIL,1600,1990
2948,8734,18402,18402000,52551,18402,rasunda,{9396A3B0-A0B0-11D3-9E53-009027B0FCE9},SE/018402000,territorial,NA,1,AB,Stockholms,Råsunda,Råsunda församling,Råsunda,NA,NA,RÅSUNDA,NA,1963,1990
2949,7211,232608,232608000,84240,232608,ratan,{9396AF81-A0B0-11D3-9E53-009027B0FCE9},SE/232608000,territorial,NA,23,Z,Jämtlands,Rätan,Rätans församling,Rätans,NA,NA,RÄTAN,RÄTAN,1600,1990
2950,8585,203101,203101000,65970,203101,rattvik,{9396AE40-A0B0-11D3-9E53-009027B0FCE9},SE/203101000,territorial,NA,20,W,Dalarnas,Rättvik,Rättviks församling,Rättviks,NA,NA,RÄTTVIK,RÄTTVIK,1918,1990
2951,7773,128303,128303000,72580,128303,raus,{9396A930-A0B0-11D3-9E53-009027B0FCE9},SE/128303000,territorial,NA,12,M,Skåne,Raus,Raus församling,Raus,Råhus,Råhus,RAUS,RAUS,1600,1990
2952,6992,138013,138013000,78320,138013,ravinge,{9396A9AE-A0B0-11D3-9E53-009027B0FCE9},SE/138013000,territorial,NA,13,N,Hallands,Rävinge,Rävinge församling,Rävinge,NA,NA,RÄVINGE,RÄVINGE,1600,1990
2953,7989,118112,118112000,72770,118112,ravlunda,{9396A832-A0B0-11D3-9E53-009027B0FCE9},SE/118112000,territorial,NA,11,L,Kristianstads,Ravlunda,Ravlunda församling,Ravlunda,NA,NA,RAVLUNDA,RAVLUNDA,1600,1990
2954,7445,118202,118202000,73700,118202,rebbelberga,{9396A83D-A0B0-11D3-9E53-009027B0FCE9},SE/118202000,territorial,NA,11,L,Kristianstads,Rebbelberga,Rebbelberga församling,Rebbelberga,NA,NA,REBBELBERGA,REBBELBERGA,1600,1990
2955,5917,156510,156510000,77240,156510,redslared,{9396AB1A-A0B0-11D3-9E53-009027B0FCE9},SE/156510000,territorial,NA,15,P,Älvsborgs,Redslared,Redslareds församling,Redslareds,NA,NA,REDSLARED,REDSLARED,1600,1990
2956,6819,66216,66216000,68720,66216,reftele,{9396A5B6-A0B0-11D3-9E53-009027B0FCE9},SE/066216000,territorial,NA,6,F,Jönköpings,Reftele,Reftele församling,Reftele,NA,"22 av KMt fastställt Reftele., Refteled, 1927-10-22 av KMt fastställt Reftele",REFTELE,REFTELE,1600,1990
2957,5812,56203,56203000,55710,56203,regna,{9396A503-A0B0-11D3-9E53-009027B0FCE9},SE/056203000,territorial,NA,5,E,Östergötlands,Regna,Regna församling,Regna,NA,NA,REGNA,REGNA,1600,1990
2958,NA,168300,NA,NA,NA,regumatorp,NA,NA,other,3297,16,R,Skaraborgs,Regumatorp,NA,NA,NA,NA,NA,NA,NA,NA
2959,NA,56200,NA,NA,NA,rejmyra,NA,NA,other,NA,5,E,Östergötlands,Rejmyra,NA,NA,NA,NA,NA,NA,NA,NA
2960,6693,128500,128501002,72000,128501,remmarlov,{9396A94A-A0B0-11D3-9E53-009027B0FCE9},SE/128501002,territorial,NA,12,M,Skåne,Remmarlöv,Remmarlövs församling,Remmarlövs,NA,NA,REMMARLÖV,VÄSTRA SALLERUP,1600,1970
2961,7918,156604,156604000,62020,156604,remmene,{9396AB23-A0B0-11D3-9E53-009027B0FCE9},SE/156604000,territorial,NA,15,P,Älvsborgs,Remmene,Remmene församling,Remmene,NA,NA,REMMENE,NA,1600,1990
2962,6043,218304,218304000,53480,218304,rengsjo,{9396AEDA-A0B0-11D3-9E53-009027B0FCE9},SE/218304000,territorial,NA,21,X,Gävleborgs,Rengsjö,Rengsjö församling,Rengsjö,NA,NA,RENGSJÖ,RENGSJÖ,1600,1990
2963,6768,228306,228306000,82320,228306,resele,{9396AF28-A0B0-11D3-9E53-009027B0FCE9},SE/228306000,territorial,NA,22,Y,Västernorrlands,Resele,Resele församling,Resele,NA,NA,RESELE,RESELE,1600,1990
2964,6068,128511,128511000,71820,128511,reslov,{9396A952-A0B0-11D3-9E53-009027B0FCE9},SE/128511000,territorial,NA,12,M,Skåne,Reslöv,Reslövs församling,Reslövs,NA,NA,RESLÖV,RESLÖV,1600,1990
2965,7961,84002,84002000,79650,84002,resmo,{9396A69D-A0B0-11D3-9E53-009027B0FCE9},SE/084002000,territorial,NA,8,H,Kalmar,Resmo,Resmo församling,Resmo,NA,NA,RESMO,RESMO,1600,1990
2966,7720,148504,148504000,76360,148504,resterod,{9396AA94-A0B0-11D3-9E53-009027B0FCE9},SE/148504000,territorial,NA,14,O,Västra Götalands,Resteröd,Resteröds församling,Resteröds,NA,NA,RESTERÖD,RESTERÖD,1600,1990
2967,NA,168100,NA,NA,NA,resville,NA,NA,other,NA,16,R,Skaraborgs,Resville,NA,NA,NA,NA,NA,NA,NA,NA
2968,7919,156509,156509000,77230,156509,revesjo,{9396AB19-A0B0-11D3-9E53-009027B0FCE9},SE/156509000,territorial,NA,15,P,Älvsborgs,Revesjö,Revesjö församling,Revesjö,NA,NA,REVESJÖ,NA,1600,1990
2969,6955,128114,128114000,70070,128114,revinge,{9396A912-A0B0-11D3-9E53-009027B0FCE9},SE/128114000,territorial,NA,12,M,Skåne,Revinge,Revinge församling,Revinge,NA,NA,REVINGE,REVINGE,1600,1990
2970,8405,230506,230506000,84090,230506,revsund,{9396AF50-A0B0-11D3-9E53-009027B0FCE9},SE/230506000,territorial,NA,23,Z,Jämtlands,Revsund,Revsunds församling,Revsunds,NA,NA,REVSUND,REVSUND,1851,1990
2971,8135,18826,18826000,50800,18826,riala,{9396A3D2-A0B0-11D3-9E53-009027B0FCE9},SE/018826000,territorial,NA,1,AB,Stockholms,Riala,Riala församling,Riala,NA,NA,RIALA,RIALA,1640,1990
2972,NA,18000,NA,NA,NA,riddarholmen,NA,NA,other,NA,1,AB,Stockholms,Riddarholmen,NA,NA,NA,NA,NA,NA,NA,NA
2973,6630,18810,18810000,50700,18810,rimbo,{9396A3BF-A0B0-11D3-9E53-009027B0FCE9},SE/018810000,territorial,NA,1,AB,Stockholms,Rimbo,Rimbo församling,Rimbo,NA,NA,RIMBO,RIMBO,1600,1990
2974,8459,108202,108202000,75110,108202,ringamala,{9396A7AD-A0B0-11D3-9E53-009027B0FCE9},SE/108202000,territorial,NA,10,K,Blekinge,Ringamåla,Ringamåla församling,Ringamåla,NA,NA,RINGAMÅLA,RINGAMÅLA,1883,1990
2975,8590,56302,56302000,55580,56302,ringarum,{9396A507-A0B0-11D3-9E53-009027B0FCE9},SE/056302000,territorial,NA,5,E,Östergötlands,Ringarum,Ringarums församling,Ringarums,NA,NA,RINGARUM,RINGARUM,1919,1990
2976,NA,56300,NA,NA,NA,ringarumskbfd,NA,NA,kbfd,2975,5,E,Östergötlands,Ringarums kbfd,NA,NA,NA,NA,NA,NA,NA,NA
2977,NA,156500,NA,NA,NA,ringestena,NA,NA,other,3270,15,P,Älvsborgs,Ringestena,NA,NA,NA,NA,NA,NA,NA,NA
2979,6892,118019,118019000,74370,118019,rinkaby1,{9396A815-A0B0-11D3-9E53-009027B0FCE9},SE/118019000,territorial,NA,11,L,Kristianstads,Rinkaby,Rinkaby församling (L-län),Rinkaby,NA,NA,RINKABY (L-län),RINKABY,1600,1990
2980,7393,188026,188026000,64300,188026,rinkaby2,{9396ADA4-A0B0-11D3-9E53-009027B0FCE9},SE/188026000,territorial,NA,18,T,Örebro,Rinkaby,Rinkaby församling (T-län),Rinkaby,Ringkarleby,"22 enligt KMt Rinkaby., Ringkarleby, 1927-10-22 enligt KMt Rinkaby",RINKABY (T-län),RINKABY,1600,1990
2981,6155,56003,56003000,56940,56003,rinna,{9396A4F4-A0B0-11D3-9E53-009027B0FCE9},SE/056003000,territorial,NA,5,E,Östergötlands,Rinna,Rinna församling,Rinna,NA,NA,RINNA,RINNA,1600,1990
2982,6157,48016,48016000,63010,48016,ripsa,{9396A477-A0B0-11D3-9E53-009027B0FCE9},SE/048016000,territorial,NA,4,D,Södermanlands,Ripsa,Ripsa församling,Ripsa,NA,NA,RIPSA,RIPSA,1600,1990
2983,8506,242502,242502000,82532,242502,risback,{9396AFBE-A0B0-11D3-9E53-009027B0FCE9},SE/242502000,territorial,NA,24,AC,Västerbottens,Risbäck,Risbäcks församling,Risbäcks,NA,NA,RISBÄCK,RISBÄCK,1905,1990
2984,7634,116605,116605000,73480,116605,riseberga1,{9396A7F0-A0B0-11D3-9E53-009027B0FCE9},SE/116605000,territorial,NA,11,L,Kristianstads,Riseberga,Riseberga församling,Riseberga,NA,NA,RISEBERGA,RISEBERGA,1600,1990
2986,7590,126002,126002000,72630,126002,risekatslosa,{9396A893-A0B0-11D3-9E53-009027B0FCE9},SE/126002000,territorial,NA,12,M,Skåne,Risekatslösa,Risekatslösa församling,Risekatslösa,NA,NA,RISEKATSLÖSA,RISEKATSLÖSA,1600,1990
2987,6741,56201,56201000,55670,56201,risinge1,{9396A501-A0B0-11D3-9E53-009027B0FCE9},SE/056201000,territorial,NA,5,E,Östergötlands,Risinge,Risinge församling,Risinge,NA,NA,RISINGE,RISINGE,1600,1990
2988,NA,56200,NA,NA,NA,risingekbfd,NA,NA,kbfd,2987,5,E,Östergötlands,Risinge kbfd,NA,NA,NA,NA,NA,NA,NA,NA
2989,6015,18811,18811000,50710,18811,ro,{9396A3C0-A0B0-11D3-9E53-009027B0FCE9},SE/018811000,territorial,NA,1,AB,Stockholms,Rö,Rö församling,Rö,NA,NA,RÖ,RÖ,1600,1990
2990,6837,156513,156513000,77260,156513,roasjo,{9396AB1D-A0B0-11D3-9E53-009027B0FCE9},SE/156513000,territorial,NA,15,P,Älvsborgs,Roasjö,Roasjö församling,Roasjö,NA,NA,ROASJÖ,ROASJÖ,1600,1990
2991,8342,240903,240903000,82840,240903,robertsfors,{9396AFAA-A0B0-11D3-9E53-009027B0FCE9},SE/240903000,territorial,NA,24,AC,Västerbottens,Robertsfors,Robertsfors församling,Robertsfors,NA,NA,ROBERTSFORS,ROBERTSFORS,1799,1990
2992,7407,148035,148035000,75880,148035,rodbo,{9396AA74-A0B0-11D3-9E53-009027B0FCE9},SE/148035000,territorial,NA,14,O,Västra Götalands,Rödbo,Rödbo församling,Rödbo,NA,NA,RÖDBO,RÖDBO,1600,1990
2993,6080,126508,126508000,71550,126508,roddinge,{9396A8C7-A0B0-11D3-9E53-009027B0FCE9},SE/126508000,territorial,NA,12,M,Skåne,Röddinge,Röddinge församling,Röddinge,Rödinge,Rödinge,RÖDDINGE,RÖDDINGE,1600,1990
2994,7068,108014,108014000,75050,108014,rodeby,{9396A795-A0B0-11D3-9E53-009027B0FCE9},SE/108014000,territorial,NA,10,K,Blekinge,Rödeby,Rödeby församling,Rödeby,NA,NA,RÖDEBY,RÖDEBY,1600,1990
2995,NA,108000,NA,NA,NA,rodebynorrakbfd,NA,NA,kbfd,2994,10,K,Blekinge,Rödeby norra kbfd,NA,NA,NA,NA,NA,NA,NA,NA
2996,NA,108000,NA,NA,NA,rodebysodrakbfd,NA,NA,kbfd,2994,10,K,Blekinge,Rödeby södra kbfd,NA,NA,NA,NA,NA,NA,NA,NA
2997,7278,158200,158201002,61750,158201,rodene,{9396AB54-A0B0-11D3-9E53-009027B0FCE9},SE/158201002,territorial,NA,15,P,Älvsborgs,Rödene,Rödene församling,Rödene,NA,NA,RÖDENE,ALINGSÅS STADS,1600,1966
2999,6238,230901,230901000,83830,230901,rodon,{9396AF54-A0B0-11D3-9E53-009027B0FCE9},SE/230901000,territorial,NA,23,Z,Jämtlands,Rödön,Rödöns församling,Rödöns,NA,NA,RÖDÖN,RÖDÖN,1600,1990
3001,7118,68015,68015000,68200,68015,rogberga,{9396A5D1-A0B0-11D3-9E53-009027B0FCE9},SE/068015000,territorial,NA,6,F,Jönköpings,Rogberga,Rogberga församling,Rogberga,NA,NA,ROGBERGA,ROGBERGA,1600,1990
3003,7910,58408,58408000,54770,58408,rogslosa,{9396A57D-A0B0-11D3-9E53-009027B0FCE9},SE/058408000,territorial,NA,5,E,Östergötlands,Rogslösa,Rogslösa församling,Rogslösa,NA,NA,ROGSLÖSA,ROGSLÖSA,1600,1990
3004,7140,218404,218404000,54040,218404,rogsta,{9396AEE3-A0B0-11D3-9E53-009027B0FCE9},SE/218404000,territorial,NA,21,X,Gävleborgs,Rogsta,Rogsta församling,Rogsta,NA,NA,ROGSTA,ROGSTA,1600,1990
3005,7622,50906,50906000,57110,50906,rok,{9396A4DE-A0B0-11D3-9E53-009027B0FCE9},SE/050906000,territorial,NA,5,E,Östergötlands,Rök,Röks församling,Röks,NA,NA,RÖK,RÖK,1600,1990
3006,6394,118321,118321000,73900,118321,roke,{9396A85E-A0B0-11D3-9E53-009027B0FCE9},SE/118321000,territorial,NA,11,L,Kristianstads,Röke,Röke församling,Röke,NA,NA,RÖKE,RÖKE,1600,1990
3007,6900,150406,150406000,81810,150406,rolanda,{9396AAAC-A0B0-11D3-9E53-009027B0FCE9},SE/150406000,territorial,NA,15,P,Älvsborgs,Rölanda,Rölanda församling,Rölanda,NA,NA,RÖLANDA,RÖLANDA,1600,1990
3008,7402,138305,138305000,77960,138305,rolfstorp,{9396A9E1-A0B0-11D3-9E53-009027B0FCE9},SE/138305000,territorial,NA,13,N,Hallands,Rolfstorp,Rolfstorps församling,Rolfstorps,NA,NA,ROLFSTORP,NA,1600,1990
3009,6890,98035,98035000,84880,98035,roma,{9396A746-A0B0-11D3-9E53-009027B0FCE9},SE/098035000,territorial,NA,9,I,Gotlands,Roma,Roma församling,Roma,NA,NA,ROMA,ROMA,1600,1990
3010,6720,148208,148208000,75910,148208,romelanda,{9396AA84-A0B0-11D3-9E53-009027B0FCE9},SE/148208000,territorial,NA,14,O,Västra Götalands,Romelanda,Romelanda församling,Romelanda,NA,NA,ROMELANDA,ROMELANDA,1600,1990
3012,5920,198006,198006000,66630,198006,romfartuna,{9396ADF8-A0B0-11D3-9E53-009027B0FCE9},SE/198006000,territorial,NA,19,U,Västmanlands,Romfartuna,Romfartuna församling,Romfartuna,NA,NA,ROMFARTUNA,ROMFARTUNA,1600,1990
3013,6482,158106,158106000,75710,158106,rommele,{9396AB4C-A0B0-11D3-9E53-009027B0FCE9},SE/158106000,territorial,NA,15,P,Älvsborgs,Rommele,Rommele församling,Rommele,Flundre pastorat,1906 Rommeled,ROMMELE,ROMMELE,1600,1990
3014,6480,98077,98077000,85320,98077,rone,{9396A770-A0B0-11D3-9E53-009027B0FCE9},SE/098077000,territorial,NA,9,I,Gotlands,Rone,Rone församling,Rone,NA,NA,RONE,RONE,1600,1990
3015,8325,141903,141903000,76140,141903,ronnang,{9396AA1B-A0B0-11D3-9E53-009027B0FCE9},SE/141903000,territorial,NA,14,O,Västra Götalands,Rönnäng,Rönnängs församling,Rönnängs,NA,NA,RÖNNÄNG,RÖNNÄNG,1794,1990
3016,8131,108171,108171000,74950,108171,ronneby,{9396A7A9-A0B0-11D3-9E53-009027B0FCE9},SE/108171000,territorial,NA,10,K,Blekinge,Ronneby,Ronneby församling,Ronneby,NA,NA,RONNEBY,RONNEBY,1640,1990
3017,NA,108101,NA,NA,NA,ronnebykbfd,NA,NA,kbfd,3016,10,K,Blekinge,Ronneby kbfd,NA,NA,Ronneby kyrkoområde,1941 Ronneby kyrkoområde,NA,NA,NA,NA
3019,NA,108100,NA,NA,NA,ronnebylandsforsamling,NA,NA,other,3016,10,K,Blekinge,Ronneby landsförsamling,NA,NA,NA,NA,NA,NA,NA,NA
3020,NA,230900,NA,NA,NA,ronnoforskbfd,NA,NA,kbfd,2646,23,Z,Jämtlands,Rönnöfors kbfd,NA,NA,NA,NA,NA,NA,NA,NA
3021,6408,58128,58128000,55390,58128,rono,{9396A553-A0B0-11D3-9E53-009027B0FCE9},SE/058128000,territorial,NA,5,E,Östergötlands,Rönö,Rönö församling,Rönö,Cathrinae kapell,NA,RÖNÖ,RÖNÖ,1600,1990
3022,7230,142102,142102000,76220,142102,rora,{9396AA20-A0B0-11D3-9E53-009027B0FCE9},SE/142102000,territorial,NA,14,O,Västra Götalands,Röra,Röra församling,Röra,NA,NA,RÖRA,RÖRA,1600,1990
3023,NA,202300,NA,NA,NA,rorbacksnaskbfd,NA,NA,kbfd,2080,20,W,Dalarnas,Rörbäcksnäs kbfd,NA,NA,NA,NA,NA,NA,NA,NA
3024,6162,118118,118118000,72840,118118,rorum1,{9396A838-A0B0-11D3-9E53-009027B0FCE9},SE/118118000,territorial,NA,11,L,Kristianstads,Rörum,Rörums församling,Rörums,NA,NA,RÖRUM,RÖRUM,1600,1990
3027,6198,18820,18820000,50610,18820,roslagsbro,{9396A3C9-A0B0-11D3-9E53-009027B0FCE9},SE/018820000,territorial,NA,1,AB,Stockholms,Roslags-Bro,Roslags-Bro församling,Roslags-Bro,Bro,1885 Bro,ROSLAGS-BRO,ROSLAGS-BRO,1600,1990
3028,8127,11704,11704000,50810,11704,roslagskulla,{9396A325-A0B0-11D3-9E53-009027B0FCE9},SE/011704000,territorial,NA,1,AB,Stockholms,Roslags-Kulla,Roslags-Kulla församling,Roslags-Kulla,Kulla,1885 Kulla,ROSLAGS-KULLA,ROSLAGSKULLA,1640,1990
3029,7674,121413,121413000,71910,121413,rostanga,{9396A86E-A0B0-11D3-9E53-009027B0FCE9},SE/121413000,territorial,NA,12,M,Skåne,Röstånga,Röstånga församling,Röstånga,NA,NA,RÖSTÅNGA,RÖSTÅNGA,1600,1990
3033,8120,178103,178103000,80170,178103,rudskoga,{9396AD2B-A0B0-11D3-9E53-009027B0FCE9},SE/178103000,territorial,NA,17,S,Värmlands,Rudskoga,Rudskoga församling,Rudskoga,NA,NA,RUDSKOGA,RUDSKOGA,1638,1990
3034,7871,88403,88403000,56180,88403,rumskulla,{9396A704-A0B0-11D3-9E53-009027B0FCE9},SE/088403000,territorial,NA,8,H,Kalmar,Rumskulla,Rumskulla församling,Rumskulla,NA,NA,RUMSKULLA,RUMSKULLA,1600,1990
3036,7777,88512,88512000,79510,88512,runsten,{9396A718-A0B0-11D3-9E53-009027B0FCE9},SE/088512000,territorial,NA,8,H,Kalmar,Runsten,Runstens församling,Runstens,NA,NA,RUNSTEN,RUNSTEN,1600,1990
3037,6612,48019,48019000,63030,48019,runtuna,{9396A47A-A0B0-11D3-9E53-009027B0FCE9},SE/048019000,territorial,NA,4,D,Södermanlands,Runtuna,Runtuna församling,Runtuna,NA,NA,RUNTUNA,RUNTUNA,1600,1990
3038,6960,98006,98006000,84620,98006,rute,{9396A729-A0B0-11D3-9E53-009027B0FCE9},SE/098006000,territorial,NA,9,I,Gotlands,Rute,Rute församling,Rute,NA,NA,RUTE,RUTE,1600,1990
3039,6107,113702,113702000,73530,113702,rya,{9396A7C8-A0B0-11D3-9E53-009027B0FCE9},SE/113702000,territorial,NA,11,L,Kristianstads,Rya,Rya församling,Rya,NA,NA,RYA,RYA,1600,1990
3040,NA,168100,NA,NA,NA,rycka,NA,NA,other,3889,16,R,Skaraborgs,Rycka,NA,NA,NA,NA,NA,NA,NA,NA
3043,7611,168304,168304000,60600,168304,ryd6,{9396AC62-A0B0-11D3-9E53-009027B0FCE9},SE/168304000,territorial,NA,16,R,Skaraborgs,Ryd,Ryds församling (R-län),Ryds,NA,NA,RYD (R-län),RYD,1600,1990
3047,8017,166011,166011000,57700,166011,ryda,{9396ABDD-A0B0-11D3-9E53-009027B0FCE9},SE/166011000,territorial,NA,16,R,Skaraborgs,Ryda,Ryda församling,Ryda,NA,NA,RYDA,RYDA MED HALFÅS,1600,1990
3048,6487,68312,68312000,68330,68312,rydaholm,{9396A5F2-A0B0-11D3-9E53-009027B0FCE9},SE/068312000,territorial,NA,6,F,Jönköpings,Rydaholm,Rydaholms församling,Rydaholms,NA,NA,RYDAHOLM,RYDAHOLM,1600,1990
3049,NA,131500,NA,NA,NA,rydby,NA,NA,other,NA,13,N,Hallands,Rydöbruk,NA,NA,NA,NA,NA,NA,NA,NA
3055,NA,18000,NA,NA,NA,ryskgrek,NA,NA,other,NA,1,AB,Stockholms,Rysk-grekiska,NA,NA,Kristi Förklaring,NA,NA,NA,NA,NA
3056,7139,78103,78103000,67400,78103,ryssby1,{9396A67D-A0B0-11D3-9E53-009027B0FCE9},SE/078103000,territorial,NA,7,G,Kronobergs,Ryssby,Ryssby församling (G-län),Ryssby,NA,NA,RYSSBY (G-län),RYSSBY,1600,1990
3057,6386,88005,88005000,78790,88005,ryssby2,{9396A6CA-A0B0-11D3-9E53-009027B0FCE9},SE/088005000,territorial,NA,8,H,Kalmar,Ryssby,Ryssby församling (H-län),Ryssby,NA,NA,RYSSBY (H-län),RYSSBY,1600,1990
3058,6075,58024,58024000,54232,58024,rystad,{9396A526-A0B0-11D3-9E53-009027B0FCE9},SE/058024000,territorial,NA,5,E,Östergötlands,Rystad,Rystads församling,Rystads,NA,NA,RYSTAD,RYSTAD,1600,1990
3059,5895,198020,198020000,64974,198020,rytterne,{9396AE06-A0B0-11D3-9E53-009027B0FCE9},SE/198020000,territorial,NA,19,U,Västmanlands,Rytterne,Rytterne församling,Rytterne,Stora Rytterne,1817 Stora Rytterne,RYTTERNE,NA,1600,1990
3060,NA,18000,NA,NA,NA,NA,NA,NA,other,3188,1,AB,Stockholms,Sabbatsbergs fattighus,NA,NA,NA,NA,NA,NA,NA,NA
3062,6561,228006,228006000,81930,228006,Sabra,{9396AF00-A0B0-11D3-9E53-009027B0FCE9},SE/228006000,territorial,NA,22,Y,Västernorrlands,Säbrå,Säbrå församling,Säbrå,NA,NA,SÄBRÅ,SÄBRÅ,1600,1990
3063,5763,128209,128209000,72280,128209,NA,{9396A925-A0B0-11D3-9E53-009027B0FCE9},SE/128209000,territorial,NA,12,M,Skåne,Säby,Säby församling (M-län),Säby,NA,NA,SÄBY (M-län),SÄBY,1600,1990
3064,5891,196104,196104000,64980,196104,NA,{9396ADEB-A0B0-11D3-9E53-009027B0FCE9},SE/196104000,territorial,NA,19,U,Västmanlands,Säby,Säby församling (U-län),Säby,NA,NA,SÄBY (U-län),SÄBY,1600,1990
3065,7018,68701,68701000,57330,68701,Saby,{9396A623-A0B0-11D3-9E53-009027B0FCE9},SE/068701000,territorial,NA,6,F,Jönköpings,Säby,Säby församling (F-län),Säby,NA,NA,SÄBY (F-län),SÄBY,1600,1990
3066,NA,166300,NA,NA,NA,Sackestad,NA,NA,other,3890,16,R,Skaraborgs,Säckestad,NA,NA,NA,NA,NA,NA,NA,NA
3067,8645,178501,178501000,81170,178501,Saffle,{9396AD5B-A0B0-11D3-9E53-009027B0FCE9},SE/178501000,territorial,NA,17,S,Värmlands,Säffle,Säffle församling,Säffle,NA,NA,SÄFFLE,BY,1943,1990
3068,8282,208504,208504000,65650,208504,Safsnas,{9396AE8F-A0B0-11D3-9E53-009027B0FCE9},SE/208504000,territorial,NA,20,W,Dalarnas,Säfsnäs,Säfsnäs församling,Säfsnäs,"Sepps, Skipsen",NA,SÄFSNÄS,SÄFSNÄS,1748,1990
3069,7607,160207,160207000,58170,160207,Sal,{9396ABAD-A0B0-11D3-9E53-009027B0FCE9},SE/160207000,territorial,NA,16,R,Skaraborgs,Sal,Sals församling,Sals,NA,NA,SAL,SAL,1600,1990
3070,8721,198101,198101000,66740,198101,Sala,{9396AE08-A0B0-11D3-9E53-009027B0FCE9},SE/198101000,territorial,NA,19,U,Västmanlands,Sala,Sala församling 1962-,Sala,Sala stadsförsamling,1961 Sala stadsförsamling,SALA,SALA STADS,1962,1990
3071,8088,198100,198101003,66740,198101,Salalandsforsamling,{9396AE0B-A0B0-11D3-9E53-009027B0FCE9},SE/198101003,territorial,NA,19,U,Västmanlands,Sala landsförsamling,Sala landsförsamling,Sala landsförsamling,NA,NA,SALA LANDS,SALA STADS,1624,1961
3074,7216,168114,168114000,57640,168114,Saleby,{9396AC32-A0B0-11D3-9E53-009027B0FCE9},SE/168114000,territorial,NA,16,R,Skaraborgs,Saleby,Saleby församling (R-län),Saleby,NA,NA,SALEBY (R-län),SALEBY,1600,1990
3075,NA,168600,NA,NA,NA,Saleby-0,NA,NA,other,3074,16,R,Skaraborgs,Saleby,NA,NA,NA,NA,NA,NA,NA,NA
3076,6917,12801,12801000,63310,12801,Salem,{9396A34A-A0B0-11D3-9E53-009027B0FCE9},SE/012801000,territorial,NA,1,AB,Stockholms,Salem,Salems församling,Salems,Släm,NA,SALEM,SALEM,1600,1990
3077,NA,166000,NA,NA,NA,Salem-0,NA,NA,other,3076,16,R,Skaraborgs,Salem,NA,NA,NA,NA,NA,NA,NA,NA
3081,7568,138317,138317000,77770,138317,Sallstorp,{9396A9ED-A0B0-11D3-9E53-009027B0FCE9},SE/138317000,territorial,NA,13,N,Hallands,Sällstorp,Sällstorps församling,Sällstorps,NA,NA,SÄLLSTORP,NA,1600,1990
3082,8551,18202,18202000,63348,18202,Saltsjobaden,{9396A3A9-A0B0-11D3-9E53-009027B0FCE9},SE/018202000,territorial,NA,1,AB,Stockholms,Saltsjöbaden,Saltsjöbadens församling,Saltsjöbadens,NA,NA,SALTSJÖBADEN,SALTSJÖBADEN,1913,1990
3087,7307,98057,98057000,84770,98057,Sanda-0,{9396A75C-A0B0-11D3-9E53-009027B0FCE9},SE/098057000,territorial,NA,9,I,Gotlands,Sanda,Sanda församling,Sanda,NA,NA,SANDA,SANDA,1600,1990
3088,8572,218202,218202000,53526,218202,Sandarne,{9396AEC9-A0B0-11D3-9E53-009027B0FCE9},SE/218202000,territorial,NA,21,X,Gävleborgs,Sandarne,Sandarne församling,Sandarne,NA,NA,SANDARNE,SANDARNE,1917,1990
3092,6083,84018,84018000,79560,84018,Sandby,{9396A6AD-A0B0-11D3-9E53-009027B0FCE9},SE/084018000,territorial,NA,8,H,Kalmar,Sandby,Sandby församling,Sandby,NA,NA,SANDBY,SANDBY,1600,1990
3093,8195,162202,162202000,61010,162202,Sandhem,{9396ABBE-A0B0-11D3-9E53-009027B0FCE9},SE/162202000,territorial,NA,16,R,Skaraborgs,Sandhem,Sandhems församling (R-län),Sandhems,NA,NA,SANDHEM (R-län),SANDHEM,1655,1990
3095,7888,158316,158316000,61532,158316,Sandhult,{9396AB71-A0B0-11D3-9E53-009027B0FCE9},SE/158316000,territorial,NA,15,P,Älvsborgs,Sandhult,Sandhults församling,Sandhults,NA,NA,SANDHULT,SANDHULT,1600,1990
3101,8029,66211,66211000,68680,66211,Sandvik,{9396A5B1-A0B0-11D3-9E53-009027B0FCE9},SE/066211000,territorial,NA,6,F,Jönköpings,Sandvik,Sandviks församling,Sandviks,NA,NA,SANDVIK,SANDVIK,1600,1990
3102,8080,218101,218101000,53390,218101,Sandviken,{9396AEBF-A0B0-11D3-9E53-009027B0FCE9},SE/218101000,territorial,NA,21,X,Gävleborgs,Sandviken,Sandvikens församling,Sandvikens,NA,1935 Högbo,SANDVIKEN,HÖGBO,1622,1990
3103,6319,12507,12507000,52380,12507,Sanga,{9396A33B-A0B0-11D3-9E53-009027B0FCE9},SE/012507000,territorial,NA,1,AB,Stockholms,Sånga,Sånga församling (AB-län),Sånga,NA,NA,SÅNGA (AB-län),SÅNGA,1600,1990
3104,6161,228313,228313000,82260,228313,NA,{9396AF2D-A0B0-11D3-9E53-009027B0FCE9},SE/228313000,territorial,NA,22,Y,Västernorrlands,Sånga,Sånga församling (Y-län),Sånga,NA,NA,SÅNGA (Y-län),SÅNGA,1600,1990
3105,NA,88000,NA,NA,NA,SanktaBirgitta,NA,NA,other,3106,8,H,Kalmar,Sankta Birgitta,NA,NA,Birgitta,NA,NA,NA,NA,NA
3106,8829,88017,88017000,0,88017,SanktaBirgitta-0,{9396A6DA-A0B0-11D3-9E53-009027B0FCE9},SE/088017000,territorial,NA,8,H,Kalmar,Sankta Birgitta,Sankta Birgitta församling,Sankta Birgitta,NA,NA,SANKTA BIRGITTA,NA,1989,1990
3109,NA,18000,NA,NA,NA,SanktaEugenia,NA,NA,other,NA,1,AB,Stockholms,Sankta Eugenia,NA,NA,"Eugenia, Romersk-katolska, Stockholms katolska",1892 Romersk-katolska,NA,NA,NA,NA
3115,NA,168200,NA,NA,NA,SanktaMaria-1,NA,NA,other,NA,16,R,Skaraborgs,Sankta Maria,NA,NA,NA,NA,NA,NA,NA,NA
3119,NA,128100,NA,NA,NA,SanktaMariamagle,NA,NA,other,NA,12,M,Skåne,Sankta Maria magle,NA,NA,"Magle, Maria magle, Vorfrukirke magle",NA,NA,NA,NA,NA
3120,NA,128100,NA,NA,NA,SanktaMariaminor,NA,NA,other,NA,12,M,Skåne,Sankta Maria minor,NA,NA,"Lilla Vårfru, Maria minor",NA,NA,NA,NA,NA
3121,NA,128100,NA,NA,NA,SanktAndreas,NA,NA,other,NA,12,M,Skåne,Sankt Andreas,NA,NA,Andreas,NA,NA,NA,NA,NA
3122,7157,58208,58208000,55560,58208,SanktAnna,{9396A55C-A0B0-11D3-9E53-009027B0FCE9},SE/058208000,territorial,NA,5,E,Östergötlands,Sankt Anna,Sankt Anna församling,Sankt Anna,Anna,NA,SANKT ANNA,SANKT ANNA,1600,1990
3123,NA,128100,NA,NA,NA,SanktBotulf,NA,NA,other,NA,12,M,Skåne,Sankt Botulf,NA,NA,Botulf,NA,NA,NA,NA,NA
3125,NA,128100,NA,NA,NA,SanktClemens-0,NA,NA,other,NA,12,M,Skåne,Sankt Clemens,NA,NA,NA,NA,NA,NA,NA,NA
3126,NA,128300,NA,NA,NA,SanktClemens-1,NA,NA,other,NA,12,M,Skåne,Sankt Clemens,NA,NA,NA,NA,NA,NA,NA,NA
3127,NA,98000,NA,NA,NA,SanktClemens,NA,NA,other,3206,9,I,Gotlands,Sankt Clemens,NA,NA,Clemens,NA,NA,NA,NA,NA
3128,NA,128100,NA,NA,NA,SanktDrotten-1,NA,NA,other,NA,12,M,Skåne,Sankt Drotten,NA,NA,NA,NA,NA,NA,NA,NA
3130,NA,98000,NA,NA,NA,SanktDrotten-0,NA,NA,other,3206,9,I,Gotlands,Sankt Drotten,NA,NA,NA,NA,NA,NA,NA,NA
3134,NA,18000,NA,NA,NA,SanktErik,NA,NA,other,NA,1,AB,Stockholms,Sankt Erik,NA,NA,Erik,NA,NA,NA,NA,NA
3136,NA,128100,NA,NA,NA,SanktGodehard,NA,NA,other,NA,12,M,Skåne,Sankt Godehard,NA,NA,Godehard,NA,NA,NA,NA,NA
3137,8609,18019,18019000,85539,18019,SanktGoran,{9396A37D-A0B0-11D3-9E53-009027B0FCE9},SE/018019000,territorial,NA,1,AB,Stockholms,Sankt Göran,Sankt Görans församling,Sankt Görans,Göran,NA,SANKT GÖRAN,"SANKT GÖRANS, STOCKHOLM",1925,1990
3138,NA,98000,NA,NA,NA,SanktHans,NA,NA,other,3206,9,I,Gotlands,Sankt Hans,NA,NA,NA,NA,NA,NA,NA,NA
3140,6613,128202,128202000,72360,128202,SanktIbb-0,{9396A91E-A0B0-11D3-9E53-009027B0FCE9},SE/128202000,territorial,NA,12,M,Skåne,Sankt Ibb,Sankt Ibbs församling,Sankt Ibbs,NA,Ven,SANKT IBB,SANKT IBB,1600,1990
3141,NA,128100,NA,NA,NA,SanktJakob-0,NA,NA,other,NA,12,M,Skåne,Sankt Jakob,NA,NA,NA,NA,NA,NA,NA,NA
3144,NA,128005,NA,NA,NA,NA,NA,NA,other,NA,12,M,Skåne,Sankt Johannes,NA,NA,NA,NA,NA,NA,NA,NA
3146,NA,128200,NA,NA,NA,NA,NA,NA,other,1976,12,M,Skåne,Sankt Johannes,NA,NA,NA,NA,NA,NA,NA,NA
3152,NA,168100,NA,NA,NA,SanktKatarina-0,NA,NA,kapell,2821,16,R,Skaraborgs,Sankt Katarinae kapell,NA,NA,NA,NA,NA,NA,NA,NA
3154,NA,168200,NA,NA,NA,NA,NA,NA,other,3328,16,R,Skaraborgs,Sankt Lars,NA,NA,NA,NA,NA,NA,NA,NA
3157,NA,98000,NA,NA,NA,NA,NA,NA,other,NA,9,I,Gotlands,Sankt Lars,NA,NA,NA,NA,NA,NA,NA,NA
3159,NA,198400,NA,NA,NA,NA,NA,NA,other,3161,19,U,Västmanlands,Sankt Laurentii,NA,NA,NA,NA,NA,NA,NA,NA
3161,7050,58201,58201000,55510,58201,NA,{9396A555-A0B0-11D3-9E53-009027B0FCE9},SE/058201000,territorial,NA,5,E,Östergötlands,Sankt Laurentii,Sankt Laurentii församling,Sankt Laurentii,NA,1953 Söderköping,SANKT LAURENTII,SANKT LAURENTI,1600,1990
3163,NA,198000,NA,NA,NA,Sanktllian-1,NA,NA,other,NA,19,U,Västmanlands,Sankt llian,NA,NA,NA,NA,NA,NA,NA,NA
3165,NA,58200,NA,NA,NA,Sanktllian-0,NA,NA,other,NA,5,E,Östergötlands,Sankt llian,NA,NA,NA,NA,NA,NA,NA,NA
3166,NA,128100,NA,NA,NA,SanktMans,NA,NA,other,NA,12,M,Skåne,Sankt Måns,NA,NA,Måns,NA,NA,NA,NA,NA
3168,NA,168100,NA,NA,NA,SanktMariaekapell,NA,NA,kapell,2821,16,R,Skaraborgs,Sankt Mariae kapell,NA,NA,"Torsö, Traneberg",NA,NA,NA,NA,NA
3169,NA,128100,NA,NA,NA,SanktMarten,NA,NA,other,NA,12,M,Skåne,Sankt Mårten,NA,NA,Mårten,NA,NA,NA,NA,NA
3170,NA,58600,NA,NA,NA,SanktMartin,NA,NA,other,65,5,E,Östergötlands,Sankt Martin,NA,NA,NA,NA,NA,NA,NA,NA
3171,8831,12603,12603000,0,12603,SanktMikael,{9396A342-A0B0-11D3-9E53-009027B0FCE9},SE/012603000,territorial,NA,1,AB,Stockholms,Sankt Mikael,Sankt Mikaels församling,Sankt Mikaels,Mikael,NA,SANKT MIKAEL,NA,1989,1990
3172,NA,128100,NA,NA,NA,NA,NA,NA,other,3171,12,M,Skåne,Sankt Mikael,NA,NA,Mikael,NA,NA,NA,NA,NA
3173,NA,98000,NA,NA,NA,NA,NA,NA,other,3171,9,I,Gotlands,Sankt Mikael,NA,NA,Mikael,NA,NA,NA,NA,NA
3174,NA,128100,NA,NA,NA,NA,NA,NA,other,NA,12,M,Skåne,Sankt Nicolai,NA,NA,NA,NA,NA,NA,NA,NA
3175,NA,128200,NA,NA,NA,NA,NA,NA,other,1976,12,M,Skåne,Sankt Nicolai,NA,NA,NA,NA,NA,NA,NA,NA
3176,NA,19100,NA,NA,NA,SanktNicolai,NA,NA,other,3188,1,AB,Stockholms,Sankt Nicolai,NA,NA,Nicolai,NA,NA,NA,NA,NA
3177,NA,48000,NA,NA,NA,NA,NA,NA,other,NA,4,D,Södermanlands,Sankt Nicolai,NA,NA,NA,NA,NA,NA,NA,NA
3178,8722,138001,138001000,78370,138001,NA,{9396A9A1-A0B0-11D3-9E53-009027B0FCE9},SE/138001000,territorial,NA,13,N,Hallands,Sankt Nikolai,Sankt Nikolai församling,Sankt Nikolai,Nikolai,1961 Halmstad,SANKT NIKOLAI,HALMSTAD,1962,1990
3179,NA,168200,NA,NA,NA,NA,NA,NA,other,3178,16,R,Skaraborgs,Sankt Nikolai,NA,NA,NA,NA,NA,NA,NA,NA
3180,NA,18000,NA,NA,NA,SanktNikolai,NA,NA,other,3178,1,AB,Stockholms,Sankt Nikolai,NA,NA,NA,NA,NA,NA,NA,NA
3181,NA,198000,NA,NA,NA,NA,NA,NA,other,3178,19,U,Västmanlands,Sankt Nikolai,NA,NA,Nikolai,NA,NA,NA,NA,NA
3185,NA,128200,NA,NA,NA,NA,NA,NA,other,1976,12,M,Skåne,Sankt Olai,NA,NA,NA,NA,NA,NA,NA,NA
3188,5946,118117,118117000,72940,118117,NA,{9396A837-A0B0-11D3-9E53-009027B0FCE9},SE/118117000,territorial,NA,11,L,Kristianstads,Sankt Olof,Sankt Olofs församling (L-län),Sankt Olofs,NA,Lunkende,SANKT OLOF (L-län),SANKT OLOV,1600,1990
3189,NA,128100,NA,NA,NA,NA,NA,NA,other,3188,12,M,Skåne,Sankt Olof,NA,NA,NA,NA,NA,NA,NA,NA
3190,NA,156200,NA,NA,NA,NA,NA,NA,other,3188,15,P,Älvsborgs,Sankt Olof,NA,NA,NA,NA,NA,NA,NA,NA
3192,5770,19102,19102000,51744,19102,NA,{9396A3D7-A0B0-11D3-9E53-009027B0FCE9},SE/019102000,territorial,NA,1,AB,Stockholms,Sankt Olof,Sankt Olofs församling (AB-län),Sankt Olofs,NA,NA,SANKT OLOF (AB-län),SANKT PER,1600,1990
3193,NA,198400,NA,NA,NA,NA,NA,NA,other,3188,19,U,Västmanlands,Sankt Olof,NA,NA,NA,NA,NA,NA,NA,NA
3194,NA,38100,NA,NA,NA,NA,NA,NA,other,3188,3,C,Uppsala,Sankt Olof,NA,NA,NA,NA,NA,NA,NA,NA
3196,NA,98000,NA,NA,NA,NA,NA,NA,other,3188,9,I,Gotlands,Sankt Olof,NA,NA,NA,NA,NA,NA,NA,NA
3199,NA,128100,NA,NA,NA,SanktPaul,NA,NA,other,NA,12,M,Skåne,Sankt Paul,NA,NA,Paul,NA,NA,NA,NA,NA
3203,7209,156204,156204000,75670,156204,SanktPeder,{9396AAF8-A0B0-11D3-9E53-009027B0FCE9},SE/156204000,territorial,NA,15,P,Älvsborgs,Sankt Peder,Sankt Peders församling,Sankt Peders,"Gamla Lödöse, Lödöse, Peder, Peter, Sankt Per, Sankt Peter","Sankt Peter, 1940 SCB: av ortnamnskommissionen fastställt Sankt Peder; har även kallats Gamla Lödöse",SANKT PEDER,NA,1600,1990
3205,NA,168200,NA,NA,NA,NA,NA,NA,other,3206,16,R,Skaraborgs,Sankt Per,NA,NA,"Per, Peter, Sankt Peter",NA,NA,NA,NA,NA
3206,6679,19103,19103000,51744,19103,SanktPer,{9396A3D8-A0B0-11D3-9E53-009027B0FCE9},SE/019103000,territorial,NA,1,AB,Stockholms,Sankt Per,Sankt Pers församling,Sankt Pers,"Per, Peter, Sankt Peter",NA,SANKT PER,SANKT PER,1600,1990
3207,NA,38000,NA,NA,NA,NA,NA,NA,other,3206,3,C,Uppsala,Sankt Per,NA,NA,Per,NA,NA,NA,NA,NA
3208,NA,58400,NA,NA,NA,NA,NA,NA,other,3206,5,E,Östergötlands,Sankt Per,NA,NA,"Per, Vadstena landsförsamling",NA,NA,NA,NA,NA
3209,NA,98000,NA,NA,NA,NA,NA,NA,other,3206,9,I,Gotlands,Sankt Per,NA,NA,Per,NA,NA,NA,NA,NA
3212,NA,128300,NA,NA,NA,NA,NA,NA,other,NA,12,M,Skåne,Sankt Peter,NA,NA,NA,NA,NA,NA,NA,NA
3217,6531,128102,128102000,70230,128102,SanktPeterskloster,{9396A906-A0B0-11D3-9E53-009027B0FCE9},SE/128102000,territorial,NA,12,M,Skåne,Sankt Peters kloster,Sankt Peters klosters församling,Sankt Peters klosters,"Kloster, Nunnesogn, Peters kloster",NA,SANKT PETERS KLOSTER,SANKT PETERS KLOSTER,1600,1990
3218,NA,128100,NA,NA,NA,SanktPetervidBredgatan,NA,NA,other,NA,12,M,Skåne,Sankt Peter vid Bredgatan,NA,NA,NA,NA,NA,NA,NA,NA
3221,NA,128100,NA,NA,NA,SanktPetrilille,NA,NA,other,NA,12,M,Skåne,Sankt Petri lille,NA,NA,Petri lille,NA,NA,NA,NA,NA
3223,8413,88107,88107000,79120,88107,SanktSigfrid,{9396A6E5-A0B0-11D3-9E53-009027B0FCE9},SE/088107000,territorial,NA,8,H,Kalmar,Sankt Sigfrid,Sankt Sigfrids församling,Sankt Sigfrids,"Kumlamad, Ljungby kapell, Sigfrid",Sankt Sigfrid.,SANKT SIGFRID,SANKT SIGFRID,1856,1990
3224,NA,128100,NA,NA,NA,SanktStefan,NA,NA,other,NA,12,M,Skåne,Sankt Stefan,NA,NA,Stefan,NA,NA,NA,NA,NA
3225,NA,128100,NA,NA,NA,SanktTome,NA,NA,other,NA,12,M,Skåne,Sankt Tome,NA,NA,Tome,NA,NA,NA,NA,NA
3227,NA,68000,NA,NA,NA,Sanna,NA,NA,other,2129,6,F,Jönköpings,Sanna,NA,NA,Sanda,NA,NA,NA,NA,NA
3228,5882,143007,143007000,76580,143007,Sanne,{9396AA3E-A0B0-11D3-9E53-009027B0FCE9},SE/143007000,territorial,NA,14,O,Västra Götalands,Sanne,Sanne församling,Sanne,Sanda,Sanda,SANNE,NA,1600,1990
3231,5852,160203,160203000,58100,160203,Sarestad,{9396ABA9-A0B0-11D3-9E53-009027B0FCE9},SE/160203000,territorial,NA,16,R,Skaraborgs,Särestad,Särestads församling,Särestads,NA,NA,SÄRESTAD,SÄRESTAD,1600,1990
3232,NA,126400,NA,NA,NA,Saritslov,NA,NA,other,3418,12,M,Skåne,Saritslöv,NA,NA,NA,NA,NA,NA,NA,NA
3234,8177,203904,203904000,66140,203904,Sarna,{9396AE4C-A0B0-11D3-9E53-009027B0FCE9},SE/203904000,territorial,NA,20,W,Dalarnas,Särna,Särna församling 1652-,Särna,NA,NA,SÄRNA,SÄRNA,1652,1990
3235,7457,123010,123010000,70540,123010,Sarslov,{9396A87D-A0B0-11D3-9E53-009027B0FCE9},SE/123010000,territorial,NA,12,M,Skåne,Särslöv,Särslövs församling,Särslövs,NA,NA,SÄRSLÖV,SÄRSLÖV,1600,1990
3236,5879,168321,168321000,60050,168321,Sater,{9396AC75-A0B0-11D3-9E53-009027B0FCE9},SE/168321000,territorial,NA,16,R,Skaraborgs,Säter,Säters församling (R-län),Säters,NA,NA,SÄTER (R-län),SÄTER,1600,1990
3237,NA,208200,NA,NA,NA,NA,NA,NA,other,3236,20,W,Dalarnas,Säter,NA,NA,NA,NA,NA,NA,NA,NA
3238,8670,208201,208201000,66320,208201,NA,{9396AE75-A0B0-11D3-9E53-009027B0FCE9},SE/208201000,territorial,NA,20,W,Dalarnas,Säter,Säters församling (W-län),Säters,Säters stadsförsamling,1951 Säters stadsförsamling,SÄTER (W-län),SÄTERS,1952,1990
3239,6722,198400,198401002,65250,198401,Saterbo,{9396AE26-A0B0-11D3-9E53-009027B0FCE9},SE/198401002,territorial,NA,19,U,Västmanlands,Säterbo,Säterbo församling,Säterbo,NA,NA,SÄTERBO,SÄTERBO,1600,1946
3240,NA,198400,NA,NA,NA,NA,NA,NA,kbfd,3239,19,U,Västmanlands,Säterbo kbfd,NA,NA,NA,NA,NA,NA,NA,NA
3241,8112,208200,NA,NA,NA,Saterslandsforsamling,{9396AE78-A0B0-11D3-9E53-009027B0FCE9},SE/208201003,territorial,NA,20,W,Dalarnas,Säters landsförsamling,Säters landsförsamling,Säters landsförsamling,NA,1951 Säters landsförsamling.,NA,NA,1636,1641
3243,6474,156304,156304000,76890,156304,Satila,{9396AAFE-A0B0-11D3-9E53-009027B0FCE9},SE/156304000,territorial,NA,15,P,Älvsborgs,Sätila,Sätila församling,Sätila,NA,NA,SÄTILA,SÄTILA,1600,1990
3244,7364,48000,48023003,63070,48023,Sattersta,{9396A47F-A0B0-11D3-9E53-009027B0FCE9},SE/048023003,territorial,NA,4,D,Södermanlands,Sättersta,Sättersta församling,Sättersta,NA,NA,SÄTTERSTA,LÄSTRINGE,1600,1979
3245,7297,228105,228105000,83510,228105,Sattna,{9396AF0B-A0B0-11D3-9E53-009027B0FCE9},SE/228105000,territorial,NA,22,Y,Västernorrlands,Sättna,Sättna församling,Sättna,NA,NA,SÄTTNA,SÄTTNA,1600,1990
3246,7110,168600,168647003,58620,168647,Satuna,{9396ACCF-A0B0-11D3-9E53-009027B0FCE9},SE/168647003,territorial,NA,16,R,Skaraborgs,Sätuna,Sätuna församling,Sätuna,NA,NA,SÄTUNA,BRODDETORP,1600,1988
3247,8367,248071,248071000,82800,248071,Savar,{9396AFDB-A0B0-11D3-9E53-009027B0FCE9},SE/248071000,territorial,NA,24,AC,Västerbottens,Sävar,Sävars församling,Sävars,NA,NA,SÄVAR,SÄVAR,1823,1990
3248,7292,168124,168124000,57830,168124,Savare,{9396AC3C-A0B0-11D3-9E53-009027B0FCE9},SE/168124000,territorial,NA,16,R,Skaraborgs,Sävare,Sävare församling,Sävare,NA,NA,SÄVARE,SÄVARE,1600,1990
3249,NA,248009,NA,NA,NA,Savarsnedrekbfd,NA,NA,kbfd,3247,24,AC,Västerbottens,Sävars nedre kbfd,NA,NA,NA,NA,NA,NA,NA,NA
3250,NA,248008,NA,NA,NA,NA,NA,NA,kbfd,3247,24,AC,Västerbottens,Sävars övre kbfd,NA,NA,NA,NA,NA,NA,NA,NA
3251,6675,148031,148031000,75840,148031,Save,{9396AA70-A0B0-11D3-9E53-009027B0FCE9},SE/148031000,territorial,NA,14,O,Västra Götalands,Säve,Säve församling,Säve,NA,NA,SÄVE,SÄVE,1600,1990
3252,8771,140203,140203000,75482,140203,Savedalen,{9396AA0C-A0B0-11D3-9E53-009027B0FCE9},SE/140203000,territorial,NA,14,O,Västra Götalands,Sävedalen,Sävedalens församling,Sävedalens,NA,NA,SÄVEDALEN,NA,1971,1990
3253,NA,140200,NA,NA,NA,NA,NA,NA,kbfd,3252,14,O,Västra Götalands,Sävedalens kbfd,NA,NA,NA,NA,NA,NA,NA,NA
3254,8650,68401,68401000,68970,68401,Savsjo,{9396A5F6-A0B0-11D3-9E53-009027B0FCE9},SE/068401000,territorial,NA,6,F,Jönköpings,Sävsjö,Sävsjö församling,Sävsjö,"Ljunga, Norra Ljunga",1885 Ljunga,SÄVSJÖ,NORRA LJUNGA,1947,1990
3255,NA,246200,NA,NA,NA,Saxnaskbfd,NA,NA,kbfd,4280,24,AC,Västerbottens,Saxnäs kbfd,NA,NA,NA,NA,NA,NA,NA,NA
3256,7742,128204,128204000,71990,128204,Saxtorp,{9396A920-A0B0-11D3-9E53-009027B0FCE9},SE/128204000,territorial,NA,12,M,Skåne,Saxtorp,Saxtorps församling,Saxtorps,NA,NA,SAXTORP,SAXTORP,1600,1990
3257,7494,218305,218305000,53500,218305,Segersta,{9396AEDB-A0B0-11D3-9E53-009027B0FCE9},SE/218305000,territorial,NA,21,X,Gävleborgs,Segersta,Segersta församling,Segersta,NA,NA,SEGERSTA,SEGERSTA,1600,1990
3258,7566,168636,168636000,58750,168636,NA,{9396ACC3-A0B0-11D3-9E53-009027B0FCE9},SE/168636000,territorial,NA,16,R,Skaraborgs,Segerstad,Segerstads församling (R-län),Segerstads,NA,NA,SEGERSTAD (R-län),SEGERSTAD,1600,1990
3259,7552,178010,178010000,81150,178010,NA,{9396AD25-A0B0-11D3-9E53-009027B0FCE9},SE/178010000,territorial,NA,17,S,Värmlands,Segerstad,Segerstads församling (S-län),Segerstads,NA,NA,SEGERSTAD (S-län),SEGERSTAD,1600,1990
3260,5774,84009,84009000,79720,84009,Segerstad,{9396A6A4-A0B0-11D3-9E53-009027B0FCE9},SE/084009000,territorial,NA,8,H,Kalmar,Segerstad,Segerstads församling (H-län),Segerstads,NA,NA,SEGERSTAD (H-län),NA,1600,1990
3261,7859,158319,158319000,76910,158319,Seglora,{9396AB74-A0B0-11D3-9E53-009027B0FCE9},SE/158319000,territorial,NA,15,P,Älvsborgs,Seglora,Seglora församling,Seglora,NA,NA,SEGLORA,SEGLORA,1600,1990
3262,8086,228106,228106000,83500,228106,Selanger,{9396AF0C-A0B0-11D3-9E53-009027B0FCE9},SE/228106000,territorial,NA,22,Y,Västernorrlands,Selånger,Selångers församling,Selångers,NA,NA,SELÅNGER,SELÅNGER,1624,1990
3264,NA,48600,NA,NA,NA,Selo,NA,NA,other,NA,4,D,Södermanlands,Selö,NA,NA,NA,NA,NA,NA,NA,NA
3265,NA,168100,NA,NA,NA,Senate,NA,NA,other,NA,16,R,Skaraborgs,Senäte,NA,NA,NA,NA,NA,NA,NA,NA
3267,NA,18000,NA,NA,NA,Serafimerlasarettet,NA,NA,other,NA,1,AB,Stockholms,Serafimerlasarettet,NA,NA,NA,NA,NA,NA,NA,NA
3268,NA,258300,NA,NA,NA,Seskarokbfd,NA,NA,kbfd,2443,25,BD,Norrbottens,Seskarö kbfd,NA,NA,NA,NA,NA,NA,NA,NA
3269,6596,198019,198019000,66810,198019,Sevalla,{9396AE05-A0B0-11D3-9E53-009027B0FCE9},SE/198019000,territorial,NA,19,U,Västmanlands,Sevalla,Sevalla församling,Sevalla,NA,NA,SEVALLA,SEVALLA,1600,1990
3270,5953,156512,156512000,77250,156512,Sexdrega,{9396AB1C-A0B0-11D3-9E53-009027B0FCE9},SE/156512000,territorial,NA,15,P,Älvsborgs,Sexdrega,Sexdrega församling,Sexdrega,NA,1909 Sexdräga,SEXDREGA,SEXDREGA,1600,1990
3271,6505,138310,138310000,78060,138310,Sibbarp,{9396A9E6-A0B0-11D3-9E53-009027B0FCE9},SE/138310000,territorial,NA,13,N,Hallands,Sibbarp,Sibbarps församling,Sibbarps,NA,NA,SIBBARP,SIBBARP,1600,1990
3273,8308,228406,228406000,82480,228406,Sidensjo,{9396AF36-A0B0-11D3-9E53-009027B0FCE9},SE/228406000,territorial,NA,22,Y,Västernorrlands,Sidensjö,Sidensjö församling,Sidensjö,NA,NA,SIDENSJÖ,SIDENSJÖ,1779,1990
3274,7056,152704,152704000,62060,152704,Siene,{9396AAC5-A0B0-11D3-9E53-009027B0FCE9},SE/152704000,territorial,NA,15,P,Älvsborgs,Siene,Siene församling,Siene,NA,NA,SIENE,SIENE,1600,1990
3276,7942,19101,19101000,51730,19101,Sigtuna,{9396A3D6-A0B0-11D3-9E53-009027B0FCE9},SE/019101000,territorial,NA,1,AB,Stockholms,Sigtuna,Sigtuna församling,Sigtuna,"Lars, Laurentii, Sankt Lars, Sankt Laurentii",NA,SIGTUNA,SIGTUNA,1600,1990
3277,NA,19100,NA,NA,NA,Sigtunaryska,NA,NA,other,NA,1,AB,Stockholms,Sigtuna ryska,NA,NA,NA,NA,NA,NA,NA,NA
3278,6987,166101,166101000,58490,166101,Sil,{9396ABEC-A0B0-11D3-9E53-009027B0FCE9},SE/166101000,territorial,NA,16,R,Skaraborgs,Sil,Sils församling,Sils,NA,NA,SIL,SIL,1600,1990
3279,5957,176501,176501000,80900,176501,Silbodal,{9396AD04-A0B0-11D3-9E53-009027B0FCE9},SE/176501000,territorial,NA,17,S,Värmlands,Silbodal,Silbodals församling,Silbodals,NA,NA,SILBODAL,SILBODAL,1600,1990
3280,NA,250600,NA,NA,NA,Silbojokk,NA,NA,other,190,25,BD,Norrbottens,Silbojokk,NA,NA,NA,NA,NA,NA,NA,NA
3281,8451,202904,202904000,65852,202904,Siljansnas,{9396AE3E-A0B0-11D3-9E53-009027B0FCE9},SE/202904000,territorial,NA,20,W,Dalarnas,Siljansnäs,Siljansnäs församling,Siljansnäs,NA,NA,SILJANSNÄS,SILJANSNÄS,1875,1990
3282,7962,176502,176502000,80890,176502,Sillerud,{9396AD05-A0B0-11D3-9E53-009027B0FCE9},SE/176502000,territorial,NA,17,S,Värmlands,Sillerud,Silleruds församling,Silleruds,NA,NA,SILLERUD,SILLERUD,1600,1990
3283,8394,108016,108016000,75040,108016,Sillhovda,{9396A798-A0B0-11D3-9E53-009027B0FCE9},SE/108016000,territorial,NA,10,K,Blekinge,Sillhövda,Sillhövda församling,Sillhövda,NA,NA,SILLHÖVDA,SILLHÖVDA,1846,1990
3284,6362,98082,98082000,85370,98082,NA,{9396A775-A0B0-11D3-9E53-009027B0FCE9},SE/098082000,territorial,NA,9,I,Gotlands,Silte,Silte församling,Silte,NA,NA,SILTE,SILTE,1600,1990
3285,5843,128123,128123000,70060,128123,Silvakra,{9396A91B-A0B0-11D3-9E53-009027B0FCE9},SE/128123000,territorial,NA,12,M,Skåne,Silvåkra,Silvåkra församling,Silvåkra,NA,NA,SILVÅKRA,SILVÅKRA,1600,1990
3286,8094,208204,208204000,66240,208204,Silvberg,{9396AE7B-A0B0-11D3-9E53-009027B0FCE9},SE/208204000,territorial,NA,20,W,Dalarnas,Silvberg,Silvbergs församling,Silvbergs,Nikolai,NA,SILVBERG,SILVBERG,1627,1990
3287,5762,128717,128717000,69890,128717,Simlinge,{9396A987-A0B0-11D3-9E53-009027B0FCE9},SE/128717000,territorial,NA,12,M,Skåne,Simlinge,Simlinge församling,Simlinge,NA,NA,SIMLINGE,SIMLINGE,1600,1990
3289,8194,58113,58113000,55230,58113,Simonstorp,{9396A542-A0B0-11D3-9E53-009027B0FCE9},SE/058113000,territorial,NA,5,E,Östergötlands,Simonstorp,Simonstorps församling,Simonstorps,Sankt Pers kapell,Sankt Pers kapell,SIMONSTORP,SIMONSTORP,1655,1990
3290,6833,118102,118102000,72870,118102,Simris,{9396A828-A0B0-11D3-9E53-009027B0FCE9},SE/118102000,territorial,NA,11,L,Kristianstads,Simris,Simris församling,Simris,Cimbris,NA,SIMRIS,SIMRIS,1600,1990
3291,6457,118101,118101000,72850,118101,Simrishamn,{9396A827-A0B0-11D3-9E53-009027B0FCE9},SE/118101000,territorial,NA,11,L,Kristianstads,Simrishamn,Simrishamns församling,Simrishamns,Cimbrishamn,NA,SIMRISHAMN,SIMRISHAMN,1600,1990
3292,6177,38131,38131000,51220,38131,Simtuna,{9396A44B-A0B0-11D3-9E53-009027B0FCE9},SE/038131000,territorial,NA,3,C,Uppsala,Simtuna,Simtuna församling,Simtuna,NA,NA,SIMTUNA,SIMTUNA,1600,1990
3293,7694,18804,18804000,50290,18804,Singo,{9396A3B9-A0B0-11D3-9E53-009027B0FCE9},SE/018804000,territorial,NA,1,AB,Stockholms,Singö,Singö församling,Singö,NA,NA,SINGÖ,SINGÖ,1600,1990
3294,5912,121407,121407000,72690,121407,Sirekopinge,{9396A868-A0B0-11D3-9E53-009027B0FCE9},SE/121407000,territorial,NA,12,M,Skåne,Sireköpinge,Sireköpinge församling,Sireköpinge,Zireköpinge,NA,SIREKÖPINGE,SIREKÖPINGE,1600,1990
3295,8521,228408,228408000,82600,228408,Sjalevad,{9396AF39-A0B0-11D3-9E53-009027B0FCE9},SE/228408000,territorial,NA,22,Y,Västernorrlands,Själevad,Själevads församling,Själevads,"Salavad, Selavad",NA,SJÄLEVAD,SJÄLEVAD MED ÖRNSKÖLDSVIK,1907,1990
3296,NA,168600,NA,NA,NA,Sjogeras,NA,NA,other,1797,16,R,Skaraborgs,Sjögerås,NA,NA,NA,NA,NA,NA,NA,NA
3297,5849,168307,168307000,60820,168307,Sjogerstad,{9396AC65-A0B0-11D3-9E53-009027B0FCE9},SE/168307000,territorial,NA,16,R,Skaraborgs,Sjogerstad,Sjogerstads församling,Sjogerstads,NA,NA,SJOGERSTAD,SJOGERSTAD,1600,1990
3298,6756,58014,58014000,56810,58014,Sjogestad,{9396A51C-A0B0-11D3-9E53-009027B0FCE9},SE/058014000,territorial,NA,5,E,Östergötlands,Sjögestad,Sjögestads församling,Sjögestads,NA,NA,SJÖGESTAD,SJÖGESTAD,1600,1990
3299,7640,98039,98039000,85020,98039,Sjonhem,{9396A74A-A0B0-11D3-9E53-009027B0FCE9},SE/098039000,territorial,NA,9,I,Gotlands,Sjonhem,Sjonhems församling,Sjonhems,NA,NA,SJONHEM,NA,1600,1990
3300,7464,128603,128603000,71020,128603,Sjorup,{9396A960-A0B0-11D3-9E53-009027B0FCE9},SE/128603000,territorial,NA,12,M,Skåne,Sjörup,Sjörups församling,Sjörups,NA,NA,SJÖRUP,SJÖRUP,1600,1990
3301,6237,78003,78003000,68010,78003,Sjosas,{9396A65E-A0B0-11D3-9E53-009027B0FCE9},SE/078003000,territorial,NA,7,G,Kronobergs,Sjösås,Sjösås församling,Sjösås,NA,NA,SJÖSÅS,SJÖSÅS,1600,1990
3302,6667,155203,155203000,77470,155203,Sjotofta,{9396AAD7-A0B0-11D3-9E53-009027B0FCE9},SE/155203000,territorial,NA,15,P,Älvsborgs,Sjötofta,Sjötofta församling,Sjötofta,Skäggetorpa,NA,SJÖTOFTA,SJÖTOFTA,1600,1990
3303,6412,12506,12506000,52390,12506,Ska,{9396A33A-A0B0-11D3-9E53-009027B0FCE9},SE/012506000,territorial,NA,1,AB,Stockholms,Skå,Skå församling,Skå,NA,NA,SKÅ,SKÅ,1600,1990
3304,7449,126306,126306000,70450,126306,Skabersjo,{9396A8AF-A0B0-11D3-9E53-009027B0FCE9},SE/126306000,territorial,NA,12,M,Skåne,Skabersjö,Skabersjö församling,Skabersjö,NA,NA,SKABERSJÖ,SKABERSJÖ,1600,1990
3305,7008,38211,38211000,50470,38211,Skafthammar,{9396A45E-A0B0-11D3-9E53-009027B0FCE9},SE/038211000,territorial,NA,3,C,Uppsala,Skäfthammar,Skäfthammars församling,Skäfthammars,NA,22 enligt KMt Skäfthammar.,SKÄFTHAMMAR,SKÄFTHAMMAR,1600,1990
3306,8478,148403,148403000,76200,148403,Skafto,{9396AA8C-A0B0-11D3-9E53-009027B0FCE9},SE/148403000,territorial,NA,14,O,Västra Götalands,Skaftö,Skaftö församling,Skaftö,NA,NA,SKAFTÖ,GRUNDSUNDS KAPELLFÖRSAMLING,1888,1990
3307,NA,163700,NA,NA,NA,Skagen,NA,NA,other,3986,16,R,Skaraborgs,Skagen,NA,NA,NA,NA,NA,NA,NA,NA
3308,8168,186004,186004000,64630,186004,Skagershult,{9396AD70-A0B0-11D3-9E53-009027B0FCE9},SE/186004000,territorial,NA,18,T,Örebro,Skagershult,Skagershults församling,Skagershults,NA,NA,SKAGERSHULT,SKAGERSHULT,1647,1990
3311,6446,156109,156109000,81540,156109,Skallerud,{9396AAF3-A0B0-11D3-9E53-009027B0FCE9},SE/156109000,territorial,NA,15,P,Älvsborgs,Skållerud,Skålleruds församling,Skålleruds,NA,NA,SKÅLLERUD,SKÅLLERUD,1600,1990
3312,6459,138304,138304000,77860,138304,Skallinge,{9396A9E0-A0B0-11D3-9E53-009027B0FCE9},SE/138304000,territorial,NA,13,N,Hallands,Skällinge,Skällinge församling,Skällinge,NA,NA,SKÄLLINGE,SKÄLLINGE,1600,1990
3313,7779,168217,168217000,57740,168217,Skallmeja,{9396AC5A-A0B0-11D3-9E53-009027B0FCE9},SE/168217000,territorial,NA,16,R,Skaraborgs,Skallmeja,Skallmeja församling,Skallmeja,NA,NA,SKALLMEJA,SKALLMEJA,1600,1990
3314,6530,152402,152402000,75580,152402,Skallsjo,{9396AABE-A0B0-11D3-9E53-009027B0FCE9},SE/152402000,territorial,NA,15,P,Älvsborgs,Skallsjö,Skallsjö församling,Skallsjö,NA,NA,SKALLSJÖ,SKALLSJÖ,1600,1990
3315,5840,58207,58207000,55550,58207,Skallvik,{9396A55B-A0B0-11D3-9E53-009027B0FCE9},SE/058207000,territorial,NA,5,E,Östergötlands,Skällvik,Skällviks församling,Skällviks,NA,NA,SKÄLLVIK,SKÄLLVIK,1600,1990
3316,7027,168108,168108000,59670,168108,Skalunda,{9396AC2C-A0B0-11D3-9E53-009027B0FCE9},SE/168108000,territorial,NA,16,R,Skaraborgs,Skalunda,Skalunda församling,Skalunda,NA,NA,SKALUNDA,SKALUNDA,1600,1990
3317,7273,166110,166110000,58420,166110,Skalvum,{9396ABF5-A0B0-11D3-9E53-009027B0FCE9},SE/166110000,territorial,NA,16,R,Skaraborgs,Skälvum,Skälvums församling,Skälvums,NA,NA,SKÄLVUM,SKÄLVUM,1600,1990
3318,6977,19107,19107000,51930,19107,Skanela,{9396A3DC-A0B0-11D3-9E53-009027B0FCE9},SE/019107000,territorial,NA,1,AB,Stockholms,Skånela,Skånela församling,Skånela,NA,NA,SKÅNELA,SKÅNELA,1600,1990
3319,7825,113703,113703000,73560,113703,SkanesFagerhult,{9396A7C9-A0B0-11D3-9E53-009027B0FCE9},SE/113703000,territorial,NA,11,L,Kristianstads,Skånes-Fagerhult,Skånes-Fagerhults församling,Skånes-Fagerhults,Fagerhult,1949 Fagerhult,SKÅNES-FAGERHULT,FAGERHULT,1600,1990
3320,6249,168210,168210000,60840,168210,SkaningsAsaka,{9396AC51-A0B0-11D3-9E53-009027B0FCE9},SE/168210000,territorial,NA,16,R,Skaraborgs,Skånings-Åsaka,Skånings-Åsaka församling,Skånings-Åsaka,Åsaka,1885 Åsaka,SKÅNINGS-ÅSAKA,ÅSAKA (SKÅNINGS-ÅSAKA),1600,1990
3321,7631,58603,58603000,56900,58603,Skanninge,{9396A585-A0B0-11D3-9E53-009027B0FCE9},SE/058603000,territorial,NA,5,E,Östergötlands,Skänninge,Skänninge församling,Skänninge,Skeninge,1910 Skeninge,SKÄNNINGE,SKÄNNINGE,1600,1990
3322,7367,123305,123305000,69980,123305,Skanor,{9396A887-A0B0-11D3-9E53-009027B0FCE9},SE/123305000,territorial,NA,12,M,Skåne,Skanör,Skanörs församling,Skanörs,NA,NA,SKANÖR,SKANÖR,1600,1990
3323,NA,118300,NA,NA,NA,Skanskatrangkaren,NA,NA,other,NA,11,L,Kristianstads,Skånska trängkåren,NA,NA,NA,1901 Vendes trängbataljon,NA,NA,NA,NA
3324,NA,168200,NA,NA,NA,Skara,NA,NA,other,NA,16,R,Skaraborgs,Skara,NA,NA,NA,NA,NA,NA,NA,NA
3325,8632,168201,168201000,57570,168201,Skaradomkyrkoforsamling,{9396AC46-A0B0-11D3-9E53-009027B0FCE9},SE/168201000,territorial,NA,16,R,Skaraborgs,Skara domkyrkoförsamling,Skara domkyrkoförsamling,Skara domkyrkoförsamling,NA,1974 Skara,SKARA DOMKYRKO,SKARA LANDS,1934,1990
3326,NA,168200,NA,NA,NA,Skarahospitalsforsamling,NA,NA,hospital,3327,16,R,Skaraborgs,Skara hospitalsförsamling,NA,NA,NA,NA,NA,NA,NA,NA
3327,7415,168200,168201002,57570,168201,Skaralandsforsamling,{9396AC48-A0B0-11D3-9E53-009027B0FCE9},SE/168201002,territorial,NA,16,R,Skaraborgs,Skara landsförsamling,Skara landsförsamling,Skara landsförsamling,NA,NA,SKARA LANDS,SKARA LANDS,1600,1933
3328,7125,168200,168201001,57570,168201,Skarastadsforsamling,{9396AC47-A0B0-11D3-9E53-009027B0FCE9},SE/168201001,territorial,NA,16,R,Skaraborgs,Skara stadsförsamling,Skara stadsförsamling,Skara stadsförsamling,NA,NA,SKARA STADS,SKARA LANDS,1600,1933
3329,NA,68500,NA,NA,NA,Skarback,NA,NA,other,2924,6,F,Jönköpings,Skärbäck,NA,NA,NA,NA,NA,NA,NA,NA
3330,6532,128602,128602000,71010,128602,Skarby,{9396A95F-A0B0-11D3-9E53-009027B0FCE9},SE/128602000,territorial,NA,12,M,Skåne,Skårby,Skårby församling,Skårby,NA,NA,SKÅRBY,NA,1600,1990
3331,8759,18040,18040000,63343,18040,Skarholmen,{9396A390-A0B0-11D3-9E53-009027B0FCE9},SE/018040000,territorial,NA,1,AB,Stockholms,Skärholmen,Skärholmens församling,Skärholmens,NA,NA,SKÄRHOLMEN,HÄGERSTEN,1969,1990
3332,7518,128520,128520000,71440,128520,Skarhult,{9396A95B-A0B0-11D3-9E53-009027B0FCE9},SE/128520000,territorial,NA,12,M,Skåne,Skarhult,Skarhults församling,Skarhults,NA,NA,SKARHULT,SKARHULT,1600,1990
3334,7626,58111,58111000,55020,58111,Skarkind,{9396A540-A0B0-11D3-9E53-009027B0FCE9},SE/058111000,territorial,NA,5,E,Östergötlands,Skärkind,Skärkinds församling,Skärkinds,NA,NA,SKÄRKIND,SKÄRKIND,1600,1990
3336,8685,18036,18036000,63347,18036,Skarpnack,{9396A38C-A0B0-11D3-9E53-009027B0FCE9},SE/018036000,territorial,NA,1,AB,Stockholms,Skarpnäck,Skarpnäcks församling,Skarpnäcks,NA,NA,SKARPNÄCK,SKARPNÄCK,1957,1990
3337,7371,166007,166007000,57760,166007,Skarstad,{9396ABD9-A0B0-11D3-9E53-009027B0FCE9},SE/166007000,territorial,NA,16,R,Skaraborgs,Skarstad,Skarstads församling,Skarstads,NA,NA,SKARSTAD,SKARSTAD,1600,1990
3338,6316,68010,68010000,69390,68010,Skarstad-0,{9396A5CC-A0B0-11D3-9E53-009027B0FCE9},SE/068010000,territorial,NA,6,F,Jönköpings,Skärstad,Skärstads församling,Skärstads,NA,NA,SKÄRSTAD,SKÄRSTAD,1600,1990
3339,NA,126500,NA,NA,NA,Skartofta,NA,NA,other,2830,12,M,Skåne,Skartofta,NA,NA,NA,NA,NA,NA,NA,NA
3340,5952,168207,168207000,58740,168207,Skarv,{9396AC4E-A0B0-11D3-9E53-009027B0FCE9},SE/168207000,territorial,NA,16,R,Skaraborgs,Skärv,Skärvs församling,Skärvs,NA,NA,SKÄRV,SKÄRV,1600,1990
3341,NA,168600,NA,NA,NA,Skarvum,NA,NA,other,1125,16,R,Skaraborgs,Skärvum,NA,NA,NA,NA,NA,NA,NA,NA
3342,7650,76410,76410000,67080,76410,Skatelov,{9396A649-A0B0-11D3-9E53-009027B0FCE9},SE/076410000,territorial,NA,7,G,Kronobergs,Skatelöv,Skatelövs församling,Skatelövs,NA,NA,SKATELÖV,SKATELÖV,1600,1990
3343,NA,203400,NA,NA,NA,Skattunge,NA,NA,other,2719,20,W,Dalarnas,Skattunge,NA,NA,NA,NA,NA,NA,NA,NA
3344,7006,166106,166106000,58390,166106,Skeby,{9396ABF1-A0B0-11D3-9E53-009027B0FCE9},SE/166106000,territorial,NA,16,R,Skaraborgs,Skeby,Skeby församling,Skeby,NA,NA,SKEBY,SKEBY,1600,1990
3345,7133,58010,58010000,54180,58010,Skeda,{9396A518-A0B0-11D3-9E53-009027B0FCE9},SE/058010000,territorial,NA,5,E,Östergötlands,Skeda,Skeda församling,Skeda,NA,NA,SKEDA,SKEDA,1600,1990
3347,6036,68518,68518000,69120,68518,Skede,{9396A611-A0B0-11D3-9E53-009027B0FCE9},SE/068518000,territorial,NA,6,F,Jönköpings,Skede,Skede församling,Skede,NA,NA,SKEDE,SKEDE,1600,1990
3348,6423,18812,18812000,50730,18812,Skederid,{9396A3C1-A0B0-11D3-9E53-009027B0FCE9},SE/018812000,territorial,NA,1,AB,Stockholms,Skederid,Skederids församling,Skederids,NA,NA,SKEDERID,SKEDERID,1600,1990
3350,7898,56204,56204000,55700,56204,Skedevi,{9396A504-A0B0-11D3-9E53-009027B0FCE9},SE/056204000,territorial,NA,5,E,Östergötlands,Skedevi,Skedevi församling,Skedevi,NA,NA,SKEDEVI,SKEDEVI,1600,1990
3351,NA,56200,NA,NA,NA,NA,NA,NA,kbfd,NA,5,E,Östergötlands,Skedevi norra kyrkobokföringsområde,NA,NA,NA,NA,NA,NA,NA,NA
3352,NA,56200,NA,NA,NA,Skedevisodrakyrkobokforingsomrade,NA,NA,kbfd,NA,5,E,Östergötlands,Skedevi södra kyrkobokföringsområde,NA,NA,NA,NA,NA,NA,NA,NA
3355,8213,148602,148602000,76740,148602,Skee,{9396AA9F-A0B0-11D3-9E53-009027B0FCE9},SE/148602000,territorial,NA,14,O,Västra Götalands,Skee,Skee församling,Skee,Skede,Skede,SKEE,SKEE,1670,1990
3356,NA,148600,NA,NA,NA,Skeekbfd,NA,NA,kbfd,3355,14,O,Västra Götalands,Skee kbfd,NA,NA,NA,NA,NA,NA,NA,NA
3357,6504,128518,128518000,71400,128518,Skeglinge,{9396A959-A0B0-11D3-9E53-009027B0FCE9},SE/128518000,territorial,NA,12,M,Skåne,Skeglinge,Skeglinge församling,Skeglinge,NA,NA,SKEGLINGE,NA,1600,1990
3358,6496,128706,128706000,69910,128706,Skegrie,{9396A97B-A0B0-11D3-9E53-009027B0FCE9},SE/128706000,territorial,NA,12,M,Skåne,Skegrie,Skegrie församling,Skegrie,NA,NA,SKEGRIE,SKEGRIE,1600,1990
3359,8356,248200,NA,NA,NA,Skelleftea,{9396AFEF-A0B0-11D3-9E53-009027B0FCE9},SE/248204004,territorial,NA,24,AC,Västerbottens,Skellefteå,Skellefteå församling,Skellefteå,NA,NA,NA,NA,1811,1837
3360,NA,248200,NA,NA,NA,Skellefteakbfd,NA,NA,kbfd,3359,24,AC,Västerbottens,Skellefteå kbfd,NA,NA,NA,NA,NA,NA,NA,NA
3361,8733,248204,248204000,82980,248204,Skelleftealandsforsamling,{9396AFEB-A0B0-11D3-9E53-009027B0FCE9},SE/248204000,territorial,NA,24,AC,Västerbottens,Skellefteå landsförsamling,Skellefteå landsförsamling,Skellefteå landsförsamling,NA,1913 Skellefteå,SKELLEFTEÅ LANDS,SKELLEFTEÅ,1962,1990
3362,NA,248200,NA,NA,NA,Skelleftealandsforsamlingskbfd,NA,NA,kbfd,3359,24,AC,Västerbottens,Skellefteå landsförsamlings kbfd,NA,NA,NA,NA,NA,NA,NA,NA
3363,8695,248201,248201000,82981,248201,SkellefteaSanktOlov,{9396AFE7-A0B0-11D3-9E53-009027B0FCE9},SE/248201000,territorial,NA,24,AC,Västerbottens,Skellefteå Sankt Olov,Skellefteå Sankt Olovs församling,Skellefteå Sankt Olovs,"Olov, Sankt Olov, Skellefteå stadsförsamling",1960 Skellefteå stadsförsamling,SKELLEFTEÅ SANKT OLOV,SKELLEFTEÅ SANKT OLOF,1961,1990
3364,8696,248202,248202000,82987,248202,SkellefteaSanktOrjan,{9396AFE9-A0B0-11D3-9E53-009027B0FCE9},SE/248202000,territorial,NA,24,AC,Västerbottens,Skellefteå Sankt Örjan,Skellefteå Sankt Örjans församling,Skellefteå Sankt Örjans,"Örjan, Sankt Örjan",NA,SKELLEFTEÅ SANKT ÖRJAN,NA,1961,1990
3366,NA,248200,NA,NA,NA,Skelleftehamnskbfd,NA,NA,kbfd,3364,24,AC,Västerbottens,Skelleftehamns kbfd,NA,NA,NA,NA,NA,NA,NA,NA
3367,NA,156302,NA,NA,NA,Skenekbfd,NA,NA,kbfd,2695,15,P,Älvsborgs,Skene kbfd,NA,NA,NA,NA,NA,NA,NA,NA
3369,7601,156306,156306000,76940,156306,Skephult,{9396AB00-A0B0-11D3-9E53-009027B0FCE9},SE/156306000,territorial,NA,15,P,Älvsborgs,Skephult,Skephults församling,Skephults,NA,1940 Skepphult,SKEPHULT,SKEPHULT,1600,1990
3370,6339,118006,118006000,74680,118006,Skepparslov,{9396A806-A0B0-11D3-9E53-009027B0FCE9},SE/118006000,territorial,NA,11,L,Kristianstads,Skepparslöv,Skepparslövs församling,Skepparslövs,NA,NA,SKEPPARSLÖV,SKEPPARSLÖV,1600,1990
3371,7360,68405,68405000,69000,68405,Skepperstad,{9396A5FC-A0B0-11D3-9E53-009027B0FCE9},SE/068405000,territorial,NA,6,F,Jönköpings,Skepperstad,Skepperstads församling,Skepperstads,NA,NA,SKEPPERSTAD,SKEPPERSTAD,1600,1990
3373,6236,152103,152103000,75660,152103,Skepplanda,{9396AAB9-A0B0-11D3-9E53-009027B0FCE9},SE/152103000,territorial,NA,15,P,Älvsborgs,Skepplanda,Skepplanda församling,Skepplanda,NA,NA,SKEPPLANDA,SKEPPLANDA,1600,1990
3374,6110,58609,58609000,54410,58609,Skeppsas,{9396A58B-A0B0-11D3-9E53-009027B0FCE9},SE/058609000,territorial,NA,5,E,Östergötlands,Skeppsås,Skeppsås församling,Skeppsås,NA,NA,SKEPPSÅS,SKEPPSÅS,1600,1990
3376,NA,18000,NA,NA,NA,Skeppsholm,NA,NA,other,1457,1,AB,Stockholms,Skeppsholm,NA,NA,"Amiralitetsförsamlingen, Flottan",NA,NA,NA,NA,NA
3377,7047,19109,19109000,51890,19109,Skepptuna,{9396A3DE-A0B0-11D3-9E53-009027B0FCE9},SE/019109000,territorial,NA,1,AB,Stockholms,Skepptuna,Skepptuna församling,Skepptuna,NA,NA,SKEPPTUNA,SKEPPTUNA,1600,1990
3379,7956,173004,173004000,80730,173004,Skillingmark,{9396ACDD-A0B0-11D3-9E53-009027B0FCE9},SE/173004000,territorial,NA,17,S,Värmlands,Skillingmark,Skillingmarks församling,Skillingmarks,NA,"Skillingemark, skall vara Skillingmark enligt KBr 1914-04-24",SKILLINGMARK,SKILLINGMARK,1600,1990
3381,7129,190402,190402000,65120,190402,Skinnskatteberg,{9396ADD4-A0B0-11D3-9E53-009027B0FCE9},SE/190402000,territorial,NA,19,U,Västmanlands,Skinnskatteberg,Skinnskattebergs församling,Skinnskattebergs,NA,NA,SKINNSKATTEBERG,SKINNSKATTEBERG,1600,1990
3383,6374,68513,68513000,69180,68513,Skiro,{9396A60C-A0B0-11D3-9E53-009027B0FCE9},SE/068513000,territorial,NA,6,F,Jönköpings,Skirö,Skirö församling,Skirö,NA,NA,SKIRÖ,SKIRÖ,1600,1990
3384,7229,126406,126406000,70980,126406,Skivarp,{9396A8B8-A0B0-11D3-9E53-009027B0FCE9},SE/126406000,territorial,NA,12,M,Skåne,Skivarp,Skivarps församling,Skivarps,NA,NA,SKIVARP,SKIVARP,1600,1990
3386,NA,168100,NA,NA,NA,Skofteby,NA,NA,other,NA,16,R,Skaraborgs,Skofteby,NA,NA,NA,NA,NA,NA,NA,NA
3387,8577,218203,218203000,53550,218203,Skog,{9396AECA-A0B0-11D3-9E53-009027B0FCE9},SE/218203000,territorial,NA,21,X,Gävleborgs,Skog,Skogs församling (X-län),Skogs,NA,NA,SKOG (X-län),SKOG MED LINGBO KAPELLFÖRSAMLING,1917,1990
3388,5813,228203,228203000,82090,228203,NA,{9396AF18-A0B0-11D3-9E53-009027B0FCE9},SE/228203000,territorial,NA,22,Y,Västernorrlands,Skog,Skogs församling (Y-län),Skogs,NA,NA,SKOG (Y-län),SKOG,1600,1990
3391,NA,176100,NA,NA,NA,Skoghallskbfd,NA,NA,kbfd,1260,17,S,Värmlands,Skoghalls kbfd,NA,NA,NA,NA,NA,NA,NA,NA
3392,7706,152707,152707000,61855,152707,Skogsbygden,{9396AAC8-A0B0-11D3-9E53-009027B0FCE9},SE/152707000,territorial,NA,15,P,Älvsborgs,Skogsbygden,Skogsbygdens församling,Skogsbygdens,Norska Skogsbygden,"1910 Nårska Skogsbygden, Norska) Skogsbygden, 1910-10-21- Skogsbygden",SKOGSBYGDEN,NA,1600,1990
3393,8805,78028,78028000,66884,78028,Skogslyckan,{9396A679-A0B0-11D3-9E53-009027B0FCE9},SE/078028000,territorial,NA,7,G,Kronobergs,Skogslyckan,Skogslyckans församling,Skogslyckans,NA,NA,SKOGSLYCKAN,NA,1977,1990
3394,7352,38016,38016000,50930,38016,SkogsTibble,{9396A410-A0B0-11D3-9E53-009027B0FCE9},SE/038016000,territorial,NA,3,C,Uppsala,Skogs-Tibble,Skogs-Tibble församling,Skogs-Tibble,Tibble,1885 Tibble,SKOGS-TIBBLE,SKOGS-TIBBLE,1600,1990
3395,7710,30505,30505000,52110,30505,Skokloster,{9396A3ED-A0B0-11D3-9E53-009027B0FCE9},SE/030505000,territorial,NA,3,C,Uppsala,Skokloster,Skoklosters församling,Skoklosters,"Flasta, Sko, Skog",NA,SKOKLOSTER,SKOKLOSTER,1600,1990
3396,6586,48304,48304000,62530,48304,Skoldinge,{9396A4A4-A0B0-11D3-9E53-009027B0FCE9},SE/048304000,territorial,NA,4,D,Södermanlands,Sköldinge,Sköldinge församling,Sköldinge,Skyllinge,Skyllinge,SKÖLDINGE,SKÖLDINGE,1600,1990
3397,6526,186104,186104000,64100,186104,Skollersta,{9396AD74-A0B0-11D3-9E53-009027B0FCE9},SE/186104000,territorial,NA,18,T,Örebro,Sköllersta,Sköllersta församling,Sköllersta,Skyllersta,"29 beslut att namnet skall vara Sköllersta., Skyllersta, 1923-06-29 beslut att namnet skall vara Sköllersta",SKÖLLERSTA,SKÖLLERSTA,1600,1990
3398,8825,156611,156611000,61620,156611,Skolvene,{9396AB2B-A0B0-11D3-9E53-009027B0FCE9},SE/156611000,territorial,NA,15,P,Älvsborgs,Skölvene,Skölvene församling,Skölvene,NA,1910 Skölfvened,SKÖLVENE,SKÖLVENE,1989,1990
3399,8504,228103,228103000,83470,228103,Skon,{9396AF06-A0B0-11D3-9E53-009027B0FCE9},SE/228103000,territorial,NA,22,Y,Västernorrlands,Skön,Sköns församling,Sköns,NA,NA,SKÖN,SKÖN,1905,1990
3400,7137,58203,58203000,55520,58203,Skonberga,{9396A557-A0B0-11D3-9E53-009027B0FCE9},SE/058203000,territorial,NA,5,E,Östergötlands,Skönberga,Skönberga församling,Skönberga,Skinberga,"Skinberga, 1907 ändrat på SCB till Skönberga",SKÖNBERGA,SKÖNBERGA,1600,1990
3401,8503,228102,228102000,83472,228102,Skonsmon,{9396AF04-A0B0-11D3-9E53-009027B0FCE9},SE/228102000,territorial,NA,22,Y,Västernorrlands,Skönsmon,Skönsmons församling 1905-,Skönsmons,NA,NA,SKÖNSMON,SKÖNSMON,1905,1990
3403,8307,228405,228405000,82490,228405,Skorped,{9396AF35-A0B0-11D3-9E53-009027B0FCE9},SE/228405000,territorial,NA,22,Y,Västernorrlands,Skorped,Skorpeds församling,Skorpeds,NA,NA,SKORPED,SKORPED,1779,1990
3404,6295,168630,168630000,59350,168630,Skorstorp,{9396ACBD-A0B0-11D3-9E53-009027B0FCE9},SE/168630000,territorial,NA,16,R,Skaraborgs,Skörstorp,Skörstorps församling,Skörstorps,NA,NA,SKÖRSTORP,NA,1600,1990
3407,8796,168301,168301000,60580,168301,NA,{9396AC5C-A0B0-11D3-9E53-009027B0FCE9},SE/168301000,territorial,NA,16,R,Skaraborgs,Skövde,Skövde församling (R-län),Skövde,NA,1915 Skövde stadsförsamling,SKÖVDE (R-län),SKÖVDE STADS,1974,1990
3408,6200,168300,168301003,60580,168301,Skovdelandsforsamling,{9396AC5F-A0B0-11D3-9E53-009027B0FCE9},SE/168301003,territorial,NA,16,R,Skaraborgs,Skövde landsförsamling,Skövde landsförsamling,Skövde landsförsamling,NA,NA,SKÖVDE LANDS,SKÖVDE STADS,1600,1915
3412,7803,138202,138202000,78010,138202,Skrea,{9396A9C5-A0B0-11D3-9E53-009027B0FCE9},SE/138202000,territorial,NA,13,N,Hallands,Skrea,Skrea församling,Skrea,NA,NA,SKREA,SKREA,1600,1990
3413,7862,148509,148509000,76420,148509,Skredsvik,{9396AA99-A0B0-11D3-9E53-009027B0FCE9},SE/148509000,territorial,NA,14,O,Västra Götalands,Skredsvik,Skredsviks församling,Skredsviks,NA,NA,SKREDSVIK,SKREDSVIK,1600,1990
3416,7020,198007,198007000,64800,198007,Skultuna,{9396ADF9-A0B0-11D3-9E53-009027B0FCE9},SE/198007000,territorial,NA,19,U,Västmanlands,Skultuna,Skultuna församling,Skultuna,NA,NA,SKULTUNA,SKULTUNA,1600,1990
3417,5928,138105,138105000,78640,138105,Skummeslov,{9396A9BC-A0B0-11D3-9E53-009027B0FCE9},SE/138105000,territorial,NA,13,N,Hallands,Skummeslöv,Skummeslövs församling,Skummeslövs,NA,NA,SKUMMESLÖV,SKUMMESLÖV,1600,1990
3418,6276,126401,126401000,70880,126401,Skurup,{9396A8B3-A0B0-11D3-9E53-009027B0FCE9},SE/126401000,territorial,NA,12,M,Skåne,Skurup,Skurups församling,Skurups,NA,NA,SKURUP,SKURUP,1600,1990
3419,8533,31902,31902000,52962,31902,Skutskar,{9396A3F1-A0B0-11D3-9E53-009027B0FCE9},SE/031902000,territorial,NA,3,C,Uppsala,Skutskär,Skutskärs församling,Skutskärs,NA,NA,SKUTSKÄR,SKUTSKÄR,1909,1990
3420,6965,38022,38022000,52760,38022,Skuttunge,{9396A416-A0B0-11D3-9E53-009027B0FCE9},SE/038022000,territorial,NA,3,C,Uppsala,Skuttunge,Skuttunge församling,Skuttunge,NA,NA,SKUTTUNGE,SKUTTUNGE,1600,1990
3423,7839,166003,166003000,57630,166003,Sladene,{9396ABD5-A0B0-11D3-9E53-009027B0FCE9},SE/166003000,territorial,NA,16,R,Skaraborgs,Slädene,Slädene församling,Slädene,NA,NA,SLÄDENE,SLÄDENE,1600,1990
3424,NA,128700,NA,NA,NA,Slagarp,NA,NA,other,NA,12,M,Skåne,Slågarp,NA,NA,NA,NA,NA,NA,NA,NA
3425,6795,58004,58004000,54170,58004,Slaka,{9396A512-A0B0-11D3-9E53-009027B0FCE9},SE/058004000,territorial,NA,5,E,Östergötlands,Slaka,Slaka församling,Slaka,NA,NA,SLAKA,SLAKA,1600,1990
3427,6866,138405,138405000,77620,138405,Slap,{9396A9FB-A0B0-11D3-9E53-009027B0FCE9},SE/138405000,territorial,NA,13,N,Hallands,Släp,Släps församling,Släps,NA,NA,SLÄP,SLÄP,1600,1990
3428,7075,138017,138017000,78400,138017,Slattakra,{9396A9B2-A0B0-11D3-9E53-009027B0FCE9},SE/138017000,territorial,NA,13,N,Hallands,Slättåkra,Slättåkra församling,Slättåkra,NA,NA,SLÄTTÅKRA,SLÄTTÅKRA,1600,1990
3429,6086,76406,76406000,67190,76406,Slatthog,{9396A645-A0B0-11D3-9E53-009027B0FCE9},SE/076406000,territorial,NA,7,G,Kronobergs,Slätthög,Slätthögs församling,Slätthögs,NA,NA,SLÄTTHÖG,SLÄTTHÖG,1600,1990
3430,6095,126411,126411000,70120,126411,Slimminge,{9396A8BD-A0B0-11D3-9E53-009027B0FCE9},SE/126411000,territorial,NA,12,M,Skåne,Slimminge,Slimminge församling,Slimminge,NA,NA,SLIMMINGE,SLIMMINGE,1600,1990
3431,5992,138206,138206000,78290,138206,Sloinge,{9396A9C9-A0B0-11D3-9E53-009027B0FCE9},SE/138206000,territorial,NA,13,N,Hallands,Slöinge,Slöinge församling,Slöinge,NA,NA,SLÖINGE,SLÖINGE,1600,1990
3432,6548,168624,168624000,59206,168624,Slota,{9396ACB7-A0B0-11D3-9E53-009027B0FCE9},SE/168624000,territorial,NA,16,R,Skaraborgs,Slöta,Slöta församling,Slöta,NA,NA,SLÖTA,NA,1600,1990
3434,8657,128002,128002000,69471,128002,Slottsstaden,{9396A8E7-A0B0-11D3-9E53-009027B0FCE9},SE/128002000,slott,2260,12,M,Skåne,Slottsstaden,Slottsstadens församling,Slottsstadens,NA,NA,SLOTTSSTADEN,NA,1949,1990
3435,NA,68000,NA,NA,NA,Smalandsartilleriregemente,NA,NA,regemente,NA,6,F,Jönköpings,Smålands artilleriregemente,NA,NA,NA,1904 Andra Göta artilleriregemente,NA,NA,NA,NA
3436,NA,168600,NA,NA,NA,NA,NA,NA,other,3437,16,R,Skaraborgs,Smedby,NA,NA,NA,NA,NA,NA,NA,NA
3437,6190,84007,84007000,79700,84007,Smedby,{9396A6A2-A0B0-11D3-9E53-009027B0FCE9},SE/084007000,territorial,NA,8,H,Kalmar,Smedby,Smedby församling,Smedby,NA,NA,SMEDBY,SMEDBY,1600,1990
3438,7608,116009,116009000,73150,116009,Smedstorp,{9396A7D4-A0B0-11D3-9E53-009027B0FCE9},SE/116009000,territorial,NA,11,L,Kristianstads,Smedstorp,Smedstorps församling,Smedstorps,NA,NA,SMEDSTORP,SMEDSTORP,1600,1990
3439,8603,142704,142704000,76662,142704,Smogen,{9396AA33-A0B0-11D3-9E53-009027B0FCE9},SE/142704000,territorial,NA,14,O,Västra Götalands,Smögen,Smögens församling,Smögens,NA,NA,SMÖGEN,SMÖGEN,1924,1990
3440,6453,168652,168652000,61080,168652,Smula,{9396ACD4-A0B0-11D3-9E53-009027B0FCE9},SE/168652000,territorial,NA,16,R,Skaraborgs,Smula,Smula församling,Smula,NA,NA,SMULA,SMULA,1600,1990
3441,7809,128604,128604000,71000,128604,Snarestad,{9396A961-A0B0-11D3-9E53-009027B0FCE9},SE/128604000,territorial,NA,12,M,Skåne,Snårestad,Snårestads församling,Snårestads,NA,Snorrestad,SNÅRESTAD,SNÅRESTAD,1600,1990
3442,6923,188204,188204000,64490,188204,Snavlunda,{9396ADB4-A0B0-11D3-9E53-009027B0FCE9},SE/188204000,territorial,NA,18,T,Örebro,Snavlunda,Snavlunda församling,Snavlunda,NA,NA,SNAVLUNDA,SNAVLUNDA,1600,1990
3443,7711,138003,138003000,78520,138003,Snostorp,{9396A9A4-A0B0-11D3-9E53-009027B0FCE9},SE/138003000,territorial,NA,13,N,Hallands,Snöstorp,Snöstorps församling,Snöstorps,NA,NA,SNÖSTORP,SNÖSTORP,1600,1990
3444,7032,83471,83471000,79200,83471,Soderakra,{9396A69A-A0B0-11D3-9E53-009027B0FCE9},SE/083471000,territorial,NA,8,H,Kalmar,Söderåkra,Söderåkra församling,Söderåkra,Sofia Magdalena,NA,SÖDERÅKRA,SÖDERÅKRA,1600,1990
3445,NA,83403,NA,NA,NA,NA,NA,NA,kbfd,3444,8,H,Kalmar,Söderåkra norra kbfd,NA,NA,NA,NA,NA,NA,NA,NA
3446,NA,83404,NA,NA,NA,NA,NA,NA,kbfd,3444,8,H,Kalmar,Söderåkra södra kbfd,NA,NA,NA,NA,NA,NA,NA,NA
3447,8573,218205,218205000,53490,218205,Soderala,{9396AECE-A0B0-11D3-9E53-009027B0FCE9},SE/218205000,territorial,NA,21,X,Gävleborgs,Söderala,Söderala församling,Söderala,NA,NA,SÖDERALA,SÖDERALA MED MARÅKERS BRUKSKAPELL,1917,1990
3448,8770,206102,206102000,65620,206102,Soderbarke,{9396AE52-A0B0-11D3-9E53-009027B0FCE9},SE/206102000,territorial,NA,20,W,Dalarnas,Söderbärke,Söderbärke församling,Söderbärke,Bärke,NA,SÖDERBÄRKE,MALINGSBO,1970,1990
3451,7787,18819,18819000,50594,18819,SoderbyKarl,{9396A3C8-A0B0-11D3-9E53-009027B0FCE9},SE/018819000,territorial,NA,1,AB,Stockholms,Söderby-Karl,Söderby-Karls församling,Söderby-Karls,Söderby,1796 Söderby,SÖDERBY-KARL,SÖDERBY (DEL AV SÖDERBY-KARL),1600,1990
3452,8240,36006,36006000,53040,36006,Soderfors,{9396A3F8-A0B0-11D3-9E53-009027B0FCE9},SE/036006000,territorial,NA,3,C,Uppsala,Söderfors,Söderfors församling,Söderfors,NA,"29 överfört Jörtsön från Hedesunda, -1935 huvuddelen i Uppsala län, del i Gävleborgs län",SÖDERFORS,SÖDERFORS,1699,1990
3453,8578,218201,218201000,53520,218201,Soderhamn,{9396AEC7-A0B0-11D3-9E53-009027B0FCE9},SE/218201000,territorial,NA,21,X,Gävleborgs,Söderhamn,Söderhamns församling,Söderhamns,NA,NA,SÖDERHAMN,SÖDERHAMN,1917,1990
3456,8787,18101,18101000,63590,18101,Sodertalje,{9396A397-A0B0-11D3-9E53-009027B0FCE9},SE/018101000,territorial,NA,1,AB,Stockholms,Södertälje,Södertälje församling,Södertälje,"Södertälje stadsförsamling, Tälje",1945 Södertälje stadsförsamling,SÖDERTÄLJE,SÖDERTÄLJE STADS,1973,1990
3459,6429,126106,126106000,72120,126106,Sodervidinge,{9396A89C-A0B0-11D3-9E53-009027B0FCE9},SE/126106000,territorial,NA,12,M,Skåne,Södervidinge,Södervidinge församling,Södervidinge,NA,NA,SÖDERVIDINGE,SÖDERVIDINGE,1600,1990
3460,6158,128719,128719000,70870,128719,SodraAby,{9396A989-A0B0-11D3-9E53-009027B0FCE9},SE/128719000,territorial,NA,12,M,Skåne,Södra Åby,Södra Åby församling,Södra Åby,Åby,NA,SÖDRA ÅBY,SÖDRA ÅBY,1600,1990
3461,7512,123310,123310000,69600,123310,SodraAkarp,{9396A88C-A0B0-11D3-9E53-009027B0FCE9},SE/123310000,territorial,NA,12,M,Skåne,Södra Åkarp,Södra Åkarps församling,Södra Åkarps,Åkarp,1885 Åkarp,SÖDRA ÅKARP,NA,1600,1990
3462,5870,155205,155205000,77320,155205,SodraAsarp,{9396AAD9-A0B0-11D3-9E53-009027B0FCE9},SE/155205000,territorial,NA,15,P,Älvsborgs,Södra Åsarp,Södra Åsarps församling,Södra Åsarps,Åsarp,1885 Åsarp,SÖDRA ÅSARP,SÖDRA ÅSARP,1600,1990
3463,6568,126503,126503000,71650,126503,SodraAsum,{9396A8C2-A0B0-11D3-9E53-009027B0FCE9},SE/126503000,territorial,NA,12,M,Skåne,Södra Åsum,Södra Åsums församling,Södra Åsums,Åsum,1885 Åsum,SÖDRA ÅSUM,SÖDRA ÅSUM,1600,1990
3464,NA,18000,NA,NA,NA,Sodrabataljonsforsamlingen,NA,NA,other,NA,1,AB,Stockholms,Södra bataljonsförsamlingen,NA,NA,NA,NA,NA,NA,NA,NA
3465,NA,250601,NA,NA,NA,SodraBergnaskbfd,NA,NA,kbfd,174,25,BD,Norrbottens,Södra Bergnäs kbfd,NA,NA,Bergnäs kbfd,NA,NA,NA,NA,NA
3466,5951,156612,156612000,61950,156612,SodraBjorke,{9396AB2E-A0B0-11D3-9E53-009027B0FCE9},SE/156612000,territorial,NA,15,P,Älvsborgs,Södra Björke,Södra Björke församling,Södra Björke,Björke,1885 Björke,SÖDRA BJÖRKE,NA,1600,1990
3467,8496,168405,168405000,59742,168405,SodraFagelas,{9396AC83-A0B0-11D3-9E53-009027B0FCE9},SE/168405000,territorial,NA,16,R,Skaraborgs,Södra Fågelås,Södra Fågelås församling,Södra Fågelås,Fågelås kapell,NA,SÖDRA FÅGELÅS,SÖDRA FÅGELÅS,1902,1990
3468,8379,173707,173707000,80040,173707,SodraFinnskoga,{9396ACE9-A0B0-11D3-9E53-009027B0FCE9},SE/173707000,territorial,NA,17,S,Värmlands,Södra Finnskoga,Södra Finnskoga församling,Södra Finnskoga,NA,NA,SÖDRA FINNSKOGA,SÖDRA FINNSKOGA,1831,1990
3469,7466,152715,152715000,61920,152715,SodraHarene,{9396AAD2-A0B0-11D3-9E53-009027B0FCE9},SE/152715000,territorial,NA,15,P,Älvsborgs,Södra Härene,Södra Härene församling,Södra Härene,NA,1885 Härene,SÖDRA HÄRENE,SÖDRA HÄRENE,1600,1990
3470,7703,66213,66213000,68640,66213,SodraHestra,{9396A5B3-A0B0-11D3-9E53-009027B0FCE9},SE/066213000,territorial,NA,6,F,Jönköpings,Södra Hestra,Södra Hestra församling,Södra Hestra,NA,1885 Hestra,SÖDRA HESTRA,SÖDRA HESTRA,1600,1990
3471,7544,166010,166010000,57720,166010,SodraKedum,{9396ABDC-A0B0-11D3-9E53-009027B0FCE9},SE/166010000,territorial,NA,16,R,Skaraborgs,Södra Kedum,Södra Kedums församling,Södra Kedums,"Barnekedum, Kedum",1885 Kedum,SÖDRA KEDUM,SÖDRA KEDUM,1600,1990
3472,NA,18000,NA,NA,NA,SodraKorrektionsinrattningen,NA,NA,other,NA,1,AB,Stockholms,Södra Korrektionsinrättningen,NA,NA,NA,NA,NA,NA,NA,NA
3473,7993,168637,168637000,60810,168637,SodraKyrketorp,{9396ACC4-A0B0-11D3-9E53-009027B0FCE9},SE/168637000,territorial,NA,16,R,Skaraborgs,Södra Kyrketorp,Södra Kyrketorps församling,Södra Kyrketorps,Kyrketorp,1885 Kyrketorp,SÖDRA KYRKETORP,NA,1600,1990
3474,6378,78105,78105000,67420,78105,SodraLjunga,{9396A67F-A0B0-11D3-9E53-009027B0FCE9},SE/078105000,territorial,NA,7,G,Kronobergs,Södra Ljunga,Södra Ljunga församling,Södra Ljunga,Ljunga,1885 Ljunga,SÖDRA LJUNGA,SÖDRA LJUNGA,1600,1990
3475,8101,11700,11703002,52595,11703,SodraLjustero,{9396A324-A0B0-11D3-9E53-009027B0FCE9},SE/011703002,territorial,NA,1,AB,Stockholms,Södra Ljusterö,Södra Ljusterö församling,Södra Ljusterö,NA,NA,SÖDRA LJUSTERÖ,NA,1631,1868
3476,6410,166015,166015000,58940,166015,SodraLundby,{9396ABE1-A0B0-11D3-9E53-009027B0FCE9},SE/166015000,territorial,NA,16,R,Skaraborgs,Södra Lundby,Södra Lundby församling,Södra Lundby,Lundby,1885 Lundby,SÖDRA LUNDBY,SÖDRA LUNDBY,1600,1990
3477,6961,118119,118119000,72810,118119,SodraMellby,{9396A839-A0B0-11D3-9E53-009027B0FCE9},SE/118119000,territorial,NA,11,L,Kristianstads,Södra Mellby,Södra Mellby församling,Södra Mellby,Mellby,1885 Mellby,SÖDRA MELLBY,SÖDRA MELLBY,1600,1990
3478,6098,84008,84008000,79710,84008,SodraMockleby,{9396A6A3-A0B0-11D3-9E53-009027B0FCE9},SE/084008000,territorial,NA,8,H,Kalmar,Södra Möckleby,Södra Möckleby församling,Södra Möckleby,NA,NA,SÖDRA MÖCKLEBY,SÖDRA MÖCKLEBY,1600,1990
3480,7551,164303,164303000,80190,164303,SodraRada,{9396ABD1-A0B0-11D3-9E53-009027B0FCE9},SE/164303000,territorial,NA,16,R,Skaraborgs,Södra Råda,Södra Råda församling,Södra Råda,Råda,1885 Råda,SÖDRA RÅDA,SÖDRA RÅDA,1600,1990
3481,7388,126607,126607000,71300,126607,SodraRorum,{9396A8D5-A0B0-11D3-9E53-009027B0FCE9},SE/126607000,territorial,NA,12,M,Skåne,Södra Rörum,Södra Rörums församling,Södra Rörums,"Rörum, Sallerup",NA,SÖDRA RÖRUM,SÖDRA RÖRUM,1600,1990
3484,7225,158412,158412000,77380,158412,SodraSam,{9396AB87-A0B0-11D3-9E53-009027B0FCE9},SE/158412000,territorial,NA,15,P,Älvsborgs,Södra Säm,Södra Säms församling,Södra Säms,Säm,1885 Säm,SÖDRA SÄM,SÖDRA SÄM,1600,1990
3485,7431,128113,128113000,70140,128113,SodraSandby,{9396A911-A0B0-11D3-9E53-009027B0FCE9},SE/128113000,territorial,NA,12,M,Skåne,Södra Sandby,Södra Sandby församling,Södra Sandby,Sandby,1885 Sandby,SÖDRA SANDBY,SÖDRA SANDBY,1600,1990
3486,7370,76305,76305000,67630,76305,SodraSandsjo,{9396A63A-A0B0-11D3-9E53-009027B0FCE9},SE/076305000,territorial,NA,7,G,Kronobergs,Södra Sandsjö,Södra Sandsjö församling,Södra Sandsjö,Sandsjö,1885 Sandsjö,SÖDRA SANDSJÖ,SÖDRA SANDSJÖ,1600,1990
3487,6288,68508,68508000,69160,68508,SodraSolberga,{9396A607-A0B0-11D3-9E53-009027B0FCE9},SE/068508000,territorial,NA,6,F,Jönköpings,Södra Solberga,Södra Solberga församling,Södra Solberga,Solberga,"1885 Solberga,",SÖDRA SOLBERGA,SÖDRA SOLBERGA,1600,1990
3488,7063,131507,131507000,68590,131507,SodraUnnaryd,{9396A99E-A0B0-11D3-9E53-009027B0FCE9},SE/131507000,territorial,NA,13,N,Hallands,Södra Unnaryd,Södra Unnaryds församling,Södra Unnaryds,Unnaryd,1885 Unnaryd,SÖDRA UNNARYD,SÖDRA UNNARYD,1600,1990
3489,7713,158400,158404002,61610,158404,SodraVanga,{9396AB7E-A0B0-11D3-9E53-009027B0FCE9},SE/158404002,territorial,NA,15,P,Älvsborgs,Södra Vånga,Södra Vånga församling,Södra Vånga,Vånga,1885 Vånga,SÖDRA VÅNGA,NA,1600,1988
3490,5798,88408,88408000,56140,88408,SodraVi,{9396A709-A0B0-11D3-9E53-009027B0FCE9},SE/088408000,territorial,NA,8,H,Kalmar,Södra Vi,Södra Vi församling,Södra Vi,Vi,NA,SÖDRA VI,SÖDRA VI,1600,1990
3492,7732,158410,158410000,61460,158410,SodraVing,{9396AB85-A0B0-11D3-9E53-009027B0FCE9},SE/158410000,territorial,NA,15,P,Älvsborgs,Södra Ving,Södra Vings församling,Södra Vings,Ving,1885 Ving,SÖDRA VING,SÖDRA VING,1600,1990
3494,8576,18017,18017000,85589,18017,NA,{9396A37A-A0B0-11D3-9E53-009027B0FCE9},SE/018017000,territorial,NA,1,AB,Stockholms,Sofia,Sofia församling (AB-län),Sofia,NA,NA,SOFIA (AB-län),"SOFIA, STOCKHOLM",1917,1990
3499,8763,128015,128015000,69542,128015,Sofielund,{9396A8FA-A0B0-11D3-9E53-009027B0FCE9},SE/128015000,territorial,NA,12,M,Skåne,Sofielund,Sofielunds församling,Sofielunds,NA,NA,SOFIELUND,SOFIELUND,1969,1990
3500,7520,126409,126409000,70770,126409,NA,{9396A8BB-A0B0-11D3-9E53-009027B0FCE9},SE/126409000,territorial,NA,12,M,Skåne,Solberga,Solberga församling (M-län),Solberga,NA,NA,SOLBERGA (M-län),SOLBERGA,1600,1990
3501,6594,148211,148211000,75990,148211,NA,{9396AA87-A0B0-11D3-9E53-009027B0FCE9},SE/148211000,territorial,NA,14,O,Västra Götalands,Solberga,Solberga församling (O-län),Solberga,NA,NA,SOLBERGA (O-län),SOLBERGA,1600,1990
3502,5883,168650,168650000,61100,168650,NA,{9396ACD2-A0B0-11D3-9E53-009027B0FCE9},SE/168650000,territorial,NA,16,R,Skaraborgs,Solberga,Solberga församling (R-län),Solberga,NA,NA,SOLBERGA (R-län),NA,1600,1990
3505,NA,228403,NA,NA,NA,Solbergskbfd,NA,NA,kbfd,151,22,Y,Västernorrlands,Solbergs kbfd,NA,NA,NA,NA,NA,NA,NA,NA
3506,5995,228301,228301000,82270,228301,Solleftea,{9396AF22-A0B0-11D3-9E53-009027B0FCE9},SE/228301000,territorial,NA,22,Y,Västernorrlands,Sollefteå,Sollefteå församling,Sollefteå,NA,NA,SOLLEFTEÅ,SOLLEFTEÅ,1600,1990
3507,7557,16301,16301000,52190,16301,Sollentuna,{9396A365-A0B0-11D3-9E53-009027B0FCE9},SE/016301000,territorial,NA,1,AB,Stockholms,Sollentuna,Sollentuna församling,Sollentuna,NA,NA,SOLLENTUNA,SOLLENTUNA,1600,1990
3508,8302,206203,206203000,66120,206203,Solleron,{9396AE5C-A0B0-11D3-9E53-009027B0FCE9},SE/206203000,territorial,NA,20,W,Dalarnas,Sollerön,Solleröns församling,Solleröns,Sofia Magdalena,1775 Sollerön,SOLLERÖN,SOLLERÖN (SOFIA MAGDALENA),1775,1990
3509,8739,18401,18401000,52553,18401,Solna,{9396A3AE-A0B0-11D3-9E53-009027B0FCE9},SE/018401000,territorial,NA,1,AB,Stockholms,Solna,Solna församling,Solna,NA,NA,SOLNA,NA,1963,1990
3510,8666,108301,108301000,75250,108301,Solvesborg,{9396A7B6-A0B0-11D3-9E53-009027B0FCE9},SE/108301000,territorial,NA,10,K,Blekinge,Sölvesborg,Sölvesborgs församling,Sölvesborgs,Sölvesborgs stadsförsamling,1950 Sölvesborgs stadsförsamling,SÖLVESBORG,SÖLVESBORGS STADS,1951,1990
3511,8436,108300,108301001,75250,108301,Solvesborgslandsforsamling,{9396A7B7-A0B0-11D3-9E53-009027B0FCE9},SE/108301001,territorial,NA,10,K,Blekinge,Sölvesborgs landsförsamling,Sölvesborgs landsförsamling,Sölvesborgs landsförsamling,NA,NA,SÖLVESBORGS LANDS,SÖLVESBORGS STADS,1868,1950
3513,5823,138009,138009000,78350,138009,Sondrum,{9396A9AA-A0B0-11D3-9E53-009027B0FCE9},SE/138009000,territorial,NA,13,N,Hallands,Söndrum,Söndrums församling,Söndrums,NA,NA,SÖNDRUM,SÖNDRUM,1600,1990
3514,6389,168132,168132000,59520,168132,Sone,{9396AC44-A0B0-11D3-9E53-009027B0FCE9},SE/168132000,territorial,NA,16,R,Skaraborgs,Söne,Söne församling,Söne,NA,NA,SÖNE,NA,1600,1990
3517,7811,78021,78021000,67850,78021,Soraby,{9396A672-A0B0-11D3-9E53-009027B0FCE9},SE/078021000,territorial,NA,7,G,Kronobergs,Söraby,Söraby församling,Söraby,"Rottne, Södra Rottne",1825 Rottne,SÖRABY,NA,1600,1990
3518,6099,118307,118307000,74000,118307,NA,{9396A850-A0B0-11D3-9E53-009027B0FCE9},SE/118307000,territorial,NA,11,L,Kristianstads,Sörby,Sörby församling (L-län),Sörby,NA,NA,SÖRBY (L-län),NA,1600,1990
3519,7267,168606,168606000,58610,168606,NA,{9396ACA6-A0B0-11D3-9E53-009027B0FCE9},SE/168606000,territorial,NA,16,R,Skaraborgs,Sörby,Sörby församling (R-län),Sörby,NA,NA,SÖRBY (R-län),SÖRBY,1600,1990
3520,NA,58600,NA,NA,NA,Sorby,NA,NA,other,3518,5,E,Östergötlands,Sörby,NA,NA,Söderby,NA,NA,NA,NA,NA
3521,NA,206200,NA,NA,NA,Soromsjonskbfd,NA,NA,kbfd,4253,20,W,Dalarnas,Söromsjöns kbfd,NA,NA,NA,NA,NA,NA,NA,NA
3522,8708,242201,242201000,82891,242201,Sorsele,{9396AFB8-A0B0-11D3-9E53-009027B0FCE9},SE/242201000,territorial,NA,24,AC,Västerbottens,Sorsele,Sorsele församling,Sorsele,"Allesnuole, Illesnöhle",1700 Illesnöhle,SORSELE,NA,1962,1990
3523,NA,242200,NA,NA,NA,Sorselekbfd,NA,NA,kbfd,3522,24,AC,Västerbottens,Sorsele kbfd,NA,NA,NA,NA,NA,NA,NA,NA
3524,7045,41304,19202000,63360,19202,Sorunda,{9396A3E3-A0B0-11D3-9E53-009027B0FCE9},SE/019202000,territorial,NA,4,D,Södermanlands,Sorunda,Sorunda församling,Sorunda,NA,NA,SORUNDA,SORUNDA,1600,1990
3525,6182,126504,126504000,71570,126504,Sovde,{9396A8C3-A0B0-11D3-9E53-009027B0FCE9},SE/126504000,territorial,NA,12,M,Skåne,Sövde,Sövde församling,Sövde,NA,NA,SÖVDE,SÖVDE,1600,1990
3526,6323,128614,128614000,71110,128614,Sovestad,{9396A96B-A0B0-11D3-9E53-009027B0FCE9},SE/128614000,territorial,NA,12,M,Skåne,Sövestad,Sövestads församling,Sövestads,NA,NA,SÖVESTAD,SÖVESTAD,1600,1990
3527,8814,18030,18041000,0,18041,Spanga,{9396A391-A0B0-11D3-9E53-009027B0FCE9},SE/018041000,territorial,NA,1,AB,Stockholms,Spånga,Spånga församling,Spånga,NA,NA,SPÅNGA,NA,1980,1990
3528,NA,18000,NA,NA,NA,Spangakbfd,NA,NA,kbfd,3527,1,AB,Stockholms,Spånga kbfd,NA,NA,NA,NA,NA,NA,NA,NA
3529,7599,138312,138312000,77980,138312,Spannarp,{9396A9E8-A0B0-11D3-9E53-009027B0FCE9},SE/138312000,territorial,NA,13,N,Hallands,Spannarp,Spannarps församling,Spannarps,NA,NA,SPANNARP,NA,1600,1990
3530,NA,18000,NA,NA,NA,Spanska,NA,NA,other,NA,1,AB,Stockholms,Spanska,NA,NA,NA,NA,NA,NA,NA,NA
3531,8013,166002,166002000,57610,166002,Sparlosa,{9396ABD4-A0B0-11D3-9E53-009027B0FCE9},SE/166002000,territorial,NA,16,R,Skaraborgs,Sparlösa,Sparlösa församling,Sparlösa,NA,NA,SPARLÖSA,SPARLÖSA,1600,1990
3532,7580,38107,38107000,51610,38107,Sparrsatra,{9396A432-A0B0-11D3-9E53-009027B0FCE9},SE/038107000,territorial,NA,3,C,Uppsala,Sparrsätra,Sparrsätra församling,Sparrsätra,NA,NA,SPARRSÄTRA,SPARRSÄTRA,1600,1990
3533,6715,141501,141501000,76020,141501,Spekerod,{9396AA12-A0B0-11D3-9E53-009027B0FCE9},SE/141501000,territorial,NA,14,O,Västra Götalands,Spekeröd,Spekeröds församling,Spekeröds,NA,NA,SPEKERÖD,SPEKERÖD,1600,1990
3534,6541,48018,48018000,62970,48018,Spelvik,{9396A479-A0B0-11D3-9E53-009027B0FCE9},SE/048018000,territorial,NA,4,D,Södermanlands,Spelvik,Spelviks församling,Spelviks,NA,NA,SPELVIK,SPELVIK,1600,1990
3536,NA,18000,NA,NA,NA,Spinnhuset,NA,NA,other,NA,1,AB,Stockholms,Spinnhuset,NA,NA,NA,NA,NA,NA,NA,NA
3538,6265,116006,116006000,73190,116006,Spjutstorp,{9396A7D1-A0B0-11D3-9E53-009027B0FCE9},SE/116006000,territorial,NA,11,L,Kristianstads,Spjutstorp,Spjutstorps församling,Spjutstorps,NA,NA,SPJUTSTORP,SPJUTSTORP,1600,1990
3539,6093,98064,98064000,85180,98064,Sproge,{9396A763-A0B0-11D3-9E53-009027B0FCE9},SE/098064000,territorial,NA,9,I,Gotlands,Sproge,Sproge församling,Sproge,NA,NA,SPROGE,NA,1600,1990
3540,NA,166000,NA,NA,NA,Stacketorp,NA,NA,other,4067,16,R,Skaraborgs,Stacketorp,NA,NA,NA,NA,NA,NA,NA,NA
3544,8744,123007,123007000,70620,123007,Staffanstorp,{9396A879-A0B0-11D3-9E53-009027B0FCE9},SE/123007000,territorial,NA,12,M,Skåne,Staffanstorp,Staffanstorps församling,Staffanstorps,"Brågarp, Vrågarp",1963 Brågarp,STAFFANSTORP,NEVISHÖG,1964,1990
3545,7984,138208,138208000,78030,138208,Stafsinge,{9396A9CB-A0B0-11D3-9E53-009027B0FCE9},SE/138208000,territorial,NA,13,N,Hallands,Stafsinge,Stafsinge församling,Stafsinge,NA,NA,STAFSINGE,STAFSINGE,1600,1990
3546,7245,142103,142103000,76230,142103,Stala,{9396AA21-A0B0-11D3-9E53-009027B0FCE9},SE/142103000,territorial,NA,14,O,Västra Götalands,Stala,Stala församling,Stala,NA,NA,STALA,STALA,1600,1990
3547,6688,138316,138316000,77850,138316,Stamnared,{9396A9EC-A0B0-11D3-9E53-009027B0FCE9},SE/138316000,territorial,NA,13,N,Hallands,Stamnared,Stamnareds församling,Stamnareds,NA,NA,STAMNARED,NA,1600,1990
3548,7699,98073,98073000,85310,98073,Stanga,{9396A76C-A0B0-11D3-9E53-009027B0FCE9},SE/098073000,territorial,NA,9,I,Gotlands,Stånga,Stånga församling,Stånga,NA,NA,STÅNGA,STÅNGA,1600,1990
3549,7177,128107,128107000,70210,128107,Stangby,{9396A90B-A0B0-11D3-9E53-009027B0FCE9},SE/128107000,territorial,NA,12,M,Skåne,Stångby,Stångby församling,Stångby,NA,NA,STÅNGBY,NA,1600,1990
3550,5999,118208,118208000,73350,118208,Starby,{9396A843-A0B0-11D3-9E53-009027B0FCE9},SE/118208000,territorial,NA,11,L,Kristianstads,Starby,Starby församling,Starby,NA,NA,STARBY,NA,1600,1990
3552,6140,152105,152105000,75620,152105,Starrkarr,{9396AABB-A0B0-11D3-9E53-009027B0FCE9},SE/152105000,territorial,NA,15,P,Älvsborgs,Starrkärr,Starrkärrs församling,Starrkärrs,Stärkered,1907 Sterrkärr,STARRKÄRR,STARRKÄRR,1600,1990
3553,NA,152100,NA,NA,NA,Starrkarrskbfd,NA,NA,kbfd,3552,15,P,Älvsborgs,Starrkärrs kbfd,NA,NA,NA,NA,NA,NA,NA,NA
3554,5932,38039,38039000,50410,38039,Stavby,{9396A427-A0B0-11D3-9E53-009027B0FCE9},SE/038039000,territorial,NA,3,C,Uppsala,Stavby,Stavby församling,Stavby,NA,NA,STAVBY,STAVBY,1600,1990
3555,6013,126105,126105000,70190,126105,Stavie,{9396A89B-A0B0-11D3-9E53-009027B0FCE9},SE/126105000,territorial,NA,12,M,Skåne,Stävie,Stävie församling,Stävie,NA,NA,STÄVIE,STÄVIE,1600,1990
3556,8164,178403,178403000,81020,178403,Stavnas,{9396AD4D-A0B0-11D3-9E53-009027B0FCE9},SE/178403000,territorial,NA,17,S,Värmlands,Stavnäs,Stavnäs församling,Stavnäs,NA,NA,STAVNÄS,STAVNÄS,1646,1990
3558,6780,128502,128502000,71790,128502,Stehag,{9396A94B-A0B0-11D3-9E53-009027B0FCE9},SE/128502000,territorial,NA,12,M,Skåne,Stehag,Stehags församling,Stehags,Stödhaf,Stödhaf,STEHAG,STEHAG,1600,1990
3559,NA,58300,NA,NA,NA,Sten,NA,NA,other,4200,5,E,Östergötlands,Sten,NA,NA,Västra Sten,NA,NA,NA,NA,NA
3560,5903,84004,84004000,79690,84004,Stenasa,{9396A69F-A0B0-11D3-9E53-009027B0FCE9},SE/084004000,territorial,NA,8,H,Kalmar,Stenåsa,Stenåsa församling,Stenåsa,NA,NA,STENÅSA,NA,1600,1990
3561,7814,68512,68512000,69210,68512,Stenberga,{9396A60B-A0B0-11D3-9E53-009027B0FCE9},SE/068512000,territorial,NA,6,F,Jönköpings,Stenberga,Stenberga församling,Stenberga,NA,NA,STENBERGA,STENBERGA,1600,1990
3562,8507,76504,76504000,67230,76504,Stenbrohult,{9396A64F-A0B0-11D3-9E53-009027B0FCE9},SE/076504000,territorial,NA,7,G,Kronobergs,Stenbrohult,Stenbrohults församling,Stenbrohults,NA,NA,STENBROHULT,STENBROHULT,1905,1990
3565,6322,156006,156006000,81310,156006,Steneby,{9396AAE6-A0B0-11D3-9E53-009027B0FCE9},SE/156006000,territorial,NA,15,P,Älvsborgs,Steneby,Steneby församling,Steneby,NA,NA,STENEBY,STENEBY,1600,1990
3566,7960,121404,121404000,72670,121404,Stenestad,{9396A865-A0B0-11D3-9E53-009027B0FCE9},SE/121404000,territorial,NA,12,M,Skåne,Stenestad,Stenestads församling,Stenestads,NA,NA,STENESTAD,STENESTAD,1600,1990
3567,7826,66205,66205000,61150,66205,Stengardshult,{9396A5AB-A0B0-11D3-9E53-009027B0FCE9},SE/066205000,territorial,NA,6,F,Jönköpings,Stengårdshult,Stengårdshults församling,Stengårdshults,NA,NA,STENGÅRDSHULT,STENGÅRDSHULT,1600,1990
3568,6260,138012,138012000,78340,138012,Steninge,{9396A9AD-A0B0-11D3-9E53-009027B0FCE9},SE/138012000,territorial,NA,13,N,Hallands,Steninge,Steninge församling,Steninge,NA,NA,STENINGE,STENINGE,1600,1990
3569,7023,98053,98053000,84820,98053,Stenkumla,{9396A758-A0B0-11D3-9E53-009027B0FCE9},SE/098053000,territorial,NA,9,I,Gotlands,Stenkumla,Stenkumla församling,Stenkumla,NA,NA,STENKUMLA,STENKUMLA,1600,1990
3570,7399,48419,48419000,63920,48419,Stenkvista,{9396A4C0-A0B0-11D3-9E53-009027B0FCE9},SE/048419000,territorial,NA,4,D,Södermanlands,Stenkvista,Stenkvista församling,Stenkvista,NA,NA,STENKVISTA,STENKVISTA,1600,1990
3571,8326,141902,141902000,76100,141902,NA,{9396AA19-A0B0-11D3-9E53-009027B0FCE9},SE/141902000,territorial,NA,14,O,Västra Götalands,Stenkyrka,Stenkyrka församling (O-län),Stenkyrka,Tjörn,NA,STENKYRKA (O-län),STENKYRKA,1794,1990
3572,7946,98015,98015000,84570,98015,Stenkyrka,{9396A732-A0B0-11D3-9E53-009027B0FCE9},SE/098015000,territorial,NA,9,I,Gotlands,Stenkyrka,Stenkyrka församling (I-län),Stenkyrka,NA,NA,STENKYRKA (I-län),STENKYRKA,1600,1990
3573,8359,242101,242101000,82910,242101,Stensele,{9396AFB5-A0B0-11D3-9E53-009027B0FCE9},SE/242101000,territorial,NA,24,AC,Västerbottens,Stensele,Stensele församling,Stensele,NA,NA,STENSELE,STENSELE,1815,1990
3574,NA,242100,NA,NA,NA,Stenselekbfd,NA,NA,kbfd,3573,24,AC,Västerbottens,Stensele kbfd,NA,NA,NA,NA,NA,NA,NA,NA
3575,8806,148104,148104000,75492,148104,Stensjon,{9396AA7C-A0B0-11D3-9E53-009027B0FCE9},SE/148104000,territorial,NA,14,O,Västra Götalands,Stensjön,Stensjöns församling,Stensjöns,NA,NA,STENSJÖN,NA,1977,1990
3576,7092,168634,168634000,60790,168634,Stenstorp,{9396ACC1-A0B0-11D3-9E53-009027B0FCE9},SE/168634000,territorial,NA,16,R,Skaraborgs,Stenstorp,Stenstorps församling,Stenstorps,NA,NA,STENSTORP,STENSTORP,1600,1990
3577,7007,168209,168209000,58730,168209,Stenum,{9396AC50-A0B0-11D3-9E53-009027B0FCE9},SE/168209000,territorial,NA,16,R,Skaraborgs,Stenum,Stenums församling,Stenums,NA,NA,STENUM,STENUM,1600,1990
3579,7973,118111,118111000,72930,118111,Stiby,{9396A831-A0B0-11D3-9E53-009027B0FCE9},SE/118111000,territorial,NA,11,L,Kristianstads,Stiby,Stiby församling,Stiby,NA,NA,STIBY,STIBY,1600,1990
3580,NA,18000,NA,NA,NA,StiftelsenKonungOscarIsminne,NA,NA,other,NA,1,AB,Stockholms,Stiftelsen Konung Oscar I,NA,NA,NA,NA,NA,NA,NA,NA
3581,8288,228004,228004000,81950,228004,Stigsjo,{9396AEFD-A0B0-11D3-9E53-009027B0FCE9},SE/228004000,territorial,NA,22,Y,Västernorrlands,Stigsjö,Stigsjö församling,Stigsjö,NA,NA,STIGSJÖ,STIGSJÖ,1751,1990
3582,6772,48010,48010000,62830,48010,Stigtomta,{9396A471-A0B0-11D3-9E53-009027B0FCE9},SE/048010000,territorial,NA,4,D,Södermanlands,Stigtomta,Stigtomta församling,Stigtomta,NA,NA,STIGTOMTA,STIGTOMTA,1600,1990
3583,7426,58022,58022000,54330,58022,Stjarnorp,{9396A524-A0B0-11D3-9E53-009027B0FCE9},SE/058022000,territorial,NA,5,E,Östergötlands,Stjärnorp,Stjärnorps församling,Stjärnorps,NA,NA,STJÄRNORP,STJÄRNORP,1600,1990
3584,NA,208300,NA,NA,NA,Stjarnsund,NA,NA,other,1541,20,W,Dalarnas,Stjärnsund,NA,NA,NA,NA,NA,NA,NA,NA
3585,NA,208300,NA,NA,NA,Stjarnsundskbfd,NA,NA,kbfd,1541,20,W,Dalarnas,Stjärnsunds kbfd,NA,NA,NA,NA,NA,NA,NA,NA
3586,8543,118303,118303000,73980,118303,Stoby,{9396A84B-A0B0-11D3-9E53-009027B0FCE9},SE/118303000,territorial,NA,11,L,Kristianstads,Stoby,Stoby församling,Stoby,NA,NA,STOBY,STOBY,1910,1990
3587,7191,68407,68407000,68930,68407,Stockaryd,{9396A5FE-A0B0-11D3-9E53-009027B0FCE9},SE/068407000,territorial,NA,6,F,Jönköpings,Stockaryd,Stockaryds församling,Stockaryds,NA,NA,STOCKARYD,STOCKARYD,1600,1990
3588,8518,18001,18001000,85580,18001,Stockholmsdomkyrkoforsamling,{9396A367-A0B0-11D3-9E53-009027B0FCE9},SE/018001000,territorial,NA,1,AB,Stockholms,Stockholms domkyrkoförsamling,Stockholms domkyrkoförsamling,Stockholms domkyrkoförsamling,NA,1907 Sankt Nikolai,STOCKHOLMS DOMKYRKO,HEDVIG ELEONORA / LADUGÅRDSLAND,1907,1990
3589,NA,18000,NA,NA,NA,StockholmshospitalaKonradsbergforsinnesjuka,NA,NA,hospital,NA,1,AB,Stockholms,Stockholms hospital,NA,NA,NA,NA,NA,NA,NA,NA
3594,NA,18000,NA,NA,NA,StockholmsstadskronohakteaLangholmen,NA,NA,other,NA,1,AB,Stockholms,Stockholms stads kronohäkte å Långholmen,NA,NA,NA,NA,NA,NA,NA,NA
3595,NA,18000,NA,NA,NA,tockholmsstadsmilitarforsorjningsinrattning,NA,NA,other,NA,1,AB,Stockholms,Stockholms stads militärförsörjningsinrättning,NA,NA,NA,NA,NA,NA,NA,NA
3596,NA,18000,NA,NA,NA,Stockholmsstadsmilitarkar,NA,NA,other,NA,1,AB,Stockholms,Stockholms stads militärkår,NA,NA,NA,NA,NA,NA,NA,NA
3597,NA,18000,NA,NA,NA,Stockholmsstadsnorrakronohakteforkvinnor,NA,NA,other,NA,1,AB,Stockholms,Stockholms stads norra kronohäkte för kvinnor,NA,NA,NA,NA,NA,NA,NA,NA
3598,NA,18000,NA,NA,NA,Stockholmsstadsochlanskurhus,NA,NA,other,NA,1,AB,Stockholms,Stockholms stads och läns kurhus,NA,NA,NA,NA,NA,NA,NA,NA
3599,NA,18000,NA,NA,NA,Stockholmsstadsrannsakningsfangelse,NA,NA,other,NA,1,AB,Stockholms,Stockholms stads rannsakningsfängelse,NA,NA,NA,NA,NA,NA,NA,NA
3600,NA,18000,NA,NA,NA,Stockholmsstadssodrakronohakteforman,NA,NA,other,NA,1,AB,Stockholms,Stockholms stads södra kronohäkte för män,NA,NA,NA,NA,NA,NA,NA,NA
3601,NA,16200,NA,NA,NA,Stocksund,NA,NA,other,NA,1,AB,Stockholms,Stocksund,NA,NA,NA,NA,NA,NA,NA,NA
3602,6097,228107,228107000,83610,228107,Stode,{9396AF0E-A0B0-11D3-9E53-009027B0FCE9},SE/228107000,territorial,NA,22,Y,Västernorrlands,Stöde,Stöde församling,Stöde,NA,NA,STÖDE,STÖDE,1600,1990
3604,8184,50901,50901000,57090,50901,StoraAby,{9396A4D8-A0B0-11D3-9E53-009027B0FCE9},SE/050901000,territorial,NA,5,E,Östergötlands,Stora Åby,Stora Åby församling,Stora Åby,Åby,"23 enligt KBr Stora Åby, församlingen dock kallad så sedan tidigare.",STORA ÅBY,STORA ÅBY,1652,1990
3606,NA,123308,NA,NA,NA,StoraHammar,NA,NA,other,NA,12,M,Skåne,Stora Hammar,NA,NA,NA,NA,NA,NA,NA,NA
3607,6225,126109,126109000,72080,126109,StoraHarrie,{9396A89F-A0B0-11D3-9E53-009027B0FCE9},SE/126109000,territorial,NA,12,M,Skåne,Stora Harrie,Stora Harrie församling,Stora Harrie,NA,NA,STORA HARRIE,STORA HARRIE,1600,1990
3608,7578,128610,128610000,71090,128610,StoraHerrestad,{9396A967-A0B0-11D3-9E53-009027B0FCE9},SE/128610000,territorial,NA,12,M,Skåne,Stora Herrestad,Stora Herrestads församling,Stora Herrestads,NA,NA,STORA HERRESTAD,STORA HERRESTAD,1600,1990
3609,7447,171501,171501000,79840,171501,StoraKil,{9396ACD7-A0B0-11D3-9E53-009027B0FCE9},SE/171501000,territorial,NA,17,S,Värmlands,Stora Kil,Stora Kils församling,Stora Kils,Kil,1885 Kil,STORA KIL,STORA KIL,1600,1990
3610,7061,128611,128611000,73090,128611,StoraKopinge,{9396A968-A0B0-11D3-9E53-009027B0FCE9},SE/128611000,territorial,NA,12,M,Skåne,Stora Köpinge,Stora Köpinge församling,Stora Köpinge,"Köpinge, Magleköpinge, Västra Köpinge","talet stundom Västra Köpinge, omkring 1830- Stora Köpinge., Köpinge , 1700-talet stundom Västra Köpinge, omkring 1830- Stora Köpinge",STORA KÖPINGE,STORA KÖPINGE,1600,1990
3611,8209,208071,208071000,66300,208071,StoraKopparberg,{9396AE6B-A0B0-11D3-9E53-009027B0FCE9},SE/208071000,territorial,NA,20,W,Dalarnas,Stora Kopparberg,Stora Kopparbergs församling,Stora Kopparbergs,Kopparberg,1938 Kopparberg,STORA KOPPARBERG,FALU (STORA KOPPARBERG),1665,1990
3612,NA,208003,NA,NA,NA,StoraKopparbergskbfd,NA,NA,kbfd,3611,20,W,Dalarnas,Stora Kopparbergs kbfd,NA,NA,Kopparbergs kbfd,1938 Kopparbergs kbfd,NA,NA,NA,NA
3613,6012,152403,152403000,75570,152403,StoraLundby,{9396AABF-A0B0-11D3-9E53-009027B0FCE9},SE/152403000,territorial,NA,15,P,Älvsborgs,Stora Lundby,Stora Lundby församling,Stora Lundby,Lundby,1907 Lundby,STORA LUNDBY,STORA LUNDBY,1600,1990
3614,8703,48306,48306000,62630,48306,StoraMalm,{9396A4A6-A0B0-11D3-9E53-009027B0FCE9},SE/048306000,territorial,NA,4,D,Södermanlands,Stora Malm,Stora Malms församling,Stora Malms,Malm,NA,STORA MALM,STORA MALM,1961,1990
3616,7354,158205,158205000,59010,158205,StoraMellby,{9396AB58-A0B0-11D3-9E53-009027B0FCE9},SE/158205000,territorial,NA,15,P,Älvsborgs,Stora Mellby,Stora Mellby församling,Stora Mellby,Mellby,1885 Mellby,STORA MELLBY,ELING,1600,1990
3617,6709,188016,188016000,64110,188016,StoraMellosa,{9396AD99-A0B0-11D3-9E53-009027B0FCE9},SE/188016000,territorial,NA,18,T,Örebro,Stora Mellösa,Stora Mellösa församling,Stora Mellösa,Mellösa,1920 även Mellösa,STORA MELLÖSA,STORA MELLÖSA,1600,1990
3618,5818,128103,128103000,70280,128103,StoraRaby,{9396A907-A0B0-11D3-9E53-009027B0FCE9},SE/128103000,territorial,NA,12,M,Skåne,Stora Råby,Stora Råby församling,Stora Råby,Råby,NA,STORA RÅBY,STORA RÅBY,1600,1990
3620,7244,208202,208202000,66250,208202,StoraSkedvi,{9396AE79-A0B0-11D3-9E53-009027B0FCE9},SE/208202000,territorial,NA,20,W,Dalarnas,Stora Skedvi,Stora Skedvi församling,Stora Skedvi,Skedvi,NA,STORA SKEDVI,STORA SKEDVI,1600,1990
3621,NA,128700,NA,NA,NA,StoraSlagarp,NA,NA,other,84,12,M,Skåne,Stora Slågarp,NA,NA,NA,Stora Slågerup,NA,NA,NA,NA
3622,8110,208171,208171000,66220,208171,StoraTuna,{9396AE70-A0B0-11D3-9E53-009027B0FCE9},SE/208171000,territorial,NA,20,W,Dalarnas,Stora Tuna,Stora Tuna församling,Stora Tuna,Tuna,NA,STORA TUNA,STORA TUNA,1636,1990
3623,NA,208102,NA,NA,NA,StoraTunakbfd,NA,NA,kbfd,3622,20,W,Dalarnas,Stora Tuna kbfd,NA,NA,Tuna kbfd,NA,NA,NA,NA,NA
3626,8693,176001,176001000,80382,176001,Storfors,{9396ACEF-A0B0-11D3-9E53-009027B0FCE9},SE/176001000,territorial,NA,17,S,Värmlands,Storfors,Storfors församling,Storfors,NA,NA,STORFORS,NA,1960,1990
3627,NA,176000,NA,NA,NA,NA,NA,NA,kbfd,1900,17,S,Värmlands,Storfors kbfd,NA,NA,NA,NA,NA,NA,NA,NA
3629,NA,18000,NA,NA,NA,NA,NA,NA,other,NA,1,AB,Stockholms,Storkyrkoförsamlingen,NA,NA,NA,NA,NA,NA,NA,NA
3630,8286,232605,232605000,84320,232605,Storsjo,{9396AF7E-A0B0-11D3-9E53-009027B0FCE9},SE/232605000,territorial,NA,23,Z,Jämtlands,Storsjö,Storsjö församling,Storsjö,NA,NA,STORSJÖ,STORSJÖ,1751,1990
3631,6275,58403,58403000,54720,58403,Stra,{9396A578-A0B0-11D3-9E53-009027B0FCE9},SE/058403000,territorial,NA,5,E,Östergötlands,Strå,Strå församling,Strå,NA,NA,STRÅ,STRÅ,1600,1990
3633,NA,58100,NA,NA,NA,Straffocharbetsfangelset,NA,NA,straffanstalt,2556,5,E,Östergötlands,Straff- och arbetsfängelset,NA,NA,NA,NA,NA,NA,NA,NA
3634,NA,18000,NA,NA,NA,StraffocharbetsfangelsetaLangholmenochStockholmsstadssodrakronohakteforman,NA,NA,straffanstalt,2285,1,AB,Stockholms,Straff- och arbetsfängelset å Långholmen och Stockholms stads södra kronohäkte för män,NA,NA,NA,NA,NA,NA,NA,NA
3635,NA,18000,NA,NA,NA,StraffocharbetsfangelsetaNorrmalm,NA,NA,straffanstalt,2285,1,AB,Stockholms,Straff- och arbetsfängelset å Norrmalm,NA,NA,NA,NA,NA,NA,NA,NA
3636,8749,48601,48601000,62140,48601,Strangnasdomkyrkoforsamling,{9396A4C3-A0B0-11D3-9E53-009027B0FCE9},SE/048601000,territorial,NA,4,D,Södermanlands,Strängnäs domkyrkoförsamling,Strängnäs domkyrkoförsamling,Strängnäs domkyrkoförsamling,NA,1965 Strängnäs stadsförsamling,STRÄNGNÄS DOMKYRKO,STRÄNGNÄS STADS,1966,1990
3637,8006,48600,NA,NA,NA,Strangnaslandsforsamling,{9396A4C7-A0B0-11D3-9E53-009027B0FCE9},SE/048601004,territorial,NA,4,D,Södermanlands,Strängnäs landsförsamling,Strängnäs landsförsamling,Strängnäs landsförsamling,NA,NA,NA,NA,1600,1949
3638,6663,48600,NA,NA,NA,NA,{9396A4C5-A0B0-11D3-9E53-009027B0FCE9},SE/048601002,territorial,NA,4,D,Södermanlands,Strängnäs stadsförsamling,Strängnäs stadsförsamling,Strängnäs stadsförsamling,NA,NA,NA,NA,1600,1949
3639,6571,158418,158418000,61250,158418,Strangsered,{9396AB8D-A0B0-11D3-9E53-009027B0FCE9},SE/158418000,territorial,NA,15,P,Älvsborgs,Strängsered,Strängsereds församling,Strängsereds,NA,NA,STRÄNGSERED,NA,1600,1990
3640,6328,138321,138321000,77740,138321,Stravalla,{9396A9F1-A0B0-11D3-9E53-009027B0FCE9},SE/138321000,territorial,NA,13,N,Hallands,Stråvalla,Stråvalla församling,Stråvalla,NA,NA,STRÅVALLA,STRÅVALLA,1600,1990
3644,7269,168110,168110000,59500,168110,Stro,{9396AC2E-A0B0-11D3-9E53-009027B0FCE9},SE/168110000,territorial,NA,16,R,Skaraborgs,Strö,Strö församling (R-län),Strö,NA,NA,STRÖ (R-län),STRÖ,1600,1990
3647,8352,231301,231301000,83720,231301,Strom,{9396AF62-A0B0-11D3-9E53-009027B0FCE9},SE/231301000,territorial,NA,23,Z,Jämtlands,Ström,Ströms församling,Ströms,NA,NA,STRÖM,STRÖM,1808,1990
3649,8212,148601,148601000,76760,148601,Stromstad,{9396AA9E-A0B0-11D3-9E53-009027B0FCE9},SE/148601000,territorial,NA,14,O,Västra Götalands,Strömstad,Strömstads församling,Strömstads,NA,NA,STRÖMSTAD,STRÖMSTAD,1670,1990
3650,6379,118206,118206000,73370,118206,Strovelstorp,{9396A841-A0B0-11D3-9E53-009027B0FCE9},SE/118206000,territorial,NA,11,L,Kristianstads,Strövelstorp,Strövelstorps församling,Strövelstorps,NA,NA,STRÖVELSTORP,STRÖVELSTORP,1600,1990
3651,7508,230304,230304000,83790,230304,Stugun,{9396AF49-A0B0-11D3-9E53-009027B0FCE9},SE/230304000,territorial,NA,23,Z,Jämtlands,Stugun,Stuguns församling,Stuguns,NA,NA,STUGUN,STUGUN,1600,1990
3652,7276,108011,108011000,74880,108011,Sturko,{9396A793-A0B0-11D3-9E53-009027B0FCE9},SE/108011000,territorial,NA,10,K,Blekinge,Sturkö,Sturkö församling,Sturkö,NA,NA,STURKÖ,STURKÖ,1600,1990
3653,6751,58300,58323002,54620,58323,Styra,{9396A571-A0B0-11D3-9E53-009027B0FCE9},SE/058323002,territorial,NA,5,E,Östergötlands,Styra,Styra församling,Styra,NA,NA,STYRA,VARV,1600,1861
3654,7563,228208,228208000,82240,228208,Styrnas,{9396AF1D-A0B0-11D3-9E53-009027B0FCE9},SE/228208000,territorial,NA,22,Y,Västernorrlands,Styrnäs,Styrnäs församling,Styrnäs,Skörnäs,"30 av KMt fastställt Styrnäs., Skjörnäs, 1883-11-30 av KMt fastställt Styrnäs",STYRNÄS,STYRNÄS,1600,1990
3655,7940,148037,148037000,75540,148037,Styrso,{9396AA76-A0B0-11D3-9E53-009027B0FCE9},SE/148037000,territorial,NA,14,O,Västra Götalands,Styrsö,Styrsö församling,Styrsö,NA,NA,STYRSÖ,STYRSÖ,1600,1990
3656,7138,58107,58107000,55190,58107,Styrstad,{9396A53C-A0B0-11D3-9E53-009027B0FCE9},SE/058107000,territorial,NA,5,E,Östergötlands,Styrstad,Styrstads församling,Styrstads,NA,"Styrestad, 1940 enligt SCB ändrat efter jordeboken till Styrstad",STYRSTAD,STYRSTAD,1600,1990
3659,6192,51203,51203000,56590,51203,Sund,{9396A4E3-A0B0-11D3-9E53-009027B0FCE9},SE/051203000,territorial,NA,5,E,Östergötlands,Sund,Sunds församling,Sunds,NA,NA,SUND,SUND,1600,1990
3660,6851,158005,158005000,81630,158005,SundalsRyr,{9396AB40-A0B0-11D3-9E53-009027B0FCE9},SE/158005000,territorial,NA,15,P,Älvsborgs,Sundals-Ryr,Sundals-Ryrs församling,Sundals-Ryrs,Ryr,1885 Ryr,SUNDALS-RYR,SUNDALS-RYR,1600,1990
3661,8077,208007,208007000,66380,208007,Sundborn,{9396AE63-A0B0-11D3-9E53-009027B0FCE9},SE/208007000,territorial,NA,20,W,Dalarnas,Sundborn,Sundborns församling,Sundborns,NA,NA,SUNDBORN,SUNDBORN,1620,1990
3662,8020,48408,48408000,63950,48408,Sundby,{9396A4B5-A0B0-11D3-9E53-009027B0FCE9},SE/048408000,territorial,NA,4,D,Södermanlands,Sundby,Sundby församling,Sundby,NA,NA,SUNDBY,SUNDBY,1600,1990
3663,8538,18301,18301000,52212,18301,Sundbyberg,{9396A3AC-A0B0-11D3-9E53-009027B0FCE9},SE/018301000,territorial,NA,1,AB,Stockholms,Sundbyberg,Sundbybergs församling,Sundbybergs,NA,NA,SUNDBYBERG,SUNDBYBERG,1909,1990
3664,5779,98092,98092000,85450,98092,Sundre,{9396A77F-A0B0-11D3-9E53-009027B0FCE9},SE/098092000,territorial,NA,9,I,Gotlands,Sundre,Sundre församling,Sundre,NA,NA,SUNDRE,SUNDRE,1600,1990
3665,6184,230505,230505000,84100,230505,Sundsjo,{9396AF4F-A0B0-11D3-9E53-009027B0FCE9},SE/230505000,territorial,NA,23,Z,Jämtlands,Sundsjö,Sundsjö församling,Sundsjö,NA,NA,SUNDSJÖ,SUNDSJÖ,1600,1990
3666,NA,228100,NA,NA,NA,NA,NA,NA,other,NA,22,Y,Västernorrlands,Sundsvall,NA,NA,NA,NA,NA,NA,NA,NA
3667,8087,228101,228101000,83520,228101,SundsvallsGustavAdolf,{9396AF03-A0B0-11D3-9E53-009027B0FCE9},SE/228101000,territorial,NA,22,Y,Västernorrlands,Sundsvalls Gustav Adolf,Sundsvalls Gustav Adolfs församling,Sundsvalls Gustav Adolfs,NA,1955 Sundsvall,SUNDSVALLS GUSTAV ADOLF,SUNDSVALL,1624,1990
3668,NA,228100,NA,NA,NA,Sundsvallsmosaiska,NA,NA,mosaiska,NA,22,Y,Västernorrlands,Sundsvalls mosaiska,NA,NA,NA,NA,NA,NA,NA,NA
3669,8284,176601,176601000,80460,176601,Sunne,{9396AD0E-A0B0-11D3-9E53-009027B0FCE9},SE/176601000,territorial,NA,17,S,Värmlands,Sunne,Sunne församling (S-län),Sunne,"Fryksdals pastorat, Östra Sund, Sund",1891 Sund,SUNNE (S-län),SUNNE,1751,1990
3670,6899,238003,238003000,84130,238003,NA,{9396AF95-A0B0-11D3-9E53-009027B0FCE9},SE/238003000,territorial,NA,23,Z,Jämtlands,Sunne,Sunne församling (Z-län),Sunne,NA,NA,SUNNE (Z-län),SUNNE,1600,1990
3671,8191,178305,178305000,79990,178305,Sunnemo,{9396AD48-A0B0-11D3-9E53-009027B0FCE9},SE/178305000,territorial,NA,17,S,Värmlands,Sunnemo,Sunnemo församling,Sunnemo,Tutemo,NA,SUNNEMO,SUNNEMO,1653,1990
3672,6432,168112,168112000,59480,168112,Sunnersberg,{9396AC30-A0B0-11D3-9E53-009027B0FCE9},SE/168112000,territorial,NA,16,R,Skaraborgs,Sunnersberg,Sunnersbergs församling,Sunnersbergs,NA,NA,SUNNERSBERG,SUNNERSBERG,1600,1990
3673,6651,168509,168509000,59250,168509,Suntak,{9396AC93-A0B0-11D3-9E53-009027B0FCE9},SE/168509000,territorial,NA,16,R,Skaraborgs,Suntak,Suntaks församling,Suntaks,NA,NA,SUNTAK,SUNTAK,1600,1990
3674,NA,168300,NA,NA,NA,Suntetorp,NA,NA,other,3712,16,R,Skaraborgs,Suntetorp,NA,NA,NA,NA,NA,NA,NA,NA
3675,6559,190701,190701000,64950,190701,Sura,{9396ADD7-A0B0-11D3-9E53-009027B0FCE9},SE/190701000,territorial,NA,19,U,Västmanlands,Sura,Sura församling,Sura,NA,NA,SURA,SURA,1600,1990
3677,8614,156312,156312000,76992,156312,SurtebyKattunga,{9396AB06-A0B0-11D3-9E53-009027B0FCE9},SE/156312000,territorial,NA,15,P,Älvsborgs,Surteby-Kattunga,Surteby-Kattunga församling,Surteby-Kattunga,Surteby,1925 Surteby,SURTEBY-KATTUNGA,SURTEBY,1926,1990
3678,NA,212100,NA,NA,NA,Svabensverk,NA,NA,other,46,21,X,Gävleborgs,Svabensverk,NA,NA,NA,NA,NA,NA,NA,NA
3679,8012,121402,121402000,72310,121402,Svalov,{9396A863-A0B0-11D3-9E53-009027B0FCE9},SE/121402000,territorial,NA,12,M,Skåne,Svalöv,Svalövs församling,Svalövs,Norra Svalöv,"1915 stundom Norra Svalöv, Svaluf, -1915 stundom Norra Svalöv, 1915-02-19- Svalöv",SVALÖV,NORRA SVALÖV,1600,1990
3680,NA,50900,NA,NA,NA,Svam,NA,NA,other,2642,5,E,Östergötlands,Sväm,NA,NA,NA,NA,NA,NA,NA,NA
3681,NA,156300,NA,NA,NA,Svanasjo,NA,NA,other,2695,15,P,Älvsborgs,Svänasjö,NA,NA,NA,NA,NA,NA,NA,NA
3682,7474,50903,50903000,57150,50903,Svanshals,{9396A4DB-A0B0-11D3-9E53-009027B0FCE9},SE/050903000,territorial,NA,5,E,Östergötlands,Svanshals,Svanshals församling,Svanshals,NA,NA,SVANSHALS,SVANHALS,1600,1990
3683,7772,178511,178511000,81010,178511,Svanskog,{9396AD68-A0B0-11D3-9E53-009027B0FCE9},SE/178511000,territorial,NA,17,S,Värmlands,Svanskog,Svanskogs församling,Svanskogs,NA,NA,SVANSKOG,SVANSKOG,1600,1990
3684,8715,251802,251802000,83324,251802,Svanstein,{9396B018-A0B0-11D3-9E53-009027B0FCE9},SE/251802000,territorial,NA,25,BD,Norrbottens,Svanstein,Svansteins församling,Svansteins,Turtola,NA,SVANSTEIN,SVANSTEIN,1962,1990
3685,NA,251800,NA,NA,NA,NA,NA,NA,kbfd,3684,25,BD,Norrbottens,Svansteins kbfd,NA,NA,NA,NA,NA,NA,NA,NA
3686,8245,208008,208008000,66260,208008,Svardsjo,{9396AE64-A0B0-11D3-9E53-009027B0FCE9},SE/208008000,territorial,NA,20,W,Dalarnas,Svärdsjö,Svärdsjö församling,Svärdsjö,NA,NA,SVÄRDSJÖ,SVÄRDSJÖ,1700,1990
3687,6304,48004,48004000,63000,48004,Svarta,{9396A46B-A0B0-11D3-9E53-009027B0FCE9},SE/048004000,territorial,NA,4,D,Södermanlands,Svärta,Svärta församling,Svärta,NA,NA,SVÄRTA,SVÄRTA,1600,1990
3688,7111,143005,143005000,76550,143005,Svarteborg,{9396AA3C-A0B0-11D3-9E53-009027B0FCE9},SE/143005000,territorial,NA,14,O,Västra Götalands,Svarteborg,Svarteborgs församling,Svarteborgs,NA,NA,SVARTEBORG,SVARTEBORG MED TOSE,1600,1990
3689,8248,208009,208009000,66280,208009,Svartnas,{9396AE68-A0B0-11D3-9E53-009027B0FCE9},SE/208009000,territorial,NA,20,W,Dalarnas,Svartnäs,Svartnäs församling,Svartnäs,NA,NA,SVARTNÄS,SVARTNÄS,1700,1990
3690,6347,138216,138216000,78100,138216,Svartra,{9396A9D3-A0B0-11D3-9E53-009027B0FCE9},SE/138216000,territorial,NA,13,N,Hallands,Svartrå,Svartrå församling,Svartrå,NA,NA,SVARTRÅ,SVARTRÅ,1600,1990
3691,5938,68012,68012000,68130,68012,Svarttorp,{9396A5CE-A0B0-11D3-9E53-009027B0FCE9},SE/068012000,territorial,NA,6,F,Jönköpings,Svarttorp,Svarttorps församling,Svarttorps,NA,NA,SVARTTORP,SVARTTORP,1600,1990
3692,NA,228100,NA,NA,NA,Svartvik,NA,NA,other,2467,22,Y,Västernorrlands,Svartvik,NA,NA,NA,NA,NA,NA,NA,NA
3693,NA,18000,NA,NA,NA,Sveaartilleriregemente,NA,NA,regemente,NA,1,AB,Stockholms,Svea artilleriregemente,NA,NA,NA,1794 Artilleriförsamlingen,NA,NA,NA,NA
3695,NA,18400,NA,NA,NA,Sveaingenjorkar,NA,NA,other,NA,1,AB,Stockholms,Svea ingenjörkår,NA,NA,"Pontonjärbataljonen, Sappörkåren, Sappörkompaniet, Svea ingenjörbataljon","1864 Sappörkompaniet, 1893 Pontonierbataljonen",NA,NA,NA,NA
3696,NA,18000,NA,NA,NA,Svealivgarde,NA,NA,other,NA,1,AB,Stockholms,Svea livgarde,NA,NA,"Fleetwoodska regementet, Första livgardet, Kunglig majestäts livgarde, Livgardet",1792 Första livgardet,NA,NA,NA,NA
3698,NA,188000,NA,NA,NA,Sveatrangkar,NA,NA,other,NA,18,T,Örebro,Svea trängkår,NA,NA,Första Svea trängkår,1891 Trängbataljonen,NA,NA,NA,NA
3699,6122,126301,126301000,70430,126301,Svedala,{9396A8AA-A0B0-11D3-9E53-009027B0FCE9},SE/126301000,territorial,NA,12,M,Skåne,Svedala,Svedala församling,Svedala,NA,NA,SVEDALA,SVEDALA,1600,1990
3701,8336,236101,236101000,84250,236101,Sveg,{9396AF83-A0B0-11D3-9E53-009027B0FCE9},SE/236101000,territorial,NA,23,Z,Jämtlands,Sveg,Svegs församling,Svegs,NA,NA,SVEG,SVEG,1798,1990
3702,6763,66506,66506000,68900,66506,Svenarum,{9396A5BD-A0B0-11D3-9E53-009027B0FCE9},SE/066506000,territorial,NA,6,F,Jönköpings,Svenarum,Svenarums församling,Svenarums,NA,"22 av KMt fastställt Svenarum., Svennarum, 1927-10-22 av KMt fastställt Svenarum",SVENARUM,SVENARUM,1600,1990
3703,5784,166304,166304000,60120,166304,Sveneby,{9396AC07-A0B0-11D3-9E53-009027B0FCE9},SE/166304000,territorial,NA,16,R,Skaraborgs,Sveneby,Sveneby församling,Sveneby,Svenneby,NA,SVENEBY,SVENEBY,1600,1990
3704,7822,156501,156501000,77211,156501,Svenljunga,{9396AB11-A0B0-11D3-9E53-009027B0FCE9},SE/156501000,territorial,NA,15,P,Älvsborgs,Svenljunga,Svenljunga församling,Svenljunga,NA,NA,SVENLJUNGA,SVENLJUNGA,1600,1990
3705,7972,143509,143509000,76690,143509,Svenneby,{9396AA45-A0B0-11D3-9E53-009027B0FCE9},SE/143509000,territorial,NA,14,O,Västra Götalands,Svenneby,Svenneby församling,Svenneby,NA,NA,SVENNEBY,NA,1600,1990
3707,8274,186105,186105000,64130,186105,Svennevad,{9396AD75-A0B0-11D3-9E53-009027B0FCE9},SE/186105000,territorial,NA,18,T,Örebro,Svennevad,Svennevads församling,Svennevads,"Svinevad, Svinnevad",Svinevad,SVENNEVAD,SVENNEVAD,1735,1990
3709,NA,18000,NA,NA,NA,Svenskagardesregementet,NA,NA,regemente,NA,1,AB,Stockholms,Svenska gardesregementet,NA,NA,NA,1792 Andra gardesregementet,NA,NA,NA,NA
3710,6914,126605,126605000,74600,126605,Svenskop,{9396A8D3-A0B0-11D3-9E53-009027B0FCE9},SE/126605000,territorial,NA,12,M,Skåne,Svensköp,Svensköps församling,Svensköps,NA,NA,SVENSKÖP,SVENSKÖP,1600,1990
3711,6565,126403,126403000,70850,126403,Svenstorp,{9396A8B5-A0B0-11D3-9E53-009027B0FCE9},SE/126403000,territorial,NA,12,M,Skåne,Svenstorp,Svenstorps församling,Svenstorps,NA,NA,SVENSTORP,SVENSTORP,1600,1990
3712,8482,168314,168314000,60620,168314,NA,{9396AC6C-A0B0-11D3-9E53-009027B0FCE9},SE/168314000,territorial,NA,16,R,Skaraborgs,Sventorp,Sventorps församling,Sventorps,NA,NA,SVENTORP,SVENTORP,1890,1990
3714,5837,51205,51205000,56570,51205,Svinhult,{9396A4E5-A0B0-11D3-9E53-009027B0FCE9},SE/051205000,territorial,NA,5,E,Östergötlands,Svinhult,Svinhults församling,Svinhults,NA,1961 Västra Ryd,SVINHULT,SVINHULT,1600,1990
3715,6648,38104,38104000,51580,38104,Svinnegarn,{9396A42F-A0B0-11D3-9E53-009027B0FCE9},SE/038104000,territorial,NA,3,C,Uppsala,Svinnegarn,Svinnegarns församling,Svinnegarns,NA,NA,SVINNEGARN,SVINNEGARN,1600,1990
3718,5919,58615,58615000,56720,58615,Sya,{9396A591-A0B0-11D3-9E53-009027B0FCE9},SE/058615000,territorial,NA,5,E,Östergötlands,Sya,Sya församling,Sya,NA,NA,SYA,SYA,1600,1990
3719,NA,168600,NA,NA,NA,Synneral,NA,NA,other,3437,16,R,Skaraborgs,Synnerål,NA,NA,NA,NA,NA,NA,NA,NA
3721,7149,168212,168212000,57730,168212,NA,{9396AC53-A0B0-11D3-9E53-009027B0FCE9},SE/168212000,territorial,NA,16,R,Skaraborgs,Synnerby,Synnerby församling (R-län),Synnerby,NA,NA,SYNNERBY (R-län),SYNNERBY,1600,1990
3722,7645,16001,16001000,52490,16001,taby2,{9396A360-A0B0-11D3-9E53-009027B0FCE9},SE/016001000,territorial,NA,1,AB,Stockholms,Täby,Täby församling (AB-län),Täby,NA,NA,TÄBY (AB-län),TÄBY,1600,1990
3723,7676,188006,188006000,64090,188006,taby3,{9396AD8F-A0B0-11D3-9E53-009027B0FCE9},SE/188006000,territorial,NA,18,T,Örebro,Täby,Täby församling (T-län),Täby,NA,NA,TÄBY (T-län),TÄBY,1600,1990
3724,7256,58121,58121000,55430,58121,taby1,{9396A54B-A0B0-11D3-9E53-009027B0FCE9},SE/058121000,territorial,NA,5,E,Östergötlands,Täby,Tåby församling,Tåby,NA,NA,TÅBY,TÅBY,1600,1990
3725,5927,168128,168128000,59580,168128,tadene,{9396AC40-A0B0-11D3-9E53-009027B0FCE9},SE/168128000,territorial,NA,16,R,Skaraborgs,Tådene,Tådene församling,Tådene,NA,NA,TÅDENE,TÅDENE,1600,1990
3728,5796,158313,158313000,61510,158313,tamta,{9396AB6E-A0B0-11D3-9E53-009027B0FCE9},SE/158313000,territorial,NA,15,P,Älvsborgs,Tämta,Tämta församling,Tämta,NA,NA,TÄMTA,TÄMTA,1600,1990
3729,7003,160201,160201000,58120,160201,tang,{9396ABA7-A0B0-11D3-9E53-009027B0FCE9},SE/160201000,territorial,NA,16,R,Skaraborgs,Täng,Tängs församling,Tängs,NA,NA,TÄNG,NA,1600,1990
3730,8167,188024,188024000,64650,188024,tangerasa,{9396ADA1-A0B0-11D3-9E53-009027B0FCE9},SE/188024000,territorial,NA,18,T,Örebro,Tångeråsa,Tångeråsa församling,Tångeråsa,NA,NA,TÅNGERÅSA,TÅNGERÅSA,1647,1990
3731,6143,78119,78119000,68580,78119,NA,{9396A68D-A0B0-11D3-9E53-009027B0FCE9},SE/078119000,territorial,NA,7,G,Kronobergs,Tannåker,Tannåkers församling,Tannåkers,NA,NA,TANNÅKER,NA,1600,1990
3732,8231,236107,236107000,84310,236107,tannas,{9396AF8B-A0B0-11D3-9E53-009027B0FCE9},SE/236107000,territorial,NA,23,Z,Jämtlands,Tännäs,Tännäs församling,Tännäs,NA,NA,TÄNNÄS,TÄNNÄS,1680,1990
3733,NA,236100,NA,NA,NA,tanlapp,NA,NA,other,NA,23,Z,Jämtlands,Tännäs lappförsamling,NA,NA,Ljusnedals lappförsamling,1925 Hede lappförsamling,NA,NA,NA,NA
3734,5958,68309,68309000,68370,68309,tanno,{9396A5EF-A0B0-11D3-9E53-009027B0FCE9},SE/068309000,territorial,NA,6,F,Jönköpings,Tånnö,Tånnö församling,Tånnö,NA,NA,TÅNNÖ,NA,1600,1990
3735,6439,143572,143572000,76700,143572,tanum,{9396AA47-A0B0-11D3-9E53-009027B0FCE9},SE/143572000,territorial,NA,14,O,Västra Götalands,Tanum,Tanums församling,Tanums,NA,NA,TANUM,TANUM,1600,1990
3736,NA,143502,NA,NA,NA,tanumskyrkoomrade,NA,NA,other,3735,14,O,Västra Götalands,Tanums kyrkoområde,NA,NA,NA,NA,NA,NA,NA,NA
3737,6069,158310,158310000,61440,158310,tarby,{9396AB6B-A0B0-11D3-9E53-009027B0FCE9},SE/158310000,territorial,NA,15,P,Älvsborgs,Tärby,Tärby församling,Tärby,NA,NA,TÄRBY,TÄRBY,1600,1990
3738,8457,252105,252105000,83341,252105,tarendo,{9396B021-A0B0-11D3-9E53-009027B0FCE9},SE/252105000,territorial,NA,25,BD,Norrbottens,Tärendö,Tärendö församling,Tärendö,NA,NA,TÄRENDÖ,TÄRENDÖ,1882,1990
3739,5844,198105,198105000,51270,198105,tarna1,{9396AE10-A0B0-11D3-9E53-009027B0FCE9},SE/198105000,territorial,NA,19,U,Västmanlands,Tärna,Tärna församling (U-län),Tärna,NA,NA,TÄRNA (U-län),TÄRNA,1600,1990
3740,8310,242103,242103000,82900,242103,tarna2,{9396AFB6-A0B0-11D3-9E53-009027B0FCE9},SE/242103000,territorial,NA,24,AC,Västerbottens,Tärna,Tärna församling (AC-län),Tärna,NA,NA,TÄRNA,TÄRNA,1780,1990
3741,7523,156600,156606002,62000,156606,tarsled,{9396AB26-A0B0-11D3-9E53-009027B0FCE9},SE/156606002,territorial,NA,15,P,Älvsborgs,Tarsled,Tarsleds församling,Tarsleds,NA,NA,TARSLED,HERRLJUNGA,1600,1963
3742,8298,231308,231308000,82400,231308,tasjo,{9396AF6F-A0B0-11D3-9E53-009027B0FCE9},SE/231308000,territorial,NA,23,Z,Jämtlands,Tåsjö,Tåsjö församling,Tåsjö,Tosjö,NA,TÅSJÖ,TÅSJÖ,1772,1990
3743,6037,118204,118204000,73550,118204,tassjo,{9396A83F-A0B0-11D3-9E53-009027B0FCE9},SE/118204000,territorial,NA,11,L,Kristianstads,Tåssjö,Tåssjö församling,Tåssjö,Tosjö,"Tosjö, 1940 enligt SCB ändrat till Tåssjö efter jordeboken",TÅSSJÖ,TÅSSJÖ,1600,1990
3744,7048,118210,118210000,73720,118210,tastarp,{9396A845-A0B0-11D3-9E53-009027B0FCE9},SE/118210000,territorial,NA,11,L,Kristianstads,Tåstarp,Tåstarps församling,Tåstarps,Tostarp,"Tostarp, 1940 enligt SCB ändrat till Tåstarp efter jordeboken",TÅSTARP,TÅSTARP,1600,1990
3745,6027,78013,78013000,66970,78013,tavelsas,{9396A66A-A0B0-11D3-9E53-009027B0FCE9},SE/078013000,territorial,NA,7,G,Kronobergs,Tävelsås,Tävelsås församling,Tävelsås,NA,1785 Tävelsås,TÄVELSÅS,TÄVELSÅS,1600,1990
3746,NA,78000,NA,NA,NA,tavelsastofta,NA,NA,other,NA,7,G,Kronobergs,Tävelsås med Tofta,NA,NA,NA,NA,NA,NA,NA,NA
3747,8742,248003,248003000,82784,248003,tavelsjo,{9396AFD5-A0B0-11D3-9E53-009027B0FCE9},SE/248003000,territorial,NA,24,AC,Västerbottens,Tavelsjö,Tavelsjö församling,Tavelsjö,NA,NA,TAVELSJÖ,NA,1963,1990
3748,NA,248000,NA,NA,NA,tavelsjokbfd,NA,NA,kbfd,3747,24,AC,Västerbottens,Tavelsjö kbfd,NA,NA,NA,NA,NA,NA,NA,NA
3749,6123,18109,18109000,62240,18109,taxinge,{9396A3A2-A0B0-11D3-9E53-009027B0FCE9},SE/018109000,territorial,NA,1,AB,Stockholms,Taxinge,Taxinge församling,Taxinge,NA,NA,TAXINGE,TAXINGE,1600,1990
3750,7834,38103,38103000,51600,38103,teda,{9396A42E-A0B0-11D3-9E53-009027B0FCE9},SE/038103000,territorial,NA,3,C,Uppsala,Teda,Teda församling,Teda,NA,NA,TEDA,TEDA,1600,1990
3751,8741,248004,248004000,82782,248004,teg,{9396AFD6-A0B0-11D3-9E53-009027B0FCE9},SE/248004000,territorial,NA,24,AC,Västerbottens,Teg,Tegs församling,Tegs,NA,NA,TEG,NA,1963,1990
3752,7618,36004,36004000,52990,36004,tegelsmora,{9396A3F5-A0B0-11D3-9E53-009027B0FCE9},SE/036004000,territorial,NA,3,C,Uppsala,Tegelsmora,Tegelsmora församling,Tegelsmora,NA,NA,TEGELSMORA,TEGELSMORA,1600,1990
3753,5967,78000,78007002,67714,78007,tegnaby1,{9396A664-A0B0-11D3-9E53-009027B0FCE9},SE/078007002,territorial,NA,7,G,Kronobergs,Tegnaby,Tegnaby församling,Tegnaby,NA,NA,TEGNABY,NA,1600,1853
3754,6818,142101,142101000,76210,142101,tegneby,{9396AA1F-A0B0-11D3-9E53-009027B0FCE9},SE/142101000,territorial,NA,14,O,Västra Götalands,Tegneby,Tegneby församling,Tegneby,NA,NA,TEGNEBY,TEGNEBY,1600,1990
3755,7176,160209,160209000,58050,160209,tengene,{9396ABAF-A0B0-11D3-9E53-009027B0FCE9},SE/160209000,territorial,NA,16,R,Skaraborgs,Tengene,Tengene församling,Tengene,NA,NA,TENGENE,TENGENE,1600,1990
3756,8004,38023,38023000,52830,38023,tenoteki,{9396A417-A0B0-11D3-9E53-009027B0FCE9},SE/038023000,territorial,NA,3,C,Uppsala,Tensta,Tensta församling,Tensta,NA,NA,TENSTA,TENSTA,1600,1990
3757,7540,168622,168622000,59280,168622,tiarp,{9396ACB5-A0B0-11D3-9E53-009027B0FCE9},SE/168622000,territorial,NA,16,R,Skaraborgs,Tiarp,Tiarps församling,Tiarps,NA,NA,TIARP,NA,1600,1990
3760,NA,166300,NA,NA,NA,tiberg,NA,NA,other,282,16,R,Skaraborgs,Tiberg,NA,NA,NA,1703 Hunnekulla,NA,NA,NA,NA
3761,6186,166201,166201000,59840,166201,tibro,{9396AC01-A0B0-11D3-9E53-009027B0FCE9},SE/166201000,territorial,NA,16,R,Skaraborgs,Tibro,Tibro församling,Tibro,Kyrkefalla,1946 Kyrkefalla,TIBRO,KYRKEFALLA,1600,1990
3762,8495,168501,168501000,59912,168501,tidaholm,{9396AC89-A0B0-11D3-9E53-009027B0FCE9},SE/168501000,territorial,NA,16,R,Skaraborgs,Tidaholm,Tidaholms församling,Tidaholms,NA,NA,TIDAHOLM,TIDAHOLM,1900,1990
3763,6222,168006,168006000,60070,168006,tidavad,{9396AC17-A0B0-11D3-9E53-009027B0FCE9},SE/168006000,territorial,NA,16,R,Skaraborgs,Tidavad,Tidavads församling,Tidavads,Tjäfva,NA,TIDAVAD,NA,1600,1990
3764,5765,51301,51301000,56630,51301,tidersrum,{9396A4E8-A0B0-11D3-9E53-009027B0FCE9},SE/051301000,territorial,NA,5,E,Östergötlands,Tidersrum,Tidersrums församling,Tidersrums,Tirserum,NA,TIDERSRUM,TIDERSRUM,1600,1990
3765,8241,36005,36005000,52940,36005,tierp,{9396A3F6-A0B0-11D3-9E53-009027B0FCE9},SE/036005000,territorial,NA,3,C,Uppsala,Tierp,Tierps församling,Tierps,NA,NA,TIERP,TIERP,1699,1990
3766,6284,198017,198017000,64820,198017,tillberga,{9396AE03-A0B0-11D3-9E53-009027B0FCE9},SE/198017000,territorial,NA,19,U,Västmanlands,Tillberga,Tillberga församling,Tillberga,NA,NA,TILLBERGA,TILLBERGA,1600,1990
3767,7804,38105,38105000,51570,38105,tillinge,{9396A430-A0B0-11D3-9E53-009027B0FCE9},SE/038105000,territorial,NA,3,C,Uppsala,Tillinge,Tillinge församling,Tillinge,NA,NA,TILLINGE,TILLINGE,1600,1990
3768,7357,158429,158429000,61120,158429,timmele,{9396AB98-A0B0-11D3-9E53-009027B0FCE9},SE/158429000,territorial,NA,15,P,Älvsborgs,Timmele,Timmele församling,Timmele,NA,1907 Timmelhed,TIMMELE,TIMMELE,1600,1990
3769,6547,168324,168324000,60770,168324,timmersdala,{9396AC78-A0B0-11D3-9E53-009027B0FCE9},SE/168324000,territorial,NA,16,R,Skaraborgs,Timmersdala,Timmersdala församling,Timmersdala,NA,NA,TIMMERSDALA,NA,1600,1990
3770,7411,226201,226201000,83490,226201,timra,{9396AEF4-A0B0-11D3-9E53-009027B0FCE9},SE/226201000,territorial,NA,22,Y,Västernorrlands,Timrå,Timrå församling,Timrå,NA,NA,TIMRÅ,TIMRÅ,1600,1990
3771,6331,76301,76301000,67600,76301,tingsas,{9396A636-A0B0-11D3-9E53-009027B0FCE9},SE/076301000,territorial,NA,7,G,Kronobergs,Tingsås,Tingsås församling,Tingsås,NA,NA,TINGSÅS,TINGSÅS,1600,1990
3772,6724,58108,58108000,55180,58108,tingstad,{9396A53D-A0B0-11D3-9E53-009027B0FCE9},SE/058108000,territorial,NA,5,E,Östergötlands,Tingstad,Tingstads församling,Tingstads,NA,NA,TINGSTAD,TINGSTAD,1600,1990
3773,6172,98014,98014000,84580,98014,tingstade,{9396A731-A0B0-11D3-9E53-009027B0FCE9},SE/098014000,territorial,NA,9,I,Gotlands,Tingstäde,Tingstäde församling,Tingstäde,NA,NA,TINGSTÄDE,TINGSTÄDE,1600,1990
3776,7913,121401,121401000,72300,121401,tirup,{9396A862-A0B0-11D3-9E53-009027B0FCE9},SE/121401000,territorial,NA,12,M,Skåne,Tirup,Tirups församling,Tirups,NA,NA,TIRUP,TIRUP,1600,1990
3777,7887,156007,156007000,81340,156007,tisselskog,{9396AAE7-A0B0-11D3-9E53-009027B0FCE9},SE/156007000,territorial,NA,15,P,Älvsborgs,Tisselskog,Tisselskogs församling,Tisselskogs,NA,NA,TISSELSKOG,TISSELSKOG,1600,1990
3778,NA,158400,NA,NA,NA,tissered,NA,NA,other,1151,15,P,Älvsborgs,Tissered,NA,NA,NA,NA,NA,NA,NA,NA
3780,8389,186003,186003000,60470,186003,tived,{9396AD6F-A0B0-11D3-9E53-009027B0FCE9},SE/186003000,territorial,NA,18,T,Örebro,Tived,Tiveds församling,Tiveds,NA,NA,TIVED,TIVED,1842,1990
3783,7657,58322,58322000,55720,58322,tjallmo,{9396A56E-A0B0-11D3-9E53-009027B0FCE9},SE/058322000,territorial,NA,5,E,Östergötlands,Tjällmo,Tjällmo församling,Tjällmo,NA,NA,TJÄLLMO,TJÄLLMO,1600,1990
3785,5797,138110,138110000,78590,138110,tjarby,{9396A9C1-A0B0-11D3-9E53-009027B0FCE9},SE/138110000,territorial,NA,13,N,Hallands,Tjärby,Tjärby församling,Tjärby,NA,NA,TJÄRBY,TJÄRBY,1600,1990
3786,7560,148607,148607000,76750,148607,tjarno,{9396AAA4-A0B0-11D3-9E53-009027B0FCE9},SE/148607000,territorial,NA,14,O,Västra Götalands,Tjärnö,Tjärnö församling,Tjärnö,Kärnö,NA,TJÄRNÖ,TJÄRNÖ,1600,1990
3787,7646,51309,51309000,56420,51309,tjarstad,{9396A4F0-A0B0-11D3-9E53-009027B0FCE9},SE/051309000,territorial,NA,5,E,Östergötlands,Tjärstad,Tjärstads församling,Tjärstads,NA,NA,TJÄRSTAD,TJÄRSTAD,1600,1990
3789,7403,126708,126708000,73850,126708,tjornarp,{9396A8E1-A0B0-11D3-9E53-009027B0FCE9},SE/126708000,territorial,NA,12,M,Skåne,Tjörnarp,Tjörnarps församling,Tjörnarps,NA,NA,TJÖRNARP,TJÖRNARP,1600,1990
3790,7055,78019,78019000,67800,78019,tjureda,{9396A670-A0B0-11D3-9E53-009027B0FCE9},SE/078019000,territorial,NA,7,G,Kronobergs,Tjureda,Tjureda församling,Tjureda,NA,NA,TJUREDA,TJUREDA,1600,1990
3791,8477,108000,108001002,74760,108001,tjurko,{9396A788-A0B0-11D3-9E53-009027B0FCE9},SE/108001002,territorial,NA,10,K,Blekinge,Tjurkö,Tjurkö församling,Tjurkö,NA,NA,TJURKÖ,KARLSKRONA TYSKA,1888,1963
3792,NA,126300,NA,NA,NA,tjustorp,NA,NA,other,3304,12,M,Skåne,Tjustorp,NA,NA,NA,NA,NA,NA,NA,NA
3794,6542,158306,158306000,61420,158306,toarp,{9396AB67-A0B0-11D3-9E53-009027B0FCE9},SE/158306000,territorial,NA,15,P,Älvsborgs,Toarp,Toarps församling,Toarps,NA,NA,TOARP,TOARP,1600,1990
3795,7748,176508,176508000,80820,176508,tocksmark,{9396AD0B-A0B0-11D3-9E53-009027B0FCE9},SE/176508000,territorial,NA,17,S,Värmlands,Töcksmark,Töcksmarks församling,Töcksmarks,NA,1914 Tyksmark,TÖCKSMARK,TÖCKSMARK,1600,1990
3796,6490,128205,128205000,72220,128205,tofta3,{9396A921-A0B0-11D3-9E53-009027B0FCE9},SE/128205000,territorial,NA,12,M,Skåne,Tofta,Tofta församling (M-län),Tofta,NA,NA,TOFTA (M-län),NA,1600,1990
3797,NA,78000,NA,NA,NA,tofta1,NA,NA,other,3796,7,G,Kronobergs,Tofta,NA,NA,NA,NA,NA,NA,NA,NA
3798,6975,98054,98054000,84810,98054,tofta2,{9396A759-A0B0-11D3-9E53-009027B0FCE9},SE/098054000,territorial,NA,9,I,Gotlands,Tofta,Tofta församling (I-län),Tofta,NA,NA,TOFTA (I-län),TOFTA,1600,1990
3799,6384,150404,150404000,81780,150404,toftedal,{9396AAAA-A0B0-11D3-9E53-009027B0FCE9},SE/150404000,territorial,NA,15,P,Älvsborgs,Töftedal,Töftedals församling,Töftedals,NA,NA,TÖFTEDAL,TÖFTEDAL,1600,1990
3800,7109,66503,66503000,68420,66503,tofteryd,{9396A5BA-A0B0-11D3-9E53-009027B0FCE9},SE/066503000,territorial,NA,6,F,Jönköpings,Tofteryd,Tofteryds församling,Tofteryds,NA,NA,TOFTERYD,TOFTERYD,1600,1990
3801,6415,126507,126507000,71540,126507,tolanga,{9396A8C6-A0B0-11D3-9E53-009027B0FCE9},SE/126507000,territorial,NA,12,M,Skåne,Tolånga,Tolånga församling,Tolånga,NA,NA,TOLÅNGA,TOLÅNGA,1600,1990
3802,6118,36001,36001000,52980,36001,tolfta,{9396A3F3-A0B0-11D3-9E53-009027B0FCE9},SE/036001000,territorial,NA,3,C,Uppsala,Tolfta,Tolfta församling,Tolfta,NA,NA,TOLFTA,TOLFTA,1600,1990
3803,6286,78022,78022000,67780,78022,tolg,{9396A673-A0B0-11D3-9E53-009027B0FCE9},SE/078022000,territorial,NA,7,G,Kronobergs,Tolg,Tolgs församling,Tolgs,NA,NA,TOLG,TOLG,1600,1990
3804,5982,158317,158317000,76880,158317,tollsjo,{9396AB72-A0B0-11D3-9E53-009027B0FCE9},SE/158317000,territorial,NA,15,P,Älvsborgs,Töllsjö,Töllsjö församling,Töllsjö,NA,1908 Töllesjö,TÖLLSJÖ,NA,1600,1990
3807,5930,138402,138402000,77580,138402,tolo,{9396A9F8-A0B0-11D3-9E53-009027B0FCE9},SE/138402000,territorial,NA,13,N,Hallands,Tölö,Tölö församling,Tölö,NA,NA,TÖLÖ,TÖLÖ,1600,1990
3810,8613,116005,116005000,73184,116005,tomelilla,{9396A7D0-A0B0-11D3-9E53-009027B0FCE9},SE/116005000,territorial,NA,11,L,Kristianstads,Tomelilla,Tomelilla församling,Tomelilla,NA,NA,TOMELILLA,TOMELILLA,1926,1990
3815,6623,138006,138006000,78550,138006,tonnersjo,{9396A9A7-A0B0-11D3-9E53-009027B0FCE9},SE/138006000,territorial,NA,13,N,Hallands,Tönnersjö,Tönnersjö församling,Tönnersjö,NA,NA,TÖNNERSJÖ,TÖNNERSJÖ,1600,1990
3816,6355,168640,168640000,58880,168640,torbjorntorp,{9396ACC7-A0B0-11D3-9E53-009027B0FCE9},SE/168640000,territorial,NA,16,R,Skaraborgs,Torbjörntorp,Torbjörntorps församling,Torbjörntorps,NA,NA,TORBJÖRNTORP,TORBJÖRNTORP,1600,1990
3817,8542,251471,251471000,83182,251471,tore,{9396B010-A0B0-11D3-9E53-009027B0FCE9},SE/251471000,territorial,NA,25,BD,Norrbottens,Töre,Töre församling,Töre,NA,NA,TÖRE,TÖRE,1909,1990
3818,6788,166301,166301000,60340,166301,toreboda,{9396AC04-A0B0-11D3-9E53-009027B0FCE9},SE/166301000,territorial,NA,16,R,Skaraborgs,Töreboda,Töreboda församling,Töreboda,Björkäng,1938 Björkäng,TÖREBODA,BJÖRKÄNG,1600,1990
3819,NA,251402,NA,NA,NA,torekbfd,NA,NA,kbfd,3817,25,BD,Norrbottens,Töre kbfd,NA,NA,NA,NA,NA,NA,NA,NA
3820,6463,116806,116806000,73740,116806,torekov,{9396A7FE-A0B0-11D3-9E53-009027B0FCE9},SE/116806000,territorial,NA,11,L,Kristianstads,Torekov,Torekovs församling,Torekovs,NA,NA,TOREKOV,NA,1600,1990
3821,7882,156317,156317000,77090,156317,torestorp,{9396AB0D-A0B0-11D3-9E53-009027B0FCE9},SE/156317000,territorial,NA,15,P,Älvsborgs,Torestorp,Torestorps församling,Torestorps,NA,NA,TORESTORP,TORESTORP,1600,1990
3822,7236,48607,48607000,62250,48607,toresund,{9396A4CF-A0B0-11D3-9E53-009027B0FCE9},SE/048607000,territorial,NA,4,D,Södermanlands,Toresund,Toresunds församling,Toresunds,NA,NA,TORESUND,TORESUND,1600,1990
3823,7046,108010,108010000,74870,108010,torhamn,{9396A792-A0B0-11D3-9E53-009027B0FCE9},SE/108010000,territorial,NA,10,K,Blekinge,Torhamn,Torhamns församling,Torhamns,NA,1898 Torrum,TORHAMN,TORHAMN,1600,1990
3825,7556,58025,58025000,54210,58025,tornevalla,{9396A527-A0B0-11D3-9E53-009027B0FCE9},SE/058025000,territorial,NA,5,E,Östergötlands,Törnevalla,Törnevalla församling,Törnevalla,NA,NA,TÖRNEVALLA,TÖRNEVALLA,1600,1990
3826,7439,88302,88302000,56020,88302,torfall,{9396A6F0-A0B0-11D3-9E53-009027B0FCE9},SE/088302000,territorial,NA,8,H,Kalmar,Törnsfall,Törnsfalls församling,Törnsfalls,Törnesfalla,1940 Törnsfall,TÖRNSFALL,TÖRNSFALL,1600,1990
3827,6219,19203,19203000,63370,19203,toro,{9396A3E4-A0B0-11D3-9E53-009027B0FCE9},SE/019203000,territorial,NA,1,AB,Stockholms,Torö,Torö församling,Torö,NA,NA,TORÖ,TORÖ,1600,1990
3829,7629,142106,142106000,76260,142106,torp2,{9396AA24-A0B0-11D3-9E53-009027B0FCE9},SE/142106000,territorial,NA,14,O,Västra Götalands,Torp,Torps församling (O-län),Torps,NA,NA,TORP (O-län),TORP,1600,1990
3830,6603,150703,150703000,81830,150703,torp,{9396AAB0-A0B0-11D3-9E53-009027B0FCE9},SE/150703000,territorial,NA,15,P,Älvsborgs,Torp,Torps församling (P-län),Torps,NA,NA,TORP (P-län),TORP,1600,1990
3831,7293,226004,226004000,83620,226004,torp3,{9396AEF2-A0B0-11D3-9E53-009027B0FCE9},SE/226004000,territorial,NA,22,Y,Västernorrlands,Torp,Torps församling (Y-län),Torps,NA,NA,TORP (Y-län),TORP,1600,1990
3832,6042,138314,138314000,77900,138314,torpa3,{9396A9EA-A0B0-11D3-9E53-009027B0FCE9},SE/138314000,territorial,NA,13,N,Hallands,Torpa,Torpa församling (N-län),Torpa,NA,NA,TORPA (N-län),TORPA,1600,1990
3833,NA,158300,NA,NA,NA,torpa4,NA,NA,other,3832,15,P,Älvsborgs,Torpa,NA,NA,NA,NA,NA,NA,NA,NA
3834,8251,196003,196003000,63710,196003,torpa5,{9396ADE3-A0B0-11D3-9E53-009027B0FCE9},SE/196003000,territorial,NA,19,U,Västmanlands,Torpa,Torpa församling (U-län),Torpa,NA,NA,TORPA (U-län),TORPA,1700,1990
3835,7080,51201,51201000,56600,51201,torpa1,{9396A4E1-A0B0-11D3-9E53-009027B0FCE9},SE/051201000,territorial,NA,5,E,Östergötlands,Torpa,Torpa församling (E-län),Torpa,NA,NA,TORPA (E-län),TORPA,1600,1990
3836,6852,78114,78114000,67460,78114,torpa2,{9396A688-A0B0-11D3-9E53-009027B0FCE9},SE/078114000,territorial,NA,7,G,Kronobergs,Torpa,Torpa församling (G-län),Torpa,NA,NA,TORPA (G-län),TORPA,1600,1990
3837,5776,126304,126304000,70460,126304,torringe,{9396A8AD-A0B0-11D3-9E53-009027B0FCE9},SE/126304000,territorial,NA,12,M,Skåne,Törringe,Törringe församling,Törringe,NA,NA,TÖRRINGE,NA,1600,1990
3838,7818,121415,121415000,71800,121415,torrlosa,{9396A870-A0B0-11D3-9E53-009027B0FCE9},SE/121415000,territorial,NA,12,M,Skåne,Torrlösa,Torrlösa församling,Torrlösa,NA,NA,TORRLÖSA,TORRLÖSA,1600,1990
3839,7202,156005,156005000,80870,156005,torrskog,{9396AAE5-A0B0-11D3-9E53-009027B0FCE9},SE/156005000,territorial,NA,15,P,Älvsborgs,Torrskog,Torrskogs församling,Torrskogs,NA,NA,TORRSKOG,TORRSKOG,1600,1990
3840,NA,108000,NA,NA,NA,torrum,NA,NA,other,NA,10,K,Blekinge,Torrum,NA,NA,NA,NA,NA,NA,NA,NA
3841,8545,210402,210402000,53370,210402,torsaker2,{9396AE98-A0B0-11D3-9E53-009027B0FCE9},SE/210402000,territorial,NA,21,X,Gävleborgs,Torsåker,Torsåkers församling (X-län),Torsåkers,NA,NA,TORSÅKER (X-län),TORSÅKER,1911,1990
3842,6670,228210,228210000,82130,228210,torsaker3,{9396AF1F-A0B0-11D3-9E53-009027B0FCE9},SE/228210000,territorial,NA,22,Y,Västernorrlands,Torsåker,Torsåkers församling (Y-län),Torsåkers,NA,NA,TORSÅKER (Y-län),TORSÅKER,1600,1990
3843,NA,48000,NA,NA,NA,torsaker1,NA,NA,other,3841,4,D,Södermanlands,Torsåker,NA,NA,NA,NA,NA,NA,NA,NA
3844,6399,208103,208103000,66330,208103,torsang,{9396AE6F-A0B0-11D3-9E53-009027B0FCE9},SE/208103000,territorial,NA,20,W,Dalarnas,Torsång,Torsångs församling,Torsångs,NA,NA,TORSÅNG,TORSÅNG,1600,1990
3847,8440,83402,83402000,79210,83402,torsas3,{9396A698-A0B0-11D3-9E53-009027B0FCE9},SE/083402000,territorial,NA,8,H,Kalmar,Torsås,Torsås församling,Torsås,NA,NA,TORSÅS,TORSÅS,1871,1990
3848,5835,148205,148205000,75920,148205,torsby,{9396AA81-A0B0-11D3-9E53-009027B0FCE9},SE/148205000,territorial,NA,14,O,Västra Götalands,Torsby,Torsby församling,Torsby,NA,NA,TORSBY,TORSBY,1600,1990
3849,NA,78100,NA,NA,NA,torset,NA,NA,other,320,7,G,Kronobergs,Torset,NA,NA,NA,NA,NA,NA,NA,NA
3850,6774,48403,48403000,63760,48403,torshalla,{9396A4B0-A0B0-11D3-9E53-009027B0FCE9},SE/048403000,territorial,NA,4,D,Södermanlands,Torshälla,Torshälla församling,Torshälla,Torshälla stadsförsamling,1970 Torshälla stadsförsamling,TORSHÄLLA,TORSHÄLLA STADS,1600,1990
3853,7731,68307,68307000,68550,68307,torskinge,{9396A5ED-A0B0-11D3-9E53-009027B0FCE9},SE/068307000,territorial,NA,6,F,Jönköpings,Torskinge,Torskinge församling,Torskinge,NA,NA,TORSKINGE,TORSKINGE,1600,1990
3854,6801,148028,148028000,75820,148028,torslanda,{9396AA6D-A0B0-11D3-9E53-009027B0FCE9},SE/148028000,territorial,NA,14,O,Västra Götalands,Torslanda,Torslanda församling,Torslanda,NA,NA,TORSLANDA,TORSLANDA,1600,1990
3855,6014,84015,84015000,79530,84015,torslunda,{9396A6AA-A0B0-11D3-9E53-009027B0FCE9},SE/084015000,territorial,NA,8,H,Kalmar,Torslunda,Torslunda församling,Torslunda,NA,NA,TORSLUNDA,TORSLUNDA,1600,1990
3856,7722,168013,168013000,60200,168013,torso1,{9396AC1E-A0B0-11D3-9E53-009027B0FCE9},SE/168013000,territorial,NA,16,R,Skaraborgs,Torsö,Torsö församling (R-län),Torsö,Viksala,NA,TORSÖ (R-län),TORSÖ,1600,1990
3858,6272,38134,38134000,51280,38134,torstuna,{9396A44E-A0B0-11D3-9E53-009027B0FCE9},SE/038134000,territorial,NA,3,C,Uppsala,Torstuna,Torstuna församling,Torstuna,NA,NA,TORSTUNA,TORSTUNA,1600,1990
3859,6983,38113,38113000,51390,38113,torsvi,{9396A439-A0B0-11D3-9E53-009027B0FCE9},SE/038113000,territorial,NA,3,C,Uppsala,Torsvi,Torsvi församling,Torsvi,NA,NA,TORSVI,TORSVI,1600,1990
3860,7348,198018,198018000,66800,198018,tortuna,{9396AE04-A0B0-11D3-9E53-009027B0FCE9},SE/198018000,territorial,NA,19,U,Västmanlands,Tortuna,Tortuna församling,Tortuna,NA,NA,TORTUNA,TORTUNA,1600,1990
3862,5994,131501,131501000,78420,131501,torup2,{9396A998-A0B0-11D3-9E53-009027B0FCE9},SE/131501000,territorial,NA,13,N,Hallands,Torup,Torups församling,Torups,NA,NA,TORUP,TORUP,1600,1990
3863,NA,143000,NA,NA,NA,tose,NA,NA,other,3688,14,O,Västra Götalands,Tose,NA,NA,Tossemarken,NA,NA,NA,NA,NA
3868,8434,158504,158504000,81414,158504,tosset,{9396AB9F-A0B0-11D3-9E53-009027B0FCE9},SE/158504000,territorial,NA,15,P,Älvsborgs,Tösse med Tydje,Tösse med Tydje församling,Tösse med Tydje,Tösse,1910 Tössö,TÖSSE MED TYDJE,TÖSSE,1867,1990
3869,8541,142706,142706000,76630,142706,tossene,{9396AA35-A0B0-11D3-9E53-009027B0FCE9},SE/142706000,territorial,NA,14,O,Västra Götalands,Tossene,Tossene församling,Tossene,NA,NA,TOSSENE,TOSSENE,1909,1990
3870,6008,156311,156311000,77010,156311,tostared,{9396AB05-A0B0-11D3-9E53-009027B0FCE9},SE/156311000,territorial,NA,15,P,Älvsborgs,Tostared,Tostareds församling,Tostareds,NA,NA,TOSTARED,NA,1600,1990
3872,7102,116017,116017000,73080,116017,tosterup,{9396A7DC-A0B0-11D3-9E53-009027B0FCE9},SE/116017000,territorial,NA,11,L,Kristianstads,Tosterup,Tosterups församling,Tosterups,NA,"även, möjligen oriktigt, Tostarp",TOSTERUP,TOSTERUP,1600,1990
3873,7730,123012,123012000,70520,123012,tottarp,{9396A87F-A0B0-11D3-9E53-009027B0FCE9},SE/123012000,territorial,NA,12,M,Skåne,Tottarp,Tottarps församling,Tottarps,NA,NA,TOTTARP,TOTTARP,1600,1990
3874,NA,158400,NA,NA,NA,tove,NA,NA,other,2539,15,P,Älvsborgs,Töve,NA,NA,NA,NA,NA,NA,NA,NA
3877,6067,98049,98049000,84840,98049,trakumla,{9396A754-A0B0-11D3-9E53-009027B0FCE9},SE/098049000,territorial,NA,9,I,Gotlands,Träkumla,Träkumla församling,Träkumla,NA,NA,TRÄKUMLA,TRÄKUMLA,1600,1990
3878,6996,116007,116007000,71150,116007,tranas,{9396A7D2-A0B0-11D3-9E53-009027B0FCE9},SE/116007000,territorial,NA,11,L,Kristianstads,Tranås,Tranås församling,Tranås,NA,NA,TRANÅS,TRANÅS,1600,1990
3879,6710,118005,118005000,74530,118005,trane,{9396A805-A0B0-11D3-9E53-009027B0FCE9},SE/118005000,territorial,NA,11,L,Kristianstads,Träne,Träne församling,Träne,NA,NA,TRÄNE,TRÄNE,1600,1990
3881,7194,155201,155201000,77440,155201,tranemo,{9396AAD5-A0B0-11D3-9E53-009027B0FCE9},SE/155201000,territorial,NA,15,P,Älvsborgs,Tranemo,Tranemo församling,Tranemo,NA,NA,TRANEMO,TRANEMO,1600,1990
3883,8798,12602,12602000,63334,12602,trangsund,{9396A341-A0B0-11D3-9E53-009027B0FCE9},SE/012602000,territorial,NA,1,AB,Stockholms,Trångsund,Trångsunds församling,Trångsunds,NA,NA,TRÅNGSUND,NA,1974,1990
3884,5909,176506,176506000,80860,176506,trankil,{9396AD09-A0B0-11D3-9E53-009027B0FCE9},SE/176506000,territorial,NA,17,S,Värmlands,Trankil,Trankils församling,Trankils,NA,NA,TRANKIL,TRANKIL,1600,1990
3885,6598,202305,202305000,65760,202305,transtrand,{9396AE33-A0B0-11D3-9E53-009027B0FCE9},SE/202305000,territorial,NA,20,W,Dalarnas,Transtrand,Transtrands församling,Transtrands,NA,NA,TRANSTRAND,TRANSTRAND,1600,1990
3886,6554,168127,168127000,59610,168127,tranum,{9396AC3F-A0B0-11D3-9E53-009027B0FCE9},SE/168127000,territorial,NA,16,R,Skaraborgs,Tranum,Tranums församling,Tranums,NA,NA,TRANUM,TRANUM,1600,1990
3887,7091,76703,76703000,67340,76703,traryd,{9396A657-A0B0-11D3-9E53-009027B0FCE9},SE/076703000,territorial,NA,7,G,Kronobergs,Traryd,Traryds församling,Traryds,Traheryd,"22 enligt KMt Traryd., Traheryd, 1927-10-22 enligt KMt Traryd",TRARYD,TRARYD,1600,1990
3888,6159,138302,138302000,77920,138302,traslov,{9396A9DE-A0B0-11D3-9E53-009027B0FCE9},SE/138302000,territorial,NA,13,N,Hallands,Träslöv,Träslövs församling,Träslövs,NA,NA,TRÄSLÖV,TRÄSLÖV,1600,1990
3889,6189,168115,168115000,57650,168115,trassberg,{9396AC33-A0B0-11D3-9E53-009027B0FCE9},SE/168115000,territorial,NA,16,R,Skaraborgs,Trässberg,Trässbergs församling,Trässbergs,NA,NA,TRÄSSBERG,NA,1600,1990
3890,6062,166306,166306000,60410,166306,trastena,{9396AC09-A0B0-11D3-9E53-009027B0FCE9},SE/166306000,territorial,NA,16,R,Skaraborgs,Trästena,Trästena församling,Trästena,NA,NA,TRÄSTENA,TRÄSTENA,1600,1990
3891,7166,166026,166026000,58930,166026,travad,{9396ABE4-A0B0-11D3-9E53-009027B0FCE9},SE/166026000,territorial,NA,16,R,Skaraborgs,Tråvad,Tråvads församling,Tråvads,NA,NA,TRÅVAD,TRÅVAD,1600,1990
3892,7187,168603,168603000,58970,168603,travattna,{9396ACA3-A0B0-11D3-9E53-009027B0FCE9},SE/168603000,territorial,NA,16,R,Skaraborgs,Trävattna,Trävattna församling,Trävattna,NA,NA,TRÄVATTNA,TRÄVATTNA,1600,1990
3897,8179,50907,50907000,57140,50907,treharna,{9396A4DF-A0B0-11D3-9E53-009027B0FCE9},SE/050907000,territorial,NA,5,E,Östergötlands,Trehörna,Trehörna församling,Trehörna,"Johannes, Sankt Johannes",Sankt Johannis,TREHÖRNA,TREHÖRNA,1652,1990
3898,8426,228413,228413000,82642,228413,trehorningsjo,{9396AF42-A0B0-11D3-9E53-009027B0FCE9},SE/228413000,territorial,NA,22,Y,Västernorrlands,Trehörningsjö,Trehörningsjö församling,Trehörningsjö,NA,NA,TREHÖRNINGSJÖ,TREHÖRNINGSJÖ,1863,1990
3899,8529,128701,128701000,69784,128701,trelleborg,{9396A973-A0B0-11D3-9E53-009027B0FCE9},SE/128701000,territorial,NA,12,M,Skåne,Trelleborg,Trelleborgs församling,Trelleborgs,Trelleborgs stadsförsamling,1909 Trelleborg,TRELLEBORG,TRELLEBORGS STADS,1908,1990
3900,7442,128700,NA,NA,NA,trelleborgslandsforsamling,{9396A975-A0B0-11D3-9E53-009027B0FCE9},SE/128701002,territorial,NA,12,M,Skåne,Trelleborgs landsförsamling,Trelleborgs landsförsamling,Trelleborgs landsförsamling,NA,NA,NA,NA,1600,1866
3903,6705,160210,160210000,58060,160210,trokorna,{9396ABB0-A0B0-11D3-9E53-009027B0FCE9},SE/160210000,territorial,NA,16,R,Skaraborgs,Trökörna,Trökörna församling,Trökörna,NA,NA,TRÖKÖRNA,TRÖKÖRNA,1600,1990
3904,7037,118021,118021000,74330,118021,trollby,{9396A817-A0B0-11D3-9E53-009027B0FCE9},SE/118021000,territorial,NA,11,L,Kristianstads,Trolle-Ljungby,Trolle-Ljungby församling,Trolle-Ljungby,Västra Ljungby,1883 Ljungby eller Västra Ljungby,TROLLE-LJUNGBY,TROLLE-LJUNGBY (VÄSTRA LJUNGBY),1600,1990
3905,7846,128504,128504000,71870,128504,trollenas,{9396A94D-A0B0-11D3-9E53-009027B0FCE9},SE/128504000,territorial,NA,12,M,Skåne,Trollenäs,Trollenäs församling,Trollenäs,Näs,1899 Näs,TROLLENÄS,TROLLENÄS,1600,1990
3906,8822,158101,158101000,58002,158101,trollhattan,{9396AB45-A0B0-11D3-9E53-009027B0FCE9},SE/158101000,territorial,NA,15,P,Älvsborgs,Trollhättan,Trollhättans församling,Trollhättans,NA,NA,TROLLHÄTTAN,TROLLHÄTTAN,1989,1990
3907,6936,138008,138008000,78530,138008,tronninge,{9396A9A9-A0B0-11D3-9E53-009027B0FCE9},SE/138008000,territorial,NA,13,N,Hallands,Trönninge,Trönninge församling,Trönninge,NA,NA,TRÖNNINGE,TRÖNNINGE,1600,1990
3908,6151,218208,218208000,53540,218208,trono,{9396AED6-A0B0-11D3-9E53-009027B0FCE9},SE/218208000,territorial,NA,21,X,Gävleborgs,Trönö,Trönö församling,Trönö,NA,NA,TRÖNÖ,TRÖNÖ,1600,1990
3910,8055,48028,48028000,63220,48028,trosastadsforsamling,{9396A484-A0B0-11D3-9E53-009027B0FCE9},SE/048028000,territorial,NA,4,D,Södermanlands,Trosa stadsförsamling,Trosa stadsförsamling,Trosa stadsförsamling,NA,NA,TROSA STADS,TROSA STADS,1610,1990
3911,8612,48031,48031000,63200,48031,trosavagn,{9396A489-A0B0-11D3-9E53-009027B0FCE9},SE/048031000,territorial,NA,4,D,Södermanlands,Trosa-Vagnhärad,Trosa-Vagnhärads församling,Trosa-Vagnhärads,Trosa landsförsamling,1925 Trosa landsförsamling,TROSA-VAGNHÄRAD,TROSA LANDS,1926,1990
3912,8611,116004,116004000,73180,116004,tryde,{9396A7CE-A0B0-11D3-9E53-009027B0FCE9},SE/116004000,territorial,NA,11,L,Kristianstads,Tryde,Tryde församling,Tryde,NA,NA,TRYDE,TRYDE,1926,1990
3913,7183,56305,56305000,55870,56305,tryserum,{9396A50A-A0B0-11D3-9E53-009027B0FCE9},SE/056305000,territorial,NA,5,E,Östergötlands,Tryserum,Tryserums församling,Tryserums,NA,NA,TRYSERUM,TRYSERUM,1600,1990
3914,7377,128726,128726000,70840,128726,tullstorp,{9396A990-A0B0-11D3-9E53-009027B0FCE9},SE/128726000,territorial,NA,12,M,Skåne,Tullstorp,Tullstorps församling,Tullstorps,NA,NA,TULLSTORP,TULLSTORP,1600,1990
3915,8795,12703,12703000,63302,12703,tumba,{9396A348-A0B0-11D3-9E53-009027B0FCE9},SE/012703000,territorial,NA,1,AB,Stockholms,Tumba,Tumba församling,Tumba,NA,NA,TUMBA,NA,1974,1990
3916,NA,12700,NA,NA,NA,tumbakbfd,NA,NA,kbfd,3915,1,AB,Stockholms,Tumba kbfd,NA,NA,NA,NA,NA,NA,NA,NA
3917,NA,152700,NA,NA,NA,tumberg,NA,NA,other,1908,15,P,Älvsborgs,Tumberg,NA,NA,NA,NA,NA,NA,NA,NA
3918,5922,48411,48411000,63780,48411,tumbo,{9396A4B8-A0B0-11D3-9E53-009027B0FCE9},SE/048411000,territorial,NA,4,D,Södermanlands,Tumbo,Tumbo församling,Tumbo,NA,NA,TUMBO,TUMBO,1600,1990
3919,6264,168118,168118000,59620,168118,tun,{9396AC36-A0B0-11D3-9E53-009027B0FCE9},SE/168118000,territorial,NA,16,R,Skaraborgs,Tun,Tuns församling,Tuns,NA,NA,TUN,TUN,1600,1990
3922,6102,228108,228108000,83590,228108,tuna8,{9396AF0F-A0B0-11D3-9E53-009027B0FCE9},SE/228108000,territorial,NA,22,Y,Västernorrlands,Tuna,Tuna församling (Y-län),Tuna,NA,NA,TUNA (Y-län),TUNA,1600,1990
3923,7373,38040,38040000,50400,38040,tuna1,{9396A428-A0B0-11D3-9E53-009027B0FCE9},SE/038040000,territorial,NA,3,C,Uppsala,Tuna,Tuna församling (C-län),Tuna,NA,NA,TUNA (C-län),TUNA,1600,1990
3924,7555,48007,48007000,62850,48007,tuna2,{9396A46E-A0B0-11D3-9E53-009027B0FCE9},SE/048007000,territorial,NA,4,D,Södermanlands,Tuna,Tuna församling (D-län),Tuna,NA,NA,TUNA (D-län),TUNA,1600,1990
3927,7502,88409,88409000,56210,88409,tuna5,{9396A70A-A0B0-11D3-9E53-009027B0FCE9},SE/088409000,territorial,NA,8,H,Kalmar,Tuna,Tuna församling (H-län),Tuna,NA,NA,TUNA (H-län),TUNA,1600,1990
3928,6991,48005,48005000,62870,48005,tunaberg,{9396A46C-A0B0-11D3-9E53-009027B0FCE9},SE/048005000,territorial,NA,4,D,Södermanlands,Tunaberg,Tunabergs församling,Tunabergs,Näveberg,NA,TUNABERG,TUNABERG,1600,1990
3932,NA,116000,NA,NA,NA,tunbyholm,NA,NA,other,3438,11,L,Kristianstads,Tunbyholm,NA,NA,Limkyrkan,NA,NA,NA,NA,NA
3933,7392,156203,156203000,75680,156203,tunge,{9396AAF7-A0B0-11D3-9E53-009027B0FCE9},SE/156203000,territorial,NA,15,P,Älvsborgs,Tunge,Tunge församling,Tunge,NA,NA,TUNGE,TUNGE,1600,1990
3936,6793,18105,18105000,63620,18105,turinge,{9396A39E-A0B0-11D3-9E53-009027B0FCE9},SE/018105000,territorial,NA,1,AB,Stockholms,Turinge,Turinge församling,Turinge,NA,NA,TURINGE,TURINGE,1600,1990
3938,6338,78104,78104000,67410,78104,tutaryd,{9396A67E-A0B0-11D3-9E53-009027B0FCE9},SE/078104000,territorial,NA,7,G,Kronobergs,Tutaryd,Tutaryds församling,Tutaryds,NA,NA,TUTARYD,TUTARYD,1600,1990
3940,7351,148030,148030000,75560,148030,tuve,{9396AA6F-A0B0-11D3-9E53-009027B0FCE9},SE/148030000,territorial,NA,14,O,Västra Götalands,Tuve,Tuve församling,Tuve,NA,NA,TUVE,TUVE,1600,1990
3941,7418,138311,138311000,77970,138311,tvaaker,{9396A9E7-A0B0-11D3-9E53-009027B0FCE9},SE/138311000,territorial,NA,13,N,Hallands,Tvååker,Tvååkers församling,Tvååkers,Toaker,NA,TVÅÅKER,TVÅÅKER,1600,1990
3942,5817,158414,158414000,77350,158414,tvarred,{9396AB89-A0B0-11D3-9E53-009027B0FCE9},SE/158414000,territorial,NA,15,P,Älvsborgs,Tvärred,Tvärreds församling,Tvärreds,NA,NA,TVÄRRED,TVÄRRED,1600,1990
3943,8836,88018,88018000,0,88018,tvasystrar,{9396A6DB-A0B0-11D3-9E53-009027B0FCE9},SE/088018000,territorial,NA,8,H,Kalmar,Två systrar,Två systrars församling,Två systrars,NA,NA,TVÅ SYSTRAR,NA,1989,1990
3944,8009,178502,178502000,81000,178502,tveta3,{9396AD5D-A0B0-11D3-9E53-009027B0FCE9},SE/178502000,territorial,NA,17,S,Värmlands,Tveta,Tveta församling (S-län),Tveta,NA,NA,TVETA (S-län),TVETA,1600,1990
3945,5937,18103,18103000,63610,18103,tveta1,{9396A39A-A0B0-11D3-9E53-009027B0FCE9},SE/018103000,territorial,NA,1,AB,Stockholms,Tveta,Tveta församling (AB-län),Tveta,NA,NA,TVETA (AB-län),TVETA,1600,1990
3946,6993,86007,86007000,56300,86007,tveta2,{9396A6B6-A0B0-11D3-9E53-009027B0FCE9},SE/086007000,territorial,NA,8,H,Kalmar,Tveta,Tveta församling (H-län),Tveta,NA,NA,TVETA (H-län),TVETA,1600,1990
3947,8439,108017,108017000,74990,108017,tving,{9396A799-A0B0-11D3-9E53-009027B0FCE9},SE/108017000,territorial,NA,10,K,Blekinge,Tving,Tvings församling,Tvings,NA,NA,TVING,TVING,1870,1990
3948,6549,158500,158504002,81414,158504,tydje,{9396ABA1-A0B0-11D3-9E53-009027B0FCE9},SE/158504002,territorial,NA,15,P,Älvsborgs,Tydje,Tydje församling,Tydje,NA,NA,TYDJE,TÖSSE,1600,1866
3949,6769,128021,128021000,69660,128021,tygelsjo,{9396A900-A0B0-11D3-9E53-009027B0FCE9},SE/128021000,territorial,NA,12,M,Skåne,Tygelsjö,Tygelsjö församling,Tygelsjö,NA,NA,TYGELSJÖ,TYGELSJÖ,1600,1990
3950,NA,155200,NA,NA,NA,tyggestorp,NA,NA,other,3881,15,P,Älvsborgs,Tyggestorp,NA,NA,NA,NA,NA,NA,NA,NA
3951,6185,226204,226204000,83450,226204,tyndero,{9396AEF7-A0B0-11D3-9E53-009027B0FCE9},SE/226204000,territorial,NA,22,Y,Västernorrlands,Tynderö,Tynderö församling,Tynderö,NA,NA,TYNDERÖ,TYNDERÖ,1600,1990
3952,NA,202300,NA,NA,NA,tyngsjo,NA,NA,other,NA,20,W,Dalarnas,Tyngsjö,NA,NA,NA,NA,NA,NA,NA,NA
3953,8756,148024,148024000,75532,148024,tynnered,{9396AA69-A0B0-11D3-9E53-009027B0FCE9},SE/148024000,territorial,NA,14,O,Västra Götalands,Tynnered,Tynnereds församling,Tynnereds,NA,NA,TYNNERED,NA,1967,1990
3954,NA,148000,NA,NA,NA,tynneredskbfd,NA,NA,kbfd,3953,14,O,Västra Götalands,Tynnereds kbfd,NA,NA,NA,NA,NA,NA,NA,NA
3955,8173,13801,13801000,63380,13801,tyreso,{9396A356-A0B0-11D3-9E53-009027B0FCE9},SE/013801000,territorial,NA,1,AB,Stockholms,Tyresö,Tyresö församling,Tyresö,NA,NA,TYRESÖ,TYRESÖ,1650,1990
3959,NA,18092,NA,NA,NA,tysangert,NA,NA,other,NA,1,AB,Stockholms,Tyska Sankta Gertrud,NA,NA,Gertrud,NA,NA,NA,NA,NA
3960,6529,188008,188008000,64160,188008,tyslinge,{9396AD91-A0B0-11D3-9E53-009027B0FCE9},SE/188008000,territorial,NA,18,T,Örebro,Tysslinge,Tysslinge församling,Tysslinge,NA,NA,TYSSLINGE,TYSSLINGE,1600,1990
3961,5923,48020,48020000,62950,48020,tystberga,{9396A47B-A0B0-11D3-9E53-009027B0FCE9},SE/048020000,territorial,NA,4,D,Södermanlands,Tystberga,Tystberga församling,Tystberga,NA,NA,TYSTBERGA,TYSTBERGA,1600,1990
3962,6968,141504,141504000,76030,141504,NA,{9396AA15-A0B0-11D3-9E53-009027B0FCE9},SE/141504000,territorial,NA,14,O,Västra Götalands,Ucklum,Ucklums församling,Ucklums,NA,NA,UCKLUM,UCKLUM,1600,1990
3963,8789,148501,148501000,76390,148501,uddevalla,{9396AA90-A0B0-11D3-9E53-009027B0FCE9},SE/148501000,territorial,NA,14,O,Västra Götalands,Uddevalla,Uddevalla församling,Uddevalla,NA,NA,UDDEVALLA,UDDEVALLA,1974,1990
3967,7428,168643,168643000,58710,168643,ugglum,{9396ACCA-A0B0-11D3-9E53-009027B0FCE9},SE/168643000,territorial,NA,16,R,Skaraborgs,Ugglum,Ugglums församling,Ugglums,NA,NA,UGGLUM,UGGLUM,1600,1990
3968,7147,88305,88305000,55850,88305,ukna,{9396A6F3-A0B0-11D3-9E53-009027B0FCE9},SE/088305000,territorial,NA,8,H,Kalmar,Ukna,Ukna församling,Ukna,NA,17 av KMt fastställt Ukna.,UKNA,UKNA,1600,1990
3969,6055,228206,228206000,82050,228206,ullanger,{9396AF1B-A0B0-11D3-9E53-009027B0FCE9},SE/228206000,territorial,NA,22,Y,Västernorrlands,Ullånger,Ullångers församling,Ullångers,NA,NA,ULLÅNGER,ULLÅNGER,1600,1990
3970,7289,138223,138223000,78130,138223,ullared,{9396A9DA-A0B0-11D3-9E53-009027B0FCE9},SE/138223000,territorial,NA,13,N,Hallands,Ullared,Ullareds församling,Ullareds,NA,NA,ULLARED,ULLARED,1600,1990
3971,8032,156511,156511000,77212,156511,ullsjo,{9396AB1B-A0B0-11D3-9E53-009027B0FCE9},SE/156511000,territorial,NA,15,P,Älvsborgs,Ullasjö,Ullasjö församling,Ullasjö,NA,NA,ULLASJÖ,ULLASJÖ,1600,1990
3972,7207,168608,168608000,58670,168608,ullene,{9396ACA8-A0B0-11D3-9E53-009027B0FCE9},SE/168608000,territorial,NA,16,R,Skaraborgs,Ullene,Ullene församling,Ullene,NA,NA,ULLENE,ULLENE,1600,1990
3973,NA,176300,NA,NA,NA,ullerud,NA,NA,other,NA,17,S,Värmlands,Ullerud,NA,NA,NA,NA,NA,NA,NA,NA
3974,6825,168003,168003000,60010,168003,ullervad,{9396AC14-A0B0-11D3-9E53-009027B0FCE9},SE/168003000,territorial,NA,16,R,Skaraborgs,Ullervad,Ullervads församling,Ullervads,NA,"22 av KMt fastställt Ullervad., Ullervad, 1940 enligt SCB ändrat efter jordeboken till Ullerva, 1943-10-22 av KMt fastställt Ullervad",ULLERVAD,ULLERVAD,1600,1990
3975,6509,116001,116001000,73200,116001,ullstorp,{9396A7CB-A0B0-11D3-9E53-009027B0FCE9},SE/116001000,territorial,NA,11,L,Kristianstads,Ullstorp,Ullstorps församling,Ullstorps,NA,NA,ULLSTORP,ULLSTORP,1600,1990
3976,8635,158401,158401000,61130,158401,ulricehamn,{9396AB77-A0B0-11D3-9E53-009027B0FCE9},SE/158401000,territorial,NA,15,P,Älvsborgs,Ulricehamn,Ulricehamns församling,Ulricehamns,Bogesund,1741 Bogesund,ULRICEHAMN,BRUNN,1938,1990
3977,7974,58012,58012000,56830,58012,ulrika,{9396A51A-A0B0-11D3-9E53-009027B0FCE9},SE/058012000,territorial,NA,5,E,Östergötlands,Ulrika,Ulrika församling,Ulrika,NA,NA,ULRIKA,ULRIKA,1600,1990
3982,8737,248002,248002000,82750,248002,umealands,{9396AFCB-A0B0-11D3-9E53-009027B0FCE9},SE/248002000,territorial,NA,24,AC,Västerbottens,Umeå landsförsamling,Umeå landsförsamling,Umeå landsförsamling,Umeå,NA,UMEÅ LANDS,UMEÅ LANDS,1963,1990
3983,NA,248000,NA,NA,NA,umealandsodrakbfd,NA,NA,kbfd,NA,24,AC,Västerbottens,Umeå landsförsamlings södra kbfd,NA,NA,NA,NA,NA,NA,NA,NA
3984,8776,248001,248001000,82780,248001,umeastadsforsamling,{9396AFC9-A0B0-11D3-9E53-009027B0FCE9},SE/248001000,territorial,NA,24,AC,Västerbottens,Umeå stadsförsamling,Umeå stadsförsamling,Umeå stadsförsamling,NA,NA,UMEÅ STADS,UMEÅ STADS,1971,1990
3985,NA,242100,NA,NA,NA,umnaskbfd,NA,NA,kbfd,3573,24,AC,Västerbottens,Umnäs kbfd,NA,NA,NA,NA,NA,NA,NA,NA
3986,8390,163704,163704000,60450,163704,undenas,{9396ABCC-A0B0-11D3-9E53-009027B0FCE9},SE/163704000,territorial,NA,16,R,Skaraborgs,Undenäs,Undenäs församling,Undenäs,NA,NA,UNDENÄS,UNDENÄS,1842,1990
3987,6599,232105,232105000,83900,232105,undersaker,{9396AF75-A0B0-11D3-9E53-009027B0FCE9},SE/232105000,territorial,NA,23,Z,Jämtlands,Undersåker,Undersåkers församling,Undersåkers,NA,NA,UNDERSÅKER,UNDERSÅKER,1600,1990
3988,NA,232100,NA,NA,NA,undersakerslappforsamling,NA,NA,other,NA,23,Z,Jämtlands,Undersåkers lappförsamling,NA,NA,NA,NA,NA,NA,NA,NA
3989,6952,218308,218308000,53660,218308,undersvik,{9396AEDD-A0B0-11D3-9E53-009027B0FCE9},SE/218308000,territorial,NA,21,X,Gävleborgs,Undersvik,Undersviks församling,Undersviks,NA,NA,UNDERSVIK,UNDERSVIK,1600,1990
3992,6831,18807,18807000,50250,18807,ununge,{9396A3BC-A0B0-11D3-9E53-009027B0FCE9},SE/018807000,territorial,NA,1,AB,Stockholms,Ununge,Ununge församling,Ununge,NA,NA,UNUNGE,UNUNGE,1600,1990
3993,NA,166100,NA,NA,NA,uplanda,NA,NA,other,NA,16,R,Skaraborgs,Uplanda,NA,NA,NA,NA,NA,NA,NA,NA
3994,8748,123006,123006000,70560,123006,uppakra,{9396A876-A0B0-11D3-9E53-009027B0FCE9},SE/123006000,territorial,NA,12,M,Skåne,Uppåkra,Uppåkra församling,Uppåkra,Stora Uppåkra,1922 Stora Uppåkra,UPPÅKRA,STORA UPPÅKRA,1965,1990
3995,7200,158105,158105000,75730,158105,uppharad,{9396AB4B-A0B0-11D3-9E53-009027B0FCE9},SE/158105000,territorial,NA,15,P,Älvsborgs,Upphärad,Upphärads församling,Upphärads,NA,NA,UPPHÄRAD,UPPHÄRAD,1600,1990
3997,NA,38000,NA,NA,NA,uppart,NA,NA,regemente,NA,3,C,Uppsala,Upplands artilleriregemente,NA,NA,Andra Svea artilleriregemente,1904 Andra Svea artilleriregemente,NA,NA,NA,NA
3998,NA,38000,NA,NA,NA,uppsala,NA,NA,other,NA,3,C,Uppsala,Uppsala,NA,NA,NA,NA,NA,NA,NA,NA
3999,6220,38001,38001000,50000,38001,uppsaladomk,{9396A3FD-A0B0-11D3-9E53-009027B0FCE9},SE/038001000,territorial,NA,3,C,Uppsala,Uppsala domkyrkoförsamling,Uppsala domkyrkoförsamling,Uppsala domkyrkoförsamling,NA,1961 Uppsala,UPPSALA DOMKYRKO,UPPSALA DOMKYRKOFÖRSAMLING,1600,1990
4000,7648,38012,38012000,52710,38012,uppsalanas,{9396A409-A0B0-11D3-9E53-009027B0FCE9},SE/038012000,territorial,NA,3,C,Uppsala,Uppsala-Näs,Uppsala-Näs församling,Uppsala-Näs,Näs,1885 Näs,UPPSALA-NÄS,UPPSALA-NÄS,1600,1990
4001,7992,78010,78010000,67610,78010,urasa,{9396A667-A0B0-11D3-9E53-009027B0FCE9},SE/078010000,territorial,NA,7,G,Kronobergs,Uråsa,Uråsa församling,Uråsa,NA,NA,URÅSA,URÅSA,1600,1990
4002,6949,76307,76307000,66930,76307,urshult,{9396A63C-A0B0-11D3-9E53-009027B0FCE9},SE/076307000,territorial,NA,7,G,Kronobergs,Urshult,Urshults församling,Urshults,"Vaem, Väm, Vembo",NA,URSHULT,URSHULT,1600,1990
4003,NA,148000,NA,NA,NA,utby1,NA,NA,other,4004,14,O,Västra Götalands,Utby,NA,NA,NA,NA,NA,NA,NA,NA
4004,6253,168004,168004000,60190,168004,utby2,{9396AC15-A0B0-11D3-9E53-009027B0FCE9},SE/168004000,territorial,NA,16,R,Skaraborgs,Utby,Utby församling (R-län),Utby,NA,NA,UTBY (R-län),UTBY,1600,1990
4005,8050,13603,13603000,63450,13603,uto,{9396A34F-A0B0-11D3-9E53-009027B0FCE9},SE/013603000,territorial,NA,1,AB,Stockholms,Utö,Utö församling,Utö,NA,NA,UTÖ,UTÖ,1607,1990
4006,6244,162201,162201000,61030,162201,utvangstorp,{9396ABBD-A0B0-11D3-9E53-009027B0FCE9},SE/162201000,territorial,NA,16,R,Skaraborgs,Utvängstorp,Utvängstorps församling,Utvängstorps,NA,NA,UTVÄNGSTORP,UTVÄNGSTORP,1600,1990
4007,6248,168102,168102000,57680,168102,uvered,{9396AC26-A0B0-11D3-9E53-009027B0FCE9},SE/168102000,territorial,NA,16,R,Skaraborgs,Uvered,Uvereds församling,Uvereds,NA,NA,UVERED,NA,1600,1990
4008,6552,118007,118007000,74290,118007,vaa,{9396A807-A0B0-11D3-9E53-009027B0FCE9},SE/118007000,territorial,NA,11,L,Kristianstads,Vä,Vä församling,Vä,NA,NA,VÄ,VÄ,1600,1990
4009,5865,76306,76306000,67590,76306,vackelsang,{9396A63B-A0B0-11D3-9E53-009027B0FCE9},SE/076306000,territorial,NA,7,G,Kronobergs,Väckelsång,Väckelsångs församling,Väckelsångs,NA,NA,VÄCKELSÅNG,VÄCKELSÅNG,1600,1990
4010,NA,66200,NA,NA,NA,vacklinge,NA,NA,other,2956,6,F,Jönköpings,Väcklinge,NA,NA,NA,NA,NA,NA,NA,NA
4011,7499,168328,168328000,60110,168328,NA,{9396AC7C-A0B0-11D3-9E53-009027B0FCE9},SE/168328000,territorial,NA,16,R,Skaraborgs,Vad,Vads församling,Vads,NA,NA,VAD,VAD,1600,1990
4012,6723,11506,11506000,52260,11506,vada,{9396A31B-A0B0-11D3-9E53-009027B0FCE9},SE/011506000,territorial,NA,1,AB,Stockholms,Vada,Vada församling,Vada,NA,NA,VADA,VADA,1600,1990
4013,6956,18803,18803000,50570,18803,vaddo,{9396A3B8-A0B0-11D3-9E53-009027B0FCE9},SE/018803000,territorial,NA,1,AB,Stockholms,Väddö,Väddö församling,Väddö,NA,NA,VÄDDÖ,VÄDDÖ,1600,1990
4014,7815,128210,128210000,72250,128210,vadensjo,{9396A926-A0B0-11D3-9E53-009027B0FCE9},SE/128210000,territorial,NA,12,M,Skåne,Vadensjö,Vadensjö församling,Vadensjö,NA,NA,VADENSJÖ,NA,1600,1990
4015,7944,58612,58612000,57000,58612,vaderstad,{9396A58E-A0B0-11D3-9E53-009027B0FCE9},SE/058612000,territorial,NA,5,E,Östergötlands,Väderstad,Väderstads församling,Väderstads,"Fredrik Oskar, Oskar Fredrik",NA,VÄDERSTAD,HARSTAD,1600,1990
4016,6868,48211,48211000,62490,48211,vadsbro,{9396A49F-A0B0-11D3-9E53-009027B0FCE9},SE/048211000,territorial,NA,4,D,Södermanlands,Vadsbro,Vadsbro församling,Vadsbro,NA,NA,VADSBRO,VADSBRO,1600,1990
4017,8757,58401,58401000,54710,58401,vadstena,{9396A575-A0B0-11D3-9E53-009027B0FCE9},SE/058401000,territorial,NA,5,E,Östergötlands,Vadstena,Vadstena församling,Vadstena,NA,NA,VADSTENA,SANKT PER,1967,1990
4018,NA,58400,NA,NA,NA,vadstenahospital,NA,NA,hospital,4017,5,E,Östergötlands,Vadstena hospitalsförsamling,NA,NA,NA,NA,NA,NA,NA,NA
4019,NA,58400,NA,NA,NA,vadkrig,NA,NA,other,4017,5,E,Östergötlands,Vadstena krigsmanshusförsamling,NA,NA,Krigsmanshuset,NA,NA,NA,NA,NA
4023,6555,48000,48031003,63210,48031,vagnharad,{9396A48C-A0B0-11D3-9E53-009027B0FCE9},SE/048031003,territorial,NA,4,D,Södermanlands,Vagnhärad,Vagnhärads församling,Vagnhärads,NA,NA,VAGNHÄRAD,VAGNHÄRAD,1600,1925
4025,5866,38004,38004000,50080,38004,vaksala,{9396A401-A0B0-11D3-9E53-009027B0FCE9},SE/038004000,territorial,NA,3,C,Uppsala,Vaksala,Vaksala församling,Vaksala,NA,NA,VAKSALA,VAKSALA,1600,1990
4026,6632,168130,168130000,59530,168130,vala,{9396AC42-A0B0-11D3-9E53-009027B0FCE9},SE/168130000,territorial,NA,16,R,Skaraborgs,Väla,Väla församling,Väla,NA,NA,VÄLA,NA,1600,1990
4029,7372,218006,218006000,53230,218006,valbo,{9396AEBB-A0B0-11D3-9E53-009027B0FCE9},SE/218006000,territorial,NA,21,X,Gävleborgs,Valbo,Valbo församling,Valbo,NA,NA,VALBO,VALBO,1600,1990
4030,5821,143003,143003000,81840,143003,valboryr,{9396AA3A-A0B0-11D3-9E53-009027B0FCE9},SE/143003000,territorial,NA,14,O,Västra Götalands,Valbo-Ryr,Valbo-Ryrs församling,Valbo-Ryrs,"Norra Ryr, Ryr",1885 Ryr eller Norra Ryr,VALBO-RYR,VALBO-RYR (NORRA RYR),1600,1990
4031,8592,56301,56301000,55581,56301,valdemarsvik,{9396A506-A0B0-11D3-9E53-009027B0FCE9},SE/056301000,territorial,NA,5,E,Östergötlands,Valdemarsvik,Valdemarsviks församling,Valdemarsviks,NA,NA,VALDEMARSVIK,VALDEMARSVIK,1919,1990
4032,5929,66206,66206000,61190,66206,valdshult,{9396A5AC-A0B0-11D3-9E53-009027B0FCE9},SE/066206000,territorial,NA,6,F,Jönköpings,Valdshult,Valdshults församling,Valdshults,NA,NA,VALDSHULT,NA,1600,1990
4033,7158,128304,128304000,72510,128304,valinge-0,{9396A931-A0B0-11D3-9E53-009027B0FCE9},SE/128304000,territorial,NA,12,M,Skåne,Välinge,Välinge församling,Välinge,NA,NA,VÄLINGE,VÄLINGE,1600,1990
4034,7799,138315,138315000,77840,138315,valinge,{9396A9EB-A0B0-11D3-9E53-009027B0FCE9},SE/138315000,territorial,NA,13,N,Hallands,Valinge,Valinge församling,Valinge,NA,NA,VALINGE,NA,1600,1990
4035,6194,98050,98050000,84850,98050,vall,{9396A755-A0B0-11D3-9E53-009027B0FCE9},SE/098050000,territorial,NA,9,I,Gotlands,Vall,Valls församling,Valls,NA,NA,VALL,VALL,1600,1990
4036,7029,141901,141901000,76120,141901,valla,{9396AA18-A0B0-11D3-9E53-009027B0FCE9},SE/141901000,territorial,NA,14,O,Västra Götalands,Valla,Valla församling,Valla,NA,NA,VALLA,VALLA,1600,1990
4037,7470,118116,118116000,72910,118116,vallby3,{9396A836-A0B0-11D3-9E53-009027B0FCE9},SE/118116000,territorial,NA,11,L,Kristianstads,Vallby,Vallby församling (L-län),Vallby,NA,NA,VALLBY (L-län),VALLBY,1600,1990
4038,6574,38111,38111000,51470,38111,vallby1,{9396A435-A0B0-11D3-9E53-009027B0FCE9},SE/038111000,territorial,NA,3,C,Uppsala,Vallby,Vallby församling (C-län),Vallby,NA,NA,VALLBY (C-län),BOND-ARNÖ,1600,1990
4039,7327,48409,48409000,63960,48409,vallby2,{9396A4B6-A0B0-11D3-9E53-009027B0FCE9},SE/048409000,territorial,NA,4,D,Södermanlands,Vallby,Vallby församling (D-län),Vallby,NA,NA,VALLBY (D-län),VALLBY,1600,1990
4040,5941,138404,138404000,77610,138404,vallda,{9396A9FA-A0B0-11D3-9E53-009027B0FCE9},SE/138404000,territorial,NA,13,N,Hallands,Vallda,Vallda församling,Vallda,NA,NA,VALLDA,VALLDA,1600,1990
4041,6502,128618,128618000,73060,128618,valleberga,{9396A96F-A0B0-11D3-9E53-009027B0FCE9},SE/128618000,territorial,NA,12,M,Skåne,Valleberga,Valleberga församling,Valleberga,NA,NA,VALLEBERGA,VALLEBERGA,1600,1990
4042,7589,11501,11501000,52200,11501,vallentuna,{9396A316-A0B0-11D3-9E53-009027B0FCE9},SE/011501000,territorial,NA,1,AB,Stockholms,Vallentuna,Vallentuna församling,Vallentuna,NA,NA,VALLENTUNA,VALLENTUNA,1600,1990
4043,7931,58608,58608000,54450,58608,vallerstad,{9396A58A-A0B0-11D3-9E53-009027B0FCE9},SE/058608000,territorial,NA,5,E,Östergötlands,Vallerstad,Vallerstads församling,Vallerstads,NA,NA,VALLERSTAD,VALLERSTAD,1600,1990
4044,NA,68000,NA,NA,NA,vallgarda,NA,NA,other,2536,6,F,Jönköpings,Vallgårda,NA,NA,NA,NA,NA,NA,NA,NA
4045,8799,18031,18031000,52222,18031,vallingby,{9396A389-A0B0-11D3-9E53-009027B0FCE9},SE/018031000,territorial,NA,1,AB,Stockholms,Vällingby,Vällingby församling,Vällingby,NA,NA,VÄLLINGBY,NA,1974,1990
4046,NA,18000,NA,NA,NA,vallingbykbfd,NA,NA,kbfd,4045,1,AB,Stockholms,Vällingby kbfd,NA,NA,NA,NA,NA,NA,NA,NA
4047,7433,128106,128106000,70220,128106,vallkarra,{9396A90A-A0B0-11D3-9E53-009027B0FCE9},SE/128106000,territorial,NA,12,M,Skåne,Vallkärra,Vallkärra församling,Vallkärra,NA,NA,VALLKÄRRA,VALLKÄRRA,1600,1990
4048,5877,68400,68401002,68970,68401,vallsjo,{9396A5F8-A0B0-11D3-9E53-009027B0FCE9},SE/068401002,territorial,NA,6,F,Jönköpings,Vallsjö,Vallsjö församling,Vallsjö,NA,NA,VALLSJÖ,NORRA LJUNGA,1600,1946
4049,7597,98024,98024000,84440,98024,vallstena,{9396A73B-A0B0-11D3-9E53-009027B0FCE9},SE/098024000,territorial,NA,9,I,Gotlands,Vallstena,Vallstena församling,Vallstena,NA,NA,VALLSTENA,VALLSTENA,1600,1990
4050,7025,128309,128309000,72590,128309,valluv,{9396A936-A0B0-11D3-9E53-009027B0FCE9},SE/128309000,territorial,NA,12,M,Skåne,Välluv,Välluvs församling,Välluvs,NA,NA,VÄLLUV,VÄLLUV,1600,1990
4051,8060,38203,38203000,50480,38203,valo,{9396A454-A0B0-11D3-9E53-009027B0FCE9},SE/038203000,territorial,NA,3,C,Uppsala,Valö,Valö församling,Valö,NA,NA,VALÖ,VALÖ,1612,1990
4053,7843,168512,168512000,59220,168512,valstad,{9396AC96-A0B0-11D3-9E53-009027B0FCE9},SE/168512000,territorial,NA,16,R,Skaraborgs,Valstad,Valstads församling,Valstads,NA,NA,VALSTAD,VALSTAD,1600,1990
4054,6129,168638,168638000,58760,168638,valtorp,{9396ACC5-A0B0-11D3-9E53-009027B0FCE9},SE/168638000,territorial,NA,16,R,Skaraborgs,Valtorp,Valtorps församling,Valtorps,NA,NA,VALTORP,VALTORP,1600,1990
4056,7251,168303,168303000,60660,168303,vamb,{9396AC61-A0B0-11D3-9E53-009027B0FCE9},SE/168303000,territorial,NA,16,R,Skaraborgs,Våmb,Våmbs församling,Våmbs,Vårfruhem,Vårfruhem,VÅMB,VÅMB,1600,1990
4057,8111,206202,206202000,66090,206202,vamhus,{9396AE5B-A0B0-11D3-9E53-009027B0FCE9},SE/206202000,territorial,NA,20,W,Dalarnas,Våmhus,Våmhus församling,Våmhus,NA,NA,VÅMHUS,VÅMHUS,1636,1990
4058,NA,206200,NA,NA,NA,vamhusbaptistforsamling,NA,NA,other,NA,20,W,Dalarnas,Våmhus baptistförsamling,NA,NA,NA,NA,NA,NA,NA,NA
4059,6940,98091,98091000,85440,98091,vamlingbo,{9396A77E-A0B0-11D3-9E53-009027B0FCE9},SE/098091000,territorial,NA,9,I,Gotlands,Vamlingbo,Vamlingbo församling,Vamlingbo,NA,NA,VAMLINGBO,VAMLINGBO,1600,1990
4061,7315,158103,158103000,57990,158103,vaneasaka,{9396AB48-A0B0-11D3-9E53-009027B0FCE9},SE/158103000,territorial,NA,15,P,Älvsborgs,Väne-Åsaka,Väne-Åsaka församling,Väne-Åsaka,Åsaka,1885 Åsaka,VÄNE-ÅSAKA,VÄNE-ÅSAKA,1600,1990
4062,8653,158001,158001000,57940,158001,vanersborg,{9396AB39-A0B0-11D3-9E53-009027B0FCE9},SE/158001000,territorial,NA,15,P,Älvsborgs,Vänersborg,Vänersborgs församling,Vänersborgs,NA,NA,VÄNERSBORG,NAGLUM,1947,1990
4063,NA,158000,NA,NA,NA,vanersborgslandsforsamling,NA,NA,other,NA,15,P,Älvsborgs,Vänersborgs landsförsarnling,NA,NA,NA,NA,NA,NA,NA,NA
4064,7302,158007,158007000,58200,158007,vanernas,{9396AB42-A0B0-11D3-9E53-009027B0FCE9},SE/158007000,territorial,NA,15,P,Älvsborgs,Vänersnäs,Vänersnäs församling,Vänersnäs,Näs,1885 Näs,VÄNERSNÄS,VÄNERSNÄS,1600,1990
4065,6312,158002,158002000,57950,158002,vaneryr,{9396AB3D-A0B0-11D3-9E53-009027B0FCE9},SE/158002000,territorial,NA,15,P,Älvsborgs,Väne-Ryr,Väne-Ryrs församling,Väne-Ryrs,"Ryr, Södra Ryr",1885 Ryr eller Södra Ryr,VÄNE-RYR,VÄNE-RYR,1600,1990
4067,6327,118034,118034000,74400,118034,vanga2,{9396A824-A0B0-11D3-9E53-009027B0FCE9},SE/118034000,territorial,NA,11,L,Kristianstads,Vånga,Vånga församling (L-län),Vånga,NA,NA,VÅNGA (L-län),VÅNGA,1600,1990
4068,7685,158314,158314000,61520,158314,vonga,{9396AB6F-A0B0-11D3-9E53-009027B0FCE9},SE/158314000,territorial,NA,15,P,Älvsborgs,Vänga,Vänga församling,Vänga,NA,NA,VÄNGA,VÄNGA,1600,1990
4071,7412,58110,58110000,55680,58110,vanga1,{9396A53F-A0B0-11D3-9E53-009027B0FCE9},SE/058110000,territorial,NA,5,E,Östergötlands,Vånga,Vånga församling (E-län),Vånga,NA,NA,VÅNGA (E-län),VÅNGA,1600,1990
4072,8633,38014,38014000,52720,38014,vange1,{9396A40C-A0B0-11D3-9E53-009027B0FCE9},SE/038014000,territorial,NA,3,C,Uppsala,Vänge,Vänge församling (C-län),Vänge,Vänge och Läby,1895 Vänge,VÄNGE (C-län),VÄNGE,1934,1990
4073,7504,98040,98040000,85040,98040,vange,{9396A74B-A0B0-11D3-9E53-009027B0FCE9},SE/098040000,territorial,NA,9,I,Gotlands,Vänge,Vänge församling (I-län),Vänge,NA,NA,VÄNGE (I-län),VÄNGE,1600,1990
4075,6391,118314,118314000,73920,118314,vankiva,{9396A857-A0B0-11D3-9E53-009027B0FCE9},SE/118314000,territorial,NA,11,L,Kristianstads,Vankiva,Vankiva församling,Vankiva,NA,NA,VANKIVA,VANKIVA,1600,1990
4076,8375,246001,246001000,82790,246001,vannas,{9396AFC0-A0B0-11D3-9E53-009027B0FCE9},SE/246001000,territorial,NA,24,AC,Västerbottens,Vännäs,Vännäs församling,Vännäs,NA,NA,VÄNNÄS,VÄNNÄS,1825,1990
4077,NA,246000,NA,NA,NA,vannaskbfd,NA,NA,kbfd,4076,24,AC,Västerbottens,Vännäsbygdens kbfd,NA,NA,Vännäs landskommuns kbfd,1979 Vännäs landskommuns kbfd,NA,NA,NA,NA
4078,NA,246000,NA,NA,NA,vannascentral,NA,NA,kbfd,4076,24,AC,Västerbottens,Vännäs centralorts kbfd,NA,NA,Vännäs köpings kbfd,1979 Vännäs köpings kbfd,NA,NA,NA,NA
4081,NA,202102,NA,NA,NA,vansbrokbfd,NA,NA,kbfd,1621,20,W,Dalarnas,Vansbro kbfd,NA,NA,NA,NA,NA,NA,NA,NA
4082,6792,48610,48610000,62370,48610,vanso,{9396A4D2-A0B0-11D3-9E53-009027B0FCE9},SE/048610000,territorial,NA,4,D,Södermanlands,Vansö,Vansö församling,Vansö,NA,NA,VANSÖ,VANSÖ,1600,1990
4083,6782,126509,126509000,71530,126509,vanstad,{9396A8C8-A0B0-11D3-9E53-009027B0FCE9},SE/126509000,territorial,NA,12,M,Skåne,Vanstad,Vanstads församling,Vanstads,NA,NA,VANSTAD,VANSTAD,1600,1990
4084,NA,118200,NA,NA,NA,vantinge,NA,NA,other,293,11,L,Kristianstads,Vantinge,NA,NA,NA,NA,NA,NA,NA,NA
4086,8678,18023,18023000,63345,18023,vantor2,{9396A382-A0B0-11D3-9E53-009027B0FCE9},SE/018023000,territorial,NA,1,AB,Stockholms,Vantör,Vantörs församling,Vantörs,NA,NA,VANTÖR,FARSTA,1957,1990
4087,5942,138010,138010000,78360,138010,vapno,{9396A9AB-A0B0-11D3-9E53-009027B0FCE9},SE/138010000,territorial,NA,13,N,Hallands,Vapnö,Vapnö församling,Vapnö,NA,NA,VAPNÖ,VAPNÖ,1600,1990
4088,6217,166001,166001000,57770,166001,vara,{9396ABD3-A0B0-11D3-9E53-009027B0FCE9},SE/166001000,territorial,NA,16,R,Skaraborgs,Vara,Vara församling,Vara,NA,NA,VARA,VARA,1600,1990
4089,6204,138301,138301000,77910,138301,varberg,{9396A9DD-A0B0-11D3-9E53-009027B0FCE9},SE/138301000,territorial,NA,13,N,Hallands,Varberg,Varbergs församling,Varbergs,Gamla Varberg,NA,VARBERG,VARBERGS STRAFFÄNGELSE,1600,1990
4090,NA,138300,NA,NA,NA,varbergsslottforsamling,NA,NA,slott,3888,13,N,Hallands,Varbergs slottsförsamling,NA,NA,NA,NA,NA,NA,NA,NA
4091,NA,138300,NA,NA,NA,varbergstraffangelse,NA,NA,straffanstalt,NA,13,N,Hallands,Varbergs straffängelse,NA,NA,NA,NA,NA,NA,NA,NA
4092,7950,18106,18106000,63630,18106,vardinge,{9396A39F-A0B0-11D3-9E53-009027B0FCE9},SE/018106000,territorial,NA,1,AB,Stockholms,Vårdinge,Vårdinge församling,Vårdinge,Våhlinge,NA,VÅRDINGE,VÅRDINGE,1600,1990
4093,5947,58009,58009000,56450,58009,vardnas,{9396A517-A0B0-11D3-9E53-009027B0FCE9},SE/058009000,territorial,NA,5,E,Östergötlands,Vårdnäs,Vårdnäs församling,Vårdnäs,NA,NA,VÅRDNÄS,VÅRDNÄS,1600,1990
4094,7313,58032,58032000,54930,58032,vardsberg,{9396A52E-A0B0-11D3-9E53-009027B0FCE9},SE/058032000,territorial,NA,5,E,Östergötlands,Vårdsberg,Vårdsbergs församling,Vårdsbergs,NA,NA,VÅRDSBERG,VÅRDSBERG,1600,1990
4096,NA,38000,NA,NA,NA,varfru,NA,NA,other,3206,3,C,Uppsala,Vår Fru,NA,NA,NA,NA,NA,NA,NA,NA
4100,NA,38100,NA,NA,NA,varfruk,NA,NA,other,711,3,C,Uppsala,Vårfrukyrka,NA,NA,Maria,NA,NA,NA,NA,NA
4101,NA,158000,NA,NA,NA,vargons,NA,NA,kbfd,4207,15,P,Älvsborgs,Vargöns kbfd,NA,NA,NA,NA,NA,NA,NA,NA
4102,6957,168317,168317000,60160,168317,varing,{9396AC71-A0B0-11D3-9E53-009027B0FCE9},SE/168317000,territorial,NA,16,R,Skaraborgs,Väring,Värings församling,Värings,Stora Väring,NA,VÄRING,VÄRING,1600,1990
4103,5809,168617,168617000,59080,168617,varkumla,{9396ACB1-A0B0-11D3-9E53-009027B0FCE9},SE/168617000,territorial,NA,16,R,Skaraborgs,Vårkumla,Vårkumla församling,Vårkumla,NA,NA,VÅRKUMLA,NA,1600,1990
4104,8498,12001,12001000,52560,12001,varmdo,{9396A327-A0B0-11D3-9E53-009027B0FCE9},SE/012001000,territorial,NA,1,AB,Stockholms,Värmdö,Värmdö församling,Värmdö,NA,NA,VÄRMDÖ,VÄRMDÖ,1902,1990
4106,7089,176404,176404000,81040,176404,varmskog,{9396AD02-A0B0-11D3-9E53-009027B0FCE9},SE/176404000,territorial,NA,17,S,Värmlands,Värmskog,Värmskogs församling,Värmskogs,NA,NA,VÄRMSKOG,VÄRMSKOG,1600,1990
4107,6508,56103,56103000,54880,56103,varna,{9396A4FB-A0B0-11D3-9E53-009027B0FCE9},SE/056103000,territorial,NA,5,E,Östergötlands,Värna,Värna församling,Värna,NA,NA,VÄRNA,VÄRNA,1600,1990
4108,6879,68301,68301000,68350,68301,varnamo,{9396A5E7-A0B0-11D3-9E53-009027B0FCE9},SE/068301000,territorial,NA,6,F,Jönköpings,Värnamo,Värnamo församling,Värnamo,NA,NA,VÄRNAMO,VÄRNAMO,1600,1990
4109,7692,168205,168205000,60670,168205,varnhem,{9396AC4C-A0B0-11D3-9E53-009027B0FCE9},SE/168205000,territorial,NA,16,R,Skaraborgs,Varnhem,Varnhems församling,Varnhems,"Klostret, Skarke","talet stundom kallad Klostret, annars -1936 även Skarke",VARNHEM,VARNHEM (SKARKE),1600,1990
4110,7620,158411,158411000,61450,158411,varnum1,{9396AB86-A0B0-11D3-9E53-009027B0FCE9},SE/158411000,territorial,NA,15,P,Älvsborgs,Varnum,Varnums församling,Varnums,NA,NA,VARNUM,VARNUM (ÄLVSBORG),1600,1990
4111,NA,166000,NA,NA,NA,varnum2,NA,NA,other,4110,16,R,Skaraborgs,Varnum,NA,NA,NA,NA,NA,NA,NA,NA
4112,NA,178100,NA,NA,NA,varnum3,NA,NA,other,4110,17,S,Värmlands,Varnum,NA,NA,Bro,NA,NA,NA,NA,NA
4113,6188,138320,138320000,77730,138320,varo,{9396A9F0-A0B0-11D3-9E53-009027B0FCE9},SE/138320000,territorial,NA,13,N,Hallands,Värö,Värö församling,Värö,NA,NA,VÄRÖ,VÄRÖ,1600,1990
4114,7232,168312,168312000,59800,168312,varola,{9396AC6A-A0B0-11D3-9E53-009027B0FCE9},SE/168312000,territorial,NA,16,R,Skaraborgs,Varola,Varola församling,Varola,Valora,NA,VAROLA,VAROLA,1600,1990
4115,6920,168315,168315000,59810,168315,varnas,{9396AC6F-A0B0-11D3-9E53-009027B0FCE9},SE/168315000,territorial,NA,16,R,Skaraborgs,Värsås,Värsås församling,Värsås,NA,NA,VÄRSÅS,VÄRSÅS,1600,1990
4116,7383,168627,168627000,59320,168627,vartoftaasaka,{9396ACBA-A0B0-11D3-9E53-009027B0FCE9},SE/168627000,territorial,NA,16,R,Skaraborgs,Vartofta-Åsaka,Vartofta-Åsaka församling,Vartofta-Åsaka,Åsaka,1885 Åsaka,VARTOFTA-ÅSAKA,ÅSAKA (VARTOFTA-ÅSAKA),1600,1990
4117,5777,168516,168516000,59290,168516,varv2,{9396AC9A-A0B0-11D3-9E53-009027B0FCE9},SE/168516000,territorial,NA,16,R,Skaraborgs,Varv,Varvs församling (R-län),Varvs,NA,NA,VARV (R-län),VARV,1600,1990
4120,NA,148000,NA,NA,NA,varvet,NA,NA,other,NA,14,O,Västra Götalands,Varvet,NA,NA,NA,NA,NA,NA,NA,NA
4121,7115,156004,156004000,80880,156004,vorvik,{9396AAE4-A0B0-11D3-9E53-009027B0FCE9},SE/156004000,territorial,NA,15,P,Älvsborgs,Vårvik,Vårviks församling,Vårviks,NA,NA,VÅRVIK,VÅRVIK,1600,1990
4122,8422,58323,58323000,54620,58323,varvochstyra,{9396A56F-A0B0-11D3-9E53-009027B0FCE9},SE/058323000,territorial,NA,5,E,Östergötlands,Varv och Styra,Varv och Styra församling,Varv och Styra,Varv,1861 Varv,VARV OCH STYRA,VARV,1862,1990
4126,8408,128402,128402000,72450,128402,vasby,{9396A941-A0B0-11D3-9E53-009027B0FCE9},SE/128402000,territorial,NA,12,M,Skåne,Väsby,Väsby församling,Väsby,NA,NA,VÄSBY,VÄSBY,1852,1990
4127,7666,178004,178004000,80320,178004,vase,{9396AD1C-A0B0-11D3-9E53-009027B0FCE9},SE/178004000,territorial,NA,17,S,Värmlands,Väse,Väse församling,Väse,NA,NA,VÄSE,VÄSE,1600,1990
4128,7053,98018,98018000,84530,98018,vaskinde,{9396A735-A0B0-11D3-9E53-009027B0FCE9},SE/098018000,territorial,NA,9,I,Gotlands,Väskinde,Väskinde församling,Väskinde,Västkinde,"Västkinde, 1940 av SCB ändrat efter jordeboken till Väskinde",VÄSKINDE,VÄSKINDE,1600,1990
4130,8149,158000,158001002,57940,158001,vassnag,{9396AB3B-A0B0-11D3-9E53-009027B0FCE9},SE/158001002,territorial,NA,15,P,Älvsborgs,Vassända-Naglum,Vassända-Naglums församling,Vassända-Naglums,"Gustav Adolf, Vassända",1888 Vassända,VASSÄNDA-NAGLUM,NAGLUM,1642,1946
4131,NA,166000,NA,NA,NA,vassby,NA,NA,other,NA,16,R,Skaraborgs,Vässby,NA,NA,NA,NA,NA,NA,NA,NA
4132,7074,38034,38034000,51710,38034,vasunda,{9396A422-A0B0-11D3-9E53-009027B0FCE9},SE/038034000,territorial,NA,3,C,Uppsala,Vassunda,Vassunda församling,Vassunda,NA,NA,VASSUNDA,VASSUNDA,1600,1990
4133,NA,228000,NA,NA,NA,vastanabruksforsamling,NA,NA,bruk,3581,22,Y,Västernorrlands,Västanå bruksförsamling,NA,NA,NA,NA,NA,NA,NA,NA
4134,8204,198201,198201000,66620,198201,vastanfors,{9396AE15-A0B0-11D3-9E53-009027B0FCE9},SE/198201000,territorial,NA,19,U,Västmanlands,Västanfors,Västanfors församling,Västanfors,Fagersta,NA,VÄSTANFORS,VÄSTANFORS,1661,1990
4135,6387,38010,38010000,50910,38010,vasteraker,{9396A407-A0B0-11D3-9E53-009027B0FCE9},SE/038010000,territorial,NA,3,C,Uppsala,Västeråker,Västeråkers församling,Västeråkers,Åker,Åker,VÄSTERÅKER,VÄSTERÅKER,1600,1990
4137,5839,198003,198003000,64760,198003,vastbade,{9396ADF3-A0B0-11D3-9E53-009027B0FCE9},SE/198003000,territorial,NA,19,U,Västmanlands,Västerås Badelunda,Västerås Badelunda församling,Västerås Badelunda,Badelunda,1961 Bädelunda,VÄSTERÅS BADELUNDA,BADELUNDA,1600,1990
4138,6039,198010,198010000,64810,198010,vastbark,{9396ADFC-A0B0-11D3-9E53-009027B0FCE9},SE/198010000,territorial,NA,19,U,Västmanlands,Västerås-Barkarö,Västerås-Barkarö församling,Västerås-Barkarö,Barkarö,1889 Barkarö,VÄSTERÅS-BARKARÖ,VÄSTERÅS-BARKARÖ,1600,1990
4139,6466,198001,198001000,64730,198001,vasdom,{9396ADF1-A0B0-11D3-9E53-009027B0FCE9},SE/198001000,territorial,NA,19,U,Västmanlands,Västerås domkyrkoförsamling,Västerås domkyrkoförsamling,Västerås domkyrkoförsamling,"Aros, Sankta Maria, Vårfrukyrka, Västerås","talet-1961 Västerås, Vårfrukyrka eller Sankta Maria, åtminstone sedan 1700-talet Västerås domkyrkoförsamling, 1920-talet-1961 Västerås, 1962- Västerås domkyrkoförsamling",VÄSTERÅS DOMKYRKO,"VÄSTERÅS, SANKT ILIAN",1600,1990
4141,7204,198002,198002000,64750,198002,vaslundby,{9396ADF2-A0B0-11D3-9E53-009027B0FCE9},SE/198002000,territorial,NA,19,U,Västmanlands,Västerås Lundby,Västerås Lundby församling,Västerås Lundby,Lundby,1961 Lundby,VÄSTERÅS LUNDBY,LUNDBY,1600,1990
4142,8649,198004,198004000,64780,198004,vastskerike,{9396ADF4-A0B0-11D3-9E53-009027B0FCE9},SE/198004000,territorial,NA,19,U,Västmanlands,Västerås Skerike,Västerås Skerike församling,Västerås Skerike,Skerike,1961 Skerike,VÄSTERÅS SKERIKE,SKERIKE,1946,1990
4144,8237,198102,198102000,66600,198102,vasfarn,{9396AE0C-A0B0-11D3-9E53-009027B0FCE9},SE/198102000,territorial,NA,19,U,Västmanlands,Västerfärnebo,Västerfärnebo församling,Västerfärnebo,Färnebo,NA,VÄSTERFÄRNEBO,VÄSTERFÄRNEBO,1686,1990
4146,5838,98056,98056000,84780,98056,vastergarn,{9396A75B-A0B0-11D3-9E53-009027B0FCE9},SE/098056000,territorial,NA,9,I,Gotlands,Västergarn,Västergarns församling,Västergarns,NA,NA,VÄSTERGARN,VÄSTERGARN,1600,1990
4147,8265,13606,13606000,63400,13606,vasterhaninge,{9396A352-A0B0-11D3-9E53-009027B0FCE9},SE/013606000,territorial,NA,1,AB,Stockholms,Västerhaninge,Västerhaninge församling,Västerhaninge,NA,NA,VÄSTERHANINGE,VÄSTERHANINGE,1731,1990
4148,7775,98048,98048000,84830,98048,vasterhejde,{9396A753-A0B0-11D3-9E53-009027B0FCE9},SE/098048000,territorial,NA,9,I,Gotlands,Västerhejde,Västerhejde församling,Västerhejde,NA,NA,VÄSTERHEJDE,VÄSTERHEJDE,1600,1990
4149,NA,238000,NA,NA,NA,vasterhus,NA,NA,other,929,23,Z,Jämtlands,Västerhus,NA,NA,NA,NA,NA,NA,NA,NA
4150,8031,156206,156206000,75980,156206,vasterlanda,{9396AAFA-A0B0-11D3-9E53-009027B0FCE9},SE/156206000,territorial,NA,15,P,Älvsborgs,Västerlanda,Västerlanda församling,Västerlanda,NA,NA,VÄSTERLANDA,VÄSTERLANDA,1600,1990
4151,8674,18029,18029000,52214,18029,vasterled,{9396A388-A0B0-11D3-9E53-009027B0FCE9},SE/018029000,territorial,NA,1,AB,Stockholms,Västerled,Västerleds församling,Västerleds,NA,NA,VÄSTERLED,BROMMA KBFD,1955,1990
4152,6144,48030,48030000,63230,48030,vasterljung,{9396A488-A0B0-11D3-9E53-009027B0FCE9},SE/048030000,territorial,NA,4,D,Södermanlands,Västerljung,Västerljungs församling,Västerljungs,NA,NA,VÄSTERLJUNG,VÄSTERLJUNG,1600,1990
4153,7051,58015,58015000,54340,58015,vasterlosa,{9396A51D-A0B0-11D3-9E53-009027B0FCE9},SE/058015000,territorial,NA,5,E,Östergötlands,Västerlösa,Västerlösa församling,Västerlösa,NA,NA,VÄSTERLÖSA,VÄSTERLÖSA,1600,1990
4154,6370,191701,191701000,51290,191701,vaslovsta,{9396ADDA-A0B0-11D3-9E53-009027B0FCE9},SE/191701000,territorial,NA,19,U,Västmanlands,Västerlövsta,Västerlövsta församling,Västerlövsta,"Lövsta, Skarpalövsta",NA,VÄSTERLÖVSTA,VÄSTERLÖVSTA,1600,1990
4155,6460,48416,48416000,63810,48416,vastermo,{9396A4BD-A0B0-11D3-9E53-009027B0FCE9},SE/048416000,territorial,NA,4,D,Södermanlands,Västermo,Västermo församling,Västermo,NA,NA,VÄSTERMO,VÄSTERMO,1600,1990
4156,7965,166120,166120000,58450,166120,vasterplana,{9396ABFF-A0B0-11D3-9E53-009027B0FCE9},SE/166120000,territorial,NA,16,R,Skaraborgs,Västerplana,Västerplana församling,Västerplana,NA,NA,VÄSTERPLANA,NA,1600,1990
4158,5907,126611,126611000,71710,126611,vasterstad,{9396A8D9-A0B0-11D3-9E53-009027B0FCE9},SE/126611000,territorial,NA,12,M,Skåne,Västerstad,Västerstads församling,Västerstads,NA,NA,VÄSTERSTAD,VÄSTERSTAD,1600,1990
4159,8786,18112,18112000,63602,18112,vastertalje,{9396A3A5-A0B0-11D3-9E53-009027B0FCE9},SE/018112000,territorial,NA,1,AB,Stockholms,Västertälje,Västertälje församling,Västertälje,NA,NA,VÄSTERTÄLJE,VÄSTERTÄLJE,1973,1990
4160,7277,198202,198202000,66660,198202,vastervala,{9396AE16-A0B0-11D3-9E53-009027B0FCE9},SE/198202000,territorial,NA,19,U,Västmanlands,Västervåla,Västervåla församling,Västervåla,Våla,"Västervåla., Våla , början av 1700-talet-1909 efter hand Väster-Våla, 1910- Västervåla",VÄSTERVÅLA,VÄSTERVÅLA,1600,1990
4161,NA,158400,NA,NA,NA,vastervanga,NA,NA,other,3768,15,P,Älvsborgs,Västervånga,NA,NA,"Vång, Västra Vånga",NA,NA,NA,NA,NA
4162,6766,88301,88301000,56010,88301,vastervik,{9396A6EF-A0B0-11D3-9E53-009027B0FCE9},SE/088301000,territorial,NA,8,H,Kalmar,Västervik,Västerviks församling,Västerviks,Nya Västervik,NA,VÄSTERVIK,VÄSTERVIK,1600,1990
4164,6191,36007,36007000,52970,36007,vastland,{9396A3F9-A0B0-11D3-9E53-009027B0FCE9},SE/036007000,territorial,NA,3,C,Uppsala,Västland,Västlands församling,Västlands,NA,NA,VÄSTLAND,VÄSTLAND,1600,1990
4165,NA,198100,NA,NA,NA,vasttrang,NA,NA,other,NA,19,U,Västmanlands,Västmanlands trängkår,NA,NA,NA,1905 Andra Svea trängkår,NA,NA,NA,NA
4167,8225,176602,176602000,80480,176602,vastramt,{9396AD10-A0B0-11D3-9E53-009027B0FCE9},SE/176602000,territorial,NA,17,S,Värmlands,Västra Ämtervik,Västra Ämterviks församling,Västra Ämterviks,NA,NA,VÄSTRA ÄMTERVIK,VÄSTRA ÄMTERVIK,1674,1990
4168,NA,198000,NA,NA,NA,vastraaros,NA,NA,other,NA,19,U,Västmanlands,Västra Aros,NA,NA,NA,NA,NA,NA,NA,NA
4169,7413,116702,116702000,73310,116702,vasbro,{9396A7F6-A0B0-11D3-9E53-009027B0FCE9},SE/116702000,territorial,NA,11,L,Kristianstads,Västra Broby,Västra Broby församling,Västra Broby,"Broby, Norra Broby",1885 Broby,VÄSTRA BROBY,VÄSTRA BROBY,1600,1990
4171,7614,88308,88308000,55820,88308,vastraed,{9396A6F7-A0B0-11D3-9E53-009027B0FCE9},SE/088308000,territorial,NA,8,H,Kalmar,Västra Ed,Västra Eds församling,Västra Eds,NA,1884 Ed,VÄSTRA ED,VÄSTRA ED,1600,1990
4172,6125,51303,51303000,56460,51303,vastraene,{9396A4EA-A0B0-11D3-9E53-009027B0FCE9},SE/051303000,territorial,NA,5,E,Östergötlands,Västra Eneby,Västra Eneby församling,Västra Eneby,Eneby,"Eneby , från 1700-talet Västra Eneby",VÄSTRA ENEBY,VÄSTRA ENEBY,1600,1990
4173,7538,176507,176507000,80840,176507,vastfagel,{9396AD0A-A0B0-11D3-9E53-009027B0FCE9},SE/176507000,territorial,NA,17,S,Värmlands,Västra Fågelvik,Västra Fågelviks församling,Västra Fågelviks,"Fågelvik, Fogelvik",1885 Fågelvik,VÄSTRA FÅGELVIK,VÄSTRA FÅGELVIK,1600,1990
4174,8753,148022,148022000,75530,148022,vastrafrolunda,{9396AA65-A0B0-11D3-9E53-009027B0FCE9},SE/148022000,territorial,NA,14,O,Västra Götalands,Västra Frölunda,Västra Frölunda församling,Västra Frölunda,NA,1885 Frölunda,VÄSTRA FRÖLUNDA,VÄSTRA FRÖLUNDA,1967,1990
4175,NA,148000,NA,NA,NA,frolundakb,NA,NA,kbfd,4174,14,O,Västra Götalands,Västra Frölunda kbfd,NA,NA,"Frölunda, Frölunda kbfd",NA,NA,NA,NA,NA
4176,6822,168216,168216000,57750,168216,vastgerum,{9396AC59-A0B0-11D3-9E53-009027B0FCE9},SE/168216000,territorial,NA,16,R,Skaraborgs,Västra Gerum,Västra Gerums församling,Västra Gerums,Gerum,1885 Gerum,VÄSTRA GERUM,VÄSTRA GERUM,1600,1990
4177,7378,58614,58614000,56700,58614,vastharg,{9396A590-A0B0-11D3-9E53-009027B0FCE9},SE/058614000,territorial,NA,5,E,Östergötlands,Västra Harg,Västra Hargs församling,Västra Hargs,NA,"Harg , mitten av 1700-talet- Västra Harg",VÄSTRA HARG,VÄSTRA HARG,1600,1990
4178,7073,128108,128108000,70170,128108,vastrahoby,{9396A90C-A0B0-11D3-9E53-009027B0FCE9},SE/128108000,territorial,NA,12,M,Skåne,Västra Hoby,Västra Hoby församling,Västra Hoby,NA,1885 Hoby,VÄSTRA HOBY,VÄSTRA HOBY,1600,1990
4179,6313,58204,58204000,55600,58204,veshus,{9396A558-A0B0-11D3-9E53-009027B0FCE9},SE/058204000,territorial,NA,5,E,Östergötlands,Västra Husby,Västra Husby församling,Västra Husby,NA,NA,VÄSTRA HUSBY,VÄSTRA HUSBY,1600,1990
4180,7760,123313,123313000,69610,123313,vastraing,{9396A88F-A0B0-11D3-9E53-009027B0FCE9},SE/123313000,territorial,NA,12,M,Skåne,Västra Ingelstad,Västra Ingelstads församling,Västra Ingelstads,Ingelstad,1885 Ingelstad,VÄSTRA INGELSTAD,VÄSTRA INGELSTAD,1600,1990
4181,NA,78000,NA,NA,NA,vastrajat,NA,NA,other,1631,7,G,Kronobergs,Västra Jät,NA,NA,Jätsberg,NA,NA,NA,NA,NA
4182,7448,126103,126103000,71980,126103,vastkara,{9396A899-A0B0-11D3-9E53-009027B0FCE9},SE/126103000,territorial,NA,12,M,Skåne,Västra Karaby,Västra Karaby församling,Västra Karaby,Karaby,22 enligt KMt Västra Karaby.,VÄSTRA KARABY,VÄSTRA KARABY,1600,1990
4183,7715,126303,126303000,69680,126303,vastrakarr,{9396A8AC-A0B0-11D3-9E53-009027B0FCE9},SE/126303000,territorial,NA,12,M,Skåne,Västra Kärrstorp,Västra Kärrstorps församling,Västra Kärrstorps,Kärrstorp,1885 Kärrstorp,VÄSTRA KÄRRSTORP,VÄSTRA KÄRRSTORP,1600,1990
4184,6676,116804,116804000,73630,116804,vastkarup,{9396A7FC-A0B0-11D3-9E53-009027B0FCE9},SE/116804000,territorial,NA,11,L,Kristianstads,Västra Karup,Västra Karups församling,Västra Karups,NA,"Karup , efter 1884 Västra Karup",VÄSTRA KARUP,VÄSTRA KARUP,1600,1990
4185,6863,128020,128020000,69670,128020,vastraklag,{9396A8FF-A0B0-11D3-9E53-009027B0FCE9},SE/128020000,territorial,NA,12,M,Skåne,Västra Klagstorp,Västra Klagstorps församling,Västra Klagstorps,Klagstorp,1885 Klagstorp,VÄSTRA KLAGSTORP,NA,1600,1990
4188,6999,126407,126407000,70970,126407,vastranob,{9396A8B9-A0B0-11D3-9E53-009027B0FCE9},SE/126407000,territorial,NA,12,M,Skåne,Västra Nöbbelöv,Västra Nöbbelövs församling,Västra Nöbbelövs,Nöbbelöv,1885 Nöbbelöv,VÄSTRA NÖBBELÖV,VÄSTRA NÖBBELÖV,1600,1990
4189,7463,58303,58303000,54610,58303,vastrany,{9396A564-A0B0-11D3-9E53-009027B0FCE9},SE/058303000,territorial,NA,5,E,Östergötlands,Västra Ny,Västra Ny församling,Västra Ny,"Ny, Nykyrka",NA,VÄSTRA NY,VÄSTRA NY,1600,1990
4191,6841,13904,13904000,52040,13904,vastraryd1,{9396A35C-A0B0-11D3-9E53-009027B0FCE9},SE/013904000,territorial,NA,1,AB,Stockholms,Västra Ryd,Västra Ryds församling (AB-län),Västra Ryds,Ryd,NA,VÄSTRA RYD (AB-län),VÄSTRA RYD,1600,1990
4192,6066,51204,51204000,56560,51204,vastraryd2,{9396A4E4-A0B0-11D3-9E53-009027B0FCE9},SE/051204000,territorial,NA,5,E,Östergötlands,Västra Ryd,Västra Ryds församling (E-län),Västra Ryds,Ryd,"Ryd , åtminstone från 1777 Västra Ryd",VÄSTRA RYD (E-län),VÄSTRA RYD,1600,1990
4194,NA,128500,NA,NA,NA,vastrasallerupkbfd,NA,NA,kbfd,NA,12,M,Skåne,Västra Sallerups kbfd,NA,NA,NA,NA,NA,NA,NA,NA
4195,5857,198303,198303000,65280,198303,vastrasked,{9396AE1C-A0B0-11D3-9E53-009027B0FCE9},SE/198303000,territorial,NA,19,U,Västmanlands,Västra Skedvi,Västra Skedvi församling,Västra Skedvi,Skedvi,1889 Skedvi,VÄSTRA SKEDVI,VÄSTRA SKEDVI,1600,1990
4196,8768,128009,128009000,69540,128009,vastskravlinge,{9396A8F1-A0B0-11D3-9E53-009027B0FCE9},SE/128009000,territorial,NA,12,M,Skåne,Västra Skrävlinge,Västra Skrävlinge församling,Västra Skrävlinge,Skrävlinge,NA,VÄSTRA SKRÄVLINGE,VÄSTRA SKRÄVLINGE MED SOFIELUND,1969,1990
4197,NA,58600,NA,NA,NA,vastskrukeby,NA,NA,other,1435,5,E,Östergötlands,Västra Skrukeby,NA,NA,Skrukeby,"Skrukeby , åtminstone från mitten av 1700-talet Västra Skrukeby",NA,NA,NA,NA
4198,5771,116603,116603000,73330,116603,vassonar,{9396A7EE-A0B0-11D3-9E53-009027B0FCE9},SE/116603000,territorial,NA,11,L,Kristianstads,Västra Sönnarslöv,Västra Sönnarslövs församling,Västra Sönnarslövs,Sönnarslöv,1885 Sönnarslöv,VÄSTRA SÖNNARSLÖV,VÄSTRA SÖNNARSLÖV,1600,1990
4200,7333,58324,58324000,54580,58324,vastrasten,{9396A572-A0B0-11D3-9E53-009027B0FCE9},SE/058324000,territorial,NA,5,E,Östergötlands,Västra Stenby,Västra Stenby församling,Västra Stenby,"Kälvesten, Stenby",1813 Kälvesten,VÄSTRA STENBY,VÄSTRA STENBY,1600,1990
4201,6853,128505,128505000,71850,128505,vastrastro,{9396A94E-A0B0-11D3-9E53-009027B0FCE9},SE/128505000,territorial,NA,12,M,Skåne,Västra Strö,Västra Strö församling,Västra Strö,"Onströ, Strö",1885 Strö,VÄSTRA STRÖ,VÄSTRA STRÖ,1600,1990
4202,NA,176600,NA,NA,NA,vastrasund,NA,NA,other,NA,17,S,Värmlands,Västra Sund,NA,NA,NA,NA,NA,NA,NA,NA
4203,6610,50904,50904000,57130,50904,vostoll,{9396A4DC-A0B0-11D3-9E53-009027B0FCE9},SE/050904000,territorial,NA,5,E,Östergötlands,Västra Tollstad,Västra Tollstads församling,Västra Tollstads,Tollstad,"Tollstad , åtminstone från mitten av 1700-talet Västra Tollstad",VÄSTRA TOLLSTAD,VÄSTRA TOLLSTAD,1600,1990
4204,7877,128703,128703000,69900,128703,vastratomm,{9396A978-A0B0-11D3-9E53-009027B0FCE9},SE/128703000,territorial,NA,12,M,Skåne,Västra Tommarp,Västra Tommarps församling,Västra Tommarps,"Tomerup, Tommarp",1885 Tommarp,VÄSTRA TOMMARP,NA,1600,1990
4205,6341,76411,76411000,67090,76411,vastratoras,{9396A64A-A0B0-11D3-9E53-009027B0FCE9},SE/076411000,territorial,NA,7,G,Kronobergs,Västra Torsås,Västra Torsås församling,Västra Torsås,Torsås,NA,VÄSTRA TORSÅS,VÄSTRA TORSÅS,1600,1990
4206,6617,118322,118322000,73910,118322,vastratorup,{9396A85F-A0B0-11D3-9E53-009027B0FCE9},SE/118322000,territorial,NA,11,L,Kristianstads,Västra Torup,Västra Torups församling,Västra Torups,Torup,1926 Torup,VÄSTRA TORUP,VÄSTRA TORUP,1600,1990
4207,6060,158009,158009000,57970,158009,vastratun,{9396AB43-A0B0-11D3-9E53-009027B0FCE9},SE/158009000,territorial,NA,15,P,Älvsborgs,Västra Tunhem,Västra Tunhems församling,Västra Tunhems,Tunhem,1885 Tunhem,VÄSTRA TUNHEM,VÄSTRA TUNHEM,1600,1990
4208,NA,158000,NA,NA,NA,vastratunhemskbfd,NA,NA,kbfd,4207,15,P,Älvsborgs,Västra Tunhems kbfd,NA,NA,NA,NA,NA,NA,NA,NA
4210,6492,126404,126404000,70760,126404,vastvemmenhog,{9396A8B6-A0B0-11D3-9E53-009027B0FCE9},SE/126404000,territorial,NA,12,M,Skåne,Västra Vemmenhög,Västra Vemmenhögs församling,Västra Vemmenhögs,NA,NA,VÄSTRA VEMMENHÖG,VÄSTRA VEMMENHÖG,1600,1990
4211,6572,128704,128704000,69930,128704,vastravemmerlov,{9396A979-A0B0-11D3-9E53-009027B0FCE9},SE/128704000,territorial,NA,12,M,Skåne,Västra Vemmerlöv,Västra Vemmerlövs församling,Västra Vemmerlövs,Vemmerlöv,1885 Vemmerlöv,VÄSTRA VEMMERLÖV,NA,1600,1990
4212,8147,42801,42801000,62640,42801,vastravingaker,{9396A464-A0B0-11D3-9E53-009027B0FCE9},SE/042801000,territorial,NA,4,D,Södermanlands,Västra Vingåker,Västra Vingåkers församling,Västra Vingåkers,Vingåker,1757 Vingåker,VÄSTRA VINGÅKER,VÄSTRA VINGÅKER,1642,1990
4213,6211,118032,118032000,74550,118032,vastravram,{9396A822-A0B0-11D3-9E53-009027B0FCE9},SE/118032000,territorial,NA,11,L,Kristianstads,Västra Vram,Västra Vrams församling,Västra Vrams,NA,NA,VÄSTRA VRAM,VÄSTRA VRAM,1600,1990
4214,6861,88304,88304000,56040,88304,vastrum,{9396A6F2-A0B0-11D3-9E53-009027B0FCE9},SE/088304000,territorial,NA,8,H,Kalmar,Västrum,Västrums församling,Västrums,Västerrum,NA,VÄSTRUM,VÄSTRUM,1600,1990
4215,7153,98059,98059000,85080,98059,vate,{9396A75E-A0B0-11D3-9E53-009027B0FCE9},SE/098059000,territorial,NA,9,I,Gotlands,Väte,Väte församling,Väte,NA,NA,VÄTE,VÄTE,1600,1990
4216,7270,66202,66202000,68700,66202,vathult,{9396A5A8-A0B0-11D3-9E53-009027B0FCE9},SE/066202000,territorial,NA,6,F,Jönköpings,Våthult,Våthults församling,Våthults,NA,NA,VÅTHULT,VÅTHULT,1600,1990
4217,8562,18821,18821000,50600,18821,vato,{9396A3CA-A0B0-11D3-9E53-009027B0FCE9},SE/018821000,territorial,NA,1,AB,Stockholms,Vätö,Vätö församling,Vätö,NA,NA,VÄTÖ,VÄTÖ,1914,1990
4218,7548,168510,168510000,59240,168510,vattak,{9396AC94-A0B0-11D3-9E53-009027B0FCE9},SE/168510000,territorial,NA,16,R,Skaraborgs,Vättak,Vättaks församling,Vättaks,NA,NA,VÄTTAK,NA,1600,1990
4219,7999,166105,166105000,58290,166105,vattlosa,{9396ABF0-A0B0-11D3-9E53-009027B0FCE9},SE/166105000,territorial,NA,16,R,Skaraborgs,Vättlösa,Vättlösa församling,Vättlösa,NA,NA,VÄTTLÖSA,VÄTTLÖSA,1600,1990
4220,6550,58409,58409000,54780,58409,vaversunda,{9396A57E-A0B0-11D3-9E53-009027B0FCE9},SE/058409000,territorial,NA,5,E,Östergötlands,Väversunda,Väversunda församling,Väversunda,NA,NA,VÄVERSUNDA,VÄVERSUNDA,1600,1990
4221,8183,18701,18701000,52540,18701,vaxholm,{9396A3B4-A0B0-11D3-9E53-009027B0FCE9},SE/018701000,territorial,NA,1,AB,Stockholms,Vaxholm,Vaxholms församling,Vaxholms,NA,NA,VAXHOLM,VAXHOLM,1652,1990
4223,8807,78001,78001000,66860,78001,vaxdomk,{9396A659-A0B0-11D3-9E53-009027B0FCE9},SE/078001000,territorial,NA,7,G,Kronobergs,Växjö domkyrkoförsamling,Växjö domkyrkoförsamling,Växjö domkyrkoförsamling,"Växjö, Växjö stadsförsamling",1939 Växjö stadsförsamling,VÄXJÖ DOMKYRKO,NA,1977,1990
4224,NA,78000,NA,NA,NA,vaxjohospitalforsamling,NA,NA,hospital,4225,7,G,Kronobergs,Växjö hospitalsförsamling,NA,NA,NA,NA,NA,NA,NA,NA
4225,6934,78000,78001002,66860,78001,vaxjolandsforsamling,{9396A65B-A0B0-11D3-9E53-009027B0FCE9},SE/078001002,territorial,NA,7,G,Kronobergs,Växjö landsförsamling,Växjö landsförsamling,Växjö landsförsamling,NA,NA,VÄXJÖ LANDS,NA,1600,1939
4226,NA,78000,NA,NA,NA,vaxjomosaiska,NA,NA,mosaiska,NA,7,G,Kronobergs,Växjö mosaiska,NA,NA,NA,NA,NA,NA,NA,NA
4228,7738,138103,138103000,78660,138103,vamorp,{9396A9BA-A0B0-11D3-9E53-009027B0FCE9},SE/138103000,territorial,NA,13,N,Hallands,Våxtorp,Våxtorps församling,Våxtorps,NA,NA,VÅXTORP,NA,1600,1990
4229,6278,128121,128121000,71690,128121,veberod,{9396A919-A0B0-11D3-9E53-009027B0FCE9},SE/128121000,territorial,NA,12,M,Skåne,Veberöd,Veberöds församling,Veberöds,NA,NA,VEBERÖD,VEBERÖD,1600,1990
4230,6849,38114,38114000,51370,38114,veckholm,{9396A43A-A0B0-11D3-9E53-009027B0FCE9},SE/038114000,territorial,NA,3,C,Uppsala,Veckholm,Veckholms församling,Veckholms,NA,NA,VECKHOLM,VECKHOLM,1600,1990
4231,7495,116602,116602000,73470,116602,vedby,{9396A7ED-A0B0-11D3-9E53-009027B0FCE9},SE/116602000,territorial,NA,11,L,Kristianstads,Vedby,Vedby församling,Vedby,NA,NA,VEDBY,VEDBY,1600,1990
4232,7221,138319,138319000,77750,138319,veddige,{9396A9EF-A0B0-11D3-9E53-009027B0FCE9},SE/138319000,territorial,NA,13,N,Hallands,Veddige,Veddige församling,Veddige,NA,NA,VEDDIGE,VEDDIGE,1600,1990
4233,6984,78015,78015000,66980,78015,vederslov,{9396A66C-A0B0-11D3-9E53-009027B0FCE9},SE/078015000,territorial,NA,7,G,Kronobergs,Vederslöv,Vederslövs församling,Vederslövs,NA,NA,VEDERSLÖV,VEDERSLÖV,1600,1990
4234,NA,188500,NA,NA,NA,veclevag,NA,NA,other,2087,18,T,Örebro,Vedevåg,NA,NA,NA,NA,NA,NA,NA,NA
4237,NA,168100,NA,NA,NA,vedum1,NA,NA,other,1799,16,R,Skaraborgs,Vedum,NA,NA,Kållands Vedum,NA,NA,NA,NA,NA
4238,6454,138111,138111000,78580,138111,veinge,{9396A9C2-A0B0-11D3-9E53-009027B0FCE9},SE/138111000,territorial,NA,13,N,Hallands,Veinge,Veinge församling,Veinge,NA,NA,VEINGE,VEINGE,1600,1990
4239,7916,168504,168504000,59870,168504,velinga,{9396AC8D-A0B0-11D3-9E53-009027B0FCE9},SE/168504000,territorial,NA,16,R,Skaraborgs,Velinga,Velinga församling,Velinga,NA,NA,VELINGA,VELINGA,1600,1990
4240,6350,123304,123304000,69760,123304,vellinge,{9396A886-A0B0-11D3-9E53-009027B0FCE9},SE/123304000,territorial,NA,12,M,Skåne,Vellinge,Vellinge församling,Vellinge,NA,NA,VELLINGE,VELLINGE,1600,1990
4242,6891,236104,236104000,84300,236104,vemdalen,{9396AF87-A0B0-11D3-9E53-009027B0FCE9},SE/236104000,territorial,NA,23,Z,Jämtlands,Vemdalen,Vemdalens församling,Vemdalens,NA,NA,VEMDALEN,VEMDALEN,1600,1990
4243,NA,126400,NA,NA,NA,vemmenhog,NA,NA,other,NA,12,M,Skåne,Vemmenhög,NA,NA,NA,NA,NA,NA,NA,NA
4247,8665,86006,86006000,56170,86006,vena,{9396A6B4-A0B0-11D3-9E53-009027B0FCE9},SE/086006000,territorial,NA,8,H,Kalmar,Vena,Vena församling,Vena,NA,NA,VENA,VENA,1951,1990
4248,NA,86000,NA,NA,NA,venakbfd,NA,NA,kbfd,4247,8,H,Kalmar,Vena kbfd,NA,NA,NA,NA,NA,NA,NA,NA
4249,6835,36003,36003000,53030,36003,vendel,{9396A3F4-A0B0-11D3-9E53-009027B0FCE9},SE/036003000,territorial,NA,3,C,Uppsala,Vendel,Vendels församling,Vendels,NA,NA,VENDEL,VENDEL,1600,1990
4253,8053,206205,206205000,66130,206205,venjan,{9396AE5D-A0B0-11D3-9E53-009027B0FCE9},SE/206205000,territorial,NA,20,W,Dalarnas,Venjan,Venjans församling,Venjans,NA,NA,VENJAN,VENJAN,1608,1990
4254,NA,206200,NA,NA,NA,venjanskbfd,NA,NA,kbfd,4253,20,W,Dalarnas,Venjans kbfd,NA,NA,NA,NA,NA,NA,NA,NA
4255,7486,84011,84011000,79750,84011,ventlinge,{9396A6A6-A0B0-11D3-9E53-009027B0FCE9},SE/084011000,territorial,NA,8,H,Kalmar,Ventlinge,Ventlinge församling,Ventlinge,NA,NA,VENTLINGE,VENTLINGE,1600,1990
4256,7716,118311,118311000,73970,118311,verum,{9396A854-A0B0-11D3-9E53-009027B0FCE9},SE/118311000,territorial,NA,11,L,Kristianstads,Verum,Verums församling,Verums,NA,NA,VERUM,VERUM,1600,1990
4257,8016,156615,156615000,61960,156615,vesene,{9396AB31-A0B0-11D3-9E53-009027B0FCE9},SE/156615000,territorial,NA,15,P,Älvsborgs,Vesene,Vesene församling,Vesene,NA,1910 Vesened,VESENE,VESENE,1600,1990
4258,7670,138213,138213000,78240,138213,vessige,{9396A9D0-A0B0-11D3-9E53-009027B0FCE9},SE/138213000,territorial,NA,13,N,Hallands,Vessige,Vessige församling,Vessige,NA,NA,VESSIGE,VESSIGE,1600,1990
4259,7735,58618,58618000,56730,58618,veta,{9396A594-A0B0-11D3-9E53-009027B0FCE9},SE/058618000,territorial,NA,5,E,Östergötlands,Veta,Veta församling,Veta,NA,NA,VETA,VETA,1600,1990
4260,6071,68501,68501000,69170,68501,vetlanda,{9396A601-A0B0-11D3-9E53-009027B0FCE9},SE/068501000,territorial,NA,6,F,Jönköpings,Vetlanda,Vetlanda församling,Vetlanda,NA,NA,VETLANDA,VETLANDA,1600,1990
4264,7231,186102,186102000,64640,186102,viby3,{9396AD73-A0B0-11D3-9E53-009027B0FCE9},SE/186102000,territorial,NA,18,T,Örebro,Viby,Viby församling (T-län),Viby,NA,NA,VIBY (T-län),VIBY,1600,1990
4265,7124,58617,58617000,56740,58617,viby1,{9396A593-A0B0-11D3-9E53-009027B0FCE9},SE/058617000,territorial,NA,5,E,Östergötlands,Viby,Viby församling (E-län),Viby,NA,NA,VIBY (E-län),VIBY,1600,1990
4266,7902,228205,228205000,82060,228205,vibyggera,{9396AF1A-A0B0-11D3-9E53-009027B0FCE9},SE/228205000,territorial,NA,22,Y,Västernorrlands,Vibyggerå,Vibyggerå församling,Vibyggerå,NA,NA,VIBYGGERÅ,VIBYGGERÅ,1600,1990
4268,7193,84001,84001000,79580,84001,vickleby,{9396A69C-A0B0-11D3-9E53-009027B0FCE9},SE/084001000,territorial,NA,8,H,Kalmar,Vickleby,Vickleby församling,Vickleby,NA,NA,VICKLEBY,VICKLEBY,1600,1990
4269,7893,19111,19111000,51850,19111,vidbo,{9396A3E0-A0B0-11D3-9E53-009027B0FCE9},SE/019111000,territorial,NA,1,AB,Stockholms,Vidbo,Vidbo församling,Vidbo,NA,NA,VIDBO,VIDBO,1600,1990
4270,7353,208005,208005000,66350,208005,vika,{9396AE61-A0B0-11D3-9E53-009027B0FCE9},SE/208005000,territorial,NA,20,W,Dalarnas,Vika,Vika församling,Vika,NA,NA,VIKA,VIKA,1600,1990
4271,7957,128403,128403000,72460,128403,viken,{9396A943-A0B0-11D3-9E53-009027B0FCE9},SE/128403000,territorial,NA,12,M,Skåne,Viken,Vikens församling,Vikens,NA,NA,VIKEN,VIKEN,1600,1990
4272,8441,188405,188405000,65482,188405,viker,{9396ADC3-A0B0-11D3-9E53-009027B0FCE9},SE/188405000,territorial,NA,18,T,Örebro,Viker,Vikers församling,Vikers,NA,NA,VIKER,VIKER,1871,1990
4274,6180,58018,58018000,56820,58018,vikingstad,{9396A520-A0B0-11D3-9E53-009027B0FCE9},SE/058018000,territorial,NA,5,E,Östergötlands,Vikingstad,Vikingstads församling,Vikingstads,NA,1786 Vikingstad,VIKINGSTAD,VIKINGSTAD MED RAKERYD,1600,1990
4275,5790,98037,98037000,85030,98037,viklau,{9396A748-A0B0-11D3-9E53-009027B0FCE9},SE/098037000,territorial,NA,9,I,Gotlands,Viklau,Viklau församling,Viklau,NA,NA,VIKLAU,VIKLAU,1600,1990
4277,8285,228005,228005000,81960,228005,viksjo,{9396AEFF-A0B0-11D3-9E53-009027B0FCE9},SE/228005000,territorial,NA,22,Y,Västernorrlands,Viksjö,Viksjö församling,Viksjö,NA,NA,VIKSJÖ,VIKSJÖ MED VÄSTANÅ BRUK,1751,1990
4278,7130,38027,38027000,52870,38027,viksta,{9396A41B-A0B0-11D3-9E53-009027B0FCE9},SE/038027000,territorial,NA,3,C,Uppsala,Viksta,Viksta församling,Viksta,NA,NA,VIKSTA,VIKSTA,1600,1990
4279,NA,88100,NA,NA,NA,viktoria,NA,NA,other,NA,8,H,Kalmar,Viktoria,NA,NA,Flemmingeland kapell,NA,NA,NA,NA,NA
4280,8316,246201,246201000,82520,246201,vilhelmina,{9396AFC2-A0B0-11D3-9E53-009027B0FCE9},SE/246201000,territorial,NA,24,AC,Västerbottens,Vilhelmina,Vilhelmina församling,Vilhelmina,Volgsjö,1804 Välgsjö,VILHELMINA,VILHELMINA,1783,1990
4281,NA,246200,NA,NA,NA,vilhelminakbfd,NA,NA,kbfd,4280,24,AC,Västerbottens,Vilhelmina kbfd,NA,NA,NA,NA,NA,NA,NA,NA
4282,6621,38117,38117000,51480,38117,villberga,{9396A43D-A0B0-11D3-9E53-009027B0FCE9},SE/038117000,territorial,NA,3,C,Uppsala,Villberga,Villberga församling,Villberga,NA,NA,VILLBERGA,VILLBERGA,1600,1990
4283,6501,126412,126412000,70950,126412,villie,{9396A8BE-A0B0-11D3-9E53-009027B0FCE9},SE/126412000,territorial,NA,12,M,Skåne,Villie,Villie församling,Villie,Södra Villie,1885 Södra Villie,VILLIE,VILLIE,1600,1990
4284,7485,66209,66209000,68690,66209,villstad,{9396A5AF-A0B0-11D3-9E53-009027B0FCE9},SE/066209000,territorial,NA,6,F,Jönköpings,Villstad,Villstads församling,Villstads,NA,NA,VILLSTAD,VILLSTAD,1600,1990
4285,6437,168609,168609000,58660,168609,vilskekl,{9396ACA9-A0B0-11D3-9E53-009027B0FCE9},SE/168609000,territorial,NA,16,R,Skaraborgs,Vilske-Kleva,Vilske-Kleva församling,Vilske-Kleva,Kleva,1889 Kleva,VILSKE-KLEVA,VILSKE-KLEVA,1600,1990
4286,8747,88401,88401000,56110,88401,vimmerby,{9396A701-A0B0-11D3-9E53-009027B0FCE9},SE/088401000,territorial,NA,8,H,Kalmar,Vimmerby,Vimmerby församling,Vimmerby,Vimmerby stadsförsamling,1964 Vimmerby stadsförsamling,VIMMERBY,VIMMERBY STADS,1965,1990
4287,6704,88400,88401002,56110,88401,vimmerbylandsforsamling,{9396A703-A0B0-11D3-9E53-009027B0FCE9},SE/088401002,territorial,NA,8,H,Kalmar,Vimmerby landsförsamling,Vimmerby landsförsamling,Vimmerby landsförsamling,NA,NA,VIMMERBY LANDS,VIMMERBY STADS,1600,1964
4289,5829,138211,138211000,78020,138211,vinberg,{9396A9CE-A0B0-11D3-9E53-009027B0FCE9},SE/138211000,territorial,NA,13,N,Hallands,Vinberg,Vinbergs församling,Vinbergs,NA,NA,VINBERG,VINBERG,1600,1990
4291,8716,240401,240401000,82820,240401,vindeln,{9396AFA6-A0B0-11D3-9E53-009027B0FCE9},SE/240401000,territorial,NA,24,AC,Västerbottens,Vindeln,Vindelns församling,Vindelns,Degerfors,1969 Degerfors,VINDELN,VINDELN,1962,1990
4296,6762,168215,168215000,58780,168215,vinkol,{9396AC58-A0B0-11D3-9E53-009027B0FCE9},SE/168215000,territorial,NA,16,R,Skaraborgs,Vinköl,Vinköls församling,Vinköls,NA,NA,VINKÖL,VINKÖL,1600,1990
4297,7306,58300,58301002,54566,58301,vinnerstad,{9396A563-A0B0-11D3-9E53-009027B0FCE9},SE/058301002,territorial,NA,5,E,Östergötlands,Vinnerstad,Vinnerstads församling,Vinnerstads,NA,NA,VINNERSTAD,NA,1600,1966
4298,5926,118305,118305000,73820,118305,vinslov,{9396A84E-A0B0-11D3-9E53-009027B0FCE9},SE/118305000,territorial,NA,11,L,Kristianstads,Vinslöv,Vinslövs församling,Vinslövs,NA,NA,VINSLÖV,VINSLÖV,1600,1990
4299,7513,188007,188007000,64150,188007,vintrosa,{9396AD90-A0B0-11D3-9E53-009027B0FCE9},SE/188007000,territorial,NA,18,T,Örebro,Vintrosa,Vintrosa församling,Vintrosa,NA,1921 även Vinteråsa,VINTROSA,VINTROSA,1600,1990
4300,7366,60408,60408000,57240,60408,vireda,{9396A59F-A0B0-11D3-9E53-009027B0FCE9},SE/060408000,territorial,NA,6,F,Jönköpings,Vireda,Vireda församling,Vireda,NA,NA,VIREDA,VIREDA,1600,1990
4301,NA,128700,NA,NA,NA,virestad2,NA,NA,other,4302,12,M,Skåne,Virestad,NA,NA,NA,NA,NA,NA,NA,NA
4302,6979,76503,76503000,67110,76503,virestad1,{9396A64E-A0B0-11D3-9E53-009027B0FCE9},SE/076503000,territorial,NA,7,G,Kronobergs,Virestad,Virestads församling,Virestads,NA,NA,VIRESTAD,VIRESTAD,1600,1990
4303,6464,126107,126107000,72090,126107,virke,{9396A89D-A0B0-11D3-9E53-009027B0FCE9},SE/126107000,territorial,NA,12,M,Skåne,Virke,Virke församling,Virke,NA,NA,VIRKE,NA,1600,1990
4304,6813,86005,86005000,56310,86005,virserum,{9396A6B3-A0B0-11D3-9E53-009027B0FCE9},SE/086005000,territorial,NA,8,H,Kalmar,Virserum,Virserums församling,Virserums,NA,NA,VIRSERUM,VIRSERUM,1600,1990
4305,7274,98000,98001001,84410,98001,visby,{9396A720-A0B0-11D3-9E53-009027B0FCE9},SE/098001001,territorial,NA,9,I,Gotlands,Visby,Visby församling,Visby,NA,NA,VISBY,VISBY DOMKYRKOFÖRSAMLING,1600,1810
4306,8634,98001,98001000,84410,98001,visbydomk,{9396A71F-A0B0-11D3-9E53-009027B0FCE9},SE/098001000,territorial,NA,9,I,Gotlands,Visby domkyrkoförsamling,Visby domkyrkoförsamling,Visby domkyrkoförsamling,"Maria, Sankta Maria, Visby stadsförsamling",1935 Visby stadsförsamling,VISBY DOMKYRKO,VISBY DOMKYRKOFÖRSAMLING,1936,1990
4307,8358,98000,NA,NA,NA,visbylandsforsamling,{9396A724-A0B0-11D3-9E53-009027B0FCE9},SE/098001005,territorial,NA,9,I,Gotlands,Visby landsförsamling,Visby landsförsamling,Visby landsförsamling,Visby södra landsförsamling,NA,NA,NA,1811,1894
4308,NA,98000,NA,NA,NA,visbynorraland,NA,NA,other,NA,9,I,Gotlands,Visby norra landsförsamling,NA,NA,NA,NA,NA,NA,NA,NA
4309,NA,98000,NA,NA,NA,visbyryska,NA,NA,other,NA,9,I,Gotlands,Visby ryska,NA,NA,NA,NA,NA,NA,NA,NA
4312,7920,68009,68009000,69380,68009,visingso,{9396A5CB-A0B0-11D3-9E53-009027B0FCE9},SE/068009000,territorial,NA,6,F,Jönköpings,Visingsö,Visingsö församling,Visingsö,"Strö, Ströja",NA,VISINGSÖ,VISINGSÖ,1600,1990
4314,6694,76409,76409000,67210,76409,vislanda,{9396A648-A0B0-11D3-9E53-009027B0FCE9},SE/076409000,territorial,NA,7,G,Kronobergs,Vislanda,Vislanda församling,Vislanda,NA,NA,VISLANDA,VISLANDA,1600,1990
4315,6208,178105,178105000,80130,178105,visnum,{9396AD2E-A0B0-11D3-9E53-009027B0FCE9},SE/178105000,territorial,NA,17,S,Värmlands,Visnum,Visnums församling,Visnums,NA,NA,VISNUM,VISNUM,1600,1990
4316,7172,178104,178104000,80140,178104,visnumskil,{9396AD2D-A0B0-11D3-9E53-009027B0FCE9},SE/178104000,territorial,NA,17,S,Värmlands,Visnums-Kil,Visnums-Kils församling,Visnums-Kils,"Fiskekil, Kil","1885 Kil, Fiskekil, -1885 Kil , 1885-04-17- Visnums-Kil",VISNUMS-KIL,VISNUMS-KIL,1600,1990
4317,8639,86202,86202000,79220,86202,vissefjarda,{9396A6BE-A0B0-11D3-9E53-009027B0FCE9},SE/086202000,territorial,NA,8,H,Kalmar,Vissefjärda,Vissefjärda församling,Vissefjärda,NA,NA,VISSEFJÄRDA,VISSEFJÄRDA,1939,1990
4318,7173,116304,116304000,73960,116304,visseltofta,{9396A7E6-A0B0-11D3-9E53-009027B0FCE9},SE/116304000,territorial,NA,11,L,Kristianstads,Visseltofta,Visseltofta församling,Visseltofta,NA,NA,VISSELTOFTA,VISSELTOFTA,1600,1990
4319,NA,158400,NA,NA,NA,vist2,NA,NA,other,4321,15,P,Älvsborgs,Vist,NA,NA,NA,NA,NA,NA,NA,NA
4320,NA,168600,NA,NA,NA,vist3,NA,NA,other,4321,16,R,Skaraborgs,Vist,NA,NA,NA,NA,NA,NA,NA,NA
4321,7700,58008,58008000,54200,58008,vist1,{9396A516-A0B0-11D3-9E53-009027B0FCE9},SE/058008000,territorial,NA,5,E,Östergötlands,Vist,Vists församling,Vists,NA,NA,VIST,VIST,1600,1990
4322,6815,168629,168629000,61280,168629,vistorp,{9396ACBC-A0B0-11D3-9E53-009027B0FCE9},SE/168629000,territorial,NA,16,R,Skaraborgs,Vistorp,Vistorps församling,Vistorps,NA,NA,VISTORP,VISTORP,1600,1990
4323,6421,118120,118120000,72820,118120,vitaby,{9396A83A-A0B0-11D3-9E53-009027B0FCE9},SE/118120000,territorial,NA,11,L,Kristianstads,Vitaby,Vitaby församling,Vitaby,NA,NA,VITABY,VITABY,1600,1990
4324,8366,173703,173703000,80530,173703,vitsand,{9396ACE4-A0B0-11D3-9E53-009027B0FCE9},SE/173703000,territorial,NA,17,S,Värmlands,Vitsand,Vitsands församling,Vitsands,NA,1914 Vittsand,VITSAND,VITSAND,1822,1990
4325,8553,258402,258402000,83351,258402,vittangi,{9396B04C-A0B0-11D3-9E53-009027B0FCE9},SE/258402000,territorial,NA,25,BD,Norrbottens,Vittangi,Vittangi församling,Vittangi,NA,NA,VITTANGI,VITTANGI,1913,1990
4326,5885,78110,78110000,67370,78110,vittaryd,{9396A684-A0B0-11D3-9E53-009027B0FCE9},SE/078110000,territorial,NA,7,G,Kronobergs,Vittaryd,Vittaryds församling,Vittaryds,NA,NA,VITTARYD,VITTARYD,1600,1990
4327,6218,191704,191704000,51240,191704,vittinge,{9396ADDD-A0B0-11D3-9E53-009027B0FCE9},SE/191704000,territorial,NA,19,U,Västmanlands,Vittinge,Vittinge församling,Vittinge,NA,NA,VITTINGE,VITTINGE,1600,1990
4328,NA,252300,NA,NA,NA,vittraskskbfd,NA,NA,kbfd,960,25,BD,Norrbottens,Vitträsks kbfd,NA,NA,NA,NA,NA,NA,NA,NA
4329,6465,118312,118312000,73950,118312,vittsjo,{9396A855-A0B0-11D3-9E53-009027B0FCE9},SE/118312000,territorial,NA,11,L,Kristianstads,Vittsjö,Vittsjö församling,Vittsjö,NA,NA,VITTSJÖ,VITTSJÖ,1600,1990
4330,6381,118030,118030000,74630,118030,vittskovle,{9396A820-A0B0-11D3-9E53-009027B0FCE9},SE/118030000,territorial,NA,11,L,Kristianstads,Vittskövle,Vittskövle församling,Vittskövle,NA,NA,VITTSKÖVLE,VITTSKÖVLE,1600,1990
4332,7985,126512,126512000,71670,126512,vollsjo,{9396A8CB-A0B0-11D3-9E53-009027B0FCE9},SE/126512000,territorial,NA,12,M,Skåne,Vollsjö,Vollsjö församling,Vollsjö,NA,NA,VOLLSJÖ,VOLLSJÖ,1600,1990
4333,6553,128122,128122000,71680,128122,vomb,{9396A91A-A0B0-11D3-9E53-009027B0FCE9},SE/128122000,territorial,NA,12,M,Skåne,Vomb,Vombs församling,Vombs,NA,NA,VOMB,VOMB,1600,1990
4335,8290,212102,212102000,53680,212102,voxna,{9396AE9D-A0B0-11D3-9E53-009027B0FCE9},SE/212102000,territorial,NA,21,X,Gävleborgs,Voxna,Voxna församling,Voxna,NA,NA,VOXNA,VOXNA,1759,1990
4336,7356,88010,88010000,79190,88010,voxtorp2,{9396A6D2-A0B0-11D3-9E53-009027B0FCE9},SE/088010000,territorial,NA,8,H,Kalmar,Voxtorp,Voxtorps församling (H-län),Voxtorps,NA,"Våxtorp, 1940 av SCB ändrat efter jordeboken till Voxtorp",VOXTORP (H-län),VOXTORP,1600,1990
4337,7891,78115,78115000,67520,78115,vra,{9396A689-A0B0-11D3-9E53-009027B0FCE9},SE/078115000,territorial,NA,7,G,Kronobergs,Vrå,Vrå församling,Vrå,NA,NA,VRÅ,VRÅ,1600,1990
4339,NA,118000,NA,NA,NA,vram1,NA,NA,other,NA,11,L,Kristianstads,Vram,NA,NA,NA,NA,NA,NA,NA,NA
4341,NA,143500,NA,NA,NA,vrem,NA,NA,other,1940,14,O,Västra Götalands,Vrem,NA,NA,Roeim,NA,NA,NA,NA,NA
4342,5819,48027,48027000,62750,48027,vrena,{9396A483-A0B0-11D3-9E53-009027B0FCE9},SE/048027000,territorial,NA,4,D,Södermanlands,Vrena,Vrena församling,Vrena,NA,NA,VRENA,VRENA,1600,1990
4343,7066,58019,58019000,54320,58019,vretakloster,{9396A521-A0B0-11D3-9E53-009027B0FCE9},SE/058019000,territorial,NA,5,E,Östergötlands,Vreta kloster,Vreta klosters församling,Vreta klosters,NA,"Vreta, från 1600-talet efterhand Vreta kloster",VRETA KLOSTER,VRETA KLOSTER,1600,1990
4344,6832,68403,68403000,68890,68403,vrigstad,{9396A5FA-A0B0-11D3-9E53-009027B0FCE9},SE/068403000,territorial,NA,6,F,Jönköpings,Vrigstad,Vrigstads församling,Vrigstads,NA,NA,VRIGSTAD,VRIGSTAD,1600,1990
4345,8712,251005,251005000,83212,251005,vuollerim,{9396B009-A0B0-11D3-9E53-009027B0FCE9},SE/251005000,territorial,NA,25,BD,Norrbottens,Vuollerim,Vuollerims församling,Vuollerims,NA,NA,VUOLLERIM,NA,1962,1990
4346,NA,251000,NA,NA,NA,vuollerimskbfd,NA,NA,kbfd,4345,25,BD,Norrbottens,Vuollerims kbfd,NA,NA,NA,NA,NA,NA,NA,NA
4347,7222,168628,168628000,61260,168628,NA,{9396ACBB-A0B0-11D3-9E53-009027B0FCE9},SE/168628000,territorial,NA,16,R,Skaraborgs,Yllestad,Yllestads församling,Yllestads,NA,NA,YLLESTAD,YLLESTAD,1600,1990
4348,6174,108303,108303000,75220,108303,ysane,{9396A7BB-A0B0-11D3-9E53-009027B0FCE9},SE/108303000,territorial,NA,10,K,Blekinge,Ysane,Ysane församling,Ysane,NA,NA,YSANE,YSANE,1600,1990
4349,8008,138108,138108000,78620,138108,ysby,{9396A9BF-A0B0-11D3-9E53-009027B0FCE9},SE/138108000,territorial,NA,13,N,Hallands,Ysby,Ysby församling,Ysby,NA,NA,YSBY,YSBY,1600,1990
4351,7144,128601,128601000,71040,128601,ystad,{9396A95E-A0B0-11D3-9E53-009027B0FCE9},SE/128601000,territorial,NA,12,M,Skåne,Ystad,Ystads församling,Ystads,"Maria, Sankta Maria, Sankt Mariae, Ystads Sankta Maria, Ystads stadsförsamling","1884 Ystads Sankt Marlae, sedan Ystads stadsförsamling",YSTAD,SANKT MARIA (YSTAD SF),1600,1990
4352,NA,128600,NA,NA,NA,ystadgarn,NA,NA,garrison,4351,12,M,Skåne,Ystads garnisonsförsamling,NA,NA,NA,NA,NA,NA,NA,NA
4354,NA,128600,NA,NA,NA,ystsanpetri,NA,NA,other,NA,12,M,Skåne,Ystads Sankt Petri,NA,NA,"Kloster, Peter, Petri, Sankt Peter, Sankt Petri",NA,NA,NA,NA,NA
4356,6246,148207,148207000,75890,148207,ytterby,{9396AA83-A0B0-11D3-9E53-009027B0FCE9},SE/148207000,territorial,NA,14,O,Västra Götalands,Ytterby,Ytterby församling,Ytterby,NA,NA,YTTERBY,YTTERBY,1600,1990
4358,7593,30502,30502000,52020,30502,yttergran,{9396A3EA-A0B0-11D3-9E53-009027B0FCE9},SE/030502000,territorial,NA,3,C,Uppsala,Yttergran,Yttergrans församling,Yttergrans,NA,NA,YTTERGRAN,YTTERGRAN,1600,1990
4359,8606,236109,236109000,53812,236109,ytterhogdal,{9396AF8E-A0B0-11D3-9E53-009027B0FCE9},SE/236109000,territorial,NA,23,Z,Jämtlands,Ytterhogdal,Ytterhogdals församling,Ytterhogdals,NA,NA,YTTERHOGDAL,YTTERHOGDAL,1925,1990
4361,5901,18108,18108000,63570,18108,ytterjarna,{9396A3A1-A0B0-11D3-9E53-009027B0FCE9},SE/018108000,territorial,NA,1,AB,Stockholms,Ytterjärna,Ytterjärna församling,Ytterjärna,NA,1909 Ytter-Järna,YTTERJÄRNA,YTTERJÄRNA,1600,1990
4362,6082,228211,228211000,82140,228211,ytterlan,{9396AF20-A0B0-11D3-9E53-009027B0FCE9},SE/228211000,territorial,NA,22,Y,Västernorrlands,Ytterlännäs,Ytterlännäs församling,Ytterlännäs,Lännäs,1909 Ytter-Lännäs,YTTERLÄNNÄS,YTTERLÄNNÄS,1600,1990
4363,7394,48608,48608000,62390,48608,ytterselo,{9396A4D0-A0B0-11D3-9E53-009027B0FCE9},SE/048608000,territorial,NA,4,D,Södermanlands,Ytterselö,Ytterselö församling,Ytterselö,Tuna,1909 Ytter-Selö,YTTERSELÖ,YTTERSELÖ,1600,1990
4366,6790,56105,56105000,55010,56105,yxnerum,{9396A4FD-A0B0-11D3-9E53-009027B0FCE9},SE/056105000,territorial,NA,5,E,Östergötlands,Yxnerum,Yxnerums församling,Yxnerums,NA,NA,YXNERUM,YXNERUM,1600,1990
4368,6022,68310,68310000,68360,68310,voxtorp1,{9396A5F0-A0B0-11D3-9E53-009027B0FCE9},SE/068310000,territorial,NA,6,F,Jönköpings,Voxtorp,Voxtorps församling (F-län),Voxtorps,Ovaghstorp,"Våxtorp, 1940 ändrat av SCB efter jordeboken till Voxtorp",VOXTORP (F-län),VOXTORP,1600,1990
