code,from,to,name,split,county,municipality,code_1990
010201,1968-01-01,1971-01-01,Björkö-Arholma,FALSE,01,0102,018802
010202,1968-01-01,1971-01-01,Väddö,FALSE,01,0102,018803
010301,1968-01-01,1971-01-01,Singö,FALSE,01,0103,018804
010302,1968-01-01,1971-01-01,Häverö,FALSE,01,0103,018805
010303,1968-01-01,1971-01-01,Edebo,FALSE,01,0103,018806
010304,1968-01-01,1971-01-01,Ununge,FALSE,01,0103,018807
010401,1968-01-01,1971-01-01,Edsbro,FALSE,01,0104,018808
010402,1968-01-01,1971-01-01,Knutby,FALSE,01,0104,038028
010403,1968-01-01,1971-01-01,Bladåker,FALSE,01,0104,038029
010404,1968-01-01,1971-01-01,Faringe,FALSE,01,0104,038030
010501,1968-01-01,1971-01-01,Almunge,FALSE,01,0105,038031
010601,1968-01-01,1971-01-01,Fasterna,FALSE,01,0106,018809
010602,1968-01-01,1971-01-01,Rimbo,FALSE,01,0106,018810
010603,1968-01-01,1971-01-01,Rö,FALSE,01,0106,018811
010604,1968-01-01,1971-01-01,Skederid,FALSE,01,0106,018812
010605,1968-01-01,1971-01-01,Husby-Sjuhundra,FALSE,01,0106,018813
010606,1968-01-01,1971-01-01,Gottröra,FALSE,01,0106,018814
010607,1968-01-01,1971-01-01,Närtuna,FALSE,01,0106,018815
010701,1968-01-01,1971-01-01,Malsta,FALSE,01,0107,018816
010702,1968-01-01,1971-01-01,Lohärad,FALSE,01,0107,018817
010703,1968-01-01,1971-01-01,Estuna,FALSE,01,0107,018818
010704,1968-01-01,1971-01-01,Söderby-Karl,FALSE,01,0107,018819
010705,1968-01-01,1971-01-01,Roslags-Bro,FALSE,01,0107,018820
010706,1968-01-01,1971-01-01,Vätö,FALSE,01,0107,018821
010801,1968-01-01,1971-01-01,Rådmansö,FALSE,01,0108,018822
010802,1968-01-01,1971-01-01,Frötuna,FALSE,01,0108,018823
010901,1968-01-01,1971-01-01,Blidö,FALSE,01,0109,018824
011001,1968-01-01,1971-01-01,Länna,FALSE,01,0110,018825
011003,1968-01-01,1971-01-01,Riala,FALSE,01,0110,018826
011101,1968-01-01,1971-01-01,Lagga,FALSE,01,0111,038032
011102,1968-01-01,1971-01-01,Alsike,FALSE,01,0111,038033
011103,1968-01-01,1971-01-01,Vassunda,FALSE,01,0111,038034
011104,1968-01-01,1971-01-01,Knivsta,FALSE,01,0111,038035
011105,1968-01-01,1971-01-01,Östuna,FALSE,01,0111,038036
011106,1968-01-01,1971-01-01,Husby-Långhundra,FALSE,01,0111,038037
011301,1968-01-01,1971-01-01,Odensala,FALSE,01,0113,019105
011302,1968-01-01,1971-01-01,Husby-Ärlinghundra,FALSE,01,0113,019106
011303,1968-01-01,1971-01-01,Skånela,FALSE,01,0113,019107
011304,1968-01-01,1971-01-01,Norrsunda,FALSE,01,0113,019108
011305,1968-01-01,1971-01-01,Skepptuna,FALSE,01,0113,019109
011306,1968-01-01,1971-01-01,Lunda,FALSE,01,0113,019110
011307,1968-01-01,1971-01-01,Vidbo,FALSE,01,0113,019111
011401,1968-01-01,NA,Ed,FALSE,01,0114,011401
011402,1968-01-01,NA,Hammarby,FALSE,01,0114,011402
011403,1968-01-01,NA,Fresta,FALSE,01,0114,011403
011501,1968-01-01,2006-01-01,Vallentuna,FALSE,01,0115,011501
011501,2006-01-01,NA,Vallentuna,FALSE,01,0115,011501
011502,1968-01-01,2006-01-01,Markim,FALSE,01,0115,011502
011503,1968-01-01,2006-01-01,Orkesta,FALSE,01,0115,011503
011504,1968-01-01,2006-01-01,Frösunda,FALSE,01,0115,011504
011505,1971-01-01,2006-01-01,Kårsta,FALSE,01,0115,011505
011506,1971-01-01,2006-01-01,Vada,FALSE,01,0115,011506
011507,1971-01-01,NA,Össeby-Garn,FALSE,01,0115,011507
011508,1971-01-01,2006-01-01,Angarn,FALSE,01,0115,011508
011601,1968-01-01,1971-01-01,Kårsta,FALSE,01,0116,011505
011602,1968-01-01,1971-01-01,Vada,FALSE,01,0116,011506
011603,1968-01-01,1971-01-01,Össeby-Garn,FALSE,01,0116,011507
011604,1968-01-01,1971-01-01,Angarn,FALSE,01,0116,011508
011701,1968-01-01,1974-01-01,Östra Ryd,FALSE,01,0117,011701
011701,1983-01-01,1992-01-01,Östra Ryd,FALSE,01,0117,011701
011702,1968-01-01,1974-01-01,Österåker,FALSE,01,0117,011702
011702,1983-01-01,NA,Österåker,FALSE,01,0117,011702
011703,1968-01-01,1974-01-01,Ljusterö,FALSE,01,0117,011703
011703,1983-01-01,NA,Ljusterö,FALSE,01,0117,011703
011704,1968-01-01,1974-01-01,Roslags-Kulla,FALSE,01,0117,011704
011704,1983-01-01,1998-01-01,Roslags-Kulla,FALSE,01,0117,011704
011901,1968-01-01,1974-01-01,Möja,FALSE,01,0119,012002
011902,1968-01-01,1974-01-01,Djurö,FALSE,01,0119,012003
011903,1968-01-01,1974-01-01,Nämdö,FALSE,01,0119,012004
012001,1968-01-01,NA,Värmdö,FALSE,01,0120,012001
012002,1974-01-01,2002-01-01,Möja,FALSE,01,0120,012002
012003,1974-01-01,NA,Djurö,FALSE,01,0120,012003
012004,1974-01-01,2002-01-01,Nämdö,FALSE,01,0120,012004
012005,1974-01-01,2010-01-01,Ingarö,FALSE,01,0120,012005
012006,1974-01-01,NA,Gustavsberg,FALSE,01,0120,012006
012101,1968-01-01,1974-01-01,Ingarö,FALSE,01,0121,012005
012102,1968-01-01,1974-01-01,Gustavsberg,FALSE,01,0121,012006
012201,1968-01-01,1971-01-01,Boo,FALSE,01,0122,018203
012301,1968-01-01,1992-01-01,Järfälla,FALSE,01,0123,012301
012302,1992-01-01,2010-01-01,Barkarby,FALSE,01,0123,012302
012303,1992-01-01,2010-01-01,Viksjö,FALSE,01,0123,012303
012304,1992-01-01,NA,Jakobsberg,FALSE,01,0123,012304
012305,1992-01-01,2010-01-01,Kallhäll,FALSE,01,0123,012305
012401,1968-01-01,1971-01-01,Hilleshög,FALSE,01,0124,012505
012402,1968-01-01,1971-01-01,Skå,FALSE,01,0124,012506
012403,1968-01-01,1971-01-01,Sånga,FALSE,01,0124,012507
012404,1968-01-01,1971-01-01,Färentuna,FALSE,01,0124,012508
012501,1968-01-01,2006-01-01,Munsö,FALSE,01,0125,012501
012501,2006-01-01,NA,Adelsö-Munsö,FALSE,01,0125,012501
012502,1968-01-01,2006-01-01,Adelsö,FALSE,01,0125,012502
012503,1968-01-01,NA,Ekerö,FALSE,01,0125,012503
012504,1968-01-01,NA,Lovö,FALSE,01,0125,012504
012505,1971-01-01,1992-01-01,Hilleshög,FALSE,01,0125,012505
012506,1971-01-01,1992-01-01,Skå,FALSE,01,0125,012506
012507,1971-01-01,1992-01-01,Sånga,FALSE,01,0125,012507
012508,1971-01-01,1992-01-01,Färentuna,FALSE,01,0125,012508
012509,1992-01-01,NA,Färingsö,FALSE,01,0125,012509
012601,1968-01-01,NA,Huddinge,FALSE,01,0126,012601
012602,1974-01-01,2012-01-01,Trångsund,FALSE,01,0126,012602
012602,2012-01-01,NA,Trångsund-Skogås,FALSE,01,0126,012602
012603,1989-01-01,NA,S:t Mikael,FALSE,01,0126,012603
012604,1989-01-01,NA,Flemingsberg,FALSE,01,0126,012604
012701,1968-01-01,2006-01-01,Botkyrka,FALSE,01,0127,012701
012701,2006-01-01,NA,Botkyrka,FALSE,01,0127,012701
012702,1971-01-01,NA,Grödinge,FALSE,01,0127,012702
012703,1974-01-01,2006-01-01,Tumba,FALSE,01,0127,012703
012704,1974-01-01,1983-01-01,Salem,FALSE,01,0127,012801
012705,1992-01-01,2006-01-01,Tullinge,FALSE,01,0127,012705
012801,1968-01-01,1974-01-01,Salem,FALSE,01,0128,012801
012801,1983-01-01,NA,Salem,FALSE,01,0128,012801
012901,1968-01-01,1971-01-01,Grödinge,FALSE,01,0129,012702
013101,1968-01-01,1971-01-01,Turinge,FALSE,01,0131,018105
013201,1968-01-01,1971-01-01,Vårdinge,FALSE,01,0132,018106
013202,1968-01-01,1971-01-01,Överjärna,FALSE,01,0132,018107
013203,1968-01-01,1971-01-01,Ytterjärna,FALSE,01,0132,018108
013301,1968-01-01,1974-01-01,Sorunda,FALSE,01,0133,019202
013401,1968-01-01,1974-01-01,Torö,FALSE,01,0134,019203
013402,1968-01-01,1974-01-01,Ösmo,FALSE,01,0134,019204
013501,1968-01-01,1971-01-01,Västerhaninge,FALSE,01,0135,013606
013502,1968-01-01,1971-01-01,Muskö,FALSE,01,0135,013607
013601,1968-01-01,NA,Österhaninge,FALSE,01,0136,013601
013603,1968-01-01,2002-01-01,Utö,FALSE,01,0136,013603
013604,1968-01-01,2002-01-01,Ornö,FALSE,01,0136,013604
013605,1968-01-01,2002-01-01,Dalarö,FALSE,01,0136,013605
013605,2002-01-01,NA,Dalarö-Ornö-Utö,FALSE,01,0136,013605
013606,1971-01-01,NA,Västerhaninge,FALSE,01,0136,013606
013607,1971-01-01,2002-01-01,Muskö,FALSE,01,0136,013607
013801,1968-01-01,NA,Tyresö,FALSE,01,0138,013801
013901,1971-01-01,NA,Bro,FALSE,01,0139,013901
013902,1971-01-01,2006-01-01,Låssa,FALSE,01,0139,013902
013903,1971-01-01,NA,Kungsängen,FALSE,01,0139,013903
013904,1971-01-01,1998-01-01,Västra Ryd,FALSE,01,0139,013904
013905,1971-01-01,2006-01-01,Håbo-Tibble,FALSE,01,0139,013905
013906,1971-01-01,2010-01-01,Håtuna,FALSE,01,0139,013906
014001,1999-01-01,NA,Turinge,FALSE,01,0140,014001
014002,1999-01-01,2002-01-01,Taxinge,FALSE,01,0140,014002
016001,1968-01-01,NA,Täby,FALSE,01,0160,016001
016201,1968-01-01,1971-01-01,"Danderyd, del",TRUE,01,0162,016201
016201,1971-01-01,NA,Danderyd,FALSE,01,0162,016201
016301,1968-01-01,NA,Sollentuna,FALSE,01,0163,016301
016401,1968-01-01,1971-01-01,Saltsjöbaden,FALSE,01,0164,018202
018001,1952-01-01,1989-01-01,Storkyrkoförsamlingen,FALSE,01,0180,018001
018001,1989-01-01,NA,Stockholms domkyrkoförs.,FALSE,01,0180,018001
018002,1952-01-01,1989-01-01,Klara,FALSE,01,0180,018002
018003,1967-01-01,1989-01-01,Jakob,FALSE,01,0180,018003
018004,1967-01-01,2002-06-17,Johannes,FALSE,01,0180,018004
018004,2002-06-17,NA,S:t Johannes,FALSE,01,0180,018004
018005,1967-01-01,NA,Adolf Fredrik,FALSE,01,0180,018005
018006,1952-01-01,NA,Gustav Vasa,FALSE,01,0180,018006
018007,1967-01-01,2001-06-18,Matteus,FALSE,01,0180,018007
018007,2001-06-18,NA,S:t Matteus,FALSE,01,0180,018007
018009,1967-01-01,NA,Engelbrekt,FALSE,01,0180,018009
018010,1967-01-01,NA,Hedvig Eleonora,FALSE,01,0180,018010
018011,1967-01-01,NA,Oscar,FALSE,01,0180,018011
018013,1967-01-01,NA,Maria Magdalena,FALSE,01,0180,018013
018014,1967-01-01,NA,Högalid,FALSE,01,0180,018014
018015,1967-01-01,NA,Katarina,FALSE,01,0180,018015
018017,1967-01-01,NA,Sofia,FALSE,01,0180,018017
018018,1967-01-01,2014-01-01,Kungsholm,FALSE,01,0180,018018
018019,1967-01-01,2014-01-01,S:t Göran,FALSE,01,0180,018019
018019,2014-01-01,NA,Västermalm,FALSE,01,0180,018019
018021,1967-01-01,2014-01-01,Brännkyrka,FALSE,01,0180,018021
018021,2014-01-01,NA,Brännkyrka,FALSE,01,0180,018021
018023,1967-01-01,NA,Vantör,FALSE,01,0180,018023
018025,1967-01-01,NA,Farsta,FALSE,01,0180,018025
018027,1967-01-01,NA,Bromma,FALSE,01,0180,018027
018028,1967-01-01,2014-01-01,Essinge,FALSE,01,0180,018028
018029,1967-01-01,NA,Västerled,FALSE,01,0180,018029
018030,1967-01-01,1974-01-01,Spånga kbfd,FALSE,01,0180,018030
018030,1974-01-01,1976-01-01,Spånga,FALSE,01,0180,018030
018031,1967-01-01,1974-01-01,Vällingby kbfd,FALSE,01,0180,018031
018031,1974-01-01,NA,Vällingby,FALSE,01,0180,018031
018034,1967-01-01,2008-01-01,Enskede,FALSE,01,0180,018034
018034,2008-01-01,2015-01-01,Enskede-Årsta,FALSE,01,0180,018034
018034,2015-01-01,NA,Enskede-Årsta,FALSE,01,0180,018034
018036,1967-01-01,NA,Skarpnäck,FALSE,01,0180,018036
018038,1967-01-01,NA,Hässelby,FALSE,01,0180,018038
018039,1969-01-01,2014-01-01,Hägersten,FALSE,01,0180,018039
018039,2014-01-01,NA,Hägersten,FALSE,01,0180,018039
018040,1969-01-01,NA,Skärholmen,FALSE,01,0180,018040
018041,1976-01-01,NA,Spånga kbfd,FALSE,01,0180,018041
018042,1976-01-01,2010-01-01,Kista kbfd,FALSE,01,0180,018042
018090,1967-01-01,NA,Hovförsamlingen,FALSE,01,0180,018090
018092,1967-01-01,NA,Tyska S:ta Gertrud,FALSE,01,0180,018092
018093,1967-01-01,NA,Finska,FALSE,01,0180,018093
018101,1968-01-01,2002-01-01,Södertälje,FALSE,01,0181,018101
018101,2002-01-01,NA,Södertälje-Tveta,FALSE,01,0181,018101
018102,1968-01-01,NA,Östertälje,FALSE,01,0181,018102
018103,1968-01-01,2002-01-01,Tveta,FALSE,01,0181,018103
018104,1968-01-01,NA,Enhörna,FALSE,01,0181,018104
018105,1971-01-01,1999-01-01,Turinge,FALSE,01,0181,018105
018106,1971-01-01,NA,Vårdinge,FALSE,01,0181,018106
018107,1971-01-01,NA,Överjärna,FALSE,01,0181,018107
018108,1971-01-01,NA,Ytterjärna,FALSE,01,0181,018108
018109,1971-01-01,1999-01-01,Taxinge,FALSE,01,0181,018109
018110,1971-01-01,NA,Hölö,FALSE,01,0181,018110
018111,1971-01-01,2010-01-01,Mörkö,FALSE,01,0181,018111
018112,1973-01-01,2010-01-01,Västertälje,FALSE,01,0181,018112
018201,1968-01-01,NA,Nacka,FALSE,01,0182,018201
018202,1971-01-01,NA,Saltsjöbaden,FALSE,01,0182,018202
018203,1971-01-01,NA,Boo,FALSE,01,0182,018203
018301,1968-01-01,NA,Sundbyberg,FALSE,01,0183,018301
018401,1968-01-01,2008-01-01,Solna,FALSE,01,0184,018401
018401,2008-01-01,NA,Solna,FALSE,01,0184,018401
018402,1968-01-01,2008-01-01,Råsunda,FALSE,01,0184,018402
018501,1968-01-01,1971-01-01,"Danderyd, del",TRUE,01,0185,018501
018601,1968-01-01,2012-01-01,Lidingö,FALSE,01,0186,018601
018601,2012-01-01,NA,Lidingö,FALSE,01,0186,018601
018602,2011-01-01,2012-01-01,"Vaxholm, del",TRUE,01,0186,018602
018701,1968-01-01,2011-01-01,Vaxholm,FALSE,01,0187,018701
018701,2011-01-01,2012-01-01,"Vaxholm, del",TRUE,01,0187,018701
018701,2012-01-01,NA,Vaxholm,FALSE,01,0187,018701
018702,1974-01-01,1983-01-01,Östra Ryd,FALSE,01,0187,011701
018703,1974-01-01,1983-01-01,Österåker,FALSE,01,0187,011702
018704,1974-01-01,1983-01-01,Ljusterö,FALSE,01,0187,011703
018705,1974-01-01,1983-01-01,Roslags-Kulla,FALSE,01,0187,011704
018801,1968-01-01,2001-01-01,Norrtälje,FALSE,01,0188,018801
018801,2001-01-01,NA,Norrtälje-Malsta,FALSE,01,0188,018801
018802,1971-01-01,2014-01-01,Björkö-Arholma,FALSE,01,0188,018802
018803,1971-01-01,2014-01-01,Väddö,FALSE,01,0188,018803
018803,2014-01-01,NA,Väddö och Björkö-Arholma,FALSE,01,0188,018803
018804,1971-01-01,2006-01-01,Singö,FALSE,01,0188,018804
018805,1971-01-01,2018-01-01,Häverö,FALSE,01,0188,018805
018805,2018-01-01,NA,Häverö-Edebo,FALSE,01,0188,018805
018806,1971-01-01,2010-01-01,Edebo,FALSE,01,0188,018806
018807,1971-01-01,2010-01-01,Ununge,FALSE,01,0188,018807
018808,1971-01-01,NA,Edsbro,FALSE,01,0188,018808
018809,1971-01-01,NA,Fasterna,FALSE,01,0188,018809
018810,1971-01-01,NA,Rimbo,FALSE,01,0188,018810
018811,1971-01-01,2008-01-01,Rö,FALSE,01,0188,018811
018812,1971-01-01,NA,Skederid,FALSE,01,0188,018812
018813,1971-01-01,2008-01-01,Husby-Sjuhundra,FALSE,01,0188,018813
018814,1971-01-01,NA,Gottröra,FALSE,01,0188,018814
018815,1971-01-01,NA,Närtuna,FALSE,01,0188,018815
018816,1971-01-01,2001-01-01,Malsta,FALSE,01,0188,018816
018817,1971-01-01,NA,Lohärad,FALSE,01,0188,018817
018818,1971-01-01,NA,Estuna,FALSE,01,0188,018818
018819,1971-01-01,2006-01-01,Söderby-Karl,FALSE,01,0188,018819
018820,1971-01-01,NA,Roslags-Bro,FALSE,01,0188,018820
018821,1971-01-01,2010-01-01,Vätö,FALSE,01,0188,018821
018822,1971-01-01,NA,Rådmansö,FALSE,01,0188,018822
018823,1971-01-01,NA,Frötuna,FALSE,01,0188,018823
018824,1971-01-01,NA,Blidö,FALSE,01,0188,018824
018825,1971-01-01,NA,Länna,FALSE,01,0188,018825
018826,1971-01-01,NA,Riala,FALSE,01,0188,018826
018901,1968-01-01,1971-01-01,Östhammar,FALSE,01,0189,038201
018902,1968-01-01,1971-01-01,Forsmark,FALSE,01,0189,038202
018903,1968-01-01,1971-01-01,Valö,FALSE,01,0189,038203
018904,1968-01-01,1971-01-01,Börstil,FALSE,01,0189,038204
018905,1968-01-01,1971-01-01,Hökhuvud,FALSE,01,0189,038205
018906,1968-01-01,1971-01-01,Harg,FALSE,01,0189,038206
018907,1968-01-01,1971-01-01,Öregrund,FALSE,01,0189,038207
018908,1968-01-01,1971-01-01,Gräsö,FALSE,01,0189,038208
019101,1968-01-01,2002-01-01,Sigtuna,FALSE,01,0191,019101
019101,2002-01-01,NA,Sigtuna,FALSE,01,0191,019101
019102,1968-01-01,2002-01-01,S:t Olof,FALSE,01,0191,019102
019103,1968-01-01,2002-01-01,S:t Per,FALSE,01,0191,019103
019104,1968-01-01,2002-01-01,Haga,FALSE,01,0191,019104
019105,1971-01-01,1998-01-01,Odensala,FALSE,01,0191,019105
019106,1971-01-01,NA,Husby-Ärlinghundra,FALSE,01,0191,019106
019107,1971-01-01,1998-01-01,Skånela,FALSE,01,0191,019107
019108,1971-01-01,NA,Norrsunda,FALSE,01,0191,019108
019109,1971-01-01,NA,Skepptuna,FALSE,01,0191,019109
019110,1971-01-01,1998-01-01,Lunda,FALSE,01,0191,019110
019111,1971-01-01,1998-01-01,Vidbo,FALSE,01,0191,019111
019112,1998-01-01,NA,Valsta,FALSE,01,0191,019112
019201,1968-01-01,NA,Nynäshamn,FALSE,01,0192,019201
019202,1974-01-01,NA,Sorunda,FALSE,01,0192,019202
019203,1974-01-01,2006-01-01,Torö,FALSE,01,0192,019203
019204,1974-01-01,NA,Ösmo,FALSE,01,0192,019204
030101,1952-01-01,1971-01-01,Enköpings-Näs,FALSE,03,0301,038102
030102,1952-01-01,1971-01-01,Teda,FALSE,03,0301,038103
030103,1952-01-01,1971-01-01,Svinnegarn,FALSE,03,0301,038104
030104,1952-01-01,1971-01-01,Tillinge,FALSE,03,0301,038105
030105,1952-01-01,1971-01-01,Bred,FALSE,03,0301,038106
030106,1952-01-01,1971-01-01,Sparrsätra,FALSE,03,0301,038107
030107,1952-01-01,1971-01-01,Vårfrukyrka,FALSE,03,0301,038108
030201,1952-01-01,1971-01-01,Boglösa,FALSE,03,0302,038109
030202,1952-01-01,1971-01-01,Lillkyrka,FALSE,03,0302,038110
030203,1952-01-01,1971-01-01,Vallby,FALSE,03,0302,038111
030204,1952-01-01,1971-01-01,Kungs-Husby,FALSE,03,0302,038112
030205,1952-01-01,1971-01-01,Torsvi,FALSE,03,0302,038113
030206,1952-01-01,1971-01-01,Veckholm,FALSE,03,0302,038114
030301,1952-01-01,1971-01-01,Hacksta,FALSE,03,0303,038115
030302,1952-01-01,1971-01-01,Löt,FALSE,03,0303,038116
030303,1952-01-01,1971-01-01,Villberga,FALSE,03,0303,038117
030304,1952-01-01,1971-01-01,Husby-Sjutolft,FALSE,03,0303,038118
030305,1952-01-01,1971-01-01,Litslena,FALSE,03,0303,038119
030306,1952-01-01,1971-01-01,Härkeberga,FALSE,03,0303,038120
030401,1952-01-01,1971-01-01,Bro,FALSE,03,0304,013901
030402,1952-01-01,1971-01-01,Låssa,FALSE,03,0304,013902
030403,1968-01-01,1971-01-01,Kungsängen,FALSE,03,0304,013903
030404,1952-01-01,1971-01-01,Västra Ryd,FALSE,03,0304,013904
030405,1952-01-01,1971-01-01,Håbo-Tibble,FALSE,03,0304,013905
030406,1952-01-01,1971-01-01,Håtuna,FALSE,03,0304,013906
030501,1952-01-01,2010-01-01,Kalmar,FALSE,03,0305,030501
030501,2010-01-01,NA,Kalmar-Yttergran,FALSE,03,0305,030501
030502,1952-01-01,2010-01-01,Yttergran,FALSE,03,0305,030502
030503,1952-01-01,NA,Övergran,FALSE,03,0305,030503
030504,1952-01-01,NA,Häggeby,FALSE,03,0305,030504
030505,1952-01-01,NA,Skokloster,FALSE,03,0305,030505
030601,1952-01-01,1971-01-01,Holm,FALSE,03,0306,038121
030602,1952-01-01,1971-01-01,Fittja,FALSE,03,0306,038122
030603,1952-01-01,1971-01-01,Kulla,FALSE,03,0306,038123
030604,1952-01-01,1971-01-01,Hjälsta,FALSE,03,0306,038124
030605,1952-01-01,1971-01-01,Giresta,FALSE,03,0306,038125
030606,1952-01-01,1971-01-01,Fröslunda,FALSE,03,0306,038126
030607,1952-01-01,1971-01-01,Biskopskulla,FALSE,03,0306,038127
030608,1952-01-01,1971-01-01,Långtora,FALSE,03,0306,038128
030609,1952-01-01,1971-01-01,Nysätra,FALSE,03,0306,038129
030610,1952-01-01,1971-01-01,Gryta,FALSE,03,0306,038130
030801,1952-01-01,1971-01-01,Läby,FALSE,03,0308,038013
030802,1952-01-01,1971-01-01,Vänge,FALSE,03,0308,038014
030803,1952-01-01,1971-01-01,Åland,FALSE,03,0308,038015
030804,1952-01-01,1971-01-01,Skogs-Tibble,FALSE,03,0308,038016
030805,1952-01-01,1971-01-01,Järlåsa,FALSE,03,0308,038017
030901,1952-01-01,1971-01-01,Jumkil,FALSE,03,0309,038018
030902,1952-01-01,1971-01-01,Börje,FALSE,03,0309,038019
030903,1952-01-01,1971-01-01,Åkerby,FALSE,03,0309,038020
030904,1952-01-01,1971-01-01,Bälinge,FALSE,03,0309,038021
030905,1952-01-01,1971-01-01,Skuttunge,FALSE,03,0309,038022
031201,1952-01-01,1974-01-01,Stavby,FALSE,03,0312,038039
031202,1952-01-01,1974-01-01,Tuna,FALSE,03,0312,038040
031203,1952-01-01,1974-01-01,Alunda,FALSE,03,0312,038209
031204,1952-01-01,1974-01-01,Ekeby,FALSE,03,0312,038210
031205,1952-01-01,1974-01-01,Skäfthammar,FALSE,03,0312,038211
031206,1967-01-01,1974-01-01,Rasbo,FALSE,03,0312,038041
031207,1967-01-01,1974-01-01,Rasbokil,FALSE,03,0312,038042
031301,1952-01-01,1974-01-01,Morkarla,FALSE,03,0313,038212
031302,1952-01-01,1974-01-01,Film,FALSE,03,0313,038213
031303,1952-01-01,1974-01-01,Dannemora,FALSE,03,0313,038214
031401,1952-01-01,1971-01-01,Tensta,FALSE,03,0314,038023
031402,1952-01-01,1971-01-01,Lena,FALSE,03,0314,038024
031403,1952-01-01,1971-01-01,Ärentuna,FALSE,03,0314,038025
031501,1952-01-01,1971-01-01,Björklinge,FALSE,03,0315,038026
031502,1952-01-01,1971-01-01,Viksta,FALSE,03,0315,038027
031601,1952-01-01,1974-01-01,Vendel,FALSE,03,0316,036003
031602,1952-01-01,1974-01-01,Tegelsmora,FALSE,03,0316,036004
031701,1967-01-01,1974-01-01,Tierp,FALSE,03,0317,036005
031801,1967-01-01,1974-01-01,Söderfors,FALSE,03,0318,036006
031901,1952-01-01,2006-01-01,Älvkarleby,FALSE,03,0319,031901
031902,1952-01-01,2006-01-01,Skutskär,FALSE,03,0319,031902
031902,2006-01-01,NA,Älvkarleby-Skutskär,FALSE,03,0319,031902
032001,1967-01-01,1974-01-01,Västland,FALSE,03,0320,036007
032101,1967-01-01,1974-01-01,Österlövsta,FALSE,03,0321,036008
032201,1952-01-01,1974-01-01,Hållnäs,FALSE,03,0322,036009
033001,2003-01-01,NA,Knivsta,FALSE,03,0330,033001
033002,2003-01-01,NA,Östuna,FALSE,03,0330,033002
033003,2003-01-01,NA,Husby-Långhundra,FALSE,03,0330,033003
033004,2003-01-01,NA,Lagga,FALSE,03,0330,033004
033005,2003-01-01,NA,Alsike,FALSE,03,0330,033005
033006,2003-01-01,NA,Vassunda,FALSE,03,0330,033006
033101,2007-01-01,NA,Västerlövsta,FALSE,03,0331,033101
033102,2007-01-01,NA,Huddunge,FALSE,03,0331,033102
033103,2007-01-01,NA,Enåker,FALSE,03,0331,033103
033104,2007-01-01,NA,Vittinge,FALSE,03,0331,033104
033105,2007-01-01,NA,Nora,FALSE,03,0331,033105
033106,2007-01-01,NA,Östervåla,FALSE,03,0331,033106
033107,2007-01-01,NA,Harbo,FALSE,03,0331,033107
036001,1967-01-01,NA,Tolfta,FALSE,03,0360,036001
036003,1974-01-01,2014-01-01,Vendel,FALSE,03,0360,036003
036003,2014-01-01,NA,Vendel-Tegelsmora,FALSE,03,0360,036003
036004,1974-01-01,2014-01-01,Tegelsmora,FALSE,03,0360,036004
036005,1974-01-01,NA,Tierp,FALSE,03,0360,036005
036006,1974-01-01,2009-01-01,Söderfors,FALSE,03,0360,036006
036007,1974-01-01,NA,Västland,FALSE,03,0360,036007
036008,1974-01-01,NA,Österlövsta,FALSE,03,0360,036008
036009,1974-01-01,2006-01-01,Hållnäs,FALSE,03,0360,036009
038001,1963-01-01,NA,Uppsala domkyrkoförs.,FALSE,03,0380,038001
038002,1952-01-01,NA,Helga Trefaldighet,FALSE,03,0380,038002
038003,1952-01-01,2015-01-01,Gamla Uppsala,FALSE,03,0380,038003
038003,2015-01-01,NA,Gamla Uppsala,FALSE,03,0380,038003
038004,1967-01-01,NA,Vaksala,FALSE,03,0380,038004
038005,1967-01-01,2010-01-01,Danmark,FALSE,03,0380,038005
038005,2010-01-01,NA,Danmark-Funbo,FALSE,03,0380,038005
038006,1967-01-01,2010-01-01,Funbo,FALSE,03,0380,038006
038007,1967-01-01,NA,Hagby,FALSE,03,0380,038007
038008,1967-01-01,NA,Ramsta,FALSE,03,0380,038008
038009,1967-01-01,NA,Balingsta,FALSE,03,0380,038009
038010,1967-01-01,NA,Västeråker,FALSE,03,0380,038010
038011,1967-01-01,NA,Dalby,FALSE,03,0380,038011
038012,1967-01-01,NA,Uppsala-Näs,FALSE,03,0380,038012
038013,1971-01-01,2006-01-01,Läby,FALSE,03,0380,038013
038014,1971-01-01,NA,Vänge,FALSE,03,0380,038014
038015,1971-01-01,2006-01-01,Åland,FALSE,03,0380,038015
038016,1971-01-01,2006-01-01,Skogs-Tibble,FALSE,03,0380,038016
038017,1971-01-01,2006-01-01,Järlåsa,FALSE,03,0380,038017
038018,1971-01-01,2010-01-01,Jumkil,FALSE,03,0380,038018
038019,1971-01-01,2010-01-01,Börje,FALSE,03,0380,038019
038020,1971-01-01,2010-01-01,Åkerby,FALSE,03,0380,038020
038021,1971-01-01,NA,Bälinge,FALSE,03,0380,038021
038022,1971-01-01,NA,Skuttunge,FALSE,03,0380,038022
038023,1971-01-01,NA,Tensta,FALSE,03,0380,038023
038024,1971-01-01,NA,Lena,FALSE,03,0380,038024
038025,1971-01-01,2015-01-01,Ärentuna,FALSE,03,0380,038025
038025,2015-01-01,NA,Ärentuna,FALSE,03,0380,038025
038026,1971-01-01,NA,Björklinge,FALSE,03,0380,038026
038027,1971-01-01,NA,Viksta,FALSE,03,0380,038027
038028,1971-01-01,NA,Knutby,FALSE,03,0380,038028
038029,1971-01-01,2010-01-01,Bladåker,FALSE,03,0380,038029
038030,1971-01-01,NA,Faringe,FALSE,03,0380,038030
038031,1971-01-01,NA,Almunge,FALSE,03,0380,038031
038032,1971-01-01,2003-01-01,Lagga,FALSE,03,0380,038032
038033,1971-01-01,2003-01-01,Alsike,FALSE,03,0380,038033
038034,1971-01-01,2003-01-01,Vassunda,FALSE,03,0380,038034
038035,1971-01-01,2003-01-01,Knivsta,FALSE,03,0380,038035
038036,1971-01-01,2003-01-01,Östuna,FALSE,03,0380,038036
038037,1971-01-01,2003-01-01,Husby-Långhundra,FALSE,03,0380,038037
038038,1974-01-01,NA,Gottsunda,FALSE,03,0380,038038
038039,1974-01-01,NA,Stavby,FALSE,03,0380,038039
038040,1974-01-01,NA,Tuna,FALSE,03,0380,038040
038041,1974-01-01,2019-01-01,Rasbo,FALSE,03,0380,038041
038042,1974-01-01,2019-01-01,Rasbokil,FALSE,03,0380,038042
038101,1967-01-01,1972-01-01,Enköping,FALSE,03,0381,038101
038101,1972-01-01,NA,Enköping,FALSE,03,0381,038101
038102,1971-01-01,2006-01-01,Enköpings-Näs,FALSE,03,0381,038102
038103,1971-01-01,2006-01-01,Teda,FALSE,03,0381,038103
038104,1971-01-01,2010-01-01,Svinnegarn,FALSE,03,0381,038104
038105,1971-01-01,NA,Tillinge,FALSE,03,0381,038105
038106,1971-01-01,2006-01-01,Bred,FALSE,03,0381,038106
038107,1971-01-01,NA,Sparrsätra,FALSE,03,0381,038107
038108,1971-01-01,1972-01-01,Vårfrukyrka,FALSE,03,0381,038108
038109,1971-01-01,2006-01-01,Boglösa,FALSE,03,0381,038109
038110,1971-01-01,2006-01-01,Lillkyrka,FALSE,03,0381,038110
038111,1971-01-01,NA,Vallby,FALSE,03,0381,038111
038112,1971-01-01,2006-01-01,Kungs-Husby,FALSE,03,0381,038112
038113,1971-01-01,2006-01-01,Torsvi,FALSE,03,0381,038113
038114,1971-01-01,NA,Veckholm,FALSE,03,0381,038114
038115,1971-01-01,2007-01-01,Hacksta,FALSE,03,0381,038115
038116,1971-01-01,2007-01-01,Löt,FALSE,03,0381,038116
038117,1971-01-01,2013-01-01,Villberga,FALSE,03,0381,038117
038117,2013-01-01,NA,Villberga,FALSE,03,0381,038117
038118,1971-01-01,2010-01-01,Husby-Sjutolft,FALSE,03,0381,038118
038119,1971-01-01,2013-01-01,Litslena,FALSE,03,0381,038119
038120,1971-01-01,2010-01-01,Härkeberga,FALSE,03,0381,038120
038121,1971-01-01,2010-01-01,Holm,FALSE,03,0381,038121
038122,1971-01-01,2010-01-01,Fittja,FALSE,03,0381,038122
038123,1971-01-01,2010-01-01,Kulla,FALSE,03,0381,038123
038124,1971-01-01,2010-01-01,Hjälsta,FALSE,03,0381,038124
038125,1971-01-01,2010-01-01,Giresta,FALSE,03,0381,038125
038126,1971-01-01,2010-01-01,Fröslunda,FALSE,03,0381,038126
038127,1971-01-01,2010-01-01,Biskopskulla,FALSE,03,0381,038127
038128,1971-01-01,2010-01-01,Långtora,FALSE,03,0381,038128
038129,1971-01-01,2010-01-01,Nysätra,FALSE,03,0381,038129
038130,1971-01-01,NA,Gryta,FALSE,03,0381,038130
038131,1971-01-01,NA,Simtuna,FALSE,03,0381,038131
038132,1971-01-01,2006-01-01,Frösthult,FALSE,03,0381,038132
038133,1971-01-01,2006-01-01,Härnevi,FALSE,03,0381,038133
038134,1971-01-01,2006-01-01,Torstuna,FALSE,03,0381,038134
038135,1971-01-01,2006-01-01,Österunda,FALSE,03,0381,038135
038136,1971-01-01,2006-01-01,Altuna,FALSE,03,0381,038136
038201,1971-01-01,2006-01-01,Östhammar,FALSE,03,0382,038201
038202,1971-01-01,2006-01-01,Forsmark,FALSE,03,0382,038202
038203,1971-01-01,2006-01-01,Valö,FALSE,03,0382,038203
038204,1971-01-01,NA,Börstil,FALSE,03,0382,038204
038205,1971-01-01,2014-01-01,Hökhuvud,FALSE,03,0382,038205
038206,1971-01-01,2006-01-01,Harg,FALSE,03,0382,038206
038207,1971-01-01,NA,Öregrund,FALSE,03,0382,038207
038208,1971-01-01,2002-01-01,Gräsö,FALSE,03,0382,038208
038209,1974-01-01,NA,Alunda,FALSE,03,0382,038209
038210,1974-01-01,NA,Ekeby,FALSE,03,0382,038210
038211,1974-01-01,2014-01-01,Skäfthammar,FALSE,03,0382,038211
038211,2014-01-01,NA,Skäfthammar-Hökhuvud,FALSE,03,0382,038211
038212,1974-01-01,2010-01-01,Morkarla,FALSE,03,0382,038212
038213,1974-01-01,NA,Film,FALSE,03,0382,038213
038214,1974-01-01,2010-01-01,Dannemora,FALSE,03,0382,038214
040101,1967-01-01,1971-01-01,Tunaberg,FALSE,04,0401,048005
040201,1952-01-01,1971-01-01,Bergshammar,FALSE,04,0402,048006
040202,1952-01-01,1971-01-01,Tuna,FALSE,04,0402,048007
040203,1952-01-01,1971-01-01,Lunda,FALSE,04,0402,048008
040204,1952-01-01,1971-01-01,Kila,FALSE,04,0402,048009
040301,1967-01-01,1971-01-01,Björkvik,FALSE,04,0403,048302
040401,1952-01-01,1971-01-01,Stigtomta,FALSE,04,0404,048010
040402,1952-01-01,1971-01-01,Halla,FALSE,04,0404,048011
040403,1952-01-01,1971-01-01,Nykyrka,FALSE,04,0404,048012
040404,1952-01-01,1971-01-01,Bärbo,FALSE,04,0404,048013
040501,1952-01-01,1971-01-01,Råby-Rönö,FALSE,04,0405,048014
040502,1952-01-01,1971-01-01,Lid,FALSE,04,0405,048015
040503,1952-01-01,1971-01-01,Ripsa,FALSE,04,0405,048016
040504,1952-01-01,1971-01-01,Ludgo,FALSE,04,0405,048017
040505,1952-01-01,1971-01-01,Spelvik,FALSE,04,0405,048018
040506,1952-01-01,1971-01-01,Runtuna,FALSE,04,0405,048019
040701,1952-01-01,1971-01-01,Tystberga,FALSE,04,0407,048020
040702,1952-01-01,1971-01-01,Bogsta,FALSE,04,0407,048021
040703,1952-01-01,1971-01-01,Sättersta,FALSE,04,0407,048022
040704,1952-01-01,1971-01-01,Lästringe,FALSE,04,0407,048023
040705,1952-01-01,1971-01-01,Bälinge,FALSE,04,0407,048024
040706,1952-01-01,1971-01-01,Torsåker,FALSE,04,0407,048025
040801,1952-01-01,1974-01-01,Västerljung,FALSE,04,0408,048030
040802,1952-01-01,1974-01-01,Trosa-Vagnhärad,FALSE,04,0408,048031
040901,1952-01-01,1971-01-01,Hölö,FALSE,04,0409,018110
040902,1952-01-01,1971-01-01,Mörkö,FALSE,04,0409,018111
041101,1952-01-01,1974-01-01,Gåsinge-Dillnäs,FALSE,04,0411,048032
041102,1952-01-01,1974-01-01,Björnlunda,FALSE,04,0411,048033
041103,1952-01-01,1974-01-01,Gryt,FALSE,04,0411,048034
041201,1952-01-01,1971-01-01,Länna,FALSE,04,0412,048605
041202,1952-01-01,1971-01-01,Åker,FALSE,04,0412,048606
041401,1952-01-01,1971-01-01,Toresund,FALSE,04,0414,048607
041402,1952-01-01,1971-01-01,Ytterselö,FALSE,04,0414,048608
041403,1952-01-01,1971-01-01,Överselö,FALSE,04,0414,048609
041501,1952-01-01,1971-01-01,Aspö,FALSE,04,0415,048603
041502,1966-01-01,1971-01-01,"Strängnäs domkyrkoförs., del",TRUE,04,0415,041502
041601,1952-01-01,1971-01-01,Vansö,FALSE,04,0416,048610
041602,1952-01-01,1971-01-01,Fogdö,FALSE,04,0416,048611
041603,1952-01-01,1971-01-01,Helgarö,FALSE,04,0416,048612
041604,1952-01-01,1971-01-01,Härad,FALSE,04,0416,048613
041701,1952-01-01,1971-01-01,Barva,FALSE,04,0417,048404
041702,1952-01-01,1971-01-01,Jäder,FALSE,04,0417,048405
041703,1952-01-01,1971-01-01,Kjula,FALSE,04,0417,048406
041704,1952-01-01,1971-01-01,Hammarby,FALSE,04,0417,048407
041705,1952-01-01,1971-01-01,Sundby,FALSE,04,0417,048408
041706,1952-01-01,1971-01-01,Vallby,FALSE,04,0417,048409
041801,1952-01-01,1971-01-01,Torshälla landsförs.,FALSE,04,0418,048410
041802,1952-01-01,1971-01-01,Tumbo,FALSE,04,0418,048411
041803,1952-01-01,1971-01-01,Råby-Rekarne,FALSE,04,0418,048412
041901,1952-01-01,1971-01-01,Gillberga,FALSE,04,0419,048413
041902,1952-01-01,1971-01-01,Lista,FALSE,04,0419,048414
041903,1952-01-01,1971-01-01,Öja,FALSE,04,0419,048415
041904,1952-01-01,1971-01-01,Västermo,FALSE,04,0419,048416
042001,1952-01-01,1971-01-01,Näshulta,FALSE,04,0420,048417
042002,1952-01-01,1971-01-01,Husby-Rekarne,FALSE,04,0420,048418
042101,1952-01-01,1971-01-01,Stenkvista,FALSE,04,0421,048419
042102,1952-01-01,1971-01-01,Ärla,FALSE,04,0421,048420
042201,1967-01-01,1971-01-01,Mellösa,FALSE,04,0422,048207
042401,1952-01-01,1971-01-01,Husby-Oppunda,FALSE,04,0424,048026
042402,1952-01-01,1971-01-01,Vrena,FALSE,04,0424,048027
042403,1952-01-01,1971-01-01,Bettna,FALSE,04,0424,048208
042404,1952-01-01,1971-01-01,Blacksta,FALSE,04,0424,048209
042405,1952-01-01,1971-01-01,Forssa,FALSE,04,0424,048210
042406,1952-01-01,1971-01-01,Vadsbro,FALSE,04,0424,048211
042501,1952-01-01,1971-01-01,Lerbo,FALSE,04,0425,048303
042502,1952-01-01,1971-01-01,Sköldinge,FALSE,04,0425,048304
042601,1967-01-01,1971-01-01,Floda,FALSE,04,0426,048305
042701,1961-01-01,1971-01-01,Stora Malm,FALSE,04,0427,048306
042702,1952-01-01,1971-01-01,Östra Vingåker,FALSE,04,0427,048307
042801,1967-01-01,NA,Västra Vingåker,FALSE,04,0428,042801
042802,1971-01-01,NA,Österåker,FALSE,04,0428,042802
042901,1952-01-01,1971-01-01,Österåker,FALSE,04,0429,042802
042902,1952-01-01,1971-01-01,Julita,FALSE,04,0429,048308
046001,1952-01-01,1971-01-01,Lilla Malma,FALSE,04,0460,048205
046002,1952-01-01,1971-01-01,Dunker,FALSE,04,0460,048206
046101,1967-01-01,1974-01-01,Frustuna-Kattnäs,FALSE,04,0461,048029
046101,1992-01-01,NA,Frustuna-Kattnäs,FALSE,04,0461,046101
046103,1992-01-01,2006-01-01,Gåsinge-Dillnäs,FALSE,04,0461,046103
046104,1992-01-01,NA,Björnlunda,FALSE,04,0461,046104
046105,1992-01-01,2006-01-01,Gryt,FALSE,04,0461,046105
048001,1953-01-01,2014-01-01,Nyköpings S:t Nicolai,FALSE,04,0480,048001
048002,1952-01-01,1989-01-01,Nyköpings östra,FALSE,04,0480,048002
048002,1989-01-01,2014-01-01,Nyköpings Alla Helgona,FALSE,04,0480,048002
048002,2014-01-01,NA,Nyköping,FALSE,04,0480,048002
048003,1967-01-01,1989-01-01,Helgona,FALSE,04,0480,048003
048004,1967-01-01,2002-01-01,Svärta,FALSE,04,0480,048004
048005,1971-01-01,NA,Tunaberg,FALSE,04,0480,048005
048006,1971-01-01,2006-01-01,Bergshammar,FALSE,04,0480,048006
048007,1971-01-01,NA,Tuna,FALSE,04,0480,048007
048008,1971-01-01,2006-01-01,Lunda,FALSE,04,0480,048008
048009,1971-01-01,2006-01-01,Kila,FALSE,04,0480,048009
048010,1971-01-01,NA,Stigtomta,FALSE,04,0480,048010
048011,1971-01-01,1995-01-01,Halla,FALSE,04,0480,048011
048012,1971-01-01,1995-01-01,Nykyrka,FALSE,04,0480,048012
048013,1971-01-01,1995-01-01,Bärbo,FALSE,04,0480,048013
048014,1971-01-01,2002-01-01,Råby-Rönö,FALSE,04,0480,048014
048015,1971-01-01,2002-01-01,Lid,FALSE,04,0480,048015
048016,1971-01-01,1995-01-01,Ripsa,FALSE,04,0480,048016
048017,1971-01-01,2002-01-01,Ludgo,FALSE,04,0480,048017
048018,1971-01-01,1992-01-01,Spelvik,FALSE,04,0480,048018
048019,1971-01-01,NA,Runtuna,FALSE,04,0480,048019
048020,1971-01-01,NA,Tystberga,FALSE,04,0480,048020
048021,1971-01-01,1980-01-01,Bogsta,FALSE,04,0480,048021
048022,1971-01-01,1980-01-01,Sättersta,FALSE,04,0480,048022
048023,1971-01-01,2002-01-01,Lästringe,FALSE,04,0480,048023
048024,1971-01-01,1998-01-01,Bälinge,FALSE,04,0480,048024
048025,1971-01-01,1980-01-01,Torsåker,FALSE,04,0480,048025
048026,1971-01-01,1995-01-01,Husby-Oppunda,FALSE,04,0480,048026
048027,1971-01-01,2002-01-01,Vrena,FALSE,04,0480,048027
048028,1974-01-01,1992-01-01,Trosa stadsförs.,FALSE,04,0480,048028
048029,1974-01-01,1992-01-01,Frustuna-Kattnäs,FALSE,04,0480,048029
048030,1974-01-01,1992-01-01,Västerljung,FALSE,04,0480,048030
048031,1974-01-01,1992-01-01,Trosa-Vagnhärad,FALSE,04,0480,048031
048032,1974-01-01,1992-01-01,Gåsinge-Dillnäs,FALSE,04,0480,048032
048033,1974-01-01,1992-01-01,Björnlunda,FALSE,04,0480,048033
048034,1974-01-01,1992-01-01,Gryt,FALSE,04,0480,048034
048101,1967-01-01,NA,Oxelösund,FALSE,04,0481,048101
048201,1965-01-01,2010-01-01,Flen,FALSE,04,0482,048201
048201,2010-01-01,NA,"Flen, Helgesta-Hyltinge",FALSE,04,0482,048201
048202,1965-01-01,1995-01-01,Hyltinge,FALSE,04,0482,048202
048202,1995-01-01,2010-01-01,Helgesta-Hyltinge,FALSE,04,0482,048202
048203,1965-01-01,1995-01-01,Helgesta,FALSE,04,0482,048203
048204,1965-01-01,2010-01-01,Årdala,FALSE,04,0482,048204
048205,1971-01-01,NA,Lilla Malma,FALSE,04,0482,048205
048206,1971-01-01,2006-01-01,Dunker,FALSE,04,0482,048206
048207,1971-01-01,NA,Mellösa,FALSE,04,0482,048207
048208,1971-01-01,NA,Bettna,FALSE,04,0482,048208
048209,1971-01-01,2010-01-01,Blacksta,FALSE,04,0482,048209
048210,1971-01-01,2010-01-01,Forssa,FALSE,04,0482,048210
048211,1971-01-01,2010-01-01,Vadsbro,FALSE,04,0482,048211
048301,1967-01-01,2002-01-01,Katrineholm,FALSE,04,0483,048301
048301,2002-01-01,NA,Katrineholm-Stora Malm,FALSE,04,0483,048301
048302,1971-01-01,NA,Björkvik,FALSE,04,0483,048302
048303,1971-01-01,2010-01-01,Lerbo,FALSE,04,0483,048303
048304,1971-01-01,2010-01-01,Sköldinge,FALSE,04,0483,048304
048305,1971-01-01,2010-01-01,Floda,FALSE,04,0483,048305
048306,1971-01-01,2002-01-01,Stora Malm,FALSE,04,0483,048306
048307,1971-01-01,2006-01-01,Östra Vingåker,FALSE,04,0483,048307
048308,1971-01-01,2010-01-01,Julita,FALSE,04,0483,048308
048309,1995-01-01,2010-01-01,Nävertorp,FALSE,04,0483,048309
048401,1952-01-01,2010-01-01,Eskilstuna Fors,FALSE,04,0484,048401
048402,1952-01-01,2010-01-01,Eskilstuna Kloster,FALSE,04,0484,048402
048402,2010-01-01,2020-01-01,Eskilstuna,FALSE,04,0484,048402
048403,1971-01-01,NA,Torshälla,FALSE,04,0484,048403
048404,1971-01-01,1995-01-01,Barva,FALSE,04,0484,048404
048405,1971-01-01,1995-01-01,Jäder,FALSE,04,0484,048405
048406,1971-01-01,1995-01-01,Kjula,FALSE,04,0484,048406
048407,1971-01-01,1995-01-01,Hammarby,FALSE,04,0484,048407
048408,1971-01-01,1995-01-01,Sundby,FALSE,04,0484,048408
048409,1971-01-01,1995-01-01,Vallby,FALSE,04,0484,048409
048410,1971-01-01,NA,Hällby,FALSE,04,0484,048410
048411,1971-01-01,2002-01-01,Tumbo,FALSE,04,0484,048411
048412,1971-01-01,2002-01-01,Råby-Rekarne,FALSE,04,0484,048412
048413,1971-01-01,NA,Gillberga,FALSE,04,0484,048413
048414,1971-01-01,2002-01-01,Lista,FALSE,04,0484,048414
048415,1971-01-01,2002-01-01,Öja,FALSE,04,0484,048415
048416,1971-01-01,2002-01-01,Västermo,FALSE,04,0484,048416
048417,1971-01-01,NA,Näshulta,FALSE,04,0484,048417
048418,1971-01-01,NA,Husby-Rekarne,FALSE,04,0484,048418
048419,1971-01-01,2006-01-01,Stenkvista,FALSE,04,0484,048419
048420,1971-01-01,NA,Ärla,FALSE,04,0484,048420
048421,1995-01-01,NA,Kafjärden,FALSE,04,0484,048421
048501,1967-01-01,1971-01-01,Torshälla stadsförs.,FALSE,04,0485,048403
048601,1967-01-01,1971-01-01,"Strängnäs domkyrkoförs., del",TRUE,04,0486,048601
048601,1971-01-01,NA,Strängnäs domkyrkoförs.,FALSE,04,0486,048601
048603,1971-01-01,2002-01-01,Aspö,FALSE,04,0486,048603
048604,1971-01-01,NA,Mariefred,FALSE,04,0486,048604
048605,1971-01-01,2002-01-01,Länna,FALSE,04,0486,048605
048606,1971-01-01,NA,Åker,FALSE,04,0486,048606
048607,1971-01-01,NA,Toresund,FALSE,04,0486,048607
048608,1971-01-01,2002-01-01,Ytterselö,FALSE,04,0486,048608
048609,1971-01-01,2002-01-01,Överselö,FALSE,04,0486,048609
048610,1971-01-01,1998-01-01,Vansö,FALSE,04,0486,048610
048611,1971-01-01,1998-01-01,Fogdö,FALSE,04,0486,048611
048612,1971-01-01,1998-01-01,Helgarö,FALSE,04,0486,048612
048613,1971-01-01,2006-01-01,Härad,FALSE,04,0486,048613
048614,1998-01-01,NA,Vårfruberga,FALSE,04,0486,048614
048701,1967-01-01,1971-01-01,Mariefred,FALSE,04,0487,048604
048703,1952-01-01,1971-01-01,Taxinge,FALSE,04,0487,018109
048801,1967-01-01,1974-01-01,Trosa stadsförs.,FALSE,04,0488,048028
048801,1992-01-01,2010-01-01,Trosa stadsförs.,FALSE,04,0488,048801
048802,1992-01-01,NA,Trosa-Vagnhärad,FALSE,04,0488,048802
048803,1992-01-01,2010-01-01,Västerljung,FALSE,04,0488,048803
050101,1952-01-01,1971-01-01,Västra Ny,FALSE,05,0501,058303
050102,1952-01-01,1971-01-01,Godegård,FALSE,05,0501,058304
050201,1967-01-01,1974-01-01,Tjällmo,FALSE,05,0502,058322
050301,1952-01-01,1971-01-01,Kristberg,FALSE,05,0503,058305
050302,1952-01-01,1971-01-01,Brunneby,FALSE,05,0503,058306
050303,1952-01-01,1971-01-01,Klockrike,FALSE,05,0503,058307
050401,1952-01-01,1971-01-01,Älvestad,FALSE,05,0504,058308
050402,1952-01-01,1971-01-01,Normlösa,FALSE,05,0504,058607
050403,1952-01-01,1971-01-01,Vallerstad,FALSE,05,0504,058608
050404,1952-01-01,1971-01-01,Skeppsås,FALSE,05,0504,058609
050405,1952-01-01,1971-01-01,Fornåsa,FALSE,05,0504,058309
050406,1952-01-01,1971-01-01,Lönsås,FALSE,05,0504,058310
050407,1952-01-01,1971-01-01,Ekebyborna,FALSE,05,0504,058311
050408,1952-01-01,1971-01-01,Ask,FALSE,05,0504,058312
050501,1952-01-01,1974-01-01,Varv och Styra,FALSE,05,0505,058323
050502,1952-01-01,1974-01-01,Västra Stenby,FALSE,05,0505,058324
050503,1952-01-01,1974-01-01,Hagebyhöga,FALSE,05,0505,058411
050504,1952-01-01,1974-01-01,Fivelstad,FALSE,05,0505,058326
050505,1952-01-01,1974-01-01,Orlunda,FALSE,05,0505,058412
050701,1952-01-01,1971-01-01,Hov,FALSE,05,0507,058410
050702,1952-01-01,1971-01-01,Appuna,FALSE,05,0507,058610
050703,1952-01-01,1971-01-01,Hogstad,FALSE,05,0507,058611
050704,1952-01-01,1971-01-01,Rinna,FALSE,05,0507,056003
050705,1952-01-01,1971-01-01,Väderstad,FALSE,05,0507,058612
050706,1952-01-01,1971-01-01,Kumla,FALSE,05,0507,058613
050901,1952-01-01,2006-01-01,Stora Åby,FALSE,05,0509,050901
050902,1952-01-01,2006-01-01,Ödeshög,FALSE,05,0509,050902
050902,2006-01-01,NA,Ödeshög,FALSE,05,0509,050902
050903,1969-01-01,2006-01-01,Svanshals,FALSE,05,0509,050903
050904,1969-01-01,2006-01-01,Västra Tollstad,FALSE,05,0509,050904
050905,1969-01-01,2006-01-01,Heda,FALSE,05,0509,050905
050906,1969-01-01,2006-01-01,Rök,FALSE,05,0509,050906
050907,1969-01-01,2006-01-01,Trehörna,FALSE,05,0509,050907
051001,1952-01-01,1971-01-01,Åsbo,FALSE,05,0510,056004
051002,1952-01-01,1971-01-01,Blåvik,FALSE,05,0510,056005
051003,1952-01-01,1971-01-01,Malexander,FALSE,05,0510,056006
051101,1952-01-01,1971-01-01,Västra Harg,FALSE,05,0511,058614
051102,1952-01-01,1971-01-01,Sya,FALSE,05,0511,058615
051103,1952-01-01,1971-01-01,Östra Tollstad,FALSE,05,0511,058616
051104,1952-01-01,1971-01-01,Viby,FALSE,05,0511,058617
051105,1952-01-01,1971-01-01,Veta,FALSE,05,0511,058618
051106,1952-01-01,1971-01-01,Herrberga,FALSE,05,0511,058619
051201,1952-01-01,2009-01-01,Torpa,FALSE,05,0512,051201
051201,2009-01-01,NA,Norra Ydre,FALSE,05,0512,051201
051202,1952-01-01,2009-01-01,Asby,FALSE,05,0512,051202
051203,1952-01-01,2009-01-01,Sund,FALSE,05,0512,051203
051203,2009-01-01,NA,Sund-Svinhult,FALSE,05,0512,051203
051204,1952-01-01,NA,Västra Ryd,FALSE,05,0512,051204
051205,1952-01-01,2009-01-01,Svinhult,FALSE,05,0512,051205
051206,1952-01-01,2009-01-01,Norra Vi,FALSE,05,0512,051206
051301,1952-01-01,NA,Tidersrum,FALSE,05,0513,051301
051302,1952-01-01,NA,Kisa,FALSE,05,0513,051302
051303,1952-01-01,NA,Västra Eneby,FALSE,05,0513,051303
051304,1974-01-01,NA,Horn,FALSE,05,0513,051304
051305,1974-01-01,NA,Hycklinge,FALSE,05,0513,051305
051306,1974-01-01,2010-01-01,Oppeby,FALSE,05,0513,051306
051307,1974-01-01,2010-01-01,Hägerstad,FALSE,05,0513,051307
051308,1974-01-01,2010-01-01,Kättilstad,FALSE,05,0513,051308
051309,1974-01-01,NA,Tjärstad,FALSE,05,0513,051309
051401,1952-01-01,1974-01-01,Horn,FALSE,05,0514,051304
051402,1952-01-01,1974-01-01,Hycklinge,FALSE,05,0514,051305
051501,1952-01-01,1974-01-01,Oppeby,FALSE,05,0515,051306
051502,1952-01-01,1974-01-01,Hägerstad,FALSE,05,0515,051307
051503,1952-01-01,1974-01-01,Kättilstad,FALSE,05,0515,051308
051504,1952-01-01,1974-01-01,Tjärstad,FALSE,05,0515,051309
051601,1952-01-01,1971-01-01,Grebo,FALSE,05,0516,056102
051602,1952-01-01,1971-01-01,Värna,FALSE,05,0516,056103
051603,1952-01-01,1971-01-01,Björsäter,FALSE,05,0516,056104
051604,1952-01-01,1971-01-01,Yxnerum,FALSE,05,0516,056105
051901,1952-01-01,1971-01-01,Vist,FALSE,05,0519,058008
051902,1952-01-01,1971-01-01,Vårdnäs,FALSE,05,0519,058009
051903,1952-01-01,1971-01-01,Skeda,FALSE,05,0519,058010
052001,1952-01-01,1971-01-01,Nykil,FALSE,05,0520,058011
052002,1952-01-01,1971-01-01,Ulrika,FALSE,05,0520,058012
052003,1952-01-01,1971-01-01,Gammalkil,FALSE,05,0520,058013
052101,1952-01-01,1971-01-01,Sjögestad,FALSE,05,0521,058014
052102,1952-01-01,1971-01-01,Västerlösa,FALSE,05,0521,058015
052103,1952-01-01,1971-01-01,Björkeberg,FALSE,05,0521,058016
052104,1952-01-01,1971-01-01,Rappestad,FALSE,05,0521,058017
052105,1952-01-01,1971-01-01,Vikingstad,FALSE,05,0521,058018
052301,1952-01-01,1971-01-01,Vreta kloster,FALSE,05,0523,058019
052302,1952-01-01,1971-01-01,Flistad,FALSE,05,0523,058020
052303,1952-01-01,1971-01-01,Ljung,FALSE,05,0523,058021
052304,1952-01-01,1971-01-01,Stjärnorp,FALSE,05,0523,058022
052401,1952-01-01,1971-01-01,Östra Harg,FALSE,05,0524,058023
052402,1952-01-01,1971-01-01,Rystad,FALSE,05,0524,058024
052403,1952-01-01,1971-01-01,Törnevalla,FALSE,05,0524,058025
052404,1952-01-01,1971-01-01,Östra Skrukeby,FALSE,05,0524,058026
052405,1952-01-01,1971-01-01,Lillkyrka,FALSE,05,0524,058027
052406,1952-01-01,1971-01-01,Gistad,FALSE,05,0524,058028
052407,1961-01-01,1971-01-01,Örtomta,FALSE,05,0524,058029
052408,1961-01-01,1971-01-01,Askeby,FALSE,05,0524,058030
052409,1961-01-01,1971-01-01,Bankekind,FALSE,05,0524,058031
052410,1961-01-01,1971-01-01,Vårdsberg,FALSE,05,0524,058032
052601,1952-01-01,1971-01-01,Kullerstad,FALSE,05,0526,058109
052602,1952-01-01,1971-01-01,Vånga,FALSE,05,0526,058110
052603,1963-01-01,1971-01-01,Skärkind,FALSE,05,0526,058111
052604,1963-01-01,1971-01-01,Kimstad,FALSE,05,0526,058112
052701,1967-01-01,1971-01-01,Hällestad,FALSE,05,0527,056202
052801,1952-01-01,1971-01-01,Regna,FALSE,05,0528,056203
052802,1952-01-01,1971-01-01,Skedevi,FALSE,05,0528,056204
052901,1952-01-01,1971-01-01,Simonstorp,FALSE,05,0529,058113
052902,1952-01-01,1971-01-01,Kvillinge,FALSE,05,0529,058114
053001,1952-01-01,1971-01-01,Krokek,FALSE,05,0530,058115
053002,1952-01-01,1971-01-01,Kvarsebo,FALSE,05,0530,058116
053101,1952-01-01,1974-01-01,Östra Stenby,FALSE,05,0531,058117
053102,1952-01-01,1974-01-01,Konungsund,FALSE,05,0531,058118
053103,1952-01-01,1974-01-01,Dagsberg,FALSE,05,0531,058119
053104,1952-01-01,1974-01-01,Furingstad,FALSE,05,0531,058120
053105,1952-01-01,1974-01-01,Tåby,FALSE,05,0531,058121
053106,1952-01-01,1974-01-01,Kuddby,FALSE,05,0531,058122
053107,1952-01-01,1974-01-01,Å,FALSE,05,0531,058123
053108,1967-01-01,1974-01-01,Östra Ny,FALSE,05,0531,058124
053109,1967-01-01,1974-01-01,Östra Husby,FALSE,05,0531,058125
053110,1967-01-01,1974-01-01,Häradshammar,FALSE,05,0531,058126
053111,1967-01-01,1974-01-01,Jonsberg,FALSE,05,0531,058127
053112,1967-01-01,1974-01-01,Rönö,FALSE,05,0531,058128
053301,1952-01-01,1974-01-01,Skällvik,FALSE,05,0533,058207
053302,1952-01-01,1974-01-01,S:t Anna,FALSE,05,0533,058208
053303,1952-01-01,1974-01-01,Börrum,FALSE,05,0533,058209
053304,1952-01-01,1974-01-01,Mogata,FALSE,05,0533,058210
053401,1952-01-01,1971-01-01,Västra Husby,FALSE,05,0534,058204
053402,1952-01-01,1971-01-01,Gårdeby,FALSE,05,0534,058205
053403,1952-01-01,1971-01-01,Östra Ryd,FALSE,05,0534,058206
053501,1952-01-01,1971-01-01,Ringarums kbfd,FALSE,05,0535,056302
053502,1952-01-01,1971-01-01,Gusums kbfd,FALSE,05,0535,056303
053601,1967-01-01,1971-01-01,Gryt,FALSE,05,0536,056304
056001,1952-01-01,1986-01-01,Ekeby norra kbfd,FALSE,05,0560,056001
056002,1952-01-01,1986-01-01,Ekeby södra kbfd,FALSE,05,0560,056002
056002,1986-01-01,NA,Ekeby,FALSE,05,0560,056002
056003,1971-01-01,2010-01-01,Rinna,FALSE,05,0560,056003
056004,1971-01-01,2010-01-01,Åsbo,FALSE,05,0560,056004
056005,1971-01-01,2010-01-01,Blåvik,FALSE,05,0560,056005
056006,1971-01-01,2010-01-01,Malexander,FALSE,05,0560,056006
056101,1967-01-01,2010-01-01,Åtvid,FALSE,05,0561,056101
056101,2010-01-01,NA,Åtvid,FALSE,05,0561,056101
056102,1971-01-01,2010-01-01,Grebo,FALSE,05,0561,056102
056103,1971-01-01,2006-01-01,Värna,FALSE,05,0561,056103
056104,1971-01-01,2010-01-01,Björsäter,FALSE,05,0561,056104
056105,1971-01-01,2006-01-01,Yxnerum,FALSE,05,0561,056105
056106,1971-01-01,2010-01-01,Hannäs,FALSE,05,0561,056106
056107,1971-01-01,2010-01-01,Gärdserum,FALSE,05,0561,056107
056201,1967-01-01,2013-01-01,Risinge,FALSE,05,0562,056201
056201,2013-01-01,NA,Finspång,FALSE,05,0562,056201
056202,1971-01-01,2013-01-01,Hällestad,FALSE,05,0562,056202
056203,1971-01-01,2013-01-01,Regna,FALSE,05,0562,056203
056204,1971-01-01,2013-01-01,Skedevi,FALSE,05,0562,056204
056301,1967-01-01,2010-01-01,Valdemarsvik,FALSE,05,0563,056301
056301,2010-01-01,NA,Valdemarsvik,FALSE,05,0563,056301
056302,1971-01-01,NA,Ringarums kbfd,FALSE,05,0563,056302
056303,1971-01-01,1985-01-01,Gusums kbfd,FALSE,05,0563,056303
056304,1971-01-01,2010-01-01,Gryt,FALSE,05,0563,056304
056305,1971-01-01,2010-01-01,Tryserum,FALSE,05,0563,056305
056306,1971-01-01,2010-01-01,Östra Ed,FALSE,05,0563,056306
058001,1968-01-01,NA,Linköpings domkyrkoförs.,FALSE,05,0580,058001
058002,1968-01-01,2022-01-01,Linköpings S:t Lars,FALSE,05,0580,058002
058003,1963-01-01,NA,Landeryd,FALSE,05,0580,058003
058004,1967-01-01,2020-01-01,Slaka,FALSE,05,0580,058004
058005,1967-01-01,2014-01-01,Kärna,FALSE,05,0580,058005
058005,2014-01-01,NA,Kärna,FALSE,05,0580,058005
058006,1967-01-01,2014-01-01,Kaga,FALSE,05,0580,058006
058007,1967-01-01,2014-01-01,Ledberg,FALSE,05,0580,058007
058008,1971-01-01,NA,Vist,FALSE,05,0580,058008
058009,1971-01-01,NA,Vårdnäs,FALSE,05,0580,058009
058010,1971-01-01,NA,Skeda,FALSE,05,0580,058010
058011,1971-01-01,NA,Nykil,FALSE,05,0580,058011
058012,1971-01-01,NA,Ulrika,FALSE,05,0580,058012
058013,1971-01-01,2010-01-01,Gammalkil,FALSE,05,0580,058013
058014,1971-01-01,2006-01-01,Sjögestad,FALSE,05,0580,058014
058015,1971-01-01,2006-01-01,Västerlösa,FALSE,05,0580,058015
058016,1971-01-01,2006-01-01,Björkeberg,FALSE,05,0580,058016
058017,1971-01-01,2006-01-01,Rappestad,FALSE,05,0580,058017
058018,1971-01-01,NA,Vikingstad,FALSE,05,0580,058018
058019,1971-01-01,NA,Vreta kloster,FALSE,05,0580,058019
058020,1971-01-01,2006-01-01,Flistad,FALSE,05,0580,058020
058021,1971-01-01,2006-01-01,Ljung,FALSE,05,0580,058021
058022,1971-01-01,2010-01-01,Stjärnorp,FALSE,05,0580,058022
058023,1971-01-01,2009-01-01,Östra Harg,FALSE,05,0580,058023
058024,1971-01-01,NA,Rystad,FALSE,05,0580,058024
058025,1971-01-01,2009-01-01,Törnevalla,FALSE,05,0580,058025
058026,1971-01-01,2009-01-01,Östra Skrukeby,FALSE,05,0580,058026
058027,1971-01-01,2009-01-01,Lillkyrka,FALSE,05,0580,058027
058028,1971-01-01,2009-01-01,Gistad,FALSE,05,0580,058028
058029,1971-01-01,2009-01-01,Örtomta,FALSE,05,0580,058029
058030,1971-01-01,2009-01-01,Askeby,FALSE,05,0580,058030
058031,1971-01-01,2009-01-01,Bankekind,FALSE,05,0580,058031
058032,1971-01-01,2009-01-01,Vårdsberg,FALSE,05,0580,058032
058033,1972-01-01,NA,Linköpings Berga,FALSE,05,0580,058033
058034,1972-01-01,NA,Linköpings Johannelund,FALSE,05,0580,058034
058035,1989-01-01,NA,Linköpings Skäggetorp,FALSE,05,0580,058035
058036,1989-01-01,NA,Linköpings Ryd,FALSE,05,0580,058036
058037,2006-01-01,NA,Gottfridsberg,FALSE,05,0580,058037
058101,1952-01-01,2010-01-01,Norrköpings S:t Olai,FALSE,05,0581,058101
058102,1952-01-01,2010-01-01,Norrköpings Hedvig,FALSE,05,0581,058102
058102,2010-01-01,NA,Norrköpings S:t Olof,FALSE,05,0581,058102
058103,1952-01-01,2010-01-01,Norrköpings Matteus,FALSE,05,0581,058103
058104,1952-01-01,2010-01-01,Norrköpings Östra Eneby,FALSE,05,0581,058104
058104,2010-01-01,NA,Kolmården,FALSE,05,0581,058104
058105,1952-01-01,2010-01-01,Norrköpings Borg,FALSE,05,0581,058105
058105,2010-01-01,NA,Norrköpings Borg,FALSE,05,0581,058105
058106,1952-01-01,2010-01-01,Norrköpings S:t Johannes,FALSE,05,0581,058106
058106,2010-01-01,NA,Norrköpings S:t Johannes,FALSE,05,0581,058106
058107,1952-01-01,2010-01-01,Styrstad,FALSE,05,0581,058107
058108,1952-01-01,2010-01-01,Tingstad,FALSE,05,0581,058108
058109,1971-01-01,2010-01-01,Kullerstad,FALSE,05,0581,058109
058110,1971-01-01,2010-01-01,Vånga,FALSE,05,0581,058110
058111,1971-01-01,2010-01-01,Skärkind,FALSE,05,0581,058111
058112,1971-01-01,2010-01-01,Kimstad,FALSE,05,0581,058112
058113,1971-01-01,2010-01-01,Simonstorp,FALSE,05,0581,058113
058114,1971-01-01,2010-01-01,Kvillinge,FALSE,05,0581,058114
058115,1971-01-01,2010-01-01,Krokek,FALSE,05,0581,058115
058116,1971-01-01,2010-01-01,Kvarsebo,FALSE,05,0581,058116
058117,1974-01-01,2008-01-01,Östra Stenby,FALSE,05,0581,058117
058118,1974-01-01,2008-01-01,Konungsund,FALSE,05,0581,058118
058119,1974-01-01,NA,Dagsberg,FALSE,05,0581,058119
058120,1974-01-01,2008-01-01,Furingstad,FALSE,05,0581,058120
058121,1974-01-01,2008-01-01,Tåby,FALSE,05,0581,058121
058122,1974-01-01,2008-01-01,Kuddby,FALSE,05,0581,058122
058123,1974-01-01,2008-01-01,Å,FALSE,05,0581,058123
058124,1974-01-01,2010-01-01,Östra Ny,FALSE,05,0581,058124
058125,1974-01-01,NA,Östra Husby,FALSE,05,0581,058125
058126,1974-01-01,2010-01-01,Häradshammar,FALSE,05,0581,058126
058127,1974-01-01,NA,Jonsberg,FALSE,05,0581,058127
058128,1974-01-01,2010-01-01,Rönö,FALSE,05,0581,058128
058129,1992-01-01,2010-01-01,Vrinnevi,FALSE,05,0581,058129
058130,1995-01-01,2010-01-01,Svärtinge,FALSE,05,0581,058130
058201,1954-01-01,2005-01-01,S:t Laurentii,FALSE,05,0582,058201
058201,2005-01-01,NA,Söderköping,FALSE,05,0582,058201
058202,1952-01-01,2005-01-01,Drothem,FALSE,05,0582,058202
058203,1952-01-01,2005-01-01,Skönberga,FALSE,05,0582,058203
058204,1971-01-01,NA,Västra Husby,FALSE,05,0582,058204
058205,1971-01-01,2011-01-01,Gårdeby,FALSE,05,0582,058205
058206,1971-01-01,2011-01-01,Östra Ryd,FALSE,05,0582,058206
058207,1974-01-01,2002-01-01,Skällvik,FALSE,05,0582,058207
058208,1974-01-01,2002-01-01,S:t Anna,FALSE,05,0582,058208
058209,1974-01-01,2002-01-01,Börrum,FALSE,05,0582,058209
058210,1974-01-01,2010-01-01,Mogata,FALSE,05,0582,058210
058301,1967-01-01,NA,Motala,FALSE,05,0583,058301
058303,1971-01-01,NA,Västra Ny,FALSE,05,0583,058303
058304,1971-01-01,NA,Godegård,FALSE,05,0583,058304
058305,1971-01-01,2006-01-01,Kristberg,FALSE,05,0583,058305
058306,1971-01-01,NA,Brunneby,FALSE,05,0583,058306
058307,1971-01-01,NA,Klockrike,FALSE,05,0583,058307
058308,1971-01-01,2008-01-01,Älvestad,FALSE,05,0583,058308
058309,1971-01-01,NA,Fornåsa,FALSE,05,0583,058309
058310,1971-01-01,2008-01-01,Lönsås,FALSE,05,0583,058310
058311,1971-01-01,2008-01-01,Ekebyborna,FALSE,05,0583,058311
058312,1971-01-01,2008-01-01,Ask,FALSE,05,0583,058312
058313,1974-01-01,1980-01-01,Vadstena,FALSE,05,0583,058401
058314,1974-01-01,1980-01-01,Strå,FALSE,05,0583,058403
058315,1974-01-01,1980-01-01,Nässja,FALSE,05,0583,058404
058316,1974-01-01,1980-01-01,Örberga,FALSE,05,0583,058405
058317,1974-01-01,1980-01-01,Herrestad,FALSE,05,0583,058406
058318,1974-01-01,1980-01-01,Källstad,FALSE,05,0583,058407
058319,1974-01-01,1980-01-01,Rogslösa,FALSE,05,0583,058408
058320,1974-01-01,1980-01-01,Väversunda,FALSE,05,0583,058409
058321,1974-01-01,1980-01-01,Hov,FALSE,05,0583,058410
058322,1974-01-01,NA,Tjällmo,FALSE,05,0583,058322
058323,1974-01-01,2006-01-01,Varv och Styra,FALSE,05,0583,058323
058324,1974-01-01,2020-01-01,Västra Stenby,FALSE,05,0583,058324
058325,1974-01-01,1980-01-01,Hagebyhöga,FALSE,05,0583,058411
058326,1974-01-01,2006-01-01,Fivelstad,FALSE,05,0583,058326
058327,1974-01-01,1980-01-01,Orlunda,FALSE,05,0583,058412
058401,1967-01-01,1974-01-01,Vadstena,FALSE,05,0584,058401
058401,1980-01-01,NA,Vadstena,FALSE,05,0584,058401
058403,1967-01-01,1974-01-01,Strå,FALSE,05,0584,058403
058403,1980-01-01,2006-01-01,Strå,FALSE,05,0584,058403
058404,1967-01-01,1974-01-01,Nässja,FALSE,05,0584,058404
058404,1980-01-01,2006-01-01,Nässja,FALSE,05,0584,058404
058405,1967-01-01,1974-01-01,Örberga,FALSE,05,0584,058405
058405,1980-01-01,2006-01-01,Örberga,FALSE,05,0584,058405
058406,1967-01-01,1974-01-01,Herrestad,FALSE,05,0584,058406
058406,1980-01-01,2006-01-01,Herrestad,FALSE,05,0584,058406
058407,1967-01-01,1974-01-01,Källstad,FALSE,05,0584,058407
058407,1980-01-01,2006-01-01,Källstad,FALSE,05,0584,058407
058408,1967-01-01,1974-01-01,Rogslösa,FALSE,05,0584,058408
058408,1980-01-01,NA,Rogslösa,FALSE,05,0584,058408
058409,1967-01-01,1974-01-01,Väversunda,FALSE,05,0584,058409
058409,1980-01-01,2006-01-01,Väversunda,FALSE,05,0584,058409
058410,1971-01-01,1974-01-01,Hov,FALSE,05,0584,058410
058410,1980-01-01,2006-01-01,Hov,FALSE,05,0584,058410
058411,1980-01-01,2020-01-01,Hagebyhöga,FALSE,05,0584,058411
058412,1980-01-01,2006-01-01,Orlunda,FALSE,05,0584,058412
058501,1952-01-01,1971-01-01,Skänninge,FALSE,05,0585,058603
058502,1952-01-01,1971-01-01,Bjälbo,FALSE,05,0585,058604
058503,1952-01-01,1971-01-01,Allhelgona,FALSE,05,0585,058605
058504,1952-01-01,1971-01-01,Järstad,FALSE,05,0585,058606
058601,1952-01-01,2006-01-01,Mjölby,FALSE,05,0586,058601
058601,2006-01-01,NA,Mjölby,FALSE,05,0586,058601
058602,1952-01-01,2006-01-01,Högby,FALSE,05,0586,058602
058603,1971-01-01,NA,Skänninge,FALSE,05,0586,058603
058604,1971-01-01,2010-01-01,Bjälbo,FALSE,05,0586,058604
058605,1971-01-01,2006-01-01,Allhelgona,FALSE,05,0586,058605
058606,1971-01-01,2010-01-01,Järstad,FALSE,05,0586,058606
058607,1971-01-01,2010-01-01,Normlösa,FALSE,05,0586,058607
058608,1971-01-01,2010-01-01,Vallerstad,FALSE,05,0586,058608
058609,1971-01-01,2010-01-01,Skeppsås,FALSE,05,0586,058609
058610,1971-01-01,2006-01-01,Appuna,FALSE,05,0586,058610
058611,1971-01-01,2006-01-01,Hogstad,FALSE,05,0586,058611
058612,1971-01-01,NA,Väderstad,FALSE,05,0586,058612
058613,1971-01-01,2006-01-01,Kumla,FALSE,05,0586,058613
058614,1971-01-01,2018-01-01,Västra Harg,FALSE,05,0586,058614
058615,1971-01-01,2010-01-01,Sya,FALSE,05,0586,058615
058616,1971-01-01,NA,Östra Tollstad,FALSE,05,0586,058616
058617,1971-01-01,2018-01-01,Viby,FALSE,05,0586,058617
058618,1971-01-01,2018-01-01,Veta,FALSE,05,0586,058618
058618,2018-01-01,NA,Vifolka,FALSE,05,0586,058618
058619,1971-01-01,2010-01-01,Herrberga,FALSE,05,0586,058619
060101,1952-01-01,1971-01-01,Bellö,FALSE,06,0601,068604
060102,1952-01-01,1971-01-01,Ingatorp,FALSE,06,0601,068605
060201,1952-01-01,1971-01-01,Hult,FALSE,06,0602,068606
060202,1952-01-01,1971-01-01,Edshult,FALSE,06,0602,068607
060203,1952-01-01,1971-01-01,Mellby,FALSE,06,0602,068608
060204,1952-01-01,1971-01-01,Höreda,FALSE,06,0602,068609
060301,1952-01-01,1971-01-01,Norra Solberga,FALSE,06,0603,068205
060302,1952-01-01,1971-01-01,Flisby,FALSE,06,0603,068206
060401,1952-01-01,2006-01-01,Bälaryd,FALSE,06,0604,060401
060402,1952-01-01,2006-01-01,Bredestad,FALSE,06,0604,060402
060402,2006-01-01,NA,Aneby,FALSE,06,0604,060402
060403,1952-01-01,NA,Askeryd,FALSE,06,0604,060403
060404,1952-01-01,2006-01-01,Marbäck,FALSE,06,0604,060404
060405,1952-01-01,NA,Frinnaryd,FALSE,06,0604,060405
060406,1967-01-01,NA,Lommaryd,FALSE,06,0604,060406
060407,1967-01-01,2006-01-01,Haurida,FALSE,06,0604,060407
060408,1967-01-01,2006-01-01,Vireda,FALSE,06,0604,060408
060408,2006-01-01,NA,Haurida-Vireda,FALSE,06,0604,060408
060701,1967-01-01,1971-01-01,Visingsö,FALSE,06,0607,068009
060801,1952-01-01,1971-01-01,Skärstad,FALSE,06,0608,068010
060802,1952-01-01,1971-01-01,Ölmstad,FALSE,06,0608,068011
060901,1952-01-01,1971-01-01,Svarttorp,FALSE,06,0609,068012
060902,1952-01-01,1971-01-01,Järsnäs,FALSE,06,0609,068013
060903,1952-01-01,1971-01-01,Lekeryd,FALSE,06,0609,068014
061101,1952-01-01,1971-01-01,Rogberga,FALSE,06,0611,068015
061102,1952-01-01,1971-01-01,Barnarp,FALSE,06,0611,068016
061103,1952-01-01,1971-01-01,Ödestugu,FALSE,06,0611,068017
061104,1952-01-01,1971-01-01,Öggestorp,FALSE,06,0611,068018
061201,1952-01-01,1971-01-01,Forserum,FALSE,06,0612,068207
061202,1952-01-01,1971-01-01,Barkeryd,FALSE,06,0612,068208
061301,1967-01-01,1971-01-01,Månsarp,FALSE,06,0613,068019
061401,1967-01-01,1971-01-01,Bankeryd,FALSE,06,0614,068020
061501,1952-01-01,1971-01-01,Bottnaryd,FALSE,06,0615,068021
061502,1952-01-01,1971-01-01,Mulseryd,FALSE,06,0615,068022
061503,1952-01-01,1971-01-01,Angerdshestra,FALSE,06,0615,068023
061601,1952-01-01,1971-01-01,Norra Unnaryd,FALSE,06,0616,068024
061602,1952-01-01,1974-01-01,Stengårdshult,FALSE,06,0616,066205
061603,1952-01-01,1974-01-01,Valdshult,FALSE,06,0616,066206
061604,1952-01-01,1974-01-01,Öreryd,FALSE,06,0616,066207
061605,1952-01-01,1974-01-01,Norra Hestra,FALSE,06,0616,066208
061701,1952-01-01,NA,Källeryd,FALSE,06,0617,061701
061702,1952-01-01,NA,Åsenhöga,FALSE,06,0617,061702
061703,1952-01-01,NA,Kävsjö,FALSE,06,0617,061703
061704,1952-01-01,2020-01-01,"Kulltorp, del",TRUE,06,0617,061704
061705,1952-01-01,NA,Gnosjö,FALSE,06,0617,061705
061901,1967-01-01,1974-01-01,Villstad,FALSE,06,0619,066209
062001,1952-01-01,1974-01-01,Burseryd,FALSE,06,0620,066210
062002,1952-01-01,1974-01-01,Sandvik,FALSE,06,0620,066211
062003,1952-01-01,1974-01-01,Gryteryd,FALSE,06,0620,066212
062004,1952-01-01,1974-01-01,Södra Hestra,FALSE,06,0620,066213
062101,1952-01-01,1974-01-01,Långaryd,FALSE,06,0621,131504
062102,1952-01-01,1974-01-01,Färgaryd,FALSE,06,0621,131505
062103,1952-01-01,1974-01-01,Femsjö,FALSE,06,0621,131506
062201,1952-01-01,1974-01-01,Södra Unnaryd,FALSE,06,0622,131507
062202,1952-01-01,1974-01-01,Jälluntofta,FALSE,06,0622,131508
062203,1952-01-01,1971-01-01,Bolmsö,FALSE,06,0622,062204
062204,1971-01-01,1974-01-01,"Bolmsö, del",FALSE,06,0622,062204
062301,1952-01-01,1974-01-01,Ås,FALSE,06,0623,066214
062302,1952-01-01,1974-01-01,Kållerstad,FALSE,06,0623,066215
062303,1952-01-01,1974-01-01,Reftele,FALSE,06,0623,066216
062401,1952-01-01,1971-01-01,Bredaryd,FALSE,06,0624,068302
062402,1952-01-01,1971-01-01,"Kulltorp, del",TRUE,06,0624,068303
062501,1952-01-01,1971-01-01,Kärda,FALSE,06,0625,068304
062502,1952-01-01,1971-01-01,Hånger,FALSE,06,0625,068305
062503,1952-01-01,1971-01-01,Forsheda,FALSE,06,0625,068306
062504,1952-01-01,1971-01-01,Torskinge,FALSE,06,0625,068307
062505,1952-01-01,1971-01-01,Dannäs,FALSE,06,0625,068308
062506,1952-01-01,1971-01-01,Tannåker,FALSE,06,0625,078119
062601,1952-01-01,1971-01-01,Tånnö,FALSE,06,0626,068309
062602,1952-01-01,1971-01-01,Voxtorp,FALSE,06,0626,068310
062603,1952-01-01,1971-01-01,Gällaryd,FALSE,06,0626,068311
062701,1967-01-01,1971-01-01,Rydaholm,FALSE,06,0627,068312
062801,1952-01-01,1971-01-01,Fryele,FALSE,06,0628,068313
062802,1952-01-01,1971-01-01,Hagshult,FALSE,06,0628,066504
062803,1952-01-01,1971-01-01,Åker,FALSE,06,0628,066505
062804,1952-01-01,1971-01-01,"Tofteryd, del",TRUE,06,0628,062804
063001,1952-01-01,1971-01-01,Svenarum,FALSE,06,0630,066506
063002,1952-01-01,1971-01-01,Nydala,FALSE,06,0630,068314
063003,1952-01-01,1971-01-01,Vrigstad,FALSE,06,0630,068403
063004,1952-01-01,1971-01-01,Hylletofta,FALSE,06,0630,068404
063101,1952-01-01,1971-01-01,Malmbäck,FALSE,06,0631,068209
063102,1952-01-01,1971-01-01,Almesåkra,FALSE,06,0631,068210
063201,1952-01-01,1971-01-01,Bringetofta,FALSE,06,0632,068204
063202,1952-01-01,1971-01-01,Norra Sandsjö kbfd,FALSE,06,0632,068203
063301,1952-01-01,1974-01-01,Hjälmseryd,FALSE,06,0633,068406
063302,1952-01-01,1974-01-01,Stockaryd,FALSE,06,0633,068407
063303,1952-01-01,1974-01-01,Hultsjö,FALSE,06,0633,068408
063401,1952-01-01,1971-01-01,Skepperstad,FALSE,06,0634,068405
063402,1952-01-01,1971-01-01,Fröderyd,FALSE,06,0634,068505
063403,1952-01-01,1971-01-01,Bäckaby,FALSE,06,0634,068506
063404,1952-01-01,1971-01-01,Ramkvilla,FALSE,06,0634,068507
063501,1952-01-01,1971-01-01,Södra Solberga,FALSE,06,0635,068508
063502,1952-01-01,1971-01-01,Korsberga,FALSE,06,0635,068509
063503,1952-01-01,1971-01-01,Lemnhult,FALSE,06,0635,068510
063601,1952-01-01,1971-01-01,Näshult,FALSE,06,0636,068511
063602,1952-01-01,1971-01-01,Stenberga,FALSE,06,0636,068512
063603,1952-01-01,1971-01-01,Skirö,FALSE,06,0636,068513
063604,1952-01-01,1971-01-01,Nye,FALSE,06,0636,068514
063701,1952-01-01,1971-01-01,Alseda,FALSE,06,0637,068515
063702,1952-01-01,1971-01-01,Ökna,FALSE,06,0637,068516
063703,1952-01-01,1971-01-01,Karlstorp,FALSE,06,0637,068517
063704,1952-01-01,1971-01-01,Skede,FALSE,06,0637,068518
063801,1952-01-01,1971-01-01,"Vetlanda, del",TRUE,06,0638,063801
063802,1952-01-01,1971-01-01,Bäckseda,FALSE,06,0638,068503
063803,1952-01-01,1971-01-01,Näsby,FALSE,06,0638,068504
063901,1952-01-01,1971-01-01,Björkö,FALSE,06,0639,068519
063902,1952-01-01,1971-01-01,Nävelsjö,FALSE,06,0639,068520
064001,1952-01-01,1971-01-01,Lannaskede,FALSE,06,0640,068521
064002,1952-01-01,1971-01-01,Myresjö,FALSE,06,0640,068522
064201,1998-01-01,2002-01-01,Utvängstorp,FALSE,06,0642,064201
064202,1998-01-01,2010-01-01,Sandhem,FALSE,06,0642,064202
064203,1998-01-01,NA,Nykyrka,FALSE,06,0642,064203
064204,1998-01-01,2002-01-01,Bjurbäck,FALSE,06,0642,064204
064301,1998-01-01,NA,Habo,FALSE,06,0643,064301
064302,1998-01-01,NA,Gustav Adolf,FALSE,06,0643,064302
064303,1998-01-01,NA,Brandstorp,FALSE,06,0643,064303
066001,1952-01-01,1971-01-01,Hässleby,FALSE,06,0660,068602
066002,1952-01-01,1971-01-01,Kråkshult,FALSE,06,0660,068603
066101,1967-01-01,1971-01-01,Norrahammar,FALSE,06,0661,068008
066201,1952-01-01,NA,Gislaved,FALSE,06,0662,066201
066202,1952-01-01,NA,Våthult,FALSE,06,0662,066202
066203,1952-01-01,NA,Bosebo,FALSE,06,0662,066203
066204,1974-01-01,NA,Anderstorp,FALSE,06,0662,066204
066205,1974-01-01,2010-01-01,Stengårdshult,FALSE,06,0662,066205
066206,1974-01-01,2010-01-01,Valdshult,FALSE,06,0662,066206
066207,1974-01-01,2010-01-01,Öreryd,FALSE,06,0662,066207
066208,1974-01-01,NA,Norra Hestra,FALSE,06,0662,066208
066209,1974-01-01,NA,Villstad,FALSE,06,0662,066209
066210,1974-01-01,2014-01-01,Burseryd,FALSE,06,0662,066210
066210,2014-01-01,NA,Burseryd,FALSE,06,0662,066210
066211,1974-01-01,1995-01-01,Sandvik,FALSE,06,0662,066211
066212,1974-01-01,2014-01-01,Gryteryd,FALSE,06,0662,066212
066213,1974-01-01,2014-01-01,Södra Hestra,FALSE,06,0662,066213
066214,1974-01-01,2014-01-01,Ås,FALSE,06,0662,066214
066215,1974-01-01,2014-01-01,Kållerstad,FALSE,06,0662,066215
066216,1974-01-01,2014-01-01,Reftele,FALSE,06,0662,066216
066216,2014-01-01,NA,Västbo S:t Sigfrid,FALSE,06,0662,066216
066301,1967-01-01,1971-01-01,"Tofteryd, del",TRUE,06,0663,066503
066401,1967-01-01,1971-01-01,Bodafors kbfd,FALSE,06,0664,068202
066501,1952-01-01,2010-01-01,Byarum,FALSE,06,0665,066501
066501,2010-01-01,NA,Byarum-Bondstorp,FALSE,06,0665,066501
066502,1952-01-01,2010-01-01,Bondstorp,FALSE,06,0665,066502
066503,1971-01-01,2014-01-01,Tofteryd,FALSE,06,0665,066503
066503,2014-01-01,NA,Skillingaryd,FALSE,06,0665,066503
066504,1971-01-01,2014-01-01,Hagshult,FALSE,06,0665,066504
066505,1971-01-01,2014-01-01,Åker,FALSE,06,0665,066505
066506,1971-01-01,NA,Svenarum,FALSE,06,0665,066506
066601,1967-01-01,1974-01-01,Anderstorp,FALSE,06,0666,066204
068001,1952-01-01,2010-01-01,Jönköpings Sofia,FALSE,06,0680,068001
068001,2010-01-01,2018-01-01,Jönköpings Sofia-Järstorp,FALSE,06,0680,068001
068002,1952-01-01,2006-01-01,Jönköpings Kristina,FALSE,06,0680,068002
068002,2006-01-01,2018-01-01,Jönköpings Kristina-Ljungarum,FALSE,06,0680,068002
068002,2018-01-01,NA,Jönköping,FALSE,06,0680,068002
068003,1952-01-01,2006-01-01,Ljungarum,FALSE,06,0680,068003
068004,1952-01-01,2010-01-01,Järstorp,FALSE,06,0680,068004
068005,1971-01-01,NA,Huskvarna,FALSE,06,0680,068005
068006,1971-01-01,NA,Hakarp,FALSE,06,0680,068006
068007,1971-01-01,NA,Gränna,FALSE,06,0680,068007
068008,1971-01-01,NA,Norrahammar,FALSE,06,0680,068008
068009,1971-01-01,NA,Visingsö,FALSE,06,0680,068009
068010,1971-01-01,NA,Skärstad,FALSE,06,0680,068010
068011,1971-01-01,2010-01-01,Ölmstad,FALSE,06,0680,068011
068012,1971-01-01,2006-01-01,Svarttorp,FALSE,06,0680,068012
068013,1971-01-01,2006-01-01,Järsnäs,FALSE,06,0680,068013
068014,1971-01-01,NA,Lekeryd,FALSE,06,0680,068014
068015,1971-01-01,NA,Rogberga,FALSE,06,0680,068015
068016,1971-01-01,2018-01-01,Barnarp,FALSE,06,0680,068016
068016,2018-01-01,NA,Barnarp-Ödestugu,FALSE,06,0680,068016
068017,1971-01-01,2018-01-01,Ödestugu,FALSE,06,0680,068017
068018,1971-01-01,2006-01-01,Öggestorp,FALSE,06,0680,068018
068019,1971-01-01,NA,Månsarp,FALSE,06,0680,068019
068020,1971-01-01,NA,Bankeryd,FALSE,06,0680,068020
068021,1971-01-01,NA,Bottnaryd,FALSE,06,0680,068021
068022,1971-01-01,2002-01-01,Mulseryd,FALSE,06,0680,068022
068023,1971-01-01,2002-01-01,Angerdshestra,FALSE,06,0680,068023
068024,1971-01-01,2006-01-01,Norra Unnaryd,FALSE,06,0680,068024
068101,1967-01-01,1971-01-01,Huskvarna,FALSE,06,0681,068005
068102,1967-01-01,1971-01-01,Hakarp,FALSE,06,0681,068006
068201,1967-01-01,NA,Nässjö,FALSE,06,0682,068201
068202,1971-01-01,1992-01-01,Bodafors kbfd,FALSE,06,0682,068202
068203,1971-01-01,NA,Norra Sandsjö kbfd,FALSE,06,0682,068203
068204,1971-01-01,NA,Bringetofta,FALSE,06,0682,068204
068205,1971-01-01,NA,Norra Solberga,FALSE,06,0682,068205
068206,1971-01-01,2007-01-01,Flisby,FALSE,06,0682,068206
068207,1971-01-01,NA,Forserum,FALSE,06,0682,068207
068208,1971-01-01,2010-01-01,Barkeryd,FALSE,06,0682,068208
068209,1971-01-01,NA,Malmbäck,FALSE,06,0682,068209
068210,1971-01-01,NA,Almesåkra,FALSE,06,0682,068210
068301,1967-01-01,2023-01-01,Värnamo,FALSE,06,0683,068301
068302,1971-01-01,NA,Bredaryd,FALSE,06,0683,068302
068303,1971-01-01,2020-01-01,"Kulltorp, del",TRUE,06,0683,068303
068304,1971-01-01,2012-01-01,Kärda,FALSE,06,0683,068304
068305,1971-01-01,2012-01-01,Hånger,FALSE,06,0683,068305
068306,1971-01-01,2012-01-01,Forsheda,FALSE,06,0683,068306
068306,2012-01-01,NA,Forshedabygden,FALSE,06,0683,068306
068307,1971-01-01,2012-01-01,Torskinge,FALSE,06,0683,068307
068308,1971-01-01,2012-01-01,Dannäs,FALSE,06,0683,068308
068309,1971-01-01,NA,Tånnö,FALSE,06,0683,068309
068310,1971-01-01,NA,Voxtorp,FALSE,06,0683,068310
068311,1971-01-01,NA,Gällaryd,FALSE,06,0683,068311
068312,1971-01-01,NA,Rydaholm,FALSE,06,0683,068312
068313,1971-01-01,2013-01-01,Fryele,FALSE,06,0683,068313
068313,2013-01-01,2023-01-01,Nydala-Fryele,FALSE,06,0683,068313
068314,1971-01-01,2013-01-01,Nydala,FALSE,06,0683,068314
068401,1952-01-01,2010-01-01,Sävsjö,FALSE,06,0684,068401
068401,2010-01-01,NA,Sävsjö,FALSE,06,0684,068401
068402,1952-01-01,2010-01-01,Hjärtlanda,FALSE,06,0684,068402
068403,1971-01-01,NA,Vrigstad,FALSE,06,0684,068403
068404,1971-01-01,2006-01-01,Hylletofta,FALSE,06,0684,068404
068405,1971-01-01,2010-01-01,Skepperstad,FALSE,06,0684,068405
068406,1974-01-01,2019-01-01,Hjälmseryd,FALSE,06,0684,068406
068407,1974-01-01,2019-01-01,Stockaryd,FALSE,06,0684,068407
068408,1974-01-01,2019-01-01,Hultsjö,FALSE,06,0684,068408
068501,1967-01-01,1971-01-01,"Vetlanda, del",TRUE,06,0685,068501
068501,1971-01-01,2020-01-01,Vetlanda,FALSE,06,0685,068501
068503,1971-01-01,NA,Bäckseda,FALSE,06,0685,068503
068504,1971-01-01,NA,Näsby,FALSE,06,0685,068504
068505,1971-01-01,2010-01-01,Fröderyd,FALSE,06,0685,068505
068506,1971-01-01,2010-01-01,Bäckaby,FALSE,06,0685,068506
068507,1971-01-01,2010-01-01,Ramkvilla,FALSE,06,0685,068507
068508,1971-01-01,2006-01-01,Södra Solberga,FALSE,06,0685,068508
068509,1971-01-01,NA,Korsberga,FALSE,06,0685,068509
068510,1971-01-01,2006-01-01,Lemnhult,FALSE,06,0685,068510
068511,1971-01-01,2006-01-01,Näshult,FALSE,06,0685,068511
068512,1971-01-01,2006-01-01,Stenberga,FALSE,06,0685,068512
068513,1971-01-01,2010-01-01,Skirö,FALSE,06,0685,068513
068514,1971-01-01,NA,Nye,FALSE,06,0685,068514
068515,1971-01-01,NA,Alseda,FALSE,06,0685,068515
068516,1971-01-01,2010-01-01,Ökna,FALSE,06,0685,068516
068517,1971-01-01,2010-01-01,Karlstorp,FALSE,06,0685,068517
068518,1971-01-01,2010-01-01,Skede,FALSE,06,0685,068518
068519,1971-01-01,NA,Björkö,FALSE,06,0685,068519
068520,1971-01-01,NA,Nävelsjö,FALSE,06,0685,068520
068521,1971-01-01,NA,Lannaskede,FALSE,06,0685,068521
068522,1971-01-01,2010-01-01,Myresjö,FALSE,06,0685,068522
068523,2005-01-01,2006-01-01,"Kråkshult, del",FALSE,06,0685,068523
068601,1967-01-01,NA,Eksjö,FALSE,06,0686,068601
068602,1971-01-01,NA,Hässleby,FALSE,06,0686,068602
068603,1971-01-01,2010-01-01,Kråkshult,FALSE,06,0686,068603
068604,1971-01-01,2005-01-01,Bellö,FALSE,06,0686,068604
068605,1971-01-01,NA,Ingatorp,FALSE,06,0686,068605
068606,1971-01-01,2018-01-01,Hult,FALSE,06,0686,068606
068606,2018-01-01,NA,Hult-Edshult,FALSE,06,0686,068606
068607,1971-01-01,2018-01-01,Edshult,FALSE,06,0686,068607
068608,1971-01-01,NA,Mellby,FALSE,06,0686,068608
068609,1971-01-01,NA,Höreda,FALSE,06,0686,068609
068701,1967-01-01,NA,Säby,FALSE,06,0687,068701
068702,1967-01-01,NA,Adelöv,FALSE,06,0687,068702
068703,1967-01-01,NA,Linderås,FALSE,06,0687,068703
068801,1967-01-01,1971-01-01,Gränna,FALSE,06,0688,068007
070201,1967-01-01,1971-01-01,Nottebäck,FALSE,07,0702,076004
070301,1952-01-01,1971-01-01,Sjösås,FALSE,07,0703,078003
070302,1952-01-01,1971-01-01,Hornaryd,FALSE,07,0703,078004
070303,1952-01-01,1971-01-01,Drev,FALSE,07,0703,078005
070304,1952-01-01,1971-01-01,Dädesjö,FALSE,07,0703,078006
070501,1967-01-01,1971-01-01,Älghult,FALSE,07,0705,076005
070701,1967-01-01,1971-01-01,Ekeberga,FALSE,07,0707,076103
070901,1952-01-01,1971-01-01,Långasjö,FALSE,07,0709,086204
070902,1952-01-01,1971-01-01,Älmeboda,FALSE,07,0709,076303
071001,1967-01-01,1971-01-01,Ljuder,FALSE,07,0710,076104
071101,1952-01-01,1971-01-01,Hemmesjö med Tegnaby,FALSE,07,0711,078007
071102,1952-01-01,1971-01-01,Östra Torsås,FALSE,07,0711,078008
071201,1952-01-01,1971-01-01,Nöbbele,FALSE,07,0712,078009
071202,1952-01-01,1971-01-01,Linneryd,FALSE,07,0712,076304
071301,1967-01-01,1971-01-01,Södra Sandsjö,FALSE,07,0713,076305
071401,1952-01-01,1971-01-01,Väckelsång,FALSE,07,0714,076306
071402,1952-01-01,1971-01-01,Uråsa,FALSE,07,0714,078010
071403,1952-01-01,1971-01-01,Jät,FALSE,07,0714,078011
071501,1967-01-01,1971-01-01,Urshult,FALSE,07,0715,076307
071701,1952-01-01,1971-01-01,Kalvsvik,FALSE,07,0717,078012
071702,1952-01-01,1971-01-01,Tävelsås,FALSE,07,0717,078013
071703,1952-01-01,1971-01-01,Dänningelanda,FALSE,07,0717,078014
071704,1952-01-01,1971-01-01,Vederslöv,FALSE,07,0717,078015
071801,1952-01-01,1971-01-01,Öja,FALSE,07,0718,078016
071802,1952-01-01,1971-01-01,Bergunda,FALSE,07,0718,078017
071803,1952-01-01,1971-01-01,Öjaby,FALSE,07,0718,078018
071901,1952-01-01,1971-01-01,Tjureda,FALSE,07,0719,078019
071902,1952-01-01,1971-01-01,Gårdsby,FALSE,07,0719,078020
071903,1952-01-01,1971-01-01,Söraby,FALSE,07,0719,078021
071904,1952-01-01,1971-01-01,Tolg,FALSE,07,0719,078022
072001,1952-01-01,1971-01-01,Asa,FALSE,07,0720,078023
072002,1952-01-01,1971-01-01,Aneboda,FALSE,07,0720,078024
072003,1952-01-01,1971-01-01,Berg,FALSE,07,0720,078025
072101,1952-01-01,1971-01-01,Ormesberga,FALSE,07,0721,078026
072102,1952-01-01,1971-01-01,Ör,FALSE,07,0721,078027
072103,1952-01-01,1971-01-01,Moheda,FALSE,07,0721,076405
072104,1952-01-01,1971-01-01,Slätthög,FALSE,07,0721,076406
072105,1952-01-01,1971-01-01,Mistelås,FALSE,07,0721,076407
072301,1952-01-01,1971-01-01,Blädinge,FALSE,07,0723,076408
072302,1952-01-01,1971-01-01,Vislanda,FALSE,07,0723,076409
072401,1967-01-01,1971-01-01,Skatelöv,FALSE,07,0724,076410
072501,1967-01-01,1971-01-01,Västra Torsås,FALSE,07,0725,076411
072601,1967-01-01,1971-01-01,Virestad,FALSE,07,0726,076503
072701,1967-01-01,1971-01-01,Stenbrohult,FALSE,07,0727,076504
072801,1952-01-01,1971-01-01,Agunnaryd,FALSE,07,0728,078102
072802,1952-01-01,1971-01-01,Ryssby,FALSE,07,0728,078103
072803,1952-01-01,1971-01-01,Tutaryd,FALSE,07,0728,078104
072901,1952-01-01,1971-01-01,Södra Ljunga,FALSE,07,0729,078105
072902,1952-01-01,1971-01-01,Hamneda,FALSE,07,0729,078106
072903,1952-01-01,1971-01-01,Kånna,FALSE,07,0729,078107
073001,1952-01-01,1971-01-01,Berga,FALSE,07,0730,078108
073002,1952-01-01,1971-01-01,Dörarp,FALSE,07,0730,078109
073003,1952-01-01,1971-01-01,Vittaryd,FALSE,07,0730,078110
073101,1952-01-01,1971-01-01,Angelstad,FALSE,07,0731,078111
073102,1952-01-01,1971-01-01,Annerstad,FALSE,07,0731,078112
073103,1952-01-01,1971-01-01,Nöttja,FALSE,07,0731,078113
073104,1952-01-01,1971-01-01,Torpa,FALSE,07,0731,078114
073201,1952-01-01,1971-01-01,Vrå,FALSE,07,0732,078115
073202,1952-01-01,1971-01-01,Lidhult,FALSE,07,0732,078116
073203,1952-01-01,1971-01-01,Odensjö,FALSE,07,0732,078117
073301,1952-01-01,1971-01-01,Göteryd,FALSE,07,0733,076505
073302,1952-01-01,1971-01-01,Pjätteryd,FALSE,07,0733,076506
073303,1952-01-01,1971-01-01,Hallaryd,FALSE,07,0733,076507
076001,1967-01-01,NA,Åseda,FALSE,07,0760,076001
076002,1971-01-01,2012-01-01,Herråkra,FALSE,07,0760,076002
076003,1971-01-01,2012-01-01,Lenhovda,FALSE,07,0760,076003
076003,2012-01-01,NA,Lenhovda-Herråkra,FALSE,07,0760,076003
076004,1971-01-01,NA,Nottebäck,FALSE,07,0760,076004
076005,1971-01-01,NA,Älghult,FALSE,07,0760,076005
076101,1967-01-01,2021-01-01,Lessebo,FALSE,07,0761,076101
076102,1971-01-01,2021-01-01,Hovmantorp,FALSE,07,0761,076102
076103,1971-01-01,2021-01-01,Ekeberga,FALSE,07,0761,076103
076104,1971-01-01,2021-01-01,Ljuder,FALSE,07,0761,076104
076201,1961-01-01,1971-01-01,Hovmantorp,FALSE,07,0762,076102
076202,1952-01-01,1971-01-01,Furuby,FALSE,07,0762,078002
076301,1967-01-01,NA,Tingsås,FALSE,07,0763,076301
076302,1971-01-01,NA,Almundsryd,FALSE,07,0763,076302
076303,1971-01-01,NA,Älmeboda,FALSE,07,0763,076303
076304,1971-01-01,NA,Linneryd,FALSE,07,0763,076304
076305,1971-01-01,NA,Södra Sandsjö,FALSE,07,0763,076305
076306,1971-01-01,NA,Väckelsång,FALSE,07,0763,076306
076307,1971-01-01,NA,Urshult,FALSE,07,0763,076307
076401,1952-01-01,2010-01-01,Alvesta,FALSE,07,0764,076401
076401,2010-01-01,NA,Alvesta,FALSE,07,0764,076401
076402,1952-01-01,2010-01-01,Lekaryd,FALSE,07,0764,076402
076403,1952-01-01,2010-01-01,Härlöv,FALSE,07,0764,076403
076404,1963-01-01,2010-01-01,Hjortsberga med Kvenneberga,FALSE,07,0764,076404
076405,1971-01-01,NA,Moheda,FALSE,07,0764,076405
076406,1971-01-01,NA,Slätthög,FALSE,07,0764,076406
076407,1971-01-01,NA,Mistelås,FALSE,07,0764,076407
076408,1971-01-01,2020-01-01,Blädinge,FALSE,07,0764,076408
076409,1971-01-01,2020-01-01,Vislanda,FALSE,07,0764,076409
076410,1971-01-01,NA,Skatelöv,FALSE,07,0764,076410
076411,1971-01-01,NA,Västra Torsås,FALSE,07,0764,076411
076501,1967-01-01,NA,Älmhult,FALSE,07,0765,076501
076502,1971-01-01,2018-01-01,Härlunda,FALSE,07,0765,076502
076503,1971-01-01,2018-01-01,Virestad,FALSE,07,0765,076503
076503,2018-01-01,NA,Virestad-Härlunda,FALSE,07,0765,076503
076504,1971-01-01,NA,Stenbrohult,FALSE,07,0765,076504
076505,1971-01-01,NA,Göteryd,FALSE,07,0765,076505
076506,1971-01-01,NA,Pjätteryd,FALSE,07,0765,076506
076507,1971-01-01,NA,Hallaryd,FALSE,07,0765,076507
076601,1952-01-01,1971-01-01,Hinneryd,FALSE,07,0766,076702
076602,1952-01-01,1971-01-01,Traryd,FALSE,07,0766,076703
076701,1960-01-01,NA,Markaryd,FALSE,07,0767,076701
076702,1971-01-01,NA,Hinneryd,FALSE,07,0767,076702
076703,1971-01-01,NA,Traryd,FALSE,07,0767,076703
076801,1957-01-01,1971-01-01,Herråkra,FALSE,07,0768,076002
076802,1957-01-01,1971-01-01,Lenhovda,FALSE,07,0768,076003
076901,1958-01-01,1971-01-01,Almundsryd,FALSE,07,0769,076302
076902,1958-01-01,1971-01-01,Härlunda,FALSE,07,0769,076502
078001,1967-01-01,1977-01-01,Växjö,FALSE,07,0780,078001
078001,1977-01-01,2014-01-01,Växjö domkyrkoförs.,FALSE,07,0780,078001
078001,2014-01-01,NA,Växjö stads- och domkyrkoförs.,FALSE,07,0780,078001
078002,1971-01-01,2014-01-01,Furuby,FALSE,07,0780,078002
078003,1971-01-01,NA,Sjösås,FALSE,07,0780,078003
078004,1971-01-01,2006-01-01,Hornaryd,FALSE,07,0780,078004
078005,1971-01-01,2010-01-01,Drev,FALSE,07,0780,078005
078006,1971-01-01,NA,Dädesjö,FALSE,07,0780,078006
078007,1971-01-01,2014-01-01,Hemmesjö med Tegnaby,FALSE,07,0780,078007
078007,2014-01-01,NA,Hemmesjö-Furuby,FALSE,07,0780,078007
078008,1971-01-01,2014-01-01,Östra Torsås,FALSE,07,0780,078008
078008,2014-01-01,NA,Ingelstad,FALSE,07,0780,078008
078009,1971-01-01,2014-01-01,Nöbbele,FALSE,07,0780,078009
078010,1971-01-01,2014-01-01,Uråsa,FALSE,07,0780,078010
078011,1971-01-01,2014-01-01,Jät,FALSE,07,0780,078011
078012,1971-01-01,NA,Kalvsvik,FALSE,07,0780,078012
078013,1971-01-01,NA,Tävelsås,FALSE,07,0780,078013
078014,1971-01-01,2002-01-01,Dänningelanda,FALSE,07,0780,078014
078015,1971-01-01,2014-01-01,Vederslöv,FALSE,07,0780,078015
078015,2015-01-01,NA,Vederslöv,FALSE,07,0780,078015
078016,1971-01-01,2014-01-01,Öja,FALSE,07,0780,078016
078016,2014-01-01,NA,Gemla,FALSE,07,0780,078016
078017,1971-01-01,2014-01-01,Bergunda,FALSE,07,0780,078017
078018,1971-01-01,2014-01-01,Öjaby,FALSE,07,0780,078018
078018,2014-01-01,NA,Öjaby,FALSE,07,0780,078018
078019,1971-01-01,2006-01-01,Tjureda,FALSE,07,0780,078019
078020,1971-01-01,NA,Gårdsby,FALSE,07,0780,078020
078021,1971-01-01,2014-01-01,Söraby,FALSE,07,0780,078021
078021,2014-01-01,NA,Söraby,FALSE,07,0780,078021
078022,1971-01-01,2006-01-01,Tolg,FALSE,07,0780,078022
078023,1971-01-01,2010-01-01,Asa,FALSE,07,0780,078023
078024,1971-01-01,2014-01-01,Aneboda,FALSE,07,0780,078024
078024,2014-01-01,NA,Lammhult,FALSE,07,0780,078024
078025,1971-01-01,2010-01-01,Berg,FALSE,07,0780,078025
078026,1971-01-01,2006-01-01,Ormesberga,FALSE,07,0780,078026
078027,1971-01-01,2014-01-01,Ör,FALSE,07,0780,078027
078028,1977-01-01,2014-01-01,Skogslyckan,FALSE,07,0780,078028
078029,1995-01-01,2014-01-01,Växjö Maria,FALSE,07,0780,078029
078030,1995-01-01,2014-01-01,Teleborg,FALSE,07,0780,078030
078101,1967-01-01,NA,Ljungby,FALSE,07,0781,078101
078102,1971-01-01,NA,Agunnaryd,FALSE,07,0781,078102
078103,1971-01-01,NA,Ryssby,FALSE,07,0781,078103
078104,1971-01-01,NA,Tutaryd,FALSE,07,0781,078104
078105,1971-01-01,2006-01-01,Södra Ljunga,FALSE,07,0781,078105
078106,1971-01-01,2006-01-01,Hamneda,FALSE,07,0781,078106
078107,1971-01-01,NA,Kånna,FALSE,07,0781,078107
078108,1971-01-01,NA,Berga,FALSE,07,0781,078108
078109,1971-01-01,NA,Dörarp,FALSE,07,0781,078109
078110,1971-01-01,NA,Vittaryd,FALSE,07,0781,078110
078111,1971-01-01,NA,Angelstad,FALSE,07,0781,078111
078112,1971-01-01,NA,Annerstad,FALSE,07,0781,078112
078113,1971-01-01,2006-01-01,Nöttja,FALSE,07,0781,078113
078114,1971-01-01,NA,Torpa,FALSE,07,0781,078114
078115,1971-01-01,NA,Vrå,FALSE,07,0781,078115
078116,1971-01-01,NA,Lidhult,FALSE,07,0781,078116
078117,1971-01-01,NA,Odensjö,FALSE,07,0781,078117
078118,1971-01-01,NA,"Bolmsö, del",FALSE,07,0781,078118
078119,1971-01-01,NA,Tannåker,FALSE,07,0781,078119
078120,2002-01-01,NA,Ljungby Maria,FALSE,07,0781,078120
080101,1952-01-01,1971-01-01,Hannäs,FALSE,08,0801,056106
080102,1952-01-01,1971-01-01,Ukna,FALSE,08,0801,088305
080103,1952-01-01,1971-01-01,Gärdserum,FALSE,08,0801,056107
080201,1952-01-01,1971-01-01,Dalhem,FALSE,08,0802,088306
080202,1952-01-01,1971-01-01,Överum,FALSE,08,0802,088307
080301,1952-01-01,1971-01-01,Västra Ed,FALSE,08,0803,088308
080302,1952-01-01,1971-01-01,Tryserum,FALSE,08,0803,056305
080303,1952-01-01,1971-01-01,Östra Ed,FALSE,08,0803,056306
080401,1967-01-01,1971-01-01,Loftahammar,FALSE,08,0804,088309
080501,1952-01-01,1971-01-01,Lofta,FALSE,08,0805,088310
080502,1952-01-01,1971-01-01,Gamleby,FALSE,08,0805,088311
080503,1952-01-01,1971-01-01,Odensvi,FALSE,08,0805,088312
080601,1952-01-01,1971-01-01,Hallingebergs norra kbfd,FALSE,08,0806,088313
080602,1952-01-01,1971-01-01,Hallingebergs södra kbfd,FALSE,08,0806,088314
080801,1967-01-01,1971-01-01,Hjorted,FALSE,08,0808,088315
080901,1952-01-01,1971-01-01,Blackstad,FALSE,08,0809,088316
080902,1952-01-01,1971-01-01,Locknevi,FALSE,08,0809,088406
081001,1952-01-01,1971-01-01,Djursdala,FALSE,08,0810,088407
081002,1952-01-01,1971-01-01,Södra Vi,FALSE,08,0810,088408
081101,1952-01-01,1971-01-01,Rumskulla,FALSE,08,0811,088403
081102,1952-01-01,1971-01-01,Pelarne,FALSE,08,0811,088404
081103,1965-01-01,1971-01-01,"Vimmerby, del",TRUE,08,0811,081103
081104,1952-01-01,1971-01-01,Frödinge,FALSE,08,0811,088405
081201,1967-01-01,1971-01-01,Tuna,FALSE,08,0812,088409
081501,1967-01-01,1971-01-01,Vena,FALSE,08,0815,086006
081901,1952-01-01,1971-01-01,Tveta,FALSE,08,0819,086007
081902,1952-01-01,1971-01-01,Mörlunda,FALSE,08,0819,086008
082101,1952-01-01,NA,Fågelfors,FALSE,08,0821,082101
082102,1952-01-01,NA,Högsby,FALSE,08,0821,082102
082103,1952-01-01,NA,Långemåla,FALSE,08,0821,082103
082104,1969-01-01,NA,Fagerhult,FALSE,08,0821,082104
082201,1967-01-01,1974-01-01,Fliseryd,FALSE,08,0822,086102
082401,1967-01-01,1974-01-01,Ålem,FALSE,08,0824,086103
082601,1967-01-01,1971-01-01,Ryssby,FALSE,08,0826,088005
082701,1952-01-01,1971-01-01,Åby,FALSE,08,0827,088006
082702,1952-01-01,1971-01-01,Förlösa,FALSE,08,0827,088007
082902,1952-01-01,1971-01-01,Ljungby,FALSE,08,0829,088008
083001,1952-01-01,1971-01-01,Hagby,FALSE,08,0830,088009
083002,1952-01-01,1971-01-01,Voxtorp,FALSE,08,0830,088010
083003,1952-01-01,1971-01-01,Halltorp,FALSE,08,0830,088011
083004,1952-01-01,1971-01-01,Arby,FALSE,08,0830,088012
083101,1952-01-01,1971-01-01,Mortorp,FALSE,08,0831,088013
083102,1952-01-01,1971-01-01,Karlslunda,FALSE,08,0831,088014
083401,1952-01-01,NA,Gullabo,FALSE,08,0834,083401
083402,1952-01-01,NA,Torsås,FALSE,08,0834,083402
083403,1971-01-01,1992-01-01,Söderåkra norra kbfd,FALSE,08,0834,083403
083404,1971-01-01,NA,Söderåkra södra kbfd,FALSE,08,0834,083404
083501,1952-01-01,1971-01-01,Söderåkra norra kbfd,FALSE,08,0835,083403
083502,1952-01-01,1971-01-01,Söderåkra södra kbfd,FALSE,08,0835,083404
083601,1952-01-01,1974-01-01,Böda,FALSE,08,0836,088513
083602,1952-01-01,1974-01-01,Högby,FALSE,08,0836,088514
083603,1952-01-01,1974-01-01,Källa,FALSE,08,0836,088515
083604,1952-01-01,1974-01-01,Persnäs,FALSE,08,0836,088516
083901,1952-01-01,1974-01-01,Glömminge,FALSE,08,0839,084013
083902,1952-01-01,1974-01-01,Algutsrum,FALSE,08,0839,084014
083903,1952-01-01,1974-01-01,Torslunda,FALSE,08,0839,084015
083904,1952-01-01,1974-01-01,Norra Möckleby,FALSE,08,0839,084016
083905,1952-01-01,1974-01-01,Gårdby,FALSE,08,0839,084017
083906,1952-01-01,1974-01-01,Sandby,FALSE,08,0839,084018
084001,1952-01-01,2006-01-01,Vickleby,FALSE,08,0840,084001
084001,2006-01-01,NA,Resmo-Vickleby,FALSE,08,0840,084001
084002,1952-01-01,2006-01-01,Resmo,FALSE,08,0840,084002
084003,1952-01-01,2002-01-01,Mörbylånga,FALSE,08,0840,084003
084003,2002-01-01,NA,Mörbylånga-Kastlösa,FALSE,08,0840,084003
084004,1952-01-01,2002-01-01,Stenåsa,FALSE,08,0840,084004
084005,1952-01-01,2002-01-01,Hulterstad,FALSE,08,0840,084005
084005,2002-01-01,NA,Hulterstad-Stenåsa,FALSE,08,0840,084005
084006,1952-01-01,2002-01-01,Kastlösa,FALSE,08,0840,084006
084007,1967-01-01,2002-01-01,Smedby,FALSE,08,0840,084007
084008,1967-01-01,2002-01-01,Södra Möckleby,FALSE,08,0840,084008
084008,2002-01-01,NA,Sydöland,FALSE,08,0840,084008
084009,1967-01-01,2002-01-01,Segerstad,FALSE,08,0840,084009
084010,1967-01-01,2002-01-01,Gräsgård,FALSE,08,0840,084010
084011,1967-01-01,2002-01-01,Ventlinge,FALSE,08,0840,084011
084012,1967-01-01,2002-01-01,Ås,FALSE,08,0840,084012
084013,1974-01-01,2017-01-01,Glömminge,FALSE,08,0840,084013
084014,1974-01-01,2017-01-01,Algutsrum,FALSE,08,0840,084014
084014,2017-01-01,NA,Glömminge-Algutsrum,FALSE,08,0840,084014
084015,1974-01-01,NA,Torslunda,FALSE,08,0840,084015
084016,1974-01-01,NA,Norra Möckleby,FALSE,08,0840,084016
084017,1974-01-01,2002-01-01,Gårdby,FALSE,08,0840,084017
084018,1974-01-01,2002-01-01,Sandby,FALSE,08,0840,084018
086001,1967-01-01,NA,Hultsfred,FALSE,08,0860,086001
086002,1969-01-01,NA,Lönneberga,FALSE,08,0860,086002
086003,1969-01-01,NA,Målilla med Gårdveda,FALSE,08,0860,086003
086004,1971-01-01,NA,Järeda,FALSE,08,0860,086004
086005,1971-01-01,NA,Virserum,FALSE,08,0860,086005
086006,1971-01-01,NA,Vena,FALSE,08,0860,086006
086007,1971-01-01,2006-01-01,Tveta,FALSE,08,0860,086007
086008,1971-01-01,NA,Mörlunda,FALSE,08,0860,086008
086101,1967-01-01,NA,Mönsterås,FALSE,08,0861,086101
086102,1974-01-01,NA,Fliseryd,FALSE,08,0861,086102
086103,1974-01-01,NA,Ålem,FALSE,08,0861,086103
086201,1967-01-01,NA,Emmaboda,FALSE,08,0862,086201
086202,1969-01-01,NA,Vissefjärda,FALSE,08,0862,086202
086203,1969-01-01,NA,Algutsboda,FALSE,08,0862,086203
086204,1971-01-01,NA,Långasjö,FALSE,08,0862,086204
086301,1956-01-01,1971-01-01,Järeda,FALSE,08,0863,086004
086302,1956-01-01,1971-01-01,Virserum,FALSE,08,0863,086005
088001,1965-01-01,1989-01-01,Kalmar,FALSE,08,0880,088001
088001,1989-01-01,NA,Kalmar domkyrkoförs.,FALSE,08,0880,088001
088002,1965-01-01,1998-01-01,Kläckeberga,FALSE,08,0880,088002
088002,1998-01-01,NA,Förlösa-Kläckeberga,FALSE,08,0880,088002
088003,1965-01-01,NA,Dörby,FALSE,08,0880,088003
088004,1965-01-01,NA,Hossmo,FALSE,08,0880,088004
088005,1971-01-01,NA,Ryssby,FALSE,08,0880,088005
088006,1971-01-01,NA,Åby,FALSE,08,0880,088006
088007,1971-01-01,1998-01-01,Förlösa,FALSE,08,0880,088007
088008,1971-01-01,NA,Ljungby,FALSE,08,0880,088008
088009,1971-01-01,NA,Hagby,FALSE,08,0880,088009
088010,1971-01-01,2010-01-01,Voxtorp,FALSE,08,0880,088010
088011,1971-01-01,NA,Halltorp,FALSE,08,0880,088011
088012,1971-01-01,2010-01-01,Arby,FALSE,08,0880,088012
088013,1971-01-01,NA,Mortorp,FALSE,08,0880,088013
088014,1971-01-01,2010-01-01,Karlslunda,FALSE,08,0880,088014
088015,1989-01-01,NA,Kalmar S:t Johannes,FALSE,08,0880,088015
088016,1989-01-01,NA,Heliga Korset,FALSE,08,0880,088016
088017,1989-01-01,NA,S:ta Birgitta,FALSE,08,0880,088017
088018,1989-01-01,NA,Två systrar,FALSE,08,0880,088018
088101,1967-01-01,2006-01-01,Nybro,FALSE,08,0881,088101
088101,2006-01-01,NA,Nybro-S:t Sigfrid,FALSE,08,0881,088101
088102,1969-01-01,NA,Kråksmåla,FALSE,08,0881,088102
088103,1969-01-01,NA,Bäckebo,FALSE,08,0881,088103
088104,1969-01-01,NA,Kristvalla,FALSE,08,0881,088104
088105,1969-01-01,NA,Madesjö,FALSE,08,0881,088105
088106,1969-01-01,NA,Örsjö,FALSE,08,0881,088106
088107,1969-01-01,2006-01-01,S:t Sigfrid,FALSE,08,0881,088107
088108,1969-01-01,NA,Oskar,FALSE,08,0881,088108
088109,1969-01-01,NA,Hälleberga,FALSE,08,0881,088109
088201,1967-01-01,NA,Oskarshamn,FALSE,08,0882,088201
088202,1967-01-01,1992-01-01,Misterhults norra kbfd,FALSE,08,0882,088202
088203,1967-01-01,1992-01-01,Misterhults södra kbfd,FALSE,08,0882,088203
088203,1992-01-01,NA,Misterhult,FALSE,08,0882,088203
088204,1967-01-01,2010-01-01,Kristdala,FALSE,08,0882,088204
088205,1967-01-01,1992-01-01,Döderhults kbfd,FALSE,08,0882,088205
088205,1992-01-01,NA,Döderhult,FALSE,08,0882,088205
088206,1967-01-01,1992-01-01,Påskallaviks kbfd,FALSE,08,0882,088206
088301,1967-01-01,NA,Västervik,FALSE,08,0883,088301
088302,1967-01-01,NA,Törnsfall,FALSE,08,0883,088302
088303,1967-01-01,2006-01-01,Gladhammar,FALSE,08,0883,088303
088303,2006-01-01,NA,Gladhammar-Västrum,FALSE,08,0883,088303
088304,1967-01-01,2006-01-01,Västrum,FALSE,08,0883,088304
088305,1971-01-01,NA,Ukna,FALSE,08,0883,088305
088306,1971-01-01,NA,Dalhem,FALSE,08,0883,088306
088307,1971-01-01,NA,Överum,FALSE,08,0883,088307
088308,1971-01-01,NA,Västra Ed,FALSE,08,0883,088308
088309,1971-01-01,NA,Loftahammar,FALSE,08,0883,088309
088310,1971-01-01,NA,Lofta,FALSE,08,0883,088310
088311,1971-01-01,NA,Gamleby,FALSE,08,0883,088311
088312,1971-01-01,NA,Odensvi,FALSE,08,0883,088312
088313,1971-01-01,1977-01-01,Hallingebergs norra kbfd,FALSE,08,0883,088313
088314,1971-01-01,2012-01-01,Hallingebergs södra kbfd,FALSE,08,0883,088314
088314,2012-01-01,NA,Hallingeberg-Blackstad,FALSE,08,0883,088314
088315,1971-01-01,NA,Hjorted,FALSE,08,0883,088315
088316,1971-01-01,2012-01-01,Blackstad,FALSE,08,0883,088316
088401,1967-01-01,1971-01-01,"Vimmerby, del",TRUE,08,0884,088401
088401,1971-01-01,NA,Vimmerby,FALSE,08,0884,088401
088403,1971-01-01,NA,Rumskulla,FALSE,08,0884,088403
088404,1971-01-01,NA,Pelarne,FALSE,08,0884,088404
088405,1971-01-01,NA,Frödinge,FALSE,08,0884,088405
088406,1971-01-01,NA,Locknevi,FALSE,08,0884,088406
088407,1971-01-01,2002-01-01,Djursdala,FALSE,08,0884,088407
088408,1971-01-01,NA,Södra Vi,FALSE,08,0884,088408
088409,1971-01-01,NA,Tuna,FALSE,08,0884,088409
088501,1967-01-01,NA,Borgholm,FALSE,08,0885,088501
088502,1969-01-01,2006-01-01,Föra,FALSE,08,0885,088502
088502,2006-01-01,NA,Föra-Alböke-Löt,FALSE,08,0885,088502
088503,1969-01-01,2006-01-01,Alböke,FALSE,08,0885,088503
088504,1969-01-01,2006-01-01,Löt,FALSE,08,0885,088504
088505,1969-01-01,2006-01-01,Egby,FALSE,08,0885,088505
088506,1969-01-01,1991-08-22,Bredsätra,FALSE,08,0885,088506
088507,1969-01-01,2006-01-01,Köping,FALSE,08,0885,088507
088507,2006-01-01,NA,Köpingsvik,FALSE,08,0885,088507
088508,1969-01-01,2006-01-01,Räpplinge,FALSE,08,0885,088508
088509,1969-01-01,2006-01-01,Högsrum,FALSE,08,0885,088509
088509,2006-01-01,NA,Räpplinge-Högsrum,FALSE,08,0885,088509
088510,1969-01-01,2006-01-01,Gärdslösa,FALSE,08,0885,088510
088510,2006-01-01,NA,"Gärdslösa, Långlöt och Runsten",FALSE,08,0885,088510
088511,1969-01-01,2006-01-01,Långlöt,FALSE,08,0885,088511
088512,1969-01-01,2006-01-01,Runsten,FALSE,08,0885,088512
088513,1974-01-01,2010-01-01,Böda,FALSE,08,0885,088513
088514,1974-01-01,NA,Högby,FALSE,08,0885,088514
088515,1974-01-01,2006-01-01,Källa,FALSE,08,0885,088515
088516,1974-01-01,2006-01-01,Persnäs,FALSE,08,0885,088516
090101,1952-01-01,1971-01-01,Fårö,FALSE,09,0901,098004
090102,1952-01-01,1971-01-01,Bunge,FALSE,09,0901,098005
090103,1952-01-01,1971-01-01,Rute,FALSE,09,0901,098006
090104,1952-01-01,1971-01-01,Fleringe,FALSE,09,0901,098007
090201,1952-01-01,1971-01-01,Hall,FALSE,09,0902,098008
090202,1952-01-01,1971-01-01,Hangvar,FALSE,09,0902,098009
090203,1952-01-01,1971-01-01,Lärbro,FALSE,09,0902,098010
090204,1952-01-01,1971-01-01,Hellvi,FALSE,09,0902,098011
090301,1952-01-01,1971-01-01,Bäl,FALSE,09,0903,098012
090302,1952-01-01,1971-01-01,Hejnum,FALSE,09,0903,098013
090303,1952-01-01,1971-01-01,Tingstäde,FALSE,09,0903,098014
090304,1952-01-01,1971-01-01,Stenkyrka,FALSE,09,0903,098015
090305,1952-01-01,1971-01-01,Lummelunda,FALSE,09,0903,098016
090306,1952-01-01,1971-01-01,Martebo,FALSE,09,0903,098017
090307,1952-01-01,1971-01-01,Väskinde,FALSE,09,0903,098018
090308,1952-01-01,1971-01-01,Bro,FALSE,09,0903,098019
090309,1952-01-01,1971-01-01,Lokrume,FALSE,09,0903,098020
090310,1952-01-01,1971-01-01,Fole,FALSE,09,0903,098021
090401,1952-01-01,1971-01-01,Ekeby,FALSE,09,0904,098022
090402,1952-01-01,1971-01-01,Källunge,FALSE,09,0904,098023
090403,1952-01-01,1971-01-01,Vallstena,FALSE,09,0904,098024
090404,1952-01-01,1971-01-01,Gothem,FALSE,09,0904,098025
090405,1952-01-01,1971-01-01,Hörsne med Bara,FALSE,09,0904,098026
090406,1952-01-01,1971-01-01,Norrlanda,FALSE,09,0904,098027
090407,1952-01-01,1971-01-01,Ganthem,FALSE,09,0904,098028
090408,1952-01-01,1971-01-01,Dalhem,FALSE,09,0904,098029
090501,1952-01-01,1971-01-01,Barlingbo,FALSE,09,0905,098030
090502,1952-01-01,1971-01-01,Endre,FALSE,09,0905,098031
090503,1952-01-01,1971-01-01,Hejdeby,FALSE,09,0905,098032
090504,1952-01-01,1971-01-01,Follingbo,FALSE,09,0905,098033
090505,1952-01-01,1971-01-01,Akebäck,FALSE,09,0905,098034
090506,1952-01-01,1971-01-01,Roma,FALSE,09,0905,098035
090507,1952-01-01,1971-01-01,Björke,FALSE,09,0905,098036
090508,1952-01-01,1971-01-01,Viklau,FALSE,09,0905,098037
090509,1952-01-01,1971-01-01,Halla,FALSE,09,0905,098038
090510,1952-01-01,1971-01-01,Sjonhem,FALSE,09,0905,098039
090511,1952-01-01,1971-01-01,Vänge,FALSE,09,0905,098040
090512,1952-01-01,1971-01-01,Guldrupe,FALSE,09,0905,098041
090513,1952-01-01,1971-01-01,Buttle,FALSE,09,0905,098042
090514,1952-01-01,1971-01-01,Ala,FALSE,09,0905,098043
090515,1952-01-01,1971-01-01,Kräklingbo,FALSE,09,0905,098044
090516,1952-01-01,1971-01-01,Anga,FALSE,09,0905,098045
090517,1952-01-01,1971-01-01,Gammelgarn,FALSE,09,0905,098046
090518,1952-01-01,1971-01-01,Östergarn,FALSE,09,0905,098047
090601,1952-01-01,1971-01-01,Västerhejde,FALSE,09,0906,098048
090602,1952-01-01,1971-01-01,Träkumla,FALSE,09,0906,098049
090603,1952-01-01,1971-01-01,Vall,FALSE,09,0906,098050
090604,1952-01-01,1971-01-01,Atlingbo,FALSE,09,0906,098051
090605,1952-01-01,1971-01-01,Hogrän,FALSE,09,0906,098052
090606,1952-01-01,1971-01-01,Stenkumla,FALSE,09,0906,098053
090607,1952-01-01,1971-01-01,Tofta,FALSE,09,0906,098054
090608,1952-01-01,1971-01-01,Eskelhem,FALSE,09,0906,098055
090701,1952-01-01,1971-01-01,Västergarn,FALSE,09,0907,098056
090702,1952-01-01,1971-01-01,Sanda,FALSE,09,0907,098057
090703,1952-01-01,1971-01-01,Mästerby,FALSE,09,0907,098058
090704,1952-01-01,1971-01-01,Väte,FALSE,09,0907,098059
090705,1952-01-01,1971-01-01,Hejde,FALSE,09,0907,098060
090706,1952-01-01,1971-01-01,Klinte,FALSE,09,0907,098061
090707,1952-01-01,1971-01-01,Fröjel,FALSE,09,0907,098062
090708,1952-01-01,1971-01-01,Eksta,FALSE,09,0907,098063
090709,1952-01-01,1971-01-01,Sproge,FALSE,09,0907,098064
090801,1952-01-01,1971-01-01,Ardre,FALSE,09,0908,098065
090802,1952-01-01,1971-01-01,Alskog,FALSE,09,0908,098066
090803,1952-01-01,1971-01-01,Garde,FALSE,09,0908,098067
090804,1952-01-01,1971-01-01,Etelhem,FALSE,09,0908,098068
090805,1952-01-01,1971-01-01,Lye,FALSE,09,0908,098069
090806,1952-01-01,1971-01-01,Lau,FALSE,09,0908,098070
090901,1952-01-01,1971-01-01,När,FALSE,09,0909,098071
090902,1952-01-01,1971-01-01,Burs,FALSE,09,0909,098072
090903,1952-01-01,1971-01-01,Stånga,FALSE,09,0909,098073
091001,1952-01-01,1971-01-01,Lojsta,FALSE,09,0910,098074
091002,1952-01-01,1971-01-01,Linde,FALSE,09,0910,098075
091003,1952-01-01,1971-01-01,Hemse,FALSE,09,0910,098076
091004,1952-01-01,1971-01-01,Rone,FALSE,09,0910,098077
091005,1952-01-01,1971-01-01,Alva,FALSE,09,0910,098078
091006,1952-01-01,1971-01-01,Fardhem,FALSE,09,0910,098079
091007,1952-01-01,1971-01-01,Gerum,FALSE,09,0910,098080
091008,1952-01-01,1971-01-01,Levide,FALSE,09,0910,098081
091101,1952-01-01,1971-01-01,Silte,FALSE,09,0911,098082
091102,1952-01-01,1971-01-01,Hablingbo,FALSE,09,0911,098083
091103,1952-01-01,1971-01-01,Havdhem,FALSE,09,0911,098084
091104,1952-01-01,1971-01-01,Eke,FALSE,09,0911,098085
091105,1952-01-01,1971-01-01,Grötlingbo,FALSE,09,0911,098086
091106,1952-01-01,1971-01-01,Näs,FALSE,09,0911,098087
091201,1952-01-01,1971-01-01,Fide,FALSE,09,0912,098088
091202,1952-01-01,1971-01-01,Öja,FALSE,09,0912,098089
091203,1952-01-01,1971-01-01,Hamra,FALSE,09,0912,098090
091204,1952-01-01,1971-01-01,Vamlingbo,FALSE,09,0912,098091
091205,1952-01-01,1971-01-01,Sundre,FALSE,09,0912,098092
096001,1952-01-01,1971-01-01,Othem,FALSE,09,0960,098002
096002,1952-01-01,1971-01-01,Boge,FALSE,09,0960,098003
098001,1967-01-01,1987-01-01,Visby,FALSE,09,0980,098001
098001,1987-01-01,NA,Visby domkyrkoförs.,FALSE,09,0980,098001
098002,1971-01-01,NA,Othem,FALSE,09,0980,098002
098003,1971-01-01,2006-01-01,Boge,FALSE,09,0980,098003
098004,1971-01-01,NA,Fårö,FALSE,09,0980,098004
098005,1971-01-01,2013-01-01,Bunge,FALSE,09,0980,098005
098005,2013-01-01,NA,"Bunge, Rute och Fleringe",FALSE,09,0980,098005
098006,1971-01-01,2010-01-01,Rute,FALSE,09,0980,098006
098007,1971-01-01,2010-01-01,Fleringe,FALSE,09,0980,098007
098008,1971-01-01,2002-01-01,Hall,FALSE,09,0980,098008
098009,1971-01-01,2012-01-01,Hangvar,FALSE,09,0980,098009
098010,1971-01-01,2012-01-01,Lärbro,FALSE,09,0980,098010
098010,2012-01-01,NA,Forsa,FALSE,09,0980,098010
098011,1971-01-01,2010-01-01,Hellvi,FALSE,09,0980,098011
098012,1971-01-01,2007-01-01,Bäl,FALSE,09,0980,098012
098013,1971-01-01,2007-01-01,Hejnum,FALSE,09,0980,098013
098014,1971-01-01,2006-01-01,Tingstäde,FALSE,09,0980,098014
098015,1971-01-01,NA,Stenkyrka,FALSE,09,0980,098015
098016,1971-01-01,2006-01-01,Lummelunda,FALSE,09,0980,098016
098017,1971-01-01,2006-01-01,Martebo,FALSE,09,0980,098017
098018,1971-01-01,NA,Väskinde,FALSE,09,0980,098018
098019,1971-01-01,2007-01-01,Bro,FALSE,09,0980,098019
098020,1971-01-01,2007-01-01,Lokrume,FALSE,09,0980,098020
098021,1971-01-01,2007-01-01,Fole,FALSE,09,0980,098021
098022,1971-01-01,2006-01-01,Ekeby,FALSE,09,0980,098022
098023,1971-01-01,2010-01-01,Källunge,FALSE,09,0980,098023
098024,1971-01-01,2010-01-01,Vallstena,FALSE,09,0980,098024
098025,1971-01-01,NA,Gothem,FALSE,09,0980,098025
098026,1971-01-01,2006-01-01,Hörsne med Bara,FALSE,09,0980,098026
098027,1971-01-01,2010-01-01,Norrlanda,FALSE,09,0980,098027
098028,1971-01-01,2006-01-01,Ganthem,FALSE,09,0980,098028
098029,1971-01-01,NA,Dalhem,FALSE,09,0980,098029
098030,1971-01-01,NA,Barlingbo,FALSE,09,0980,098030
098031,1971-01-01,NA,Endre,FALSE,09,0980,098031
098032,1971-01-01,NA,Hejdeby,FALSE,09,0980,098032
098033,1971-01-01,NA,Follingbo,FALSE,09,0980,098033
098034,1971-01-01,NA,Akebäck,FALSE,09,0980,098034
098035,1971-01-01,NA,Roma,FALSE,09,0980,098035
098036,1971-01-01,NA,Björke,FALSE,09,0980,098036
098037,1971-01-01,2006-01-01,Viklau,FALSE,09,0980,098037
098038,1971-01-01,2006-01-01,Halla,FALSE,09,0980,098038
098039,1971-01-01,2006-01-01,Sjonhem,FALSE,09,0980,098039
098040,1971-01-01,NA,Vänge,FALSE,09,0980,098040
098041,1971-01-01,2006-01-01,Guldrupe,FALSE,09,0980,098041
098042,1971-01-01,2006-01-01,Buttle,FALSE,09,0980,098042
098043,1971-01-01,2007-01-01,Ala,FALSE,09,0980,098043
098044,1971-01-01,2007-01-01,Kräklingbo,FALSE,09,0980,098044
098045,1971-01-01,2007-01-01,Anga,FALSE,09,0980,098045
098046,1971-01-01,2007-01-01,Gammelgarn,FALSE,09,0980,098046
098047,1971-01-01,NA,Östergarn,FALSE,09,0980,098047
098048,1971-01-01,NA,Västerhejde,FALSE,09,0980,098048
098049,1971-01-01,2010-01-01,Träkumla,FALSE,09,0980,098049
098050,1971-01-01,NA,Vall,FALSE,09,0980,098050
098051,1971-01-01,2006-01-01,Atlingbo,FALSE,09,0980,098051
098052,1971-01-01,2006-01-01,Hogrän,FALSE,09,0980,098052
098053,1971-01-01,2010-01-01,Stenkumla,FALSE,09,0980,098053
098054,1971-01-01,2006-01-01,Tofta,FALSE,09,0980,098054
098055,1971-01-01,NA,Eskelhem,FALSE,09,0980,098055
098056,1971-01-01,2012-01-01,Västergarn,FALSE,09,0980,098056
098057,1971-01-01,2012-01-01,Sanda,FALSE,09,0980,098057
098057,2012-01-01,NA,"Sanda, Västergarn och Mästerby",FALSE,09,0980,098057
098058,1971-01-01,2012-01-01,Mästerby,FALSE,09,0980,098058
098059,1971-01-01,NA,Väte,FALSE,09,0980,098059
098060,1971-01-01,NA,Hejde,FALSE,09,0980,098060
098061,1971-01-01,NA,Klinte,FALSE,09,0980,098061
098062,1971-01-01,NA,Fröjel,FALSE,09,0980,098062
098063,1971-01-01,NA,Eksta,FALSE,09,0980,098063
098064,1971-01-01,NA,Sproge,FALSE,09,0980,098064
098065,1971-01-01,NA,Ardre,FALSE,09,0980,098065
098066,1971-01-01,2006-01-01,Alskog,FALSE,09,0980,098066
098067,1971-01-01,2006-01-01,Garde,FALSE,09,0980,098067
098068,1971-01-01,2006-01-01,Etelhem,FALSE,09,0980,098068
098069,1971-01-01,2006-01-01,Lye,FALSE,09,0980,098069
098070,1971-01-01,2006-01-01,Lau,FALSE,09,0980,098070
098071,1971-01-01,NA,När,FALSE,09,0980,098071
098072,1971-01-01,2006-01-01,Burs,FALSE,09,0980,098072
098073,1971-01-01,NA,Stånga,FALSE,09,0980,098073
098074,1971-01-01,NA,Lojsta,FALSE,09,0980,098074
098075,1971-01-01,NA,Linde,FALSE,09,0980,098075
098076,1971-01-01,NA,Hemse,FALSE,09,0980,098076
098077,1971-01-01,2006-01-01,Rone,FALSE,09,0980,098077
098078,1971-01-01,2006-01-01,Alva,FALSE,09,0980,098078
098079,1971-01-01,NA,Fardhem,FALSE,09,0980,098079
098080,1971-01-01,NA,Gerum,FALSE,09,0980,098080
098081,1971-01-01,NA,Levide,FALSE,09,0980,098081
098082,1971-01-01,2010-01-01,Silte,FALSE,09,0980,098082
098083,1971-01-01,2010-01-01,Hablingbo,FALSE,09,0980,098083
098084,1971-01-01,NA,Havdhem,FALSE,09,0980,098084
098085,1971-01-01,2010-01-01,Eke,FALSE,09,0980,098085
098086,1971-01-01,2010-01-01,Grötlingbo,FALSE,09,0980,098086
098087,1971-01-01,2010-01-01,Näs,FALSE,09,0980,098087
098088,1971-01-01,2006-01-01,Fide,FALSE,09,0980,098088
098089,1971-01-01,NA,Öja,FALSE,09,0980,098089
098090,1971-01-01,2006-01-01,Hamra,FALSE,09,0980,098090
098091,1971-01-01,2006-01-01,Vamlingbo,FALSE,09,0980,098091
098092,1971-01-01,2006-01-01,Sundre,FALSE,09,0980,098092
100101,1952-01-01,1974-01-01,Kristianopel,FALSE,10,1001,108008
100102,1952-01-01,1974-01-01,Jämjö,FALSE,10,1001,108009
100103,1952-01-01,1974-01-01,Torhamn,FALSE,10,1001,108010
100104,1963-01-01,1974-01-01,Sturkö,FALSE,10,1001,108011
100105,1963-01-01,1974-01-01,Ramdala,FALSE,10,1001,108012
100501,1952-01-01,1974-01-01,Rödeby norra kbfd,FALSE,10,1005,108013
100502,1952-01-01,1974-01-01,Rödeby södra kbfd,FALSE,10,1005,108014
100601,1952-01-01,1974-01-01,Fridlevstad,FALSE,10,1006,108015
100602,1952-01-01,1974-01-01,Sillhövda,FALSE,10,1006,108016
100603,1963-01-01,1974-01-01,Tving,FALSE,10,1006,108017
100701,1967-01-01,1974-01-01,Nättraby,FALSE,10,1007,108018
100801,1967-01-01,1974-01-01,Hasslö,FALSE,10,1008,108019
101901,1952-01-01,1971-01-01,Gammalstorp,FALSE,10,1019,108302
101902,1952-01-01,1971-01-01,Ysane,FALSE,10,1019,108303
102001,1967-01-01,1971-01-01,Mjällby,FALSE,10,1020,108304
106001,1967-01-01,1992-01-01,Olofströms kbfd,FALSE,10,1060,106001
106002,1967-01-01,1992-01-01,Jämshögs kbfd,FALSE,10,1060,106002
106002,1992-01-01,NA,Jämshög,FALSE,10,1060,106002
106003,1967-01-01,NA,Kyrkhult,FALSE,10,1060,106003
108001,1964-01-01,NA,Karlskrona stadsförs.,FALSE,10,1080,108001
108002,1952-01-01,1974-01-01,Karlskrona amiralitetsförs.,FALSE,10,1080,108002
108002,1993-01-01,NA,Karlskrona amiralitetsförs.,FALSE,10,1080,108002
108004,1952-01-01,NA,Aspö,FALSE,10,1080,108004
108005,1967-01-01,2002-01-01,Lösen,FALSE,10,1080,108005
108006,1967-01-01,2002-01-01,Augerum,FALSE,10,1080,108006
108006,2002-01-01,NA,Lyckå,FALSE,10,1080,108006
108007,1967-01-01,2002-01-01,Flymen,FALSE,10,1080,108007
108008,1974-01-01,NA,Kristianopel,FALSE,10,1080,108008
108009,1974-01-01,NA,Jämjö,FALSE,10,1080,108009
108010,1974-01-01,NA,Torhamn,FALSE,10,1080,108010
108011,1974-01-01,NA,Sturkö,FALSE,10,1080,108011
108012,1974-01-01,NA,Ramdala,FALSE,10,1080,108012
108013,1974-01-01,1984-01-01,Rödeby norra kbfd,FALSE,10,1080,108013
108014,1974-01-01,NA,Rödeby södra kbfd,FALSE,10,1080,108014
108015,1974-01-01,NA,Fridlevstad,FALSE,10,1080,108015
108016,1974-01-01,2010-01-01,Sillhövda,FALSE,10,1080,108016
108017,1974-01-01,2010-01-01,Tving,FALSE,10,1080,108017
108018,1974-01-01,NA,Nättraby,FALSE,10,1080,108018
108019,1974-01-01,2010-01-01,Hasslö,FALSE,10,1080,108019
108101,1967-01-01,1992-01-01,Ronneby kbfd,FALSE,10,1081,108101
108101,1992-01-01,NA,Ronneby,FALSE,10,1081,108101
108102,1967-01-01,1992-01-01,Kallinge kbfd,FALSE,10,1081,108102
108103,1967-01-01,2006-01-01,Backaryd,FALSE,10,1081,108103
108104,1967-01-01,2006-01-01,Öljehult,FALSE,10,1081,108104
108105,1967-01-01,2006-01-01,Eringsboda,FALSE,10,1081,108105
108106,1967-01-01,2002-01-01,Förkärla,FALSE,10,1081,108106
108107,1967-01-01,2002-01-01,Listerby,FALSE,10,1081,108107
108107,2002-01-01,2010-01-01,Listerby,FALSE,10,1081,108107
108108,1967-01-01,2002-01-01,Edestad,FALSE,10,1081,108108
108109,1967-01-01,2002-01-01,Hjortsberga,FALSE,10,1081,108109
108110,1967-01-01,NA,Bräkne-Hoby,FALSE,10,1081,108110
108201,1967-01-01,2021-01-01,Karlshamn,FALSE,10,1082,108201
108202,1967-01-01,2021-01-01,Ringamåla,FALSE,10,1082,108202
108203,1967-01-01,2021-01-01,Hällaryd,FALSE,10,1082,108203
108204,1967-01-01,2021-01-01,Åryd,FALSE,10,1082,108204
108205,1967-01-01,2021-01-01,Asarum,FALSE,10,1082,108205
108206,1967-01-01,2006-01-01,Mörrum,FALSE,10,1082,108206
108206,2006-01-01,NA,Mörrum-Elleholm,FALSE,10,1082,108206
108207,1967-01-01,2006-01-01,Elleholm,FALSE,10,1082,108207
108301,1967-01-01,2014-01-01,Sölvesborg,FALSE,10,1083,108301
108301,2014-01-01,NA,Sölvesborg,FALSE,10,1083,108301
108302,1971-01-01,2006-01-01,Gammalstorp,FALSE,10,1083,108302
108303,1971-01-01,2014-01-01,Ysane,FALSE,10,1083,108303
108304,1971-01-01,2014-01-01,Mjällby,FALSE,10,1083,108304
108304,2014-01-01,NA,Mjällby,FALSE,10,1083,108304
110401,1952-01-01,1971-01-01,Hörup,FALSE,11,1104,128616
110402,1952-01-01,1971-01-01,Löderup,FALSE,11,1104,128617
110403,1952-01-01,1971-01-01,Valleberga,FALSE,11,1104,128618
110501,1952-01-01,1971-01-01,Ingelstorp,FALSE,11,1105,128619
110502,1952-01-01,1971-01-01,Glemminge,FALSE,11,1105,128620
110503,1952-01-01,1971-01-01,Bollerup,FALSE,11,1105,116016
110504,1952-01-01,1971-01-01,Tosterup,FALSE,11,1105,116017
110505,1962-01-01,1971-01-01,Övraby,FALSE,11,1105,116018
110801,1952-01-01,1974-01-01,Sankt Olof,FALSE,11,1108,118117
110802,1952-01-01,1974-01-01,Rörum,FALSE,11,1108,118118
110803,1952-01-01,1974-01-01,Södra Mellby,FALSE,11,1108,118119
110804,1952-01-01,1974-01-01,Vitaby,FALSE,11,1108,118120
111001,1952-01-01,1974-01-01,Maglehem,FALSE,11,1110,118026
111002,1952-01-01,1974-01-01,Hörröd,FALSE,11,1110,118027
111003,1952-01-01,1974-01-01,Huaröd,FALSE,11,1110,118028
111004,1952-01-01,1974-01-01,Degeberga,FALSE,11,1110,118029
111005,1952-01-01,1974-01-01,Vittskövle,FALSE,11,1110,118030
111101,1952-01-01,1971-01-01,Östra Sönnarslöv,FALSE,11,1111,118016
111102,1952-01-01,1971-01-01,Everöd,FALSE,11,1111,118017
111103,1952-01-01,1971-01-01,Lyngsjö,FALSE,11,1111,118018
111201,1952-01-01,1974-01-01,Östra Vram,FALSE,11,1112,118031
111202,1952-01-01,1974-01-01,Västra Vram,FALSE,11,1112,118032
111203,1952-01-01,1974-01-01,Linderöd,FALSE,11,1112,118033
111501,1952-01-01,1971-01-01,Rinkaby,FALSE,11,1115,118019
111502,1952-01-01,1971-01-01,Nymö,FALSE,11,1115,118020
111503,1952-01-01,1971-01-01,Trolle-Ljungby,FALSE,11,1115,118021
111504,1952-01-01,1971-01-01,Ivö,FALSE,11,1115,118022
111505,1952-01-01,1971-01-01,Kiaby,FALSE,11,1115,118023
111506,1952-01-01,1971-01-01,Fjälkinge,FALSE,11,1115,118024
111507,1952-01-01,1971-01-01,Gustav Adolf,FALSE,11,1115,118025
111801,1967-01-01,1974-01-01,Näsum,FALSE,11,1118,116203
111901,1952-01-01,1974-01-01,Vånga,FALSE,11,1119,118034
111902,1952-01-01,1974-01-01,Oppmanna,FALSE,11,1119,118035
112001,1967-01-01,1974-01-01,Hjärsås,FALSE,11,1120,112104
112101,1952-01-01,1997-01-01,Knislinge,FALSE,11,1121,112101
112102,1952-01-01,1997-01-01,Gryt,FALSE,11,1121,112102
112103,1952-01-01,1997-01-01,Kviinge,FALSE,11,1121,112103
112104,1974-01-01,1997-01-01,Hjärsås,FALSE,11,1121,112104
112105,1974-01-01,1997-01-01,Emmislöv,FALSE,11,1121,112105
112106,1974-01-01,1997-01-01,Östra Broby,FALSE,11,1121,112106
112107,1974-01-01,1997-01-01,Glimåkra,FALSE,11,1121,112107
112301,1952-01-01,1974-01-01,Emmislöv,FALSE,11,1123,112105
112302,1952-01-01,1974-01-01,Östra Broby,FALSE,11,1123,112106
112401,1967-01-01,1974-01-01,Glimåkra,FALSE,11,1124,112107
112501,1967-01-01,1974-01-01,Örkened,FALSE,11,1125,116302
112601,1967-01-01,1974-01-01,Loshult,FALSE,11,1126,116303
112801,1952-01-01,1974-01-01,Hästveda,FALSE,11,1128,118309
112802,1952-01-01,1974-01-01,Farstorp,FALSE,11,1128,118310
112901,1952-01-01,1974-01-01,Verum,FALSE,11,1129,118311
112902,1952-01-01,1974-01-01,Visseltofta,FALSE,11,1129,116304
112903,1952-01-01,1974-01-01,Vittsjö,FALSE,11,1129,118312
113001,1952-01-01,1974-01-01,Norra Åkarp,FALSE,11,1130,118313
113002,1952-01-01,1974-01-01,Vankiva,FALSE,11,1130,118314
113101,1952-01-01,1971-01-01,Ignaberga,FALSE,11,1131,118302
113102,1952-01-01,1971-01-01,Stoby,FALSE,11,1131,118303
113103,1952-01-01,1971-01-01,Norra Sandby,FALSE,11,1131,118304
113201,1952-01-01,1974-01-01,Gumlösa,FALSE,11,1132,118306
113202,1952-01-01,1974-01-01,Sörby,FALSE,11,1132,118307
113203,1952-01-01,1974-01-01,"Vinslöv, del",TRUE,11,1132,113203
113204,1952-01-01,1974-01-01,Nävlinge,FALSE,11,1132,118308
113301,1952-01-01,1974-01-01,Norra Mellby,FALSE,11,1133,118315
113302,1952-01-01,1974-01-01,Häglinge,FALSE,11,1133,118316
113304,1952-01-01,1974-01-01,Brönnestad,FALSE,11,1133,118317
113401,1952-01-01,1974-01-01,Matteröd,FALSE,11,1134,118318
113402,1952-01-01,1974-01-01,Finja,FALSE,11,1134,118319
113403,1952-01-01,1974-01-01,Hörja,FALSE,11,1134,118320
113404,1952-01-01,1974-01-01,Röke,FALSE,11,1134,118321
113405,1952-01-01,1974-01-01,Västra Torup,FALSE,11,1134,118322
113501,1952-01-01,1974-01-01,Färingtofta,FALSE,11,1135,116604
113502,1952-01-01,1974-01-01,Riseberga,FALSE,11,1135,116605
113601,1967-01-01,1971-01-01,Skånes-Fagerhult,FALSE,11,1136,113703
113701,1952-01-01,1997-01-01,Örkelljunga,FALSE,11,1137,113701
113702,1952-01-01,1997-01-01,Rya,FALSE,11,1137,113702
113703,1971-01-01,1997-01-01,Skånes-Fagerhult,FALSE,11,1137,113703
113801,1952-01-01,1971-01-01,Tåssjö,FALSE,11,1138,118204
113802,1952-01-01,1971-01-01,Munka-Ljungby,FALSE,11,1138,118205
113901,1952-01-01,1974-01-01,Össjö,FALSE,11,1139,118212
113902,1952-01-01,1974-01-01,Källna,FALSE,11,1139,116606
113903,1952-01-01,1974-01-01,Östra Ljungby,FALSE,11,1139,116607
114001,1967-01-01,1974-01-01,Kvidinge,FALSE,11,1140,116703
114101,1952-01-01,1971-01-01,Strövelstorp,FALSE,11,1141,118206
114102,1952-01-01,1971-01-01,Ausås,FALSE,11,1141,118207
114103,1952-01-01,1971-01-01,Starby,FALSE,11,1141,118208
114201,1967-01-01,1971-01-01,Barkåkra,FALSE,11,1142,118209
114301,1952-01-01,1971-01-01,Tåstarp,FALSE,11,1143,118210
114302,1952-01-01,1971-01-01,Hjärnarp,FALSE,11,1143,118211
114401,1952-01-01,1971-01-01,Förslöv,FALSE,11,1144,116802
114402,1952-01-01,1971-01-01,Grevie,FALSE,11,1144,116803
114501,1952-01-01,1971-01-01,Västra Karup,FALSE,11,1145,116804
114502,1952-01-01,1971-01-01,Hov,FALSE,11,1145,116805
114503,1952-01-01,1971-01-01,Torekov,FALSE,11,1145,116806
116001,1952-01-01,1997-01-01,Ullstorp,FALSE,11,1160,116001
116002,1952-01-01,1997-01-01,Benestad,FALSE,11,1160,116002
116003,1952-01-01,1997-01-01,Ramsåsa,FALSE,11,1160,116003
116004,1952-01-01,1997-01-01,Tryde,FALSE,11,1160,116004
116005,1952-01-01,1997-01-01,Tomelilla,FALSE,11,1160,116005
116006,1969-01-01,1997-01-01,Spjutstorp,FALSE,11,1160,116006
116007,1969-01-01,1997-01-01,Tranås,FALSE,11,1160,116007
116008,1969-01-01,1997-01-01,Onslunda,FALSE,11,1160,116008
116009,1969-01-01,1997-01-01,Smedstorp,FALSE,11,1160,116009
116010,1969-01-01,1997-01-01,Kverrestad,FALSE,11,1160,116010
116011,1969-01-01,1997-01-01,Eljaröd,FALSE,11,1160,116011
116012,1969-01-01,1997-01-01,Fågeltofta,FALSE,11,1160,116012
116013,1969-01-01,1997-01-01,Andrarum,FALSE,11,1160,116013
116014,1969-01-01,1997-01-01,Brösarp,FALSE,11,1160,116014
116015,1969-01-01,1997-01-01,Östra Ingelstad,FALSE,11,1160,116015
116016,1971-01-01,1997-01-01,Bollerup,FALSE,11,1160,116016
116017,1971-01-01,1997-01-01,Tosterup,FALSE,11,1160,116017
116018,1971-01-01,1997-01-01,Övraby,FALSE,11,1160,116018
116101,1967-01-01,1971-01-01,Åhus,FALSE,11,1161,118015
116201,1967-01-01,1997-01-01,Ivetofta,FALSE,11,1162,116201
116202,1967-01-01,1997-01-01,Gualöv,FALSE,11,1162,116202
116203,1974-01-01,1997-01-01,Näsum,FALSE,11,1162,116203
116301,1967-01-01,1997-01-01,Osby,FALSE,11,1163,116301
116302,1974-01-01,1997-01-01,Örkened,FALSE,11,1163,116302
116303,1974-01-01,1997-01-01,Loshult,FALSE,11,1163,116303
116304,1974-01-01,1997-01-01,Visseltofta,FALSE,11,1163,116304
116401,1967-01-01,1974-01-01,"Vinslöv, del",TRUE,11,1164,118305
116501,1952-01-01,1971-01-01,Perstorp,FALSE,11,1165,116501
116501,1971-01-01,1997-01-01,Perstorp,FALSE,11,1165,116501
116502,1952-01-01,1971-01-01,Oderljunga,FALSE,11,1165,116502
116601,1952-01-01,1997-01-01,Klippan,FALSE,11,1166,116601
116602,1952-01-01,1997-01-01,Vedby,FALSE,11,1166,116602
116603,1952-01-01,1997-01-01,Västra Sönnarslöv,FALSE,11,1166,116603
116604,1974-01-01,1997-01-01,Färingtofta,FALSE,11,1166,116604
116605,1974-01-01,1997-01-01,Riseberga,FALSE,11,1166,116605
116606,1974-01-01,1977-01-01,Källna,FALSE,11,1166,116606
116607,1974-01-01,1997-01-01,Östra Ljungby,FALSE,11,1166,116607
116701,1952-01-01,1997-01-01,Björnekulla,FALSE,11,1167,116701
116702,1952-01-01,1997-01-01,Västra Broby,FALSE,11,1167,116702
116703,1974-01-01,1997-01-01,Kvidinge,FALSE,11,1167,116703
116801,1967-01-01,1997-01-01,Båstad,FALSE,11,1168,116801
116802,1971-01-01,1997-01-01,Förslöv,FALSE,11,1168,116802
116803,1971-01-01,1997-01-01,Grevie,FALSE,11,1168,116803
116804,1971-01-01,1997-01-01,Västra Karup,FALSE,11,1168,116804
116805,1971-01-01,1997-01-01,Hov,FALSE,11,1168,116805
116806,1971-01-01,1997-01-01,Torekov,FALSE,11,1168,116806
116807,1971-01-01,1997-01-01,Östra Karup,FALSE,11,1168,116807
118001,1952-01-01,1997-01-01,Kristianstads Heliga Trefaldighet,FALSE,11,1180,118001
118002,1952-01-01,1997-01-01,Norra Åsum,FALSE,11,1180,118002
118003,1967-01-01,1997-01-01,Äsphult,FALSE,11,1180,118003
118004,1967-01-01,1997-01-01,Djurröd,FALSE,11,1180,118004
118005,1967-01-01,1997-01-01,Träne,FALSE,11,1180,118005
118006,1967-01-01,1997-01-01,Skepparslöv,FALSE,11,1180,118006
118007,1967-01-01,1997-01-01,Vä,FALSE,11,1180,118007
118008,1967-01-01,1997-01-01,Köpinge,FALSE,11,1180,118008
118009,1967-01-01,1997-01-01,Nosaby,FALSE,11,1180,118009
118010,1967-01-01,1997-01-01,Fjälkestad,FALSE,11,1180,118010
118011,1967-01-01,1997-01-01,Österslöv,FALSE,11,1180,118011
118012,1967-01-01,1997-01-01,Norra Strö,FALSE,11,1180,118012
118013,1967-01-01,1997-01-01,Önnestad,FALSE,11,1180,118013
118014,1967-01-01,1997-01-01,Färlöv,FALSE,11,1180,118014
118015,1971-01-01,1997-01-01,Åhus,FALSE,11,1180,118015
118016,1971-01-01,1997-01-01,Östra Sönnarslöv,FALSE,11,1180,118016
118017,1971-01-01,1997-01-01,Everöd,FALSE,11,1180,118017
118018,1971-01-01,1997-01-01,Lyngsjö,FALSE,11,1180,118018
118019,1971-01-01,1997-01-01,Rinkaby,FALSE,11,1180,118019
118020,1971-01-01,1997-01-01,Nymö,FALSE,11,1180,118020
118021,1971-01-01,1997-01-01,Trolle-Ljungby,FALSE,11,1180,118021
118022,1971-01-01,1997-01-01,Ivö,FALSE,11,1180,118022
118023,1971-01-01,1997-01-01,Kiaby,FALSE,11,1180,118023
118024,1971-01-01,1997-01-01,Fjälkinge,FALSE,11,1180,118024
118025,1971-01-01,1997-01-01,Gustav Adolf,FALSE,11,1180,118025
118026,1974-01-01,1997-01-01,Maglehem,FALSE,11,1180,118026
118027,1974-01-01,1997-01-01,Hörröd,FALSE,11,1180,118027
118028,1974-01-01,1997-01-01,Huaröd,FALSE,11,1180,118028
118029,1974-01-01,1997-01-01,Degeberga,FALSE,11,1180,118029
118030,1974-01-01,1997-01-01,Vittskövle,FALSE,11,1180,118030
118031,1974-01-01,1997-01-01,Östra Vram,FALSE,11,1180,118031
118032,1974-01-01,1997-01-01,Västra Vram,FALSE,11,1180,118032
118033,1974-01-01,1997-01-01,Linderöd,FALSE,11,1180,118033
118034,1974-01-01,1997-01-01,Vånga,FALSE,11,1180,118034
118035,1974-01-01,1997-01-01,Oppmanna,FALSE,11,1180,118035
118101,1952-01-01,1997-01-01,Simrishamn,FALSE,11,1181,118101
118102,1952-01-01,1997-01-01,Simris,FALSE,11,1181,118102
118103,1952-01-01,1997-01-01,Östra Nöbbelöv,FALSE,11,1181,118103
118104,1952-01-01,1997-01-01,Järrestad,FALSE,11,1181,118104
118105,1952-01-01,1997-01-01,Gladsax,FALSE,11,1181,118105
118106,1969-01-01,1997-01-01,Östra Hoby,FALSE,11,1181,118106
118107,1969-01-01,1997-01-01,Borrby,FALSE,11,1181,118107
118108,1969-01-01,1997-01-01,Bolshög,FALSE,11,1181,118108
118109,1969-01-01,1997-01-01,Östra Tommarp,FALSE,11,1181,118109
118110,1969-01-01,1997-01-01,Östra Vemmerlöv,FALSE,11,1181,118110
118111,1969-01-01,1997-01-01,Stiby,FALSE,11,1181,118111
118112,1969-01-01,1997-01-01,Ravlunda,FALSE,11,1181,118112
118113,1969-01-01,1997-01-01,Östra Herrestad,FALSE,11,1181,118113
118114,1969-01-01,1997-01-01,Hannas,FALSE,11,1181,118114
118115,1969-01-01,1997-01-01,Hammenhög,FALSE,11,1181,118115
118116,1969-01-01,1997-01-01,Vallby,FALSE,11,1181,118116
118117,1974-01-01,1997-01-01,S:t Olof,FALSE,11,1181,118117
118118,1974-01-01,1997-01-01,Rörum,FALSE,11,1181,118118
118119,1974-01-01,1997-01-01,Södra Mellby,FALSE,11,1181,118119
118120,1974-01-01,1997-01-01,Vitaby,FALSE,11,1181,118120
118201,1952-01-01,1997-01-01,Ängelholm,FALSE,11,1182,118201
118202,1952-01-01,1997-01-01,Rebbelberga,FALSE,11,1182,118202
118203,1952-01-01,1997-01-01,Höja,FALSE,11,1182,118203
118204,1971-01-01,1997-01-01,Tåssjö,FALSE,11,1182,118204
118205,1971-01-01,1997-01-01,Munka-Ljungby,FALSE,11,1182,118205
118206,1971-01-01,1997-01-01,Strövelstorp,FALSE,11,1182,118206
118207,1971-01-01,1997-01-01,Ausås,FALSE,11,1182,118207
118208,1971-01-01,1997-01-01,Starby,FALSE,11,1182,118208
118209,1971-01-01,1997-01-01,Barkåkra,FALSE,11,1182,118209
118210,1971-01-01,1997-01-01,Tåstarp,FALSE,11,1182,118210
118211,1971-01-01,1997-01-01,Hjärnarp,FALSE,11,1182,118211
118212,1974-01-01,1997-01-01,Össjö,FALSE,11,1182,118212
118301,1967-01-01,1997-01-01,Hässleholm,FALSE,11,1183,118301
118302,1971-01-01,1997-01-01,Ignaberga,FALSE,11,1183,118302
118303,1971-01-01,1997-01-01,Stoby,FALSE,11,1183,118303
118304,1971-01-01,1997-01-01,Norra Sandby,FALSE,11,1183,118304
118305,1974-01-01,1997-01-01,Vinslöv,FALSE,11,1183,118305
118306,1974-01-01,1997-01-01,Gumlösa,FALSE,11,1183,118306
118307,1974-01-01,1997-01-01,Sörby,FALSE,11,1183,118307
118308,1974-01-01,1997-01-01,Nävlinge,FALSE,11,1183,118308
118309,1974-01-01,1997-01-01,Hästveda,FALSE,11,1183,118309
118310,1974-01-01,1997-01-01,Farstorp,FALSE,11,1183,118310
118311,1974-01-01,1997-01-01,Verum,FALSE,11,1183,118311
118312,1974-01-01,1997-01-01,Vittsjö,FALSE,11,1183,118312
118313,1974-01-01,1997-01-01,Norra Åkarp,FALSE,11,1183,118313
118314,1974-01-01,1997-01-01,Vankiva,FALSE,11,1183,118314
118315,1974-01-01,1997-01-01,Norra Mellby,FALSE,11,1183,118315
118316,1974-01-01,1997-01-01,Häglinge,FALSE,11,1183,118316
118317,1974-01-01,1997-01-01,Brönnestad,FALSE,11,1183,118317
118318,1974-01-01,1997-01-01,Matteröd,FALSE,11,1183,118318
118319,1974-01-01,1997-01-01,Finja,FALSE,11,1183,118319
118320,1974-01-01,1997-01-01,Hörja,FALSE,11,1183,118320
118321,1974-01-01,1997-01-01,Röke,FALSE,11,1183,118321
118322,1974-01-01,1997-01-01,Västra Torup,FALSE,11,1183,118322
120101,1967-01-01,1971-01-01,Brunnby,FALSE,12,1201,128404
120301,1952-01-01,1971-01-01,Jonstorp,FALSE,12,1203,128405
120302,1952-01-01,1971-01-01,Farhult,FALSE,12,1203,128406
120401,1952-01-01,1971-01-01,Välinge,FALSE,12,1204,128304
120402,1952-01-01,1971-01-01,Kattarp,FALSE,12,1204,128305
120501,1952-01-01,1971-01-01,Allerum,FALSE,12,1205,128306
120502,1952-01-01,1971-01-01,Fleninge,FALSE,12,1205,128307
120601,1952-01-01,1971-01-01,Kropp,FALSE,12,1206,128308
120602,1952-01-01,1971-01-01,Välluv,FALSE,12,1206,128309
120603,1952-01-01,1971-01-01,Frillestad,FALSE,12,1206,128310
120604,1952-01-01,1971-01-01,Hässlunda,FALSE,12,1206,128311
120605,1952-01-01,1971-01-01,Mörarp,FALSE,12,1206,128312
120701,1952-01-01,1974-01-01,Risekatslösa,FALSE,12,1207,126002
120702,1952-01-01,1974-01-01,Norra Vram,FALSE,12,1207,126003
120901,1967-01-01,1974-01-01,Ekeby,FALSE,12,1209,126004
121001,1952-01-01,1971-01-01,Bårslöv,FALSE,12,1210,128313
121002,1952-01-01,1971-01-01,Ottarp,FALSE,12,1210,128314
121003,1952-01-01,1971-01-01,Fjärestad,FALSE,12,1210,128315
121004,1952-01-01,1971-01-01,Kvistofta,FALSE,12,1210,128316
121201,1952-01-01,1974-01-01,Glumslöv,FALSE,12,1212,128207
121202,1952-01-01,1974-01-01,Härslöv,FALSE,12,1212,128208
121203,1952-01-01,1974-01-01,Säby,FALSE,12,1212,128209
121204,1952-01-01,1974-01-01,Vadensjö,FALSE,12,1212,128210
121205,1952-01-01,1974-01-01,Örja,FALSE,12,1212,128211
121401,1952-01-01,2002-01-01,Tirup,FALSE,12,1214,121401
121402,1952-01-01,2002-01-01,Svalöv,FALSE,12,1214,121402
121402,2002-01-01,2014-01-01,Svalövsbygden,FALSE,12,1214,121402
121402,2014-01-01,NA,Svalöv,FALSE,12,1214,121402
121403,1952-01-01,2002-01-01,Felestad,FALSE,12,1214,121403
121404,1969-01-01,2006-01-01,Stenestad,FALSE,12,1214,121404
121405,1969-01-01,2006-01-01,Kågeröd,FALSE,12,1214,121405
121405,2006-01-01,NA,Kågeröd-Röstånga,FALSE,12,1214,121405
121406,1969-01-01,2006-01-01,Halmstad,FALSE,12,1214,121406
121407,1969-01-01,2006-01-01,Sireköpinge,FALSE,12,1214,121407
121408,1969-01-01,2006-01-01,Billeberga,FALSE,12,1214,121408
121408,2006-01-01,NA,Billeberga-Sireköpinge,FALSE,12,1214,121408
121409,1969-01-01,2006-01-01,Källs-Nöbbelöv,FALSE,12,1214,121409
121410,1969-01-01,2006-01-01,Norra Skrävlinge,FALSE,12,1214,121410
121410,2006-01-01,NA,Teckomatorp,FALSE,12,1214,121410
121411,1969-01-01,2006-01-01,Norrvidinge,FALSE,12,1214,121411
121412,1969-01-01,2006-01-01,Konga,FALSE,12,1214,121412
121413,1969-01-01,2006-01-01,Röstånga,FALSE,12,1214,121413
121414,1969-01-01,2006-01-01,Ask,FALSE,12,1214,121414
121415,1971-01-01,2002-01-01,Torrlösa,FALSE,12,1214,121415
121601,1952-01-01,1971-01-01,Reslöv,FALSE,12,1216,128511
121602,1952-01-01,1971-01-01,Östra Karaby,FALSE,12,1216,128512
121603,1952-01-01,1971-01-01,Torrlösa,FALSE,12,1216,121415
122101,1952-01-01,1974-01-01,Hofterup,FALSE,12,1221,126110
122102,1952-01-01,1974-01-01,Barsebäck,FALSE,12,1221,126111
122103,1952-01-01,1974-01-01,Löddeköpinge,FALSE,12,1221,126112
122104,1952-01-01,1974-01-01,Hög,FALSE,12,1221,126113
122501,1952-01-01,1974-01-01,Hardeberga,FALSE,12,1225,128112
122502,1952-01-01,1974-01-01,Södra Sandby,FALSE,12,1225,128113
122503,1952-01-01,1974-01-01,Revinge,FALSE,12,1225,128114
122601,1952-01-01,1974-01-01,Hällestad,FALSE,12,1226,128115
122602,1952-01-01,1974-01-01,Dalby,FALSE,12,1226,128116
122603,1952-01-01,1974-01-01,Bonderup,FALSE,12,1226,128117
122701,1952-01-01,1974-01-01,Gödelöv,FALSE,12,1227,128118
122702,1952-01-01,1974-01-01,Lyngby,FALSE,12,1227,128119
122703,1952-01-01,1974-01-01,Genarp,FALSE,12,1227,128120
122801,1952-01-01,1974-01-01,Veberöd,FALSE,12,1228,128121
122802,1952-01-01,1974-01-01,Vomb,FALSE,12,1228,128122
122803,1952-01-01,1974-01-01,Silvåkra,FALSE,12,1228,128123
122901,1952-01-01,1977-01-01,Bjärshög,FALSE,12,1229,126305
122902,1952-01-01,1977-01-01,Skabersjö,FALSE,12,1229,126306
122903,1952-01-01,1977-01-01,Bara,FALSE,12,1229,126307
122904,1952-01-01,1977-01-01,Hyby,FALSE,12,1229,126308
123001,1952-01-01,2000-01-01,Esarp,FALSE,12,1230,123001
123002,1952-01-01,2000-01-01,Kyrkheddinge,FALSE,12,1230,123002
123003,1952-01-01,2000-01-01,Bjällerup,FALSE,12,1230,123003
123004,1952-01-01,2002-01-01,Knästorp,FALSE,12,1230,123004
123006,1965-01-01,2002-01-01,Uppåkra,FALSE,12,1230,123006
123006,2002-01-01,NA,Uppåkra,FALSE,12,1230,123006
123007,1964-01-01,2000-01-01,Staffanstorp,FALSE,12,1230,123007
123009,1952-01-01,2002-01-01,Mölleberga,FALSE,12,1230,123009
123010,1952-01-01,2002-01-01,Särslöv,FALSE,12,1230,123010
123011,1952-01-01,2002-01-01,Görslöv,FALSE,12,1230,123011
123012,1952-01-01,2002-01-01,Tottarp,FALSE,12,1230,123012
123013,2000-01-01,NA,S:t Staffan,FALSE,12,1230,123013
123101,1967-01-01,NA,Burlöv,FALSE,12,1231,123101
123201,1952-01-01,1971-01-01,Bunkeflo,FALSE,12,1232,128019
123202,1952-01-01,1971-01-01,Västra Klagstorp,FALSE,12,1232,128020
123203,1952-01-01,1971-01-01,Tygelsjö,FALSE,12,1232,128021
123301,1952-01-01,1986-01-01,Gässie,FALSE,12,1233,123301
123301,1986-01-01,2002-01-01,Gessie,FALSE,12,1233,123301
123302,1952-01-01,2002-01-01,Eskilstorp,FALSE,12,1233,123302
123303,1952-01-01,2002-01-01,Hököpinge,FALSE,12,1233,123303
123304,1952-01-01,2002-01-01,Vellinge,FALSE,12,1233,123304
123304,2002-01-01,NA,Vellinge-Månstorp,FALSE,12,1233,123304
123305,1974-01-01,NA,Skanör,FALSE,12,1233,123305
123306,1974-01-01,2002-01-01,Falsterbo,FALSE,12,1233,123306
123307,1974-01-01,1998-01-01,Håslöv,FALSE,12,1233,123307
123308,1974-01-01,2002-01-01,Stora Hammar,FALSE,12,1233,123308
123309,1974-01-01,NA,Räng,FALSE,12,1233,123309
123310,1974-01-01,2002-01-01,Södra Åkarp,FALSE,12,1233,123310
123311,1974-01-01,2002-01-01,Mellan-Grevie,FALSE,12,1233,123311
123312,1974-01-01,2002-01-01,Östra Grevie,FALSE,12,1233,123312
123313,1974-01-01,2002-01-01,Västra Ingelstad,FALSE,12,1233,123313
123314,1974-01-01,2002-01-01,Arrie,FALSE,12,1233,123314
123401,1952-01-01,1974-01-01,Håslöv,FALSE,12,1234,123307
123402,1952-01-01,1974-01-01,Stora Hammar,FALSE,12,1234,123308
123403,1952-01-01,1974-01-01,Räng,FALSE,12,1234,123309
123601,1952-01-01,1974-01-01,Södra Åkarp,FALSE,12,1236,123310
123602,1952-01-01,1974-01-01,Mellan-Grevie,FALSE,12,1236,123311
123603,1952-01-01,1974-01-01,Östra Grevie,FALSE,12,1236,123312
123604,1952-01-01,1974-01-01,Västra Ingelstad,FALSE,12,1236,123313
123605,1952-01-01,1974-01-01,Västra Kärrstorp,FALSE,12,1236,126303
123606,1952-01-01,1974-01-01,Törringe,FALSE,12,1236,126304
123607,1952-01-01,1974-01-01,Arrie,FALSE,12,1236,123314
124201,1952-01-01,1971-01-01,Svenstorp,FALSE,12,1242,126403
124202,1952-01-01,1971-01-01,Västra Vemmenhög,FALSE,12,1242,126404
124203,1952-01-01,1971-01-01,Östra Vemmenhög,FALSE,12,1242,126405
124204,1952-01-01,1971-01-01,Skivarp,FALSE,12,1242,126406
124205,1952-01-01,1971-01-01,Västra Nöbbelöv,FALSE,12,1242,126407
124301,1952-01-01,1971-01-01,Katslösa,FALSE,12,1243,126408
124302,1952-01-01,1971-01-01,Solberga,FALSE,12,1243,126409
124303,1952-01-01,1971-01-01,Örsjö,FALSE,12,1243,126410
124304,1952-01-01,1971-01-01,Slimminge,FALSE,12,1243,126411
124305,1952-01-01,1971-01-01,Villie,FALSE,12,1243,126412
124401,1952-01-01,1971-01-01,Skårby,FALSE,12,1244,128602
124402,1952-01-01,1971-01-01,Sjörup,FALSE,12,1244,128603
124403,1952-01-01,1971-01-01,Snårestad,FALSE,12,1244,128604
124404,1952-01-01,1971-01-01,Balkåkra,FALSE,12,1244,128605
124405,1952-01-01,1971-01-01,Bjäresjö,FALSE,12,1244,128606
124501,1952-01-01,1971-01-01,Hedeskoga,FALSE,12,1245,128607
124502,1952-01-01,1971-01-01,Bromma,FALSE,12,1245,128608
124503,1952-01-01,1971-01-01,Öja,FALSE,12,1245,128609
124504,1952-01-01,1971-01-01,Stora Herrestad,FALSE,12,1245,128610
124505,1952-01-01,1971-01-01,Stora Köpinge,FALSE,12,1245,128611
124506,1952-01-01,1971-01-01,Högestad,FALSE,12,1245,128612
124507,1952-01-01,1971-01-01,Borrie,FALSE,12,1245,128613
124508,1952-01-01,1971-01-01,Sövestad,FALSE,12,1245,128614
124509,1952-01-01,1971-01-01,Baldringe,FALSE,12,1245,128615
124601,1952-01-01,1974-01-01,Sövde,FALSE,12,1246,126504
124602,1952-01-01,1974-01-01,Blentarp,FALSE,12,1246,126505
124603,1952-01-01,1974-01-01,Everlöv,FALSE,12,1246,126506
124701,1952-01-01,1974-01-01,Tolånga,FALSE,12,1247,126507
124702,1952-01-01,1974-01-01,Röddinge,FALSE,12,1247,126508
124703,1952-01-01,1974-01-01,Vanstad,FALSE,12,1247,126509
124704,1952-01-01,1974-01-01,Lövestad,FALSE,12,1247,126510
124801,1952-01-01,1974-01-01,Fränninge,FALSE,12,1248,126511
124802,1952-01-01,1974-01-01,Vollsjö,FALSE,12,1248,126512
124803,1952-01-01,1974-01-01,Brandstad,FALSE,12,1248,126513
124901,1952-01-01,1974-01-01,Öved,FALSE,12,1249,126514
124902,1952-01-01,1974-01-01,Östra Kärrstorp,FALSE,12,1249,126515
124903,1952-01-01,1974-01-01,Östraby,FALSE,12,1249,126610
124904,1952-01-01,1974-01-01,Västerstad,FALSE,12,1249,126611
125201,1952-01-01,1971-01-01,Högseröd,FALSE,12,1252,128513
125202,1952-01-01,1971-01-01,Harlösa,FALSE,12,1252,128514
125203,1952-01-01,1971-01-01,Hammarlunda,FALSE,12,1252,128515
125301,1952-01-01,1971-01-01,Holmby,FALSE,12,1253,128516
125302,1952-01-01,1971-01-01,Gårdstånga,FALSE,12,1253,128517
125303,1952-01-01,1971-01-01,Skeglinge,FALSE,12,1253,128518
125304,1952-01-01,1971-01-01,Borlunda,FALSE,12,1253,128519
125305,1952-01-01,1971-01-01,Skarhult,FALSE,12,1253,128520
125306,1952-01-01,1971-01-01,Östra Strö,FALSE,12,1253,128521
125601,1997-01-01,NA,Knislinge,FALSE,12,1256,125601
125602,1997-01-01,2006-01-01,Gryt,FALSE,12,1256,125602
125603,1997-01-01,NA,Kviinge,FALSE,12,1256,125603
125604,1997-01-01,2022-01-01,Hjärsås,FALSE,12,1256,125604
125605,1997-01-01,2014-01-01,Emmislöv,FALSE,12,1256,125605
125606,1997-01-01,2014-01-01,Östra Broby,FALSE,12,1256,125606
125606,2014-01-01,NA,Broby-Emmislöv,FALSE,12,1256,125606
125607,1997-01-01,2022-01-01,Glimåkra,FALSE,12,1256,125607
125701,1997-01-01,NA,Örkelljunga,FALSE,12,1257,125701
125702,1997-01-01,NA,Rya,FALSE,12,1257,125702
125703,1997-01-01,NA,Skånes-Fagerhult,FALSE,12,1257,125703
126001,1967-01-01,2006-01-01,Bjuv,FALSE,12,1260,126001
126001,2006-01-01,NA,Bjuv,FALSE,12,1260,126001
126002,1974-01-01,2006-01-01,Risekatslösa,FALSE,12,1260,126002
126003,1974-01-01,2006-01-01,Norra Vram,FALSE,12,1260,126003
126004,1974-01-01,2020-01-01,Ekeby,FALSE,12,1260,126004
126101,1967-01-01,2006-01-01,Kävlinge,FALSE,12,1261,126101
126101,2006-01-01,NA,Kävlinge,FALSE,12,1261,126101
126102,1967-01-01,2016-01-01,Dagstorp,FALSE,12,1261,126102
126103,1967-01-01,2016-01-01,Västra Karaby,FALSE,12,1261,126103
126103,2016-01-01,2022-01-01,Västra Karaby och Dagstorp,FALSE,12,1261,126103
126104,1969-01-01,1998-01-01,Lackalänga,FALSE,12,1261,126104
126104,1998-01-01,NA,Lackalänga-Stävie,FALSE,12,1261,126104
126105,1969-01-01,1998-01-01,Stävie,FALSE,12,1261,126105
126106,1969-01-01,2006-01-01,Södervidinge,FALSE,12,1261,126106
126107,1969-01-01,2006-01-01,Virke,FALSE,12,1261,126107
126108,1969-01-01,2006-01-01,Lilla Harrie,FALSE,12,1261,126108
126109,1969-01-01,2006-01-01,Stora Harrie,FALSE,12,1261,126109
126110,1974-01-01,2022-01-01,Hofterup,FALSE,12,1261,126110
126111,1974-01-01,2002-01-01,Barsebäck,FALSE,12,1261,126111
126112,1974-01-01,NA,Löddeköpinge,FALSE,12,1261,126112
126113,1974-01-01,2002-01-01,Hög,FALSE,12,1261,126113
126201,1967-01-01,NA,Lomma,FALSE,12,1262,126201
126202,1963-01-01,2000-01-01,Borgeby,FALSE,12,1262,126202
126203,1963-01-01,2000-01-01,Flädie,FALSE,12,1262,126203
126204,1963-01-01,2000-01-01,Fjelie,FALSE,12,1262,126204
126205,2000-01-01,NA,Bjärred,FALSE,12,1262,126205
126301,1967-01-01,2002-01-01,Svedala,FALSE,12,1263,126301
126301,2002-01-01,NA,Svedala,FALSE,12,1263,126301
126302,1967-01-01,2002-01-01,Börringe,FALSE,12,1263,126302
126303,1974-01-01,2002-01-01,Västra Kärrstorp,FALSE,12,1263,126303
126304,1974-01-01,1998-01-01,Törringe,FALSE,12,1263,126304
126305,1977-01-01,2002-01-01,Bjärshög,FALSE,12,1263,126305
126306,1977-01-01,2002-01-01,Skabersjö,FALSE,12,1263,126306
126307,1977-01-01,NA,Bara,FALSE,12,1263,126307
126308,1977-01-01,2002-01-01,Hyby,FALSE,12,1263,126308
126401,1952-01-01,1995-01-01,Skurup,FALSE,12,1264,126401
126401,1995-01-01,NA,Skurup,FALSE,12,1264,126401
126402,1952-01-01,1995-01-01,Hassle-Bösarp,FALSE,12,1264,126402
126403,1971-01-01,2002-01-01,Svenstorp,FALSE,12,1264,126403
126404,1971-01-01,2002-01-01,Västra Vemmenhög,FALSE,12,1264,126404
126405,1971-01-01,2002-01-01,Östra Vemmenhög,FALSE,12,1264,126405
126406,1971-01-01,NA,Skivarp,FALSE,12,1264,126406
126407,1971-01-01,2002-01-01,Västra Nöbbelöv,FALSE,12,1264,126407
126408,1971-01-01,2002-01-01,Katslösa,FALSE,12,1264,126408
126409,1971-01-01,2002-01-01,Solberga,FALSE,12,1264,126409
126410,1971-01-01,2002-01-01,Örsjö,FALSE,12,1264,126410
126411,1971-01-01,2002-01-01,Slimminge,FALSE,12,1264,126411
126412,1971-01-01,NA,Villie,FALSE,12,1264,126412
126501,1952-01-01,2002-01-01,Ilstorp,FALSE,12,1265,126501
126502,1952-01-01,2002-01-01,Björka,FALSE,12,1265,126502
126503,1952-01-01,2002-01-01,Södra Åsum,FALSE,12,1265,126503
126503,2002-01-01,NA,Sjöbo,FALSE,12,1265,126503
126504,1974-01-01,2006-01-01,Sövde,FALSE,12,1265,126504
126505,1974-01-01,NA,Blentarp,FALSE,12,1265,126505
126506,1974-01-01,2006-01-01,Everlöv,FALSE,12,1265,126506
126507,1974-01-01,2010-01-01,Tolånga,FALSE,12,1265,126507
126508,1974-01-01,2010-01-01,Röddinge,FALSE,12,1265,126508
126509,1974-01-01,2010-01-01,Vanstad,FALSE,12,1265,126509
126510,1974-01-01,NA,Lövestad,FALSE,12,1265,126510
126511,1974-01-01,NA,Fränninge,FALSE,12,1265,126511
126512,1974-01-01,2002-01-01,Vollsjö,FALSE,12,1265,126512
126513,1974-01-01,2002-01-01,Brandstad,FALSE,12,1265,126513
126514,1974-01-01,2002-01-01,Öved,FALSE,12,1265,126514
126515,1974-01-01,2010-01-01,Östra Kärrstorp,FALSE,12,1265,126515
126602,1969-01-01,2002-01-01,Hörby,FALSE,12,1266,126602
126602,2002-01-01,2014-01-01,Hörby,FALSE,12,1266,126602
126602,2014-01-01,NA,Hörby,FALSE,12,1266,126602
126603,1969-01-01,2006-01-01,Östra Sallerup,FALSE,12,1266,126603
126604,1969-01-01,2006-01-01,Långaröd,FALSE,12,1266,126604
126605,1969-01-01,2002-01-01,Svensköp,FALSE,12,1266,126605
126606,1969-01-01,2002-01-01,Äspinge,FALSE,12,1266,126606
126607,1969-01-01,2002-01-01,Södra Rörum,FALSE,12,1266,126607
126608,1969-01-01,2002-01-01,Fulltofta,FALSE,12,1266,126608
126609,1969-01-01,2002-01-01,Lyby,FALSE,12,1266,126609
126610,1974-01-01,2006-01-01,Östraby,FALSE,12,1266,126610
126611,1974-01-01,2014-01-01,Västerstad,FALSE,12,1266,126611
126702,1969-01-01,2006-01-01,Höör,FALSE,12,1267,126702
126702,2006-01-01,NA,Höör,FALSE,12,1267,126702
126703,1969-01-01,2002-01-01,Gudmuntorp,FALSE,12,1267,126703
126704,1969-01-01,2002-01-01,Bosjökloster,FALSE,12,1267,126704
126704,2002-01-01,2020-01-01,"Ringsjö, del",TRUE,12,1267,126704
126705,1969-01-01,2006-01-01,Munkarp,FALSE,12,1267,126705
126706,1969-01-01,2006-01-01,Hallaröd,FALSE,12,1267,126706
126707,1969-01-01,2006-01-01,Norra Rörum,FALSE,12,1267,126707
126708,1969-01-01,2006-01-01,Tjörnarp,FALSE,12,1267,126708
127001,1997-01-01,2002-01-01,Ullstorp,FALSE,12,1270,127001
127002,1997-01-01,2002-01-01,Benestad,FALSE,12,1270,127002
127003,1997-01-01,2002-01-01,Ramsåsa,FALSE,12,1270,127003
127004,1997-01-01,2002-01-01,Tryde,FALSE,12,1270,127004
127005,1997-01-01,NA,Tomelilla,FALSE,12,1270,127005
127006,1997-01-01,2002-01-01,Spjutstorp,FALSE,12,1270,127006
127007,1997-01-01,2002-01-01,Tranås,FALSE,12,1270,127007
127008,1997-01-01,2002-01-01,Onslunda,FALSE,12,1270,127008
127009,1997-01-01,NA,Smedstorp,FALSE,12,1270,127009
127010,1997-01-01,2002-01-01,Kverrestad,FALSE,12,1270,127010
127011,1997-01-01,2002-01-01,Eljaröd,FALSE,12,1270,127011
127012,1997-01-01,2002-01-01,Fågeltofta,FALSE,12,1270,127012
127013,1997-01-01,2002-01-01,Andrarum,FALSE,12,1270,127013
127014,1997-01-01,NA,Brösarp,FALSE,12,1270,127014
127015,1997-01-01,2002-01-01,Östra Ingelstad,FALSE,12,1270,127015
127016,1997-01-01,2002-01-01,Bollerup,FALSE,12,1270,127016
127017,1997-01-01,2002-01-01,Tosterup,FALSE,12,1270,127017
127018,1997-01-01,2002-01-01,Övraby,FALSE,12,1270,127018
127201,1997-01-01,NA,Ivetofta,FALSE,12,1272,127201
127202,1997-01-01,2010-01-01,Gualöv,FALSE,12,1272,127202
127203,1997-01-01,NA,Näsum,FALSE,12,1272,127203
127301,1997-01-01,NA,Osby,FALSE,12,1273,127301
127302,1997-01-01,NA,Örkened,FALSE,12,1273,127302
127303,1997-01-01,NA,Loshult,FALSE,12,1273,127303
127304,1997-01-01,2006-01-01,Visseltofta,FALSE,12,1273,127304
127501,1997-01-01,NA,Perstorp,FALSE,12,1275,127501
127601,1997-01-01,NA,Klippan,FALSE,12,1276,127601
127602,1997-01-01,2006-01-01,Vedby,FALSE,12,1276,127602
127603,1997-01-01,2006-01-01,Västra Sönnarslöv,FALSE,12,1276,127603
127604,1997-01-01,2010-01-01,Färingtofta,FALSE,12,1276,127604
127605,1997-01-01,NA,Riseberga,FALSE,12,1276,127605
127607,1997-01-01,NA,Östra Ljungby,FALSE,12,1276,127607
127701,1997-01-01,NA,Björnekulla,FALSE,12,1277,127701
127702,1997-01-01,2002-01-01,Västra Broby,FALSE,12,1277,127702
127703,1997-01-01,NA,Kvidinge,FALSE,12,1277,127703
127801,1997-01-01,NA,Båstad,FALSE,12,1278,127801
127802,1997-01-01,NA,Förslöv,FALSE,12,1278,127802
127803,1997-01-01,2002-01-01,Grevie,FALSE,12,1278,127803
127804,1997-01-01,NA,Västra Karup,FALSE,12,1278,127804
127805,1997-01-01,2010-01-01,Hov,FALSE,12,1278,127805
127806,1997-01-01,NA,Torekov,FALSE,12,1278,127806
127807,1997-01-01,2010-01-01,Östra Karup,FALSE,12,1278,127807
128001,1952-01-01,2014-01-01,Malmö S:t Petri,FALSE,12,1280,128001
128002,1952-01-01,2014-01-01,Slottsstaden,FALSE,12,1280,128002
128002,2014-01-01,NA,Malmö S:t Petri,FALSE,12,1280,128002
128003,1952-01-01,2014-01-01,Kirseberg,FALSE,12,1280,128003
128004,1952-01-01,2014-01-01,Malmö S:t Pauli,FALSE,12,1280,128004
128005,1952-01-01,2014-01-01,Malmö S:t Johannes,FALSE,12,1280,128005
128006,1952-01-01,2002-01-01,Möllevången,FALSE,12,1280,128006
128006,2002-01-01,2014-01-01,Möllevången-Sofielund,FALSE,12,1280,128006
128006,2014-01-01,NA,Malmö S:t Johannes,FALSE,12,1280,128006
128007,1952-01-01,2014-01-01,Limhamn,FALSE,12,1280,128007
128007,2014-01-01,NA,Limhamn,FALSE,12,1280,128007
128008,1952-01-01,2014-01-01,Fosie,FALSE,12,1280,128008
128008,2014-01-01,NA,Fosie,FALSE,12,1280,128008
128009,1952-01-01,2014-01-01,Västra Skrävlinge,FALSE,12,1280,128009
128010,1952-01-01,2002-01-01,Husie,FALSE,12,1280,128010
128010,2002-01-01,2014-01-01,Husie och Södra Sallerup,FALSE,12,1280,128010
128010,2014-01-01,NA,Husie,FALSE,12,1280,128010
128011,1952-01-01,2002-01-01,Södra Sallerup,FALSE,12,1280,128011
128012,1967-01-01,1983-01-01,Glostorp,FALSE,12,1280,128012
128013,1967-01-01,1983-01-01,Lockarp,FALSE,12,1280,128013
128014,1967-01-01,1983-01-01,Oxie,FALSE,12,1280,128014
128014,1983-01-01,2014-01-01,Oxie,FALSE,12,1280,128014
128015,1969-01-01,2002-01-01,Sofielund,FALSE,12,1280,128015
128016,1969-01-01,2014-01-01,Hyllie,FALSE,12,1280,128016
128016,2014-01-01,NA,Hyllie,FALSE,12,1280,128016
128017,1969-01-01,2014-01-01,Eriksfält,FALSE,12,1280,128017
128018,1969-01-01,2014-01-01,Kulladal,FALSE,12,1280,128018
128019,1971-01-01,2014-01-01,Bunkeflo,FALSE,12,1280,128019
128020,1971-01-01,2006-01-01,Västra Klagstorp,FALSE,12,1280,128020
128021,1971-01-01,2014-01-01,Tygelsjö,FALSE,12,1280,128021
128101,1952-01-01,NA,Lunds domkyrkoförs.,FALSE,12,1281,128101
128102,1952-01-01,2009-12-29,S:t Peters Kloster,FALSE,12,1281,128102
128102,2009-12-29,NA,S:t Peters kloster,FALSE,12,1281,128102
128103,1952-01-01,2012-01-01,Stora Råby,FALSE,12,1281,128103
128104,1962-01-01,NA,Lunds Allhelgonaförs.,FALSE,12,1281,128104
128105,1967-01-01,NA,Norra Nöbbelöv,FALSE,12,1281,128105
128106,1967-01-01,1992-01-01,Vallkärra,FALSE,12,1281,128106
128107,1967-01-01,1992-01-01,Stångby,FALSE,12,1281,128107
128108,1967-01-01,1992-01-01,Västra Hoby,FALSE,12,1281,128108
128109,1967-01-01,1992-01-01,Håstad,FALSE,12,1281,128109
128110,1967-01-01,1992-01-01,Igelösa,FALSE,12,1281,128110
128111,1967-01-01,1992-01-01,Odarslöv,FALSE,12,1281,128111
128112,1974-01-01,2006-01-01,Hardeberga,FALSE,12,1281,128112
128113,1974-01-01,NA,Södra Sandby,FALSE,12,1281,128113
128114,1974-01-01,2006-01-01,Revinge,FALSE,12,1281,128114
128115,1974-01-01,2002-01-01,Hällestad,FALSE,12,1281,128115
128116,1974-01-01,NA,Dalby,FALSE,12,1281,128116
128117,1974-01-01,2002-01-01,Bonderup,FALSE,12,1281,128117
128118,1974-01-01,1995-01-01,Gödelöv,FALSE,12,1281,128118
128119,1974-01-01,1995-01-01,Lyngby,FALSE,12,1281,128119
128120,1974-01-01,NA,Genarp,FALSE,12,1281,128120
128121,1974-01-01,NA,Veberöd,FALSE,12,1281,128121
128122,1974-01-01,2002-01-01,Vomb,FALSE,12,1281,128122
128123,1974-01-01,2002-01-01,Silvåkra,FALSE,12,1281,128123
128124,1992-01-01,NA,Helgeand,FALSE,12,1281,128124
128125,1992-01-01,2012-01-01,S:t Hans,FALSE,12,1281,128125
128125,2012-01-01,NA,Lunds östra stadsförs.,FALSE,12,1281,128125
128126,1992-01-01,2012-01-01,Östra Torn,FALSE,12,1281,128126
128127,1992-01-01,NA,Torn,FALSE,12,1281,128127
128201,1967-01-01,2006-01-01,Landskrona,FALSE,12,1282,128201
128201,2006-01-01,2020-01-01,"Landskrona, del",TRUE,12,1282,128201
128202,1959-01-01,2006-01-01,S:t Ibb,FALSE,12,1282,128202
128203,1967-01-01,2006-01-01,Annelöv,FALSE,12,1282,128203
128204,1967-01-01,2006-01-01,Saxtorp,FALSE,12,1282,128204
128204,2006-01-01,NA,Saxtorp-Annelöv,FALSE,12,1282,128204
128205,1969-01-01,2005-01-01,Tofta,FALSE,12,1282,128205
128206,1969-01-01,2005-01-01,Asmundtorp,FALSE,12,1282,128206
128206,2005-01-01,2010-01-01,Asmundtorp-Tofta,FALSE,12,1282,128206
128207,1974-01-01,2020-01-01,Glumslöv,FALSE,12,1282,128207
128208,1974-01-01,2006-01-01,Härslöv,FALSE,12,1282,128208
128209,1974-01-01,1995-01-01,Säby,FALSE,12,1282,128209
128210,1974-01-01,1995-01-01,Vadensjö,FALSE,12,1282,128210
128211,1974-01-01,1995-01-01,Örja,FALSE,12,1282,128211
128301,1952-01-01,1971-01-01,Hälsingborgs Maria,FALSE,12,1283,128301
128301,1971-01-01,2014-01-01,Helsingborgs Maria,FALSE,12,1283,128301
128301,2014-01-01,NA,Helsingborgs Maria,FALSE,12,1283,128301
128302,1952-01-01,1971-01-01,Hälsingborgs Gustav Adolf,FALSE,12,1283,128302
128302,1971-01-01,2022-01-01,Helsingborgs Gustav Adolf,FALSE,12,1283,128302
128303,1952-01-01,NA,Raus,FALSE,12,1283,128303
128304,1971-01-01,2002-01-01,Välinge,FALSE,12,1283,128304
128305,1971-01-01,NA,Kattarp,FALSE,12,1283,128305
128306,1971-01-01,2014-01-01,Allerum,FALSE,12,1283,128306
128306,2014-01-01,NA,Allerum,FALSE,12,1283,128306
128307,1971-01-01,NA,Fleninge,FALSE,12,1283,128307
128308,1971-01-01,2010-01-01,Kropp,FALSE,12,1283,128308
128309,1971-01-01,2020-01-01,Välluv,FALSE,12,1283,128309
128310,1971-01-01,2002-01-01,Frillestad,FALSE,12,1283,128310
128311,1971-01-01,2002-01-01,Hässlunda,FALSE,12,1283,128311
128312,1971-01-01,2010-01-01,Mörarp,FALSE,12,1283,128312
128313,1971-01-01,2010-01-01,Bårslöv,FALSE,12,1283,128313
128314,1971-01-01,2020-01-01,Ottarp,FALSE,12,1283,128314
128315,1971-01-01,2010-01-01,Fjärestad,FALSE,12,1283,128315
128316,1971-01-01,2020-01-01,Kvistofta,FALSE,12,1283,128316
128317,1977-01-01,2022-01-01,Filborna,FALSE,12,1283,128317
128401,1967-01-01,NA,Höganäs,FALSE,12,1284,128401
128402,1967-01-01,NA,Väsby,FALSE,12,1284,128402
128403,1967-01-01,NA,Viken,FALSE,12,1284,128403
128404,1971-01-01,NA,Brunnby,FALSE,12,1284,128404
128405,1971-01-01,NA,Jonstorp,FALSE,12,1284,128405
128406,1971-01-01,2002-01-01,Farhult,FALSE,12,1284,128406
128501,1967-01-01,1971-01-01,Eslöv,FALSE,12,1285,128501
128501,1971-01-01,2022-01-01,Eslöv,FALSE,12,1285,128501
128502,1967-01-01,2002-01-01,Stehag,FALSE,12,1285,128502
128502,2002-01-01,NA,Östra Onsjö,FALSE,12,1285,128502
128503,1967-01-01,2002-01-01,Bosarp,FALSE,12,1285,128503
128504,1967-01-01,2002-01-01,Trollenäs,FALSE,12,1285,128504
128505,1967-01-01,2002-01-01,Västra Strö,FALSE,12,1285,128505
128506,1969-01-01,1971-01-01,Remmarlöv,FALSE,12,1285,128506
128507,1969-01-01,2006-01-01,Örtofta,FALSE,12,1285,128507
128508,1969-01-01,2002-01-01,Billinge,FALSE,12,1285,128508
128509,1969-01-01,2002-01-01,Hurva,FALSE,12,1285,128509
128509,2002-01-01,2020-01-01,"Ringsjö, del",TRUE,12,1285,128509
128511,1971-01-01,2014-01-01,Reslöv,FALSE,12,1285,128511
128511,2014-01-01,NA,Marieholm,FALSE,12,1285,128511
128512,1971-01-01,2002-01-01,Östra Karaby,FALSE,12,1285,128512
128513,1971-01-01,2022-01-01,Högseröd,FALSE,12,1285,128513
128514,1971-01-01,2006-01-01,Harlösa,FALSE,12,1285,128514
128515,1971-01-01,2006-01-01,Hammarlunda,FALSE,12,1285,128515
128516,1971-01-01,2008-01-01,Holmby,FALSE,12,1285,128516
128517,1971-01-01,1998-01-01,Gårdstånga,FALSE,12,1285,128517
128518,1971-01-01,1992-01-01,Skeglinge,FALSE,12,1285,128518
128519,1971-01-01,2006-01-01,Borlunda,FALSE,12,1285,128519
128520,1971-01-01,2002-01-01,Skarhult,FALSE,12,1285,128520
128521,1971-01-01,2006-01-01,Östra Strö,FALSE,12,1285,128521
128601,1967-01-01,2022-01-01,Ystad,FALSE,12,1286,128601
128602,1971-01-01,2002-01-01,Skårby,FALSE,12,1286,128602
128603,1971-01-01,2002-01-01,Sjörup,FALSE,12,1286,128603
128604,1971-01-01,2002-01-01,Snårestad,FALSE,12,1286,128604
128605,1971-01-01,NA,Balkåkra,FALSE,12,1286,128605
128606,1971-01-01,2002-01-01,Bjäresjö,FALSE,12,1286,128606
128607,1971-01-01,2002-01-01,Hedeskoga,FALSE,12,1286,128607
128608,1971-01-01,2002-01-01,Bromma,FALSE,12,1286,128608
128609,1971-01-01,2002-01-01,Öja,FALSE,12,1286,128609
128610,1971-01-01,2002-01-01,Stora Herrestad,FALSE,12,1286,128610
128611,1971-01-01,NA,Stora Köpinge,FALSE,12,1286,128611
128612,1971-01-01,2002-01-01,Högestad,FALSE,12,1286,128612
128613,1971-01-01,2002-01-01,Borrie,FALSE,12,1286,128613
128614,1971-01-01,2022-01-01,Sövestad,FALSE,12,1286,128614
128615,1971-01-01,2002-01-01,Baldringe,FALSE,12,1286,128615
128616,1971-01-01,2002-01-01,Hörup,FALSE,12,1286,128616
128617,1971-01-01,NA,Löderup,FALSE,12,1286,128617
128618,1971-01-01,2002-01-01,Valleberga,FALSE,12,1286,128618
128619,1971-01-01,2002-01-01,Ingelstorp,FALSE,12,1286,128619
128620,1971-01-01,2002-01-01,Glemminge,FALSE,12,1286,128620
128701,1967-01-01,NA,Trelleborg,FALSE,12,1287,128701
128702,1967-01-01,2002-01-01,Maglarp,FALSE,12,1287,128702
128703,1967-01-01,2002-01-01,Västra Tommarp,FALSE,12,1287,128703
128704,1967-01-01,2002-01-01,Västra Vemmerlöv,FALSE,12,1287,128704
128705,1967-01-01,2002-01-01,Hammarlöv,FALSE,12,1287,128705
128706,1967-01-01,2002-01-01,Skegrie,FALSE,12,1287,128706
128706,2002-01-01,NA,Hammarlöv,FALSE,12,1287,128706
128707,1967-01-01,2002-01-01,Bodarp,FALSE,12,1287,128707
128708,1967-01-01,2002-01-01,Fuglie,FALSE,12,1287,128708
128709,1967-01-01,1980-01-01,Fru Alstad,FALSE,12,1287,128709
128710,1967-01-01,1980-01-01,Västra Alstad,FALSE,12,1287,128710
128710,1980-01-01,2010-01-01,Alstad,FALSE,12,1287,128710
128711,1967-01-01,1980-01-01,Lilla Slågarp,FALSE,12,1287,128711
128712,1967-01-01,1980-01-01,Stora Slågarp,FALSE,12,1287,128712
128713,1967-01-01,2002-01-01,Gylle,FALSE,12,1287,128713
128714,1967-01-01,2002-01-01,Kyrkoköpinge,FALSE,12,1287,128714
128715,1967-01-01,2002-01-01,Dalköpinge,FALSE,12,1287,128715
128715,2002-01-01,NA,Dalköpinge,FALSE,12,1287,128715
128716,1967-01-01,2002-01-01,Gislöv,FALSE,12,1287,128716
128717,1967-01-01,2002-01-01,Simlinge,FALSE,12,1287,128717
128718,1966-01-01,2002-01-01,Bösarp,FALSE,12,1287,128718
128719,1967-01-01,2002-01-01,Södra Åby,FALSE,12,1287,128719
128720,1967-01-01,2002-01-01,Lilla Isie,FALSE,12,1287,128720
128721,1967-01-01,2002-01-01,Östra Torp,FALSE,12,1287,128721
128721,2002-01-01,NA,Källstorp,FALSE,12,1287,128721
128722,1967-01-01,2002-01-01,Hemmesdynge,FALSE,12,1287,128722
128723,1967-01-01,2002-01-01,Östra Klagstorp,FALSE,12,1287,128723
128724,1967-01-01,2002-01-01,Äspö,FALSE,12,1287,128724
128725,1967-01-01,2002-01-01,Lilla Beddinge,FALSE,12,1287,128725
128726,1967-01-01,2002-01-01,Tullstorp,FALSE,12,1287,128726
128727,1967-01-01,2002-01-01,Källstorp,FALSE,12,1287,128727
128728,1967-01-01,2002-01-01,Önnarp,FALSE,12,1287,128728
128729,1967-01-01,2002-01-01,Gärdslöv,FALSE,12,1287,128729
128730,1967-01-01,2002-01-01,Grönby,FALSE,12,1287,128730
128731,1967-01-01,2002-01-01,Anderslöv,FALSE,12,1287,128731
128731,2002-01-01,NA,Anderslöv,FALSE,12,1287,128731
128801,1952-01-01,1974-01-01,Skanör,FALSE,12,1288,123305
128802,1952-01-01,1974-01-01,Falsterbo,FALSE,12,1288,123306
129001,1997-01-01,NA,Kristianstads Heliga Trefaldighet,FALSE,12,1290,129001
129002,1997-01-01,NA,Norra Åsum,FALSE,12,1290,129002
129003,1997-01-01,2022-01-01,Äsphult,FALSE,12,1290,129003
129004,1997-01-01,2002-01-01,Djurröd,FALSE,12,1290,129004
129005,1997-01-01,NA,Träne,FALSE,12,1290,129005
129006,1997-01-01,2002-01-01,Skepparslöv,FALSE,12,1290,129006
129007,1997-01-01,NA,Vä,FALSE,12,1290,129007
129008,1997-01-01,NA,Köpinge,FALSE,12,1290,129008
129009,1997-01-01,NA,Nosaby,FALSE,12,1290,129009
129010,1997-01-01,2006-01-01,Fjälkestad,FALSE,12,1290,129010
129011,1997-01-01,2006-01-01,Österslöv,FALSE,12,1290,129011
129012,1997-01-01,2003-01-01,Norra Strö,FALSE,12,1290,129012
129013,1997-01-01,2003-01-01,Önnestad,FALSE,12,1290,129013
129014,1997-01-01,NA,Färlöv,FALSE,12,1290,129014
129015,1997-01-01,NA,Åhus,FALSE,12,1290,129015
129016,1997-01-01,2000-01-01,Östra Sönnarslöv,FALSE,12,1290,129016
129017,1997-01-01,2000-01-01,Everöd,FALSE,12,1290,129017
129018,1997-01-01,2000-01-01,Lyngsjö,FALSE,12,1290,129018
129019,1997-01-01,2002-01-01,Rinkaby,FALSE,12,1290,129019
129020,1997-01-01,2006-01-01,Nymö,FALSE,12,1290,129020
129021,1997-01-01,2002-01-01,Trolle-Ljungby,FALSE,12,1290,129021
129022,1997-01-01,2002-01-01,Ivö,FALSE,12,1290,129022
129023,1997-01-01,2022-01-01,Kiaby,FALSE,12,1290,129023
129024,1997-01-01,2022-01-01,Fjälkinge,FALSE,12,1290,129024
129025,1997-01-01,2022-01-01,Gustav Adolf,FALSE,12,1290,129025
129026,1997-01-01,2010-01-01,Maglehem,FALSE,12,1290,129026
129027,1997-01-01,2010-01-01,Hörröd,FALSE,12,1290,129027
129028,1997-01-01,2010-01-01,Huaröd,FALSE,12,1290,129028
129029,1997-01-01,2014-01-01,Degeberga,FALSE,12,1290,129029
129029,2014-01-01,NA,Degeberga-Everöd,FALSE,12,1290,129029
129030,1997-01-01,2010-01-01,Vittskövle,FALSE,12,1290,129030
129031,1997-01-01,2006-01-01,Östra Vram,FALSE,12,1290,129031
129032,1997-01-01,2022-01-01,Västra Vram,FALSE,12,1290,129032
129033,1997-01-01,2022-01-01,Linderöd,FALSE,12,1290,129033
129034,1997-01-01,2017-01-01,Vånga,FALSE,12,1290,129034
129035,1997-01-01,2017-01-01,Oppmanna,FALSE,12,1290,129035
129035,2017-01-01,NA,Oppmanna-Vånga,FALSE,12,1290,129035
129036,2000-01-01,2014-01-01,Everödsbygden,FALSE,12,1290,129036
129101,1997-01-01,2020-01-01,Simrishamn,FALSE,12,1291,129101
129102,1997-01-01,2006-01-01,Simris,FALSE,12,1291,129102
129103,1997-01-01,2006-01-01,Östra Nöbbelöv,FALSE,12,1291,129103
129104,1997-01-01,2006-01-01,Järrestad,FALSE,12,1291,129104
129105,1997-01-01,2006-01-01,Gladsax,FALSE,12,1291,129105
129106,1997-01-01,2000-01-01,Östra Hoby,FALSE,12,1291,129106
129107,1997-01-01,2017-01-01,Borrby,FALSE,12,1291,129107
129107,2017-01-01,NA,Gärsnäs,FALSE,12,1291,129107
129108,1997-01-01,2003-01-01,Bolshög,FALSE,12,1291,129108
129109,1997-01-01,2003-01-01,Östra Tommarp,FALSE,12,1291,129109
129110,1997-01-01,2003-01-01,Östra Vemmerlöv,FALSE,12,1291,129110
129111,1997-01-01,2017-01-01,Stiby,FALSE,12,1291,129111
129112,1997-01-01,2002-01-01,Ravlunda,FALSE,12,1291,129112
129113,1997-01-01,2002-01-01,Östra Herrestad,FALSE,12,1291,129113
129114,1997-01-01,2002-01-01,Hannas,FALSE,12,1291,129114
129115,1997-01-01,2017-01-01,Hammenhög,FALSE,12,1291,129115
129116,1997-01-01,2002-01-01,Vallby,FALSE,12,1291,129116
129117,1997-01-01,2020-01-01,S:t Olof,FALSE,12,1291,129117
129118,1997-01-01,2020-01-01,Rörum,FALSE,12,1291,129118
129119,1997-01-01,NA,Södra Mellby,FALSE,12,1291,129119
129120,1997-01-01,2002-01-01,Vitaby,FALSE,12,1291,129120
129201,1997-01-01,NA,Ängelholm,FALSE,12,1292,129201
129202,1997-01-01,2010-01-01,Rebbelberga,FALSE,12,1292,129202
129203,1997-01-01,2010-01-01,Höja,FALSE,12,1292,129203
129204,1997-01-01,2006-01-01,Tåssjö,FALSE,12,1292,129204
129205,1997-01-01,NA,Munka-Ljungby,FALSE,12,1292,129205
129206,1997-01-01,NA,Strövelstorp,FALSE,12,1292,129206
129207,1997-01-01,1998-01-01,Ausås,FALSE,12,1292,129207
129208,1997-01-01,1998-01-01,Starby,FALSE,12,1292,129208
129209,1997-01-01,NA,Barkåkra,FALSE,12,1292,129209
129210,1997-01-01,2002-01-01,Tåstarp,FALSE,12,1292,129210
129211,1997-01-01,NA,Hjärnarp,FALSE,12,1292,129211
129212,1997-01-01,2006-01-01,Össjö,FALSE,12,1292,129212
129301,1997-01-01,2014-01-01,Hässleholm,FALSE,12,1293,129301
129301,2014-01-01,NA,Hässleholm,FALSE,12,1293,129301
129302,1997-01-01,2006-01-01,Ignaberga,FALSE,12,1293,129302
129303,1997-01-01,2014-01-01,Stoby,FALSE,12,1293,129303
129304,1997-01-01,2002-01-01,Norra Sandby,FALSE,12,1293,129304
129305,1997-01-01,NA,Vinslöv,FALSE,12,1293,129305
129306,1997-01-01,2006-01-01,Gumlösa,FALSE,12,1293,129306
129307,1997-01-01,2006-01-01,Sörby,FALSE,12,1293,129307
129308,1997-01-01,2006-01-01,Nävlinge,FALSE,12,1293,129308
129309,1997-01-01,2014-01-01,Hästveda,FALSE,12,1293,129309
129310,1997-01-01,NA,Farstorp,FALSE,12,1293,129310
129311,1997-01-01,NA,Verum,FALSE,12,1293,129311
129312,1997-01-01,NA,Vittsjö,FALSE,12,1293,129312
129313,1997-01-01,NA,Norra Åkarp,FALSE,12,1293,129313
129314,1997-01-01,NA,Vankiva,FALSE,12,1293,129314
129315,1997-01-01,2012-01-01,Norra Mellby,FALSE,12,1293,129315
129315,2012-01-01,NA,Sösdala,FALSE,12,1293,129315
129316,1997-01-01,2012-01-01,Häglinge,FALSE,12,1293,129316
129317,1997-01-01,2012-01-01,Brönnestad,FALSE,12,1293,129317
129318,1997-01-01,2010-01-01,Matteröd,FALSE,12,1293,129318
129319,1997-01-01,2022-01-01,Finja,FALSE,12,1293,129319
129320,1997-01-01,2010-01-01,Hörja,FALSE,12,1293,129320
129321,1997-01-01,2022-01-01,Röke,FALSE,12,1293,129321
129322,1997-01-01,2022-01-01,Västra Torup,FALSE,12,1293,129322
130101,1967-01-01,1974-01-01,Hishult,FALSE,13,1301,138106
130201,1967-01-01,1971-01-01,Våxtorp,FALSE,13,1302,138103
130301,1952-01-01,1971-01-01,Hasslöv,FALSE,13,1303,138104
130302,1952-01-01,1971-01-01,Östra Karup,FALSE,13,1303,116807
130303,1952-01-01,1971-01-01,Skummeslöv,FALSE,13,1303,138105
130401,1952-01-01,1974-01-01,Ränneslöv,FALSE,13,1304,138107
130402,1952-01-01,1974-01-01,Ysby,FALSE,13,1304,138108
130501,1967-01-01,1974-01-01,Knäred,FALSE,13,1305,138109
130601,1967-01-01,1971-01-01,Laholms landsförs.,FALSE,13,1306,138102
130701,1952-01-01,1974-01-01,Tjärby,FALSE,13,1307,138110
130702,1952-01-01,1974-01-01,Veinge,FALSE,13,1307,138111
130801,1952-01-01,1974-01-01,Tönnersjö,FALSE,13,1308,138006
130802,1952-01-01,1974-01-01,Eldsberga,FALSE,13,1308,138007
130803,1952-01-01,1974-01-01,Trönninge,FALSE,13,1308,138008
131001,1952-01-01,1974-01-01,Söndrum,FALSE,13,1310,138009
131002,1952-01-01,1974-01-01,Vapnö,FALSE,13,1310,138010
131101,1952-01-01,1974-01-01,Harplinge,FALSE,13,1311,138011
131102,1952-01-01,1974-01-01,Steninge,FALSE,13,1311,138012
131201,1952-01-01,1974-01-01,Rävinge,FALSE,13,1312,138013
131202,1952-01-01,1974-01-01,Getinge,FALSE,13,1312,138014
131301,1952-01-01,1974-01-01,Kvibille,FALSE,13,1313,138015
131302,1952-01-01,1974-01-01,Holm,FALSE,13,1313,138016
131303,1957-01-01,1974-01-01,Slättåkra,FALSE,13,1313,138017
131401,1952-01-01,1974-01-01,Övraby,FALSE,13,1314,138018
131402,1957-01-01,1974-01-01,Enslöv,FALSE,13,1314,138019
131501,1952-01-01,2014-01-01,Torup,FALSE,13,1315,131501
131501,2014-01-01,NA,Torup,FALSE,13,1315,131501
131502,1952-01-01,2014-01-01,Kinnared,FALSE,13,1315,131502
131503,1952-01-01,2014-01-01,Drängsered,FALSE,13,1315,131503
131504,1974-01-01,NA,Långaryd,FALSE,13,1315,131504
131505,1974-01-01,NA,Färgaryd,FALSE,13,1315,131505
131506,1974-01-01,NA,Femsjö,FALSE,13,1315,131506
131507,1974-01-01,NA,Södra Unnaryd,FALSE,13,1315,131507
131508,1974-01-01,2010-01-01,Jälluntofta,FALSE,13,1315,131508
131601,1952-01-01,1971-01-01,Abild,FALSE,13,1316,138203
131602,1952-01-01,1971-01-01,Asige,FALSE,13,1316,138204
131603,1952-01-01,1971-01-01,Årstad,FALSE,13,1316,138205
131604,1952-01-01,1971-01-01,Slöinge,FALSE,13,1316,138206
131605,1952-01-01,1971-01-01,Eftra,FALSE,13,1316,138207
131701,1952-01-01,1971-01-01,Stafsinge,FALSE,13,1317,138208
131702,1952-01-01,1971-01-01,Morup,FALSE,13,1317,138209
131801,1952-01-01,1971-01-01,Ljungby,FALSE,13,1318,138210
131802,1952-01-01,1971-01-01,Vinberg,FALSE,13,1318,138211
131901,1952-01-01,1971-01-01,Alfshög,FALSE,13,1319,138212
131902,1952-01-01,1971-01-01,Vessige,FALSE,13,1319,138213
131903,1952-01-01,1971-01-01,Askome,FALSE,13,1319,138214
131904,1952-01-01,1971-01-01,Köinge,FALSE,13,1319,138215
131905,1952-01-01,1971-01-01,Svartrå,FALSE,13,1319,138216
131906,1952-01-01,1971-01-01,Okome,FALSE,13,1319,138217
132001,1952-01-01,1971-01-01,Gällared,FALSE,13,1320,138218
132002,1952-01-01,1971-01-01,Krogsered,FALSE,13,1320,138219
132003,1952-01-01,1971-01-01,Gunnarp,FALSE,13,1320,138220
132101,1952-01-01,1971-01-01,Fagered,FALSE,13,1321,138221
132102,1952-01-01,1971-01-01,Källsjö,FALSE,13,1321,138222
132103,1952-01-01,1971-01-01,Ullared,FALSE,13,1321,138223
132201,1952-01-01,1971-01-01,Nösslinge,FALSE,13,1322,138303
132202,1952-01-01,1971-01-01,Skällinge,FALSE,13,1322,138304
132203,1952-01-01,1971-01-01,Rolfstorp,FALSE,13,1322,138305
132204,1952-01-01,1971-01-01,Gödestad,FALSE,13,1322,138306
132205,1952-01-01,1971-01-01,Hunnestad,FALSE,13,1322,138307
132206,1952-01-01,1971-01-01,Grimeton,FALSE,13,1322,138308
132301,1952-01-01,1971-01-01,Dagsås,FALSE,13,1323,138309
132302,1952-01-01,1971-01-01,Sibbarp,FALSE,13,1323,138310
132303,1952-01-01,1971-01-01,Tvååker,FALSE,13,1323,138311
132304,1952-01-01,1971-01-01,Spannarp,FALSE,13,1323,138312
132501,1952-01-01,1971-01-01,Lindberg,FALSE,13,1325,138313
132502,1952-01-01,1971-01-01,Torpa,FALSE,13,1325,138314
132503,1952-01-01,1971-01-01,Valinge,FALSE,13,1325,138315
132504,1952-01-01,1971-01-01,Stamnared,FALSE,13,1325,138316
132601,1952-01-01,1971-01-01,Sällstorp,FALSE,13,1326,138317
132602,1952-01-01,1971-01-01,Ås,FALSE,13,1326,138318
132603,1952-01-01,1971-01-01,Veddige,FALSE,13,1326,138319
132701,1952-01-01,1971-01-01,Värö,FALSE,13,1327,138320
132702,1952-01-01,1971-01-01,Stråvalla,FALSE,13,1327,138321
132801,1952-01-01,1974-01-01,Frillesås,FALSE,13,1328,138406
132802,1952-01-01,1974-01-01,Landa,FALSE,13,1328,138407
132803,1952-01-01,1974-01-01,Ölmevalla,FALSE,13,1328,138408
132804,1952-01-01,1974-01-01,Gällinge,FALSE,13,1328,138409
132805,1952-01-01,1974-01-01,Idala,FALSE,13,1328,138410
132901,1952-01-01,1974-01-01,Förlanda,FALSE,13,1329,138411
132902,1952-01-01,1974-01-01,Fjärås,FALSE,13,1329,138412
132903,1952-01-01,1974-01-01,Hanhals,FALSE,13,1329,138413
133001,1967-01-01,1974-01-01,Onsala,FALSE,13,1330,138414
133101,1952-01-01,1971-01-01,Vallda,FALSE,13,1331,138404
133102,1952-01-01,1971-01-01,Släp,FALSE,13,1331,138405
133301,1967-01-01,1971-01-01,Lindome,FALSE,13,1333,148103
136001,1967-01-01,1974-01-01,Oskarström,FALSE,13,1360,138005
138001,1962-01-01,2010-01-01,S:t Nikolai,FALSE,13,1380,138001
138001,2010-01-01,2016-01-01,S:t Nikolai,FALSE,13,1380,138001
138002,1962-01-01,2016-01-01,Martin Luther,FALSE,13,1380,138002
138002,2016-01-01,NA,Halmstad,FALSE,13,1380,138002
138003,1967-01-01,2013-01-01,Snöstorp,FALSE,13,1380,138003
138003,2013-01-01,NA,Snöstorp,FALSE,13,1380,138003
138004,1967-01-01,2013-01-01,Breared,FALSE,13,1380,138004
138005,1974-01-01,NA,Oskarström,FALSE,13,1380,138005
138006,1974-01-01,2006-01-01,Tönnersjö,FALSE,13,1380,138006
138007,1974-01-01,2006-01-01,Eldsberga,FALSE,13,1380,138007
138008,1974-01-01,2013-01-01,Trönninge,FALSE,13,1380,138008
138009,1974-01-01,NA,Söndrum,FALSE,13,1380,138009
138010,1974-01-01,2006-01-01,Vapnö,FALSE,13,1380,138010
138011,1974-01-01,2022-01-01,Harplinge,FALSE,13,1380,138011
138012,1974-01-01,2022-01-01,Steninge,FALSE,13,1380,138012
138013,1974-01-01,2008-01-01,Rävinge,FALSE,13,1380,138013
138014,1974-01-01,NA,Getinge,FALSE,13,1380,138014
138015,1974-01-01,NA,Kvibille,FALSE,13,1380,138015
138016,1974-01-01,2010-01-01,Holm,FALSE,13,1380,138016
138017,1974-01-01,2008-01-01,Slättåkra,FALSE,13,1380,138017
138018,1974-01-01,2010-01-01,Övraby,FALSE,13,1380,138018
138019,1974-01-01,NA,Enslöv,FALSE,13,1380,138019
138101,1967-01-01,1972-01-01,Laholms stadsförs.,FALSE,13,1381,138101
138101,1972-01-01,NA,Laholm,FALSE,13,1381,138101
138102,1971-01-01,1972-01-01,Laholms landsförs.,FALSE,13,1381,138102
138103,1971-01-01,NA,Våxtorp,FALSE,13,1381,138103
138104,1971-01-01,2006-01-01,Hasslöv,FALSE,13,1381,138104
138105,1971-01-01,NA,Skummeslöv,FALSE,13,1381,138105
138106,1974-01-01,2020-01-01,Hishult,FALSE,13,1381,138106
138107,1974-01-01,NA,Ränneslöv,FALSE,13,1381,138107
138108,1974-01-01,2002-01-01,Ysby,FALSE,13,1381,138108
138109,1974-01-01,2020-01-01,Knäred,FALSE,13,1381,138109
138110,1974-01-01,1998-01-01,Tjärby,FALSE,13,1381,138110
138111,1974-01-01,NA,Veinge,FALSE,13,1381,138111
138201,1952-01-01,NA,Falkenberg,FALSE,13,1382,138201
138202,1952-01-01,NA,Skrea,FALSE,13,1382,138202
138203,1971-01-01,2010-01-01,Abild,FALSE,13,1382,138203
138204,1971-01-01,2010-01-01,Asige,FALSE,13,1382,138204
138205,1971-01-01,2010-01-01,Årstad,FALSE,13,1382,138205
138206,1971-01-01,NA,Slöinge,FALSE,13,1382,138206
138207,1971-01-01,2010-01-01,Eftra,FALSE,13,1382,138207
138208,1971-01-01,NA,Stafsinge,FALSE,13,1382,138208
138209,1971-01-01,NA,Morup,FALSE,13,1382,138209
138210,1971-01-01,2010-01-01,Ljungby,FALSE,13,1382,138210
138211,1971-01-01,NA,Vinberg,FALSE,13,1382,138211
138212,1971-01-01,2006-01-01,Alfshög,FALSE,13,1382,138212
138213,1971-01-01,NA,Vessige,FALSE,13,1382,138213
138214,1971-01-01,2006-01-01,Askome,FALSE,13,1382,138214
138215,1971-01-01,2006-01-01,Köinge,FALSE,13,1382,138215
138216,1971-01-01,2006-01-01,Svartrå,FALSE,13,1382,138216
138217,1971-01-01,NA,Okome,FALSE,13,1382,138217
138218,1971-01-01,2023-01-01,Gällared,FALSE,13,1382,138218
138219,1971-01-01,2023-01-01,Krogsered,FALSE,13,1382,138219
138220,1971-01-01,2023-01-01,Gunnarp,FALSE,13,1382,138220
138221,1971-01-01,NA,Fagered,FALSE,13,1382,138221
138222,1971-01-01,NA,Källsjö,FALSE,13,1382,138222
138223,1971-01-01,NA,Ullared,FALSE,13,1382,138223
138224,1971-01-01,NA,Älvsered,FALSE,13,1382,138224
138301,1967-01-01,NA,Varberg,FALSE,13,1383,138301
138302,1967-01-01,NA,Träslöv,FALSE,13,1383,138302
138303,1971-01-01,2002-01-01,Nösslinge,FALSE,13,1383,138303
138304,1971-01-01,2002-01-01,Skällinge,FALSE,13,1383,138304
138305,1971-01-01,NA,Rolfstorp,FALSE,13,1383,138305
138306,1971-01-01,2002-01-01,Gödestad,FALSE,13,1383,138306
138307,1971-01-01,2002-01-01,Hunnestad,FALSE,13,1383,138307
138308,1971-01-01,2002-01-01,Grimeton,FALSE,13,1383,138308
138309,1971-01-01,2006-01-01,Dagsås,FALSE,13,1383,138309
138310,1971-01-01,NA,Sibbarp,FALSE,13,1383,138310
138311,1971-01-01,NA,Tvååker,FALSE,13,1383,138311
138312,1971-01-01,NA,Spannarp,FALSE,13,1383,138312
138313,1971-01-01,NA,Lindberg,FALSE,13,1383,138313
138314,1971-01-01,2010-01-01,Torpa,FALSE,13,1383,138314
138315,1971-01-01,2010-01-01,Valinge,FALSE,13,1383,138315
138316,1971-01-01,2010-01-01,Stamnared,FALSE,13,1383,138316
138317,1971-01-01,2006-01-01,Sällstorp,FALSE,13,1383,138317
138318,1971-01-01,2006-01-01,Ås,FALSE,13,1383,138318
138319,1971-01-01,2012-01-01,Veddige,FALSE,13,1383,138319
138319,2012-01-01,NA,Veddige-Kungsäter,FALSE,13,1383,138319
138320,1971-01-01,2014-01-01,Värö,FALSE,13,1383,138320
138320,2014-01-01,NA,Värö-Stråvalla,FALSE,13,1383,138320
138321,1971-01-01,2014-01-01,Stråvalla,FALSE,13,1383,138321
138322,1971-01-01,2006-01-01,Grimmared,FALSE,13,1383,138322
138323,1971-01-01,2006-01-01,Karl Gustav,FALSE,13,1383,138323
138324,1971-01-01,2012-01-01,Kungsäter,FALSE,13,1383,138324
138325,1971-01-01,2006-01-01,Gunnarsjö,FALSE,13,1383,138325
138401,1952-01-01,2013-01-01,Kungsbacka,FALSE,13,1384,138401
138401,2013-01-01,NA,Kungsbacka-Hanhals,FALSE,13,1384,138401
138402,1969-01-01,NA,Tölö,FALSE,13,1384,138402
138403,1969-01-01,NA,Älvsåker,FALSE,13,1384,138403
138404,1971-01-01,NA,Vallda,FALSE,13,1384,138404
138405,1971-01-01,2015-01-01,Släp,FALSE,13,1384,138405
138405,2015-01-01,NA,Släp,FALSE,13,1384,138405
138406,1974-01-01,NA,Frillesås,FALSE,13,1384,138406
138407,1974-01-01,NA,Landa,FALSE,13,1384,138407
138408,1974-01-01,NA,Ölmevalla,FALSE,13,1384,138408
138409,1974-01-01,NA,Gällinge,FALSE,13,1384,138409
138410,1974-01-01,NA,Idala,FALSE,13,1384,138410
138411,1974-01-01,2013-01-01,Förlanda,FALSE,13,1384,138411
138412,1974-01-01,2013-01-01,Fjärås,FALSE,13,1384,138412
138412,2013-01-01,NA,Fjärås-Förlanda,FALSE,13,1384,138412
138413,1974-01-01,2013-01-01,Hanhals,FALSE,13,1384,138413
138414,1974-01-01,NA,Onsala,FALSE,13,1384,138414
138415,2015-01-01,NA,Kullavik,FALSE,13,1384,138415
140101,1952-01-01,NA,Härryda,FALSE,14,1401,140101
140102,1952-01-01,NA,Landvetter,FALSE,14,1401,140102
140103,1971-01-01,NA,Råda,FALSE,14,1401,140103
140104,1971-01-01,NA,Björketorp,FALSE,14,1401,140104
140201,1952-01-01,1992-01-01,Partille kbfd,FALSE,14,1402,140201
140201,1992-01-01,2015-01-01,Partille,FALSE,14,1402,140201
140201,2015-01-01,NA,Partille,FALSE,14,1402,140201
140202,1952-01-01,1992-01-01,Jonsereds kbfd,FALSE,14,1402,140202
140203,1952-01-01,1971-01-01,Sävedalens kbfd,FALSE,14,1402,140203
140203,1971-01-01,NA,Sävedalen,FALSE,14,1402,140203
140204,2015-01-01,NA,Furulund,FALSE,14,1402,140204
140301,1967-01-01,1971-01-01,Råda,FALSE,14,1403,140103
140401,1967-01-01,1971-01-01,Kållered,FALSE,14,1404,148102
140501,1967-01-01,1974-01-01,Askim,FALSE,14,1405,148036
140601,1967-01-01,1974-01-01,Styrsö,FALSE,14,1406,148037
140701,1967-01-01,NA,Öckerö,FALSE,14,1407,140701
141101,1952-01-01,1971-01-01,Harestad,FALSE,14,1411,148204
141102,1952-01-01,1971-01-01,Torsby,FALSE,14,1411,148205
141103,1952-01-01,1971-01-01,Lycke,FALSE,14,1411,148206
141201,1967-01-01,1971-01-01,Ytterby,FALSE,14,1412,148207
141301,1952-01-01,1971-01-01,Romelanda,FALSE,14,1413,148208
141302,1952-01-01,1971-01-01,Kareby,FALSE,14,1413,148209
141401,1952-01-01,1971-01-01,Hålta,FALSE,14,1414,148210
141402,1952-01-01,1971-01-01,Solberga,FALSE,14,1414,148211
141403,1952-01-01,1971-01-01,Jörlanda,FALSE,14,1414,141505
141501,1952-01-01,2011-01-01,Spekeröd,FALSE,14,1415,141501
141502,1952-01-01,NA,Norum,FALSE,14,1415,141502
141503,1952-01-01,NA,Ödsmål,FALSE,14,1415,141503
141504,1952-01-01,2011-01-01,Ucklum,FALSE,14,1415,141504
141504,2011-01-01,NA,Spekeröd-Ucklum,FALSE,14,1415,141504
141505,1971-01-01,NA,Jörlanda,FALSE,14,1415,141505
141601,1952-01-01,1971-01-01,Västerlanda,FALSE,14,1416,156206
141602,1952-01-01,1971-01-01,Hjärtum,FALSE,14,1416,156207
141701,1952-01-01,1971-01-01,Grinneröd,FALSE,14,1417,148502
141702,1952-01-01,1971-01-01,Ljung,FALSE,14,1417,148503
141703,1952-01-01,1971-01-01,Resteröd,FALSE,14,1417,148504
141801,1967-01-01,1971-01-01,Forshälla,FALSE,14,1418,148505
141901,1952-01-01,NA,Valla,FALSE,14,1419,141901
141902,1952-01-01,NA,Stenkyrka,FALSE,14,1419,141902
141903,1952-01-01,2010-01-01,Rönnäng,FALSE,14,1419,141903
141903,2010-01-01,NA,Rönnäng,FALSE,14,1419,141903
141904,1952-01-01,2010-01-01,Klädesholmen,FALSE,14,1419,141904
141905,1952-01-01,NA,Klövedal,FALSE,14,1419,141905
142001,1952-01-01,1971-01-01,Mollösund,FALSE,14,1420,142107
142002,1952-01-01,1971-01-01,Käringön,FALSE,14,1420,142108
142003,1952-01-01,1971-01-01,Gullholmen,FALSE,14,1420,142109
142004,1952-01-01,1971-01-01,Morlanda,FALSE,14,1420,142110
142101,1952-01-01,NA,Tegneby,FALSE,14,1421,142101
142102,1952-01-01,NA,Röra,FALSE,14,1421,142102
142103,1952-01-01,NA,Stala,FALSE,14,1421,142103
142104,1962-01-01,NA,Långelanda,FALSE,14,1421,142104
142105,1962-01-01,NA,Myckleby,FALSE,14,1421,142105
142106,1962-01-01,NA,Torp,FALSE,14,1421,142106
142107,1971-01-01,2006-01-01,Mollösund,FALSE,14,1421,142107
142108,1971-01-01,2006-01-01,Käringön,FALSE,14,1421,142108
142109,1971-01-01,2006-01-01,Gullholmen,FALSE,14,1421,142109
142110,1971-01-01,NA,Morlanda,FALSE,14,1421,142110
142301,1952-01-01,1971-01-01,Skaftö,FALSE,14,1423,148403
142302,1952-01-01,1971-01-01,Dragsmark,FALSE,14,1423,148506
142303,1952-01-01,1971-01-01,Bokenäs,FALSE,14,1423,148507
142401,1952-01-01,1971-01-01,Högås,FALSE,14,1424,148508
142402,1952-01-01,1971-01-01,Skredsvik,FALSE,14,1424,148509
142403,1952-01-01,1971-01-01,Herrestad,FALSE,14,1424,148510
142501,1967-01-01,1971-01-01,Lane-Ryr,FALSE,14,1425,148511
142601,1967-01-01,1974-01-01,Smögen,FALSE,14,1426,142704
142701,1952-01-01,2010-01-01,Kungshamn,FALSE,14,1427,142701
142701,2010-01-01,NA,Södra Sotenäs,FALSE,14,1427,142701
142702,1952-01-01,2010-01-01,Malmön,FALSE,14,1427,142702
142703,1952-01-01,2010-01-01,Askum,FALSE,14,1427,142703
142704,1974-01-01,2010-01-01,Smögen,FALSE,14,1427,142704
142705,1974-01-01,1992-01-01,Hunnebostrand,FALSE,14,1427,142705
142705,1995-01-01,NA,Hunnebostrand,FALSE,14,1427,142705
142706,1974-01-01,NA,Tossene,FALSE,14,1427,142706
142801,1952-01-01,1974-01-01,Hunnebostrand,FALSE,14,1428,142705
142802,1952-01-01,1974-01-01,Tossene,FALSE,14,1428,142706
142901,1952-01-01,1971-01-01,Bro,FALSE,14,1429,148404
142902,1952-01-01,1971-01-01,Brastad,FALSE,14,1429,148405
143001,1952-01-01,2006-01-01,Foss,FALSE,14,1430,143001
143001,2006-01-01,2022-01-01,Foss,FALSE,14,1430,143001
143002,1952-01-01,2006-01-01,Håby,FALSE,14,1430,143002
143003,1967-01-01,2006-01-01,Valbo-Ryr,FALSE,14,1430,143003
143004,1974-01-01,2010-01-01,Bärfendal,FALSE,14,1430,143004
143005,1974-01-01,2022-01-01,Svarteborg,FALSE,14,1430,143005
143006,1974-01-01,2006-01-01,Hede,FALSE,14,1430,143006
143007,1974-01-01,2006-01-01,Sanne,FALSE,14,1430,143007
143008,1974-01-01,2022-01-01,Krokstad,FALSE,14,1430,143008
143101,1952-01-01,1974-01-01,Bärfendal,FALSE,14,1431,143004
143102,1952-01-01,1974-01-01,Svarteborg,FALSE,14,1431,143005
143201,1952-01-01,1974-01-01,Hede,FALSE,14,1432,143006
143202,1952-01-01,1974-01-01,Sanne,FALSE,14,1432,143007
143203,1952-01-01,1974-01-01,Krokstad,FALSE,14,1432,143008
143301,1952-01-01,1971-01-01,Naverstad,FALSE,14,1433,143504
143302,1952-01-01,1971-01-01,Mo,FALSE,14,1433,143505
143401,1952-01-01,1971-01-01,Kville kbfd,FALSE,14,1434,143506
143402,1952-01-01,1971-01-01,Fjällbacka kbfd,FALSE,14,1434,143507
143403,1952-01-01,1971-01-01,Bottna,FALSE,14,1434,143508
143404,1952-01-01,1971-01-01,Svenneby,FALSE,14,1434,143509
143501,1952-01-01,1973-01-01,Grebbestads kyrkoområde,FALSE,14,1435,143501
143502,1952-01-01,1992-01-01,Tanums kyrkoområde,FALSE,14,1435,143502
143502,1992-01-01,NA,Tanum,FALSE,14,1435,143502
143503,1952-01-01,NA,Lur,FALSE,14,1435,143503
143504,1971-01-01,NA,Naverstad,FALSE,14,1435,143504
143505,1971-01-01,2002-01-01,Mo,FALSE,14,1435,143505
143506,1971-01-01,NA,Kville kbfd,FALSE,14,1435,143506
143507,1971-01-01,1992-01-01,Fjällbacka kbfd,FALSE,14,1435,143507
143507,1995-01-01,NA,Fjällbacka,FALSE,14,1435,143507
143508,1971-01-01,NA,Bottna,FALSE,14,1435,143508
143509,1971-01-01,NA,Svenneby,FALSE,14,1435,143509
143801,1998-01-01,2010-01-01,Håbol,FALSE,14,1438,143801
143802,1998-01-01,2010-01-01,Nössemark,FALSE,14,1438,143802
143803,1998-01-01,NA,Dals-Ed,FALSE,14,1438,143803
143804,1998-01-01,2010-01-01,Töftedal,FALSE,14,1438,143804
143805,1998-01-01,2010-01-01,Gesäter,FALSE,14,1438,143805
143806,1998-01-01,2010-01-01,Rölanda,FALSE,14,1438,143806
143901,1998-01-01,2022-01-01,Färgelanda,FALSE,14,1439,143901
143902,1998-01-01,2010-01-01,Ödeborg,FALSE,14,1439,143902
143903,1998-01-01,2010-01-01,Torp,FALSE,14,1439,143903
143904,1998-01-01,2020-01-01,Järbo,FALSE,14,1439,143904
143905,1998-01-01,2010-01-01,Råggärd,FALSE,14,1439,143905
143906,1998-01-01,2010-01-01,Lerdal,FALSE,14,1439,143906
143907,1998-01-01,2020-01-01,Rännelanda,FALSE,14,1439,143907
143908,1998-01-01,2020-01-01,Högsäter,FALSE,14,1439,143908
144001,1998-01-01,NA,Nödinge,FALSE,14,1440,144001
144002,1998-01-01,2010-01-01,Hålanda,FALSE,14,1440,144002
144003,1998-01-01,NA,Skepplanda,FALSE,14,1440,144003
144004,1998-01-01,2008-01-01,Kilanda,FALSE,14,1440,144004
144005,1998-01-01,NA,Starrkärr,FALSE,14,1440,144005
144101,1998-01-01,NA,Lerum,FALSE,14,1441,144101
144102,1998-01-01,NA,Skallsjö,FALSE,14,1441,144102
144103,1998-01-01,NA,Stora Lundby,FALSE,14,1441,144103
144104,1998-01-01,NA,Östad,FALSE,14,1441,144104
144201,1998-01-01,NA,Lena-Bergstena,FALSE,14,1442,144201
144203,1998-01-01,2002-01-01,Fullestad,FALSE,14,1442,144203
144204,1998-01-01,2002-01-01,Siene,FALSE,14,1442,144204
144205,1998-01-01,2002-01-01,Horla,FALSE,14,1442,144205
144206,1998-01-01,NA,Hol,FALSE,14,1442,144206
144207,1998-01-01,2006-01-01,Skogsbygden,FALSE,14,1442,144207
144208,1998-01-01,NA,Nårunga,FALSE,14,1442,144208
144209,1998-01-01,2006-01-01,Ljur,FALSE,14,1442,144209
144210,1998-01-01,NA,Ornunga,FALSE,14,1442,144210
144211,1998-01-01,2006-01-01,Asklanda,FALSE,14,1442,144211
144212,1998-01-01,2006-01-01,Kvinnestad,FALSE,14,1442,144212
144213,1998-01-01,2002-01-01,Algutstorp,FALSE,14,1442,144213
144214,1998-01-01,NA,Kullings-Skövde,FALSE,14,1442,144214
144215,1998-01-01,2002-01-01,Södra Härene,FALSE,14,1442,144215
144217,1998-01-01,2002-01-01,Landa,FALSE,14,1442,144217
144301,1998-01-01,NA,Töllsjö,FALSE,14,1443,144301
144302,1998-01-01,NA,Bollebygd,FALSE,14,1443,144302
144401,1998-01-01,2002-01-01,Täng,FALSE,14,1444,144401
144402,1998-01-01,2002-01-01,Håle,FALSE,14,1444,144402
144403,1998-01-01,NA,Särestad,FALSE,14,1444,144403
144404,1998-01-01,2002-01-01,Flakeberg,FALSE,14,1444,144404
144405,1998-01-01,2002-01-01,Bjärby,FALSE,14,1444,144405
144406,1998-01-01,2002-01-01,Ås,FALSE,14,1444,144406
144407,1998-01-01,2002-01-01,Sal,FALSE,14,1444,144407
144408,1998-01-01,NA,Flo,FALSE,14,1444,144408
144409,1998-01-01,NA,Tengene,FALSE,14,1444,144409
144410,1998-01-01,NA,Trökörna,FALSE,14,1444,144410
144411,1998-01-01,2002-01-01,Längnum,FALSE,14,1444,144411
144412,1998-01-01,2020-01-01,Hyringa,FALSE,14,1444,144412
144501,1998-01-01,2020-01-01,Malma,FALSE,14,1445,144501
144502,1998-01-01,NA,Främmestad,FALSE,14,1445,144502
144503,1998-01-01,2002-01-01,Bäreberg,FALSE,14,1445,144503
144504,1998-01-01,2019-01-01,Essunga,FALSE,14,1445,144504
144505,1998-01-01,2002-01-01,Kyrkås,FALSE,14,1445,144505
144506,1998-01-01,2002-01-01,Fåglum,FALSE,14,1445,144506
144507,1998-01-01,2019-01-01,Barne-Åsaka,FALSE,14,1445,144507
144508,1998-01-01,2002-01-01,Lekåsa,FALSE,14,1445,144508
144601,1998-01-01,NA,Karlsborg,FALSE,14,1446,144601
144602,1998-01-01,NA,Brevik,FALSE,14,1446,144602
144603,1998-01-01,NA,Mölltorp,FALSE,14,1446,144603
144604,1998-01-01,NA,Undenäs,FALSE,14,1446,144604
144701,1998-01-01,NA,Amnehärad,FALSE,14,1447,144701
144702,1998-01-01,2020-01-01,Hova,FALSE,14,1447,144702
144703,1998-01-01,2006-01-01,Södra Råda,FALSE,14,1447,144703
145201,1998-01-01,2014-01-01,Tranemo,FALSE,14,1452,145201
145201,2014-01-01,NA,Tranemo,FALSE,14,1452,145201
145202,1998-01-01,2014-01-01,Ambjörnarp,FALSE,14,1452,145202
145203,1998-01-01,2014-01-01,Sjötofta,FALSE,14,1452,145203
145204,1998-01-01,2014-01-01,Mossebo,FALSE,14,1452,145204
145205,1998-01-01,2014-01-01,Södra Åsarp,FALSE,14,1452,145205
145206,1998-01-01,2014-01-01,Länghem,FALSE,14,1452,145206
145206,2014-01-01,2020-01-01,"Länghem, del",TRUE,14,1452,145206
145207,1998-01-01,2014-01-01,Månstad,FALSE,14,1452,145207
145208,1998-01-01,NA,Nittorp,FALSE,14,1452,145208
145209,1998-01-01,2010-01-01,Ljungsarp,FALSE,14,1452,145209
145210,1998-01-01,2010-01-01,Ölsremma,FALSE,14,1452,145210
145211,1998-01-01,2010-01-01,Dalstorp,FALSE,14,1452,145211
145212,1998-01-01,2010-01-01,Hulared,FALSE,14,1452,145212
146001,1998-01-01,NA,Ärtemark,FALSE,14,1460,146001
146003,1998-01-01,2012-01-01,Laxarby,FALSE,14,1460,146003
146003,2012-01-01,NA,Laxarby-Vårvik,FALSE,14,1460,146003
146004,1998-01-01,2012-01-01,Vårvik,FALSE,14,1460,146004
146005,1998-01-01,NA,Torrskog,FALSE,14,1460,146005
146006,1998-01-01,2022-01-01,Steneby,FALSE,14,1460,146006
146007,1998-01-01,2010-01-01,Tisselskog,FALSE,14,1460,146007
146008,1998-01-01,2010-01-01,Ödskölt,FALSE,14,1460,146008
146009,1998-01-01,2022-01-01,Bäcke,FALSE,14,1460,146009
146101,1998-01-01,NA,Holm,FALSE,14,1461,146101
146102,1998-01-01,2010-01-01,Järn,FALSE,14,1461,146102
146103,1998-01-01,NA,Grinstad,FALSE,14,1461,146103
146104,1998-01-01,2010-01-01,Erikstad,FALSE,14,1461,146104
146105,1998-01-01,2010-01-01,Bolstad,FALSE,14,1461,146105
146106,1998-01-01,2010-01-01,Ör,FALSE,14,1461,146106
146107,1998-01-01,NA,Gunnarsnäs,FALSE,14,1461,146107
146108,1998-01-01,2010-01-01,Dalskog,FALSE,14,1461,146108
146109,1998-01-01,NA,Skållerud,FALSE,14,1461,146109
146201,1998-01-01,NA,Fuxerna,FALSE,14,1462,146201
146202,1998-01-01,2002-01-01,Åsbräcka,FALSE,14,1462,146202
146203,1998-01-01,2010-01-01,Tunge,FALSE,14,1462,146203
146204,1998-01-01,NA,S:t Peder,FALSE,14,1462,146204
146205,1998-01-01,2010-01-01,Ale-Skövde,FALSE,14,1462,146205
146206,1998-01-01,NA,Västerlanda,FALSE,14,1462,146206
146207,1998-01-01,NA,Hjärtum,FALSE,14,1462,146207
146301,1998-01-01,NA,Kinna,FALSE,14,1463,146301
146303,1998-01-01,NA,Örby-Skene,FALSE,14,1463,146303
146304,1998-01-01,NA,Sätila,FALSE,14,1463,146304
146305,1998-01-01,NA,Hyssna,FALSE,14,1463,146305
146306,1998-01-01,2010-01-01,Skephult,FALSE,14,1463,146306
146307,1998-01-01,NA,Fritsla,FALSE,14,1463,146307
146308,1998-01-01,2011-01-01,Hajom,FALSE,14,1463,146308
146309,1998-01-01,2011-01-01,Berghem,FALSE,14,1463,146309
146310,1998-01-01,2011-01-01,Fotskäl,FALSE,14,1463,146310
146311,1998-01-01,2011-01-01,Tostared,FALSE,14,1463,146311
146312,1998-01-01,NA,Surteby-Kattunga,FALSE,14,1463,146312
146313,1998-01-01,NA,Öxnevalla,FALSE,14,1463,146313
146314,1998-01-01,NA,Horred,FALSE,14,1463,146314
146315,1998-01-01,NA,Istorp,FALSE,14,1463,146315
146316,1998-01-01,NA,Älekulla,FALSE,14,1463,146316
146317,1998-01-01,NA,Torestorp,FALSE,14,1463,146317
146318,1998-01-01,NA,Öxabäck,FALSE,14,1463,146318
146501,1998-01-01,NA,Svenljunga-Ullasjö,FALSE,14,1465,146501
146502,1998-01-01,2014-01-01,Holsljunga,FALSE,14,1465,146502
146503,1998-01-01,2014-01-01,Mjöbäck,FALSE,14,1465,146503
146503,2014-01-01,NA,Mjöbäck-Holsljunga,FALSE,14,1465,146503
146504,1998-01-01,2006-01-01,Mårdaklev,FALSE,14,1465,146504
146505,1998-01-01,2006-01-01,Kalv,FALSE,14,1465,146505
146506,1998-01-01,NA,Östra Frölunda,FALSE,14,1465,146506
146507,1998-01-01,2006-01-01,Håcksvik,FALSE,14,1465,146507
146508,1998-01-01,2006-01-01,Örsås,FALSE,14,1465,146508
146509,1998-01-01,2006-01-01,Revesjö,FALSE,14,1465,146509
146510,1998-01-01,2006-01-01,Redslared,FALSE,14,1465,146510
146512,1998-01-01,2020-01-01,Sexdrega,FALSE,14,1465,146512
146513,1998-01-01,2006-01-01,Roasjö,FALSE,14,1465,146513
146514,1998-01-01,2006-01-01,Hillared,FALSE,14,1465,146514
146601,1998-01-01,2010-01-01,Bråttensby,FALSE,14,1466,146601
146602,1998-01-01,2021-01-01,Eggvena,FALSE,14,1466,146602
146603,1998-01-01,2010-01-01,Fölene,FALSE,14,1466,146603
146604,1998-01-01,2010-01-01,Remmene,FALSE,14,1466,146604
146606,1998-01-01,2021-01-01,Herrljunga,FALSE,14,1466,146606
146607,1998-01-01,2021-01-01,Hudene,FALSE,14,1466,146607
146608,1998-01-01,2010-01-01,Källunga,FALSE,14,1466,146608
146609,1998-01-01,2010-01-01,Mjäldrunga,FALSE,14,1466,146609
146610,1998-01-01,2010-01-01,Eriksberg,FALSE,14,1466,146610
146611,1998-01-01,2010-01-01,Skölvene,FALSE,14,1466,146611
146612,1998-01-01,2010-01-01,Södra Björke,FALSE,14,1466,146612
146613,1998-01-01,2010-01-01,Jällby,FALSE,14,1466,146613
146614,1998-01-01,2010-01-01,Grude,FALSE,14,1466,146614
146615,1998-01-01,2010-01-01,Vesene,FALSE,14,1466,146615
146616,1998-01-01,2010-01-01,Molla,FALSE,14,1466,146616
146617,1998-01-01,2021-01-01,Od,FALSE,14,1466,146617
146618,1998-01-01,2021-01-01,Hov,FALSE,14,1466,146618
146620,1998-01-01,2010-01-01,Alboga,FALSE,14,1466,146620
146621,1998-01-01,2010-01-01,Broddarp,FALSE,14,1466,146621
146622,1998-01-01,2010-01-01,Öra,FALSE,14,1466,146622
147001,1998-01-01,2018-01-01,Vara,FALSE,14,1470,147001
147001,2018-01-01,NA,Varabygden,FALSE,14,1470,147001
147002,1998-01-01,2002-01-01,Sparlösa,FALSE,14,1470,147002
147003,1998-01-01,2002-01-01,Slädene,FALSE,14,1470,147003
147004,1998-01-01,2018-01-01,Levene,FALSE,14,1470,147004
147005,1998-01-01,2002-01-01,Long,FALSE,14,1470,147005
147006,1998-01-01,2002-01-01,Hällum,FALSE,14,1470,147006
147007,1998-01-01,2002-01-01,Skarstad,FALSE,14,1470,147007
147008,1998-01-01,2002-01-01,Önum,FALSE,14,1470,147008
147009,1998-01-01,2002-01-01,Naum,FALSE,14,1470,147009
147010,1998-01-01,2018-01-01,Södra Kedum,FALSE,14,1470,147010
147011,1998-01-01,2002-01-01,Ryda,FALSE,14,1470,147011
147012,1998-01-01,2002-01-01,Eling,FALSE,14,1470,147012
147013,1998-01-01,2002-01-01,Bitterna,FALSE,14,1470,147013
147014,1998-01-01,2018-01-01,Laske-Vedum,FALSE,14,1470,147014
147015,1998-01-01,2002-01-01,Södra Lundby,FALSE,14,1470,147015
147024,1998-01-01,2018-01-01,Larv,FALSE,14,1470,147024
147025,1998-01-01,2002-01-01,Längjum,FALSE,14,1470,147025
147026,1998-01-01,2002-01-01,Tråvad,FALSE,14,1470,147026
147027,1998-01-01,2002-01-01,Jung,FALSE,14,1470,147027
147028,1998-01-01,2002-01-01,Fyrunga,FALSE,14,1470,147028
147029,1998-01-01,2018-01-01,Kvänum,FALSE,14,1470,147029
147030,1998-01-01,2002-01-01,Öttum,FALSE,14,1470,147030
147031,1998-01-01,2002-01-01,Norra Vånga,FALSE,14,1470,147031
147032,1998-01-01,2002-01-01,Edsvära,FALSE,14,1470,147032
147101,1998-01-01,2017-01-01,Kleva-Sil,FALSE,14,1471,147101
147101,2017-01-01,NA,Husaby,FALSE,14,1471,147101
147102,1998-01-01,NA,Götene,FALSE,14,1471,147102
147103,1998-01-01,2002-01-01,Kinne-Vedum,FALSE,14,1471,147103
147104,1998-01-01,2002-01-01,Holmestad,FALSE,14,1471,147104
147105,1998-01-01,2002-01-01,Vättlösa,FALSE,14,1471,147105
147106,1998-01-01,2002-01-01,Skeby,FALSE,14,1471,147106
147107,1998-01-01,2002-01-01,Hangelösa,FALSE,14,1471,147107
147108,1998-01-01,2010-01-01,Ova,FALSE,14,1471,147108
147109,1998-01-01,2017-01-01,Ledsjö,FALSE,14,1471,147109
147110,1998-01-01,2010-01-01,Skälvum,FALSE,14,1471,147110
147111,1998-01-01,2002-01-01,Broby,FALSE,14,1471,147111
147112,1998-01-01,NA,Källby,FALSE,14,1471,147112
147113,1998-01-01,2017-01-01,Husaby,FALSE,14,1471,147113
147115,1998-01-01,2002-01-01,Kestad,FALSE,14,1471,147115
147116,1998-01-01,2002-01-01,Fullösa,FALSE,14,1471,147116
147117,1998-01-01,2002-01-01,Forshem,FALSE,14,1471,147117
147118,1998-01-01,NA,Österplana,FALSE,14,1471,147118
147119,1998-01-01,2002-01-01,Medelplana,FALSE,14,1471,147119
147120,1998-01-01,2002-01-01,Västerplana,FALSE,14,1471,147120
147201,1998-01-01,NA,Tibro,FALSE,14,1472,147201
147202,1998-01-01,NA,Ransberg,FALSE,14,1472,147202
147301,1998-01-01,NA,Töreboda,FALSE,14,1473,147301
147302,1998-01-01,NA,Fredsberg,FALSE,14,1473,147302
147303,1998-01-01,2010-01-01,Bäck,FALSE,14,1473,147303
147304,1998-01-01,2002-01-01,Sveneby,FALSE,14,1473,147304
147305,1998-01-01,2002-01-01,Hjälstad,FALSE,14,1473,147305
147306,1998-01-01,2002-01-01,Trästena,FALSE,14,1473,147306
147307,1998-01-01,NA,Fägre,FALSE,14,1473,147307
147308,1998-01-01,2002-01-01,Mo,FALSE,14,1473,147308
147309,1998-01-01,2002-01-01,Bällefors,FALSE,14,1473,147309
147310,1998-01-01,2002-01-01,Ekeskog,FALSE,14,1473,147310
147311,1998-01-01,2002-01-01,Beateberg,FALSE,14,1473,147311
147312,1998-01-01,2002-01-01,Halna,FALSE,14,1473,147312
147313,1998-01-01,2020-01-01,Älgarås,FALSE,14,1473,147313
148001,1952-01-01,1974-01-01,Göteborgs Gustavi,FALSE,14,1480,148001
148001,1974-01-01,NA,Domkyrkoförs. i Göteborg,FALSE,14,1480,148001
148002,1952-01-01,1974-01-01,Göteborgs Kristine,FALSE,14,1480,148002
148004,1952-01-01,1971-01-01,Nylöse kbfd,FALSE,14,1480,148004
148004,1971-01-01,NA,Nylöse,FALSE,14,1480,148004
148005,1960-01-01,NA,Kortedala,FALSE,14,1480,148005
148006,1955-01-01,NA,Härlanda,FALSE,14,1480,148006
148007,1955-01-01,NA,Göteborgs Vasa,FALSE,14,1480,148007
148008,1955-01-01,NA,Göteborgs Johanneberg,FALSE,14,1480,148008
148009,1955-01-01,NA,Göteborgs Annedal,FALSE,14,1480,148009
148010,1955-01-01,NA,Göteborgs Haga,FALSE,14,1480,148010
148011,1955-01-01,2002-10-28,Göteborgs Oskar Fredrik,FALSE,14,1480,148011
148011,2002-10-28,NA,Göteborgs Oscar Fredrik,FALSE,14,1480,148011
148012,1955-01-01,NA,Göteborgs Masthugg,FALSE,14,1480,148012
148013,1955-01-01,2003-06-04,Göteborgs Karl Johan,FALSE,14,1480,148013
148013,2003-06-04,NA,Göteborgs Carl Johan,FALSE,14,1480,148013
148016,1955-01-01,NA,Örgryte,FALSE,14,1480,148016
148017,1961-01-01,2010-01-01,Lundby,FALSE,14,1480,148017
148017,2010-01-01,NA,Lundby,FALSE,14,1480,148017
148018,1961-01-01,2010-01-01,Biskopsgården,FALSE,14,1480,148018
148019,1961-01-01,2010-01-01,Brämaregården,FALSE,14,1480,148019
148020,1958-01-01,2010-01-01,Backa,FALSE,14,1480,148020
148020,2010-01-01,NA,Backa,FALSE,14,1480,148020
148021,1963-01-01,NA,Högsbo,FALSE,14,1480,148021
148022,1967-01-01,NA,Västra Frölunda,FALSE,14,1480,148022
148023,1967-01-01,NA,Älvsborg,FALSE,14,1480,148023
148024,1967-01-01,NA,Tynnered,FALSE,14,1480,148024
148025,1963-01-01,2000-01-01,Göteborgs tyska,FALSE,14,1480,148025
148025,2000-01-01,NA,Tyska Kristine,FALSE,14,1480,148025
148026,1967-01-01,2014-01-01,Angered,FALSE,14,1480,148026
148027,1967-01-01,2014-01-01,Bergum,FALSE,14,1480,148027
148028,1967-01-01,2010-01-01,Torslanda,FALSE,14,1480,148028
148028,2010-01-01,NA,Torslanda-Björlanda,FALSE,14,1480,148028
148029,1967-01-01,2010-01-01,Björlanda,FALSE,14,1480,148029
148030,1967-01-01,2010-01-01,Tuve,FALSE,14,1480,148030
148031,1967-01-01,2010-01-01,Säve,FALSE,14,1480,148031
148031,2010-01-01,NA,Tuve-Säve,FALSE,14,1480,148031
148032,1968-01-01,1971-01-01,Bergsjöns kbfd,FALSE,14,1480,148032
148032,1971-01-01,NA,Bergsjön,FALSE,14,1480,148032
148033,1969-01-01,NA,Göteborgs S:t Pauli,FALSE,14,1480,148033
148034,1971-01-01,2014-01-01,Gunnared,FALSE,14,1480,148034
148034,2014-01-01,NA,Angered,FALSE,14,1480,148034
148035,1974-01-01,2010-01-01,Rödbo,FALSE,14,1480,148035
148036,1974-01-01,NA,Askim,FALSE,14,1480,148036
148037,1974-01-01,NA,Styrsö,FALSE,14,1480,148037
148038,1992-01-01,NA,Björkekärr,FALSE,14,1480,148038
148039,1995-01-01,2010-01-01,Brunnsbo,FALSE,14,1480,148039
148040,1995-01-01,2010-01-01,Bäckebol,FALSE,14,1480,148040
148041,1995-01-01,NA,Näset,FALSE,14,1480,148041
148101,1967-01-01,1977-01-01,Mölndal,FALSE,14,1481,148101
148101,1977-01-01,NA,Fässberg,FALSE,14,1481,148101
148102,1971-01-01,NA,Kållered,FALSE,14,1481,148102
148103,1971-01-01,NA,Lindome,FALSE,14,1481,148103
148104,1977-01-01,NA,Stensjön,FALSE,14,1481,148104
148201,1952-01-01,2015-01-01,Kungälv,FALSE,14,1482,148201
148201,2015-01-01,NA,Kungälv-Ytterby,FALSE,14,1482,148201
148202,1952-01-01,1974-01-01,Rödbo,FALSE,14,1482,148035
148203,1971-01-01,NA,Marstrand,FALSE,14,1482,148203
148204,1971-01-01,NA,Harestad,FALSE,14,1482,148204
148205,1971-01-01,NA,Torsby,FALSE,14,1482,148205
148206,1971-01-01,NA,Lycke,FALSE,14,1482,148206
148207,1971-01-01,2015-01-01,Ytterby,FALSE,14,1482,148207
148208,1971-01-01,NA,Romelanda,FALSE,14,1482,148208
148209,1971-01-01,NA,Kareby,FALSE,14,1482,148209
148210,1971-01-01,NA,Hålta,FALSE,14,1482,148210
148211,1971-01-01,NA,Solberga,FALSE,14,1482,148211
148301,1967-01-01,1971-01-01,Marstrand,FALSE,14,1483,148203
148401,1952-01-01,2023-01-01,Lysekil,FALSE,14,1484,148401
148402,1952-01-01,2023-01-01,Lyse,FALSE,14,1484,148402
148403,1971-01-01,2023-01-01,Skaftö,FALSE,14,1484,148403
148404,1971-01-01,2023-01-01,Bro,FALSE,14,1484,148404
148405,1971-01-01,2023-01-01,Brastad,FALSE,14,1484,148405
148501,1967-01-01,NA,Uddevalla,FALSE,14,1485,148501
148502,1971-01-01,2011-01-01,Grinneröd,FALSE,14,1485,148502
148503,1971-01-01,NA,Ljung,FALSE,14,1485,148503
148504,1971-01-01,2011-01-01,Resteröd,FALSE,14,1485,148504
148505,1971-01-01,2011-01-01,Forshälla,FALSE,14,1485,148505
148506,1971-01-01,2010-01-01,Dragsmark,FALSE,14,1485,148506
148507,1971-01-01,2010-01-01,Bokenäs,FALSE,14,1485,148507
148508,1971-01-01,2010-01-01,Högås,FALSE,14,1485,148508
148509,1971-01-01,NA,Skredsvik,FALSE,14,1485,148509
148510,1971-01-01,NA,Herrestad,FALSE,14,1485,148510
148511,1971-01-01,NA,Lane-Ryr,FALSE,14,1485,148511
148512,1974-01-01,2015-01-01,Bäve,FALSE,14,1485,148512
148512,2015-01-01,NA,Bäve,FALSE,14,1485,148512
148513,2015-01-01,NA,Dalaberg,FALSE,14,1485,148513
148601,1967-01-01,NA,Strömstad,FALSE,14,1486,148601
148602,1967-01-01,2006-01-01,Skee,FALSE,14,1486,148602
148602,2006-01-01,NA,Skee-Tjärnö,FALSE,14,1486,148602
148604,1967-01-01,2002-01-01,Näsinge,FALSE,14,1486,148604
148605,1967-01-01,2002-01-01,Lommeland,FALSE,14,1486,148605
148606,1967-01-01,2002-01-01,Hogdal,FALSE,14,1486,148606
148606,2002-01-01,NA,Idefjorden,FALSE,14,1486,148606
148607,1967-01-01,2006-01-01,Tjärnö,FALSE,14,1486,148607
148701,1998-01-01,NA,Vänersborg,FALSE,14,1487,148701
148702,1998-01-01,2010-01-01,Väne-Ryr,FALSE,14,1487,148702
148703,1998-01-01,NA,Gestad,FALSE,14,1487,148703
148704,1998-01-01,NA,Brålanda,FALSE,14,1487,148704
148705,1998-01-01,NA,Sundals-Ryr,FALSE,14,1487,148705
148706,1998-01-01,NA,Frändefors,FALSE,14,1487,148706
148707,1998-01-01,NA,Vänersnäs,FALSE,14,1487,148707
148709,1998-01-01,NA,Västra Tunhem,FALSE,14,1487,148709
148801,1998-01-01,2022-01-01,Trollhättan,FALSE,14,1488,148801
148802,1998-01-01,2002-01-01,Norra Björke,FALSE,14,1488,148802
148803,1998-01-01,NA,Väne-Åsaka,FALSE,14,1488,148803
148804,1998-01-01,NA,Gärdhem,FALSE,14,1488,148804
148805,1998-01-01,2023-01-01,Upphärad,FALSE,14,1488,148805
148806,1998-01-01,2008-01-01,Rommele,FALSE,14,1488,148806
148807,1998-01-01,2023-01-01,Fors,FALSE,14,1488,148807
148808,1998-01-01,2020-01-01,Lagmansered,FALSE,14,1488,148808
148809,1998-01-01,2022-01-01,Lextorp,FALSE,14,1488,148809
148810,1998-01-01,2022-01-01,Götalunden,FALSE,14,1488,148810
148901,1998-01-01,NA,Alingsås,FALSE,14,1489,148901
148905,1998-01-01,2006-01-01,Stora Mellby,FALSE,14,1489,148905
148906,1998-01-01,2006-01-01,Magra,FALSE,14,1489,148906
148907,1998-01-01,2006-01-01,Långared,FALSE,14,1489,148907
148908,1998-01-01,2020-01-01,Erska,FALSE,14,1489,148908
148909,1998-01-01,NA,Hemsjö,FALSE,14,1489,148909
148910,1998-01-01,NA,Ödenäs,FALSE,14,1489,148910
149001,1998-01-01,NA,Borås Caroli,FALSE,14,1490,149001
149002,1998-01-01,NA,Borås Gustav Adolf,FALSE,14,1490,149002
149003,1998-01-01,NA,Brämhult,FALSE,14,1490,149003
149004,1998-01-01,2014-01-01,Rångedala,FALSE,14,1490,149004
149005,1998-01-01,2014-01-01,Äspered,FALSE,14,1490,149005
149006,1998-01-01,2014-01-01,Toarp,FALSE,14,1490,149006
149006,2014-01-01,NA,Toarp,FALSE,14,1490,149006
149007,1998-01-01,2014-01-01,Dannike,FALSE,14,1490,149007
149007,2014-01-01,2020-01-01,"Länghem, del",TRUE,14,1490,149007
149008,1998-01-01,2020-01-01,Ljushult,FALSE,14,1490,149008
149010,1998-01-01,2010-01-01,Tärby,FALSE,14,1490,149010
149011,1998-01-01,NA,Fristad-Gingri,FALSE,14,1490,149011
149012,1998-01-01,2010-01-01,Borgstena,FALSE,14,1490,149012
149013,1998-01-01,2010-01-01,Tämta,FALSE,14,1490,149013
149014,1998-01-01,2010-01-01,Vänga,FALSE,14,1490,149014
149015,1998-01-01,2018-01-01,Bredared,FALSE,14,1490,149015
149016,1998-01-01,2018-01-01,Sandhult,FALSE,14,1490,149016
149016,2018-01-01,NA,Sandhult-Bredared,FALSE,14,1490,149016
149019,1998-01-01,NA,Seglora,FALSE,14,1490,149019
149020,1998-01-01,NA,Kinnarumma,FALSE,14,1490,149020
149101,1998-01-01,NA,Ulricehamn,FALSE,14,1491,149101
149102,1998-01-01,2006-01-01,Kärråkra,FALSE,14,1491,149102
149104,1998-01-01,2006-01-01,Möne,FALSE,14,1491,149104
149105,1998-01-01,NA,Hällstad,FALSE,14,1491,149105
149106,1998-01-01,2006-01-01,Murum,FALSE,14,1491,149106
149108,1998-01-01,2006-01-01,Fänneslunda,FALSE,14,1491,149108
149109,1998-01-01,2006-01-01,Härna,FALSE,14,1491,149109
149110,1998-01-01,NA,Södra Ving,FALSE,14,1491,149110
149111,1998-01-01,2006-01-01,Varnum,FALSE,14,1491,149111
149112,1998-01-01,2002-01-01,Södra Säm,FALSE,14,1491,149112
149113,1998-01-01,2006-01-01,Finnekumla,FALSE,14,1491,149113
149114,1998-01-01,2006-01-01,Tvärred,FALSE,14,1491,149114
149115,1998-01-01,2006-01-01,Marbäck,FALSE,14,1491,149115
149116,1998-01-01,NA,Gällstad,FALSE,14,1491,149116
149117,1998-01-01,2006-01-01,Grönahög,FALSE,14,1491,149117
149118,1998-01-01,2006-01-01,Strängsered,FALSE,14,1491,149118
149119,1998-01-01,2006-01-01,Gullered,FALSE,14,1491,149119
149120,1998-01-01,NA,Hössna,FALSE,14,1491,149120
149121,1998-01-01,2006-01-01,Liared,FALSE,14,1491,149121
149122,1998-01-01,2006-01-01,Kölingared,FALSE,14,1491,149122
149123,1998-01-01,2006-01-01,Knätte,FALSE,14,1491,149123
149124,1998-01-01,2006-01-01,Böne,FALSE,14,1491,149124
149125,1998-01-01,2006-01-01,Kölaby,FALSE,14,1491,149125
149126,1998-01-01,2006-01-01,Humla,FALSE,14,1491,149126
149127,1998-01-01,2006-01-01,Blidsberg,FALSE,14,1491,149127
149128,1998-01-01,NA,Dalum,FALSE,14,1491,149128
149129,1998-01-01,NA,Timmele,FALSE,14,1491,149129
149201,1998-01-01,NA,Åmål,FALSE,14,1492,149201
149203,1998-01-01,2010-01-01,Mo,FALSE,14,1492,149203
149204,1998-01-01,2010-01-01,Tösse med Tydje,FALSE,14,1492,149204
149205,1998-01-01,2010-01-01,Ånimskog,FALSE,14,1492,149205
149206,1998-01-01,2010-01-01,Fröskog,FALSE,14,1492,149206
149207,1998-01-01,2006-01-01,Edsleskog,FALSE,14,1492,149207
149301,1998-01-01,NA,Mariestad,FALSE,14,1493,149301
149302,1998-01-01,2006-01-01,Leksberg,FALSE,14,1493,149302
149303,1998-01-01,NA,Ullervad,FALSE,14,1493,149303
149304,1998-01-01,2009-01-01,Utby,FALSE,14,1493,149304
149305,1998-01-01,2009-01-01,Ekby,FALSE,14,1493,149305
149306,1998-01-01,2009-01-01,Tidavad,FALSE,14,1493,149306
149307,1998-01-01,2009-01-01,Odensåker,FALSE,14,1493,149307
149308,1998-01-01,2009-01-01,Låstad,FALSE,14,1493,149308
149309,1998-01-01,2009-01-01,Ek,FALSE,14,1493,149309
149310,1998-01-01,2006-01-01,Lugnås,FALSE,14,1493,149310
149311,1998-01-01,2006-01-01,Bredsäter,FALSE,14,1493,149311
149312,1998-01-01,NA,Björsäter,FALSE,14,1493,149312
149313,1998-01-01,2006-01-01,Torsö,FALSE,14,1493,149313
149314,1998-01-01,2004-01-01,Enåsa,FALSE,14,1493,149314
149315,1998-01-01,2004-01-01,Hassle,FALSE,14,1493,149315
149316,1998-01-01,2004-01-01,Berga,FALSE,14,1493,149316
149317,1998-01-01,2004-01-01,Färed,FALSE,14,1493,149317
149318,1998-01-01,NA,Lyrestad,FALSE,14,1493,149318
149401,1998-01-01,NA,Lidköping,FALSE,14,1494,149401
149402,1998-01-01,2002-01-01,Uvered,FALSE,14,1494,149402
149403,1998-01-01,NA,Järpås,FALSE,14,1494,149403
149404,1998-01-01,2002-01-01,Häggesled,FALSE,14,1494,149404
149405,1998-01-01,NA,Råda,FALSE,14,1494,149405
149406,1998-01-01,2006-01-01,Mellby,FALSE,14,1494,149406
149407,1998-01-01,2006-01-01,Kållands-Åsaka,FALSE,14,1494,149407
149408,1998-01-01,2002-01-01,Skalunda,FALSE,14,1494,149408
149409,1998-01-01,2002-01-01,Rackeby,FALSE,14,1494,149409
149410,1998-01-01,2002-01-01,Strö,FALSE,14,1494,149410
149411,1998-01-01,2002-01-01,Otterstad,FALSE,14,1494,149411
149412,1998-01-01,2002-01-01,Sunnersberg,FALSE,14,1494,149412
149413,1998-01-01,NA,Gösslunda,FALSE,14,1494,149413
149414,1998-01-01,2006-01-01,Saleby,FALSE,14,1494,149414
149415,1998-01-01,2006-01-01,Trässberg,FALSE,14,1494,149415
149416,1998-01-01,2006-01-01,Härjevad,FALSE,14,1494,149416
149417,1998-01-01,2006-01-01,Karaby,FALSE,14,1494,149417
149418,1998-01-01,2006-01-01,Tun,FALSE,14,1494,149418
149419,1998-01-01,2006-01-01,Friel,FALSE,14,1494,149419
149420,1998-01-01,2006-01-01,Hovby,FALSE,14,1494,149420
149421,1998-01-01,2006-01-01,Norra Härene,FALSE,14,1494,149421
149422,1998-01-01,2006-01-01,Lindärva,FALSE,14,1494,149422
149423,1998-01-01,2006-01-01,Hasslösa,FALSE,14,1494,149423
149424,1998-01-01,NA,Sävare,FALSE,14,1494,149424
149425,1998-01-01,2006-01-01,Lavad,FALSE,14,1494,149425
149426,1998-01-01,2006-01-01,Gillstad,FALSE,14,1494,149426
149427,1998-01-01,2006-01-01,Tranum,FALSE,14,1494,149427
149428,1998-01-01,2006-01-01,Tådene,FALSE,14,1494,149428
149429,1998-01-01,2006-01-01,Norra Kedum,FALSE,14,1494,149429
149430,1998-01-01,2006-01-01,Väla,FALSE,14,1494,149430
149431,1998-01-01,NA,Örslösa,FALSE,14,1494,149431
149432,1998-01-01,2006-01-01,Söne,FALSE,14,1494,149432
149501,1998-01-01,NA,Skara domkyrkoförs.,FALSE,14,1495,149501
149503,1998-01-01,2006-01-01,Öglunda,FALSE,14,1495,149503
149504,1998-01-01,2018-01-01,Eggby-Istrum,FALSE,14,1495,149504
149505,1998-01-01,2018-01-01,Varnhem,FALSE,14,1495,149505
149506,1998-01-01,2006-01-01,Norra Lundby,FALSE,14,1495,149506
149507,1998-01-01,2010-01-01,Skärv,FALSE,14,1495,149507
149508,1998-01-01,2018-01-01,Norra Ving,FALSE,14,1495,149508
149508,2018-01-01,NA,Valle,FALSE,14,1495,149508
149509,1998-01-01,2006-01-01,Stenum,FALSE,14,1495,149509
149510,1998-01-01,2006-01-01,Skånings-Åsaka,FALSE,14,1495,149510
149511,1998-01-01,2006-01-01,Händene,FALSE,14,1495,149511
149512,1998-01-01,2006-01-01,Synnerby,FALSE,14,1495,149512
149514,1998-01-01,2006-01-01,Härlunda,FALSE,14,1495,149514
149515,1998-01-01,2006-01-01,Vinköl,FALSE,14,1495,149515
149516,1998-01-01,NA,Marum-Gerum,FALSE,14,1495,149516
149517,1998-01-01,2006-01-01,Skallmeja,FALSE,14,1495,149517
149601,1998-01-01,2014-01-01,Skövde,FALSE,14,1496,149601
149601,2014-01-01,NA,Skövde,FALSE,14,1496,149601
149603,1998-01-01,2014-01-01,Våmb,FALSE,14,1496,149603
149604,1998-01-01,2014-01-01,Ryd,FALSE,14,1496,149604
149605,1998-01-01,2010-01-01,Häggum,FALSE,14,1496,149605
149607,1998-01-01,2010-01-01,Sjogerstad-Rådene,FALSE,14,1496,149607
149608,1998-01-01,NA,Norra Kyrketorp,FALSE,14,1496,149608
149609,1998-01-01,2002-01-01,Hagelberg,FALSE,14,1496,149609
149612,1998-01-01,2010-01-01,Varola,FALSE,14,1496,149612
149613,1998-01-01,2002-01-01,Forsby,FALSE,14,1496,149613
149614,1998-01-01,NA,Sventorp,FALSE,14,1496,149614
149615,1998-01-01,NA,Värsås,FALSE,14,1496,149615
149616,1998-01-01,2002-01-01,Locketorp,FALSE,14,1496,149616
149617,1998-01-01,NA,Väring,FALSE,14,1496,149617
149618,1998-01-01,2002-01-01,Horn,FALSE,14,1496,149618
149619,1998-01-01,2002-01-01,Binneberg,FALSE,14,1496,149619
149620,1998-01-01,NA,Frösve,FALSE,14,1496,149620
149621,1998-01-01,2002-01-01,Säter,FALSE,14,1496,149621
149622,1998-01-01,2002-01-01,Berg,FALSE,14,1496,149622
149623,1998-01-01,2002-01-01,Lerdala,FALSE,14,1496,149623
149624,1998-01-01,NA,Timmersdala,FALSE,14,1496,149624
149625,1998-01-01,2002-01-01,Böja,FALSE,14,1496,149625
149626,1998-01-01,2002-01-01,Flistad,FALSE,14,1496,149626
149627,1998-01-01,NA,Götlunda,FALSE,14,1496,149627
149628,1998-01-01,2002-01-01,Vad,FALSE,14,1496,149628
149629,1998-01-01,2010-01-01,Vreten,FALSE,14,1496,149629
149701,1998-01-01,NA,Hjo,FALSE,14,1497,149701
149703,1998-01-01,2002-01-01,Grevbäck,FALSE,14,1497,149703
149704,1998-01-01,NA,Mofalla,FALSE,14,1497,149704
149705,1998-01-01,2006-01-01,Södra Fågelås,FALSE,14,1497,149705
149706,1998-01-01,NA,Norra Fågelås,FALSE,14,1497,149706
149707,1998-01-01,2010-01-01,Fridene,FALSE,14,1497,149707
149708,1998-01-01,NA,Korsberga,FALSE,14,1497,149708
149801,1998-01-01,NA,Tidaholm,FALSE,14,1498,149801
149802,1998-01-01,2010-01-01,Härja,FALSE,14,1498,149802
149803,1998-01-01,NA,Daretorp,FALSE,14,1498,149803
149804,1998-01-01,2010-01-01,Velinga,FALSE,14,1498,149804
149805,1998-01-01,2010-01-01,Baltak,FALSE,14,1498,149805
149807,1998-01-01,NA,Fröjered,FALSE,14,1498,149807
149809,1998-01-01,2002-01-01,Suntak,FALSE,14,1498,149809
149810,1998-01-01,2002-01-01,Vättak,FALSE,14,1498,149810
149811,1998-01-01,2002-01-01,Kymbo,FALSE,14,1498,149811
149812,1998-01-01,NA,Valstad,FALSE,14,1498,149812
149813,1998-01-01,2002-01-01,Hångsdala,FALSE,14,1498,149813
149814,1998-01-01,2002-01-01,Östra Gerum,FALSE,14,1498,149814
149815,1998-01-01,2010-01-01,Dimbo-Ottravad,FALSE,14,1498,149815
149816,1998-01-01,NA,Varv,FALSE,14,1498,149816
149817,1998-01-01,2010-01-01,Acklinga,FALSE,14,1498,149817
149818,1998-01-01,2006-01-01,Hömb,FALSE,14,1498,149818
149819,1998-01-01,2010-01-01,Kungslena,FALSE,14,1498,149819
149901,1998-01-01,NA,Falköping,FALSE,14,1499,149901
149902,1998-01-01,NA,Friggeråker,FALSE,14,1499,149902
149903,1998-01-01,2002-01-01,Trävattna,FALSE,14,1499,149903
149904,1998-01-01,2006-01-01,Hällestad,FALSE,14,1499,149904
149905,1998-01-01,NA,Floby,FALSE,14,1499,149905
149906,1998-01-01,2006-01-01,Sörby,FALSE,14,1499,149906
149907,1998-01-01,2010-01-01,Gökhem,FALSE,14,1499,149907
149908,1998-01-01,2006-01-01,Ullene,FALSE,14,1499,149908
149909,1998-01-01,2010-01-01,Vilske-Kleva,FALSE,14,1499,149909
149910,1998-01-01,2010-01-01,Marka,FALSE,14,1499,149910
149911,1998-01-01,2006-01-01,Göteve,FALSE,14,1499,149911
149912,1998-01-01,2010-01-01,Grolanda,FALSE,14,1499,149912
149913,1998-01-01,2002-01-01,Jäla,FALSE,14,1499,149913
149914,1998-01-01,2010-01-01,Börstig,FALSE,14,1499,149914
149915,1998-01-01,2002-01-01,Brismene,FALSE,14,1499,149915
149916,1998-01-01,NA,Kinneved,FALSE,14,1499,149916
149917,1998-01-01,2002-01-01,Vårkumla,FALSE,14,1499,149917
149918,1998-01-01,2006-01-01,Luttra,FALSE,14,1499,149918
149920,1998-01-01,2010-01-01,Karleby,FALSE,14,1499,149920
149921,1998-01-01,NA,Åsle,FALSE,14,1499,149921
149922,1998-01-01,2010-01-01,Tiarp,FALSE,14,1499,149922
149923,1998-01-01,2010-01-01,Mularp,FALSE,14,1499,149923
149924,1998-01-01,NA,Slöta,FALSE,14,1499,149924
149925,1998-01-01,2002-01-01,Kälvene,FALSE,14,1499,149925
149926,1998-01-01,2002-01-01,Näs,FALSE,14,1499,149926
149927,1998-01-01,2002-01-01,Vartofta-Åsaka,FALSE,14,1499,149927
149928,1998-01-01,NA,Yllestad,FALSE,14,1499,149928
149929,1998-01-01,2002-01-01,Vistorp,FALSE,14,1499,149929
149930,1998-01-01,2010-01-01,Skörstorp,FALSE,14,1499,149930
149931,1998-01-01,2010-01-01,Högstena,FALSE,14,1499,149931
149932,1998-01-01,2010-01-01,Dala,FALSE,14,1499,149932
149933,1998-01-01,NA,Borgunda,FALSE,14,1499,149933
149934,1998-01-01,NA,Stenstorp,FALSE,14,1499,149934
149935,1998-01-01,2006-01-01,Brunnhem,FALSE,14,1499,149935
149936,1998-01-01,2006-01-01,Segerstad,FALSE,14,1499,149936
149937,1998-01-01,2006-01-01,Södra Kyrketorp,FALSE,14,1499,149937
149938,1998-01-01,2006-01-01,Valtorp,FALSE,14,1499,149938
149939,1998-01-01,2006-01-01,Håkantorp,FALSE,14,1499,149939
149940,1998-01-01,2010-01-01,Torbjörntorp,FALSE,14,1499,149940
149941,1998-01-01,NA,Gudhem,FALSE,14,1499,149941
149942,1998-01-01,2006-01-01,Östra Tunhem,FALSE,14,1499,149942
149943,1998-01-01,2006-01-01,Ugglum,FALSE,14,1499,149943
149944,1998-01-01,2006-01-01,Bjurum,FALSE,14,1499,149944
149947,1998-01-01,NA,Broddetorp,FALSE,14,1499,149947
149951,1998-01-01,NA,Åsarp,FALSE,14,1499,149951
150101,1952-01-01,1971-01-01,Mo,FALSE,15,1501,158503
150102,1963-01-01,1971-01-01,"Åmål, del",TRUE,15,1501,150102
150103,1952-01-01,1971-01-01,Tösse med Tydje,FALSE,15,1501,158504
150104,1952-01-01,1971-01-01,Ånimskog,FALSE,15,1501,158505
150105,1952-01-01,1971-01-01,Fröskog,FALSE,15,1501,158506
150106,1952-01-01,1971-01-01,Edsleskog,FALSE,15,1501,158507
150201,1952-01-01,1971-01-01,Laxarby,FALSE,15,1502,156003
150202,1952-01-01,1971-01-01,Vårvik,FALSE,15,1502,156004
150203,1952-01-01,1971-01-01,Torrskog,FALSE,15,1502,156005
150204,1952-01-01,1971-01-01,"Ärtemark, del",TRUE,15,1502,150204
150301,1952-01-01,1971-01-01,Steneby,FALSE,15,1503,156006
150302,1952-01-01,1971-01-01,Tisselskog,FALSE,15,1503,156007
150401,1952-01-01,1998-01-01,Håbol,FALSE,15,1504,150401
150402,1952-01-01,1998-01-01,Nössemark,FALSE,15,1504,150402
150403,1952-01-01,1998-01-01,Dals-Ed,FALSE,15,1504,150403
150404,1952-01-01,1998-01-01,Töftedal,FALSE,15,1504,150404
150405,1952-01-01,1998-01-01,Gesäter,FALSE,15,1504,150405
150406,1952-01-01,1998-01-01,Rölanda,FALSE,15,1504,150406
150501,1952-01-01,1971-01-01,Ödskölt,FALSE,15,1505,156008
150502,1952-01-01,1971-01-01,Bäcke,FALSE,15,1505,156009
150601,1952-01-01,1974-01-01,Järbo,FALSE,15,1506,150704
150602,1952-01-01,1974-01-01,Råggärd,FALSE,15,1506,150705
150603,1952-01-01,1974-01-01,Lerdal,FALSE,15,1506,150706
150604,1952-01-01,1974-01-01,Rännelanda,FALSE,15,1506,150707
150605,1952-01-01,1974-01-01,Högsäter,FALSE,15,1506,150708
150701,1967-01-01,1998-01-01,Färgelanda,FALSE,15,1507,150701
150702,1967-01-01,1998-01-01,Ödeborg,FALSE,15,1507,150702
150703,1967-01-01,1998-01-01,Torp,FALSE,15,1507,150703
150704,1974-01-01,1998-01-01,Järbo,FALSE,15,1507,150704
150705,1974-01-01,1998-01-01,Råggärd,FALSE,15,1507,150705
150706,1974-01-01,1998-01-01,Lerdal,FALSE,15,1507,150706
150707,1974-01-01,1998-01-01,Rännelanda,FALSE,15,1507,150707
150708,1974-01-01,1998-01-01,Högsäter,FALSE,15,1507,150708
151201,1952-01-01,1974-01-01,Gestad,FALSE,15,1512,158003
151202,1952-01-01,1974-01-01,Brålanda,FALSE,15,1512,158004
151203,1952-01-01,1974-01-01,Sundals-Ryr,FALSE,15,1512,158005
151301,1967-01-01,1974-01-01,Frändefors,FALSE,15,1513,158006
151401,1952-01-01,1974-01-01,Vänersnäs,FALSE,15,1514,158007
151402,1952-01-01,1974-01-01,Vargöns kbfd,FALSE,15,1514,158008
151403,1952-01-01,1974-01-01,Västra Tunhems kbfd,FALSE,15,1514,158009
151601,1952-01-01,1974-01-01,Stora Mellby,FALSE,15,1516,158205
151602,1952-01-01,1974-01-01,Magra,FALSE,15,1516,158206
151603,1952-01-01,1974-01-01,Långared,FALSE,15,1516,158207
151604,1952-01-01,1974-01-01,Erska,FALSE,15,1516,158208
151605,1952-01-01,1974-01-01,Lagmansered,FALSE,15,1516,158108
151701,1952-01-01,1971-01-01,Upphärad,FALSE,15,1517,158105
151702,1952-01-01,1971-01-01,Rommele,FALSE,15,1517,158106
151703,1952-01-01,1971-01-01,Fors,FALSE,15,1517,158107
151704,1952-01-01,1971-01-01,Åsbräcka,FALSE,15,1517,156202
151801,1952-01-01,1971-01-01,Tunge,FALSE,15,1518,156203
151802,1952-01-01,1971-01-01,Sankt Peder,FALSE,15,1518,156204
151803,1952-01-01,1971-01-01,Ale-Skövde,FALSE,15,1518,156205
151901,1952-01-01,1974-01-01,Hålanda,FALSE,15,1519,152102
151902,1952-01-01,1974-01-01,Skepplanda,FALSE,15,1519,152103
152001,1952-01-01,1974-01-01,Kilanda,FALSE,15,1520,152104
152002,1956-01-01,1974-01-01,Starrkärrs kbfd,FALSE,15,1520,152105
152003,1956-01-01,1974-01-01,Nol-Alafors kbfd,FALSE,15,1520,152106
152101,1967-01-01,1998-01-01,Nödinge,FALSE,15,1521,152101
152102,1974-01-01,1998-01-01,Hålanda,FALSE,15,1521,152102
152103,1974-01-01,1998-01-01,Skepplanda,FALSE,15,1521,152103
152104,1974-01-01,1998-01-01,Kilanda,FALSE,15,1521,152104
152105,1974-01-01,1998-01-01,Starrkärrs kbfd,FALSE,15,1521,152105
152106,1974-01-01,1984-01-01,Nol-Alafors kbfd,FALSE,15,1521,152106
152401,1967-01-01,1998-01-01,Lerum,FALSE,15,1524,152401
152402,1969-01-01,1998-01-01,Skallsjö,FALSE,15,1524,152402
152403,1969-01-01,1998-01-01,Stora Lundby,FALSE,15,1524,152403
152404,1969-01-01,1998-01-01,Östad,FALSE,15,1524,152404
152601,1952-01-01,1974-01-01,Hemsjö,FALSE,15,1526,158209
152602,1952-01-01,1974-01-01,Ödenäs,FALSE,15,1526,158210
152701,1952-01-01,1992-01-01,Lena,FALSE,15,1527,152701
152701,1992-01-01,1998-01-01,Lena-Bergstena,FALSE,15,1527,152701
152702,1952-01-01,1992-01-01,Bergstena,FALSE,15,1527,152702
152703,1952-01-01,1998-01-01,Fullestad,FALSE,15,1527,152703
152704,1952-01-01,1998-01-01,Siene,FALSE,15,1527,152704
152705,1952-01-01,1998-01-01,Horla,FALSE,15,1527,152705
152706,1952-01-01,1998-01-01,Hol,FALSE,15,1527,152706
152707,1955-01-01,1998-01-01,Skogsbygden,FALSE,15,1527,152707
152708,1955-01-01,1998-01-01,Nårunga,FALSE,15,1527,152708
152709,1955-01-01,1998-01-01,Ljur,FALSE,15,1527,152709
152710,1955-01-01,1998-01-01,Ornunga,FALSE,15,1527,152710
152711,1955-01-01,1998-01-01,Asklanda,FALSE,15,1527,152711
152712,1955-01-01,1998-01-01,Kvinnestad,FALSE,15,1527,152712
152713,1955-01-01,1998-01-01,Algutstorp,FALSE,15,1527,152713
152714,1955-01-01,1989-01-01,Kullings-Skövde,FALSE,15,1527,152714
152714,1989-01-01,1998-01-01,Kullings-Skövde,FALSE,15,1527,152714
152715,1955-01-01,1998-01-01,Södra Härene,FALSE,15,1527,152715
152716,1955-01-01,1989-01-01,Tumberg,FALSE,15,1527,152716
152717,1955-01-01,1998-01-01,Landa,FALSE,15,1527,152717
152901,1952-01-01,1974-01-01,Hudene,FALSE,15,1529,156607
152902,1952-01-01,1974-01-01,Källunga,FALSE,15,1529,156608
152903,1952-01-01,1974-01-01,Mjäldrunga,FALSE,15,1529,156609
152904,1952-01-01,1974-01-01,Eriksberg,FALSE,15,1529,156610
152905,1952-01-01,1974-01-01,Skölvene,FALSE,15,1529,156611
152906,1952-01-01,1974-01-01,Södra Björke,FALSE,15,1529,156612
152907,1952-01-01,1974-01-01,Jällby,FALSE,15,1529,156613
152908,1952-01-01,1974-01-01,Grude,FALSE,15,1529,156614
152909,1952-01-01,1974-01-01,Vesene,FALSE,15,1529,156615
152910,1952-01-01,1974-01-01,Molla,FALSE,15,1529,156616
152911,1952-01-01,1974-01-01,Od,FALSE,15,1529,156617
152912,1952-01-01,1974-01-01,Hov,FALSE,15,1529,156618
152913,1952-01-01,1974-01-01,Norra Säm,FALSE,15,1529,156619
152914,1952-01-01,1974-01-01,Alboga,FALSE,15,1529,156620
152915,1952-01-01,1974-01-01,Broddarp,FALSE,15,1529,156621
152916,1952-01-01,1974-01-01,Öra,FALSE,15,1529,156622
153001,1952-01-01,1974-01-01,Kärråkra,FALSE,15,1530,158402
153002,1952-01-01,1974-01-01,Södra Vånga,FALSE,15,1530,158403
153003,1952-01-01,1974-01-01,Möne,FALSE,15,1530,158404
153004,1952-01-01,1974-01-01,Hällstad,FALSE,15,1530,158405
153005,1952-01-01,1974-01-01,Murum,FALSE,15,1530,158406
153006,1952-01-01,1974-01-01,Grovare,FALSE,15,1530,158407
153007,1952-01-01,1974-01-01,Fänneslunda,FALSE,15,1530,158408
153008,1952-01-01,1974-01-01,Härna,FALSE,15,1530,158409
153009,1952-01-01,1974-01-01,Södra Ving,FALSE,15,1530,158410
153010,1952-01-01,1974-01-01,Varnum,FALSE,15,1530,158411
153101,1952-01-01,1974-01-01,Rångedala,FALSE,15,1531,158304
153102,1952-01-01,1974-01-01,Äspered,FALSE,15,1531,158305
153103,1952-01-01,1974-01-01,Toarp,FALSE,15,1531,158306
153104,1967-01-01,1974-01-01,Dannike,FALSE,15,1531,158307
153105,1971-01-01,1974-01-01,Ljushult,FALSE,15,1531,158308
153201,1967-01-01,1971-01-01,Brämhult,FALSE,15,1532,158303
153301,1952-01-01,1974-01-01,Gingri,FALSE,15,1533,158309
153302,1952-01-01,1974-01-01,Tärby,FALSE,15,1533,158310
153303,1952-01-01,1974-01-01,Fristad,FALSE,15,1533,158311
153304,1952-01-01,1974-01-01,Borgstena,FALSE,15,1533,158312
153305,1952-01-01,1974-01-01,Tämta,FALSE,15,1533,158313
153306,1952-01-01,1974-01-01,Vänga,FALSE,15,1533,158314
153401,1952-01-01,1974-01-01,Bredared,FALSE,15,1534,158315
153402,1952-01-01,1974-01-01,Sandhult,FALSE,15,1534,158316
153501,1952-01-01,1974-01-01,Töllsjö,FALSE,15,1535,158317
153501,1995-01-01,1998-01-01,Töllsjö,FALSE,15,1535,153501
153502,1952-01-01,1974-01-01,Bollebygd,FALSE,15,1535,158318
153502,1995-01-01,1998-01-01,Bollebygd,FALSE,15,1535,153502
153601,1967-01-01,1971-01-01,Björketorp,FALSE,15,1536,140104
153701,1952-01-01,1971-01-01,Sätila,FALSE,15,1537,156304
153702,1952-01-01,1971-01-01,Hyssna,FALSE,15,1537,156305
153801,1961-01-01,1974-01-01,Seglora,FALSE,15,1538,158319
153802,1961-01-01,1974-01-01,Kinnarumma,FALSE,15,1538,158320
154001,1960-01-01,1971-01-01,Skephult,FALSE,15,1540,156306
154002,1952-01-01,1971-01-01,Fritsla,FALSE,15,1540,156307
154101,1967-01-01,1971-01-01,Örby kbfd,FALSE,15,1541,156303
154201,1952-01-01,1971-01-01,Hajom,FALSE,15,1542,156308
154202,1952-01-01,1971-01-01,Berghem,FALSE,15,1542,156309
154203,1952-01-01,1971-01-01,Fotskäl,FALSE,15,1542,156310
154204,1952-01-01,1971-01-01,Tostared,FALSE,15,1542,156311
154205,1952-01-01,1971-01-01,Surteby-Kattunga,FALSE,15,1542,156312
154301,1952-01-01,1971-01-01,Öxnevalla,FALSE,15,1543,156313
154302,1952-01-01,1971-01-01,Horred,FALSE,15,1543,156314
154303,1952-01-01,1971-01-01,Istorp,FALSE,15,1543,156315
154401,1952-01-01,1971-01-01,Grimmared,FALSE,15,1544,138322
154402,1952-01-01,1971-01-01,Karl Gustav,FALSE,15,1544,138323
154403,1952-01-01,1971-01-01,Kungsäter,FALSE,15,1544,138324
154404,1952-01-01,1971-01-01,Gunnarsjö,FALSE,15,1544,138325
154501,1952-01-01,1971-01-01,Älekulla,FALSE,15,1545,156316
154502,1952-01-01,1971-01-01,Torestorp,FALSE,15,1545,156317
154503,1952-01-01,1971-01-01,Öxabäck,FALSE,15,1545,156318
154601,1952-01-01,1971-01-01,Holsljunga,FALSE,15,1546,156502
154602,1952-01-01,1971-01-01,Mjöbäck,FALSE,15,1546,156503
154603,1952-01-01,1971-01-01,Älvsered,FALSE,15,1546,138224
154701,1952-01-01,1971-01-01,Mårdaklev,FALSE,15,1547,156504
154702,1952-01-01,1971-01-01,Kalv,FALSE,15,1547,156505
154703,1952-01-01,1971-01-01,Östra Frölunda,FALSE,15,1547,156506
154704,1952-01-01,1971-01-01,Håcksvik,FALSE,15,1547,156507
154801,1952-01-01,1971-01-01,Örsås,FALSE,15,1548,156508
154802,1952-01-01,1971-01-01,Revesjö,FALSE,15,1548,156509
154803,1952-01-01,1971-01-01,Redslared,FALSE,15,1548,156510
154804,1952-01-01,1971-01-01,Ullasjö,FALSE,15,1548,156511
154901,1952-01-01,1971-01-01,Sexdrega,FALSE,15,1549,156512
154902,1952-01-01,1971-01-01,Roasjö,FALSE,15,1549,156513
154903,1952-01-01,1971-01-01,Ljushult,FALSE,15,1549,158308
154904,1952-01-01,1971-01-01,Hillared,FALSE,15,1549,156514
155201,1952-01-01,1998-01-01,Tranemo,FALSE,15,1552,155201
155202,1952-01-01,1998-01-01,Ambjörnarp,FALSE,15,1552,155202
155203,1952-01-01,1998-01-01,Sjötofta,FALSE,15,1552,155203
155204,1953-01-01,1974-01-01,"Mossebo, del",TRUE,15,1552,155204
155204,1974-01-01,1998-01-01,Mossebo,FALSE,15,1552,155204
155205,1967-01-01,1998-01-01,Södra Åsarp,FALSE,15,1552,155205
155206,1967-01-01,1998-01-01,Länghem,FALSE,15,1552,155206
155207,1967-01-01,1998-01-01,Månstad,FALSE,15,1552,155207
155208,1974-01-01,1998-01-01,Nittorp,FALSE,15,1552,155208
155209,1974-01-01,1998-01-01,Ljungsarp,FALSE,15,1552,155209
155210,1974-01-01,1998-01-01,Ölsremma,FALSE,15,1552,155210
155211,1974-01-01,1998-01-01,Dalstorp,FALSE,15,1552,155211
155212,1974-01-01,1998-01-01,Hulared,FALSE,15,1552,155212
155301,1952-01-01,1974-01-01,Nittorp,FALSE,15,1553,155208
155302,1952-01-01,1974-01-01,Ljungsarp,FALSE,15,1553,155209
155303,1952-01-01,1974-01-01,Ölsremma,FALSE,15,1553,155210
155304,1952-01-01,1974-01-01,Dalstorp,FALSE,15,1553,155211
155305,1952-01-01,1974-01-01,Hulared,FALSE,15,1553,155212
155306,1953-01-01,1974-01-01,"Mossebo, del",TRUE,15,1553,155306
155401,1952-01-01,1974-01-01,Södra Säm,FALSE,15,1554,158412
155402,1952-01-01,1974-01-01,Finnekumla,FALSE,15,1554,158413
155403,1952-01-01,1974-01-01,Tvärred,FALSE,15,1554,158414
155404,1952-01-01,1974-01-01,Marbäck,FALSE,15,1554,158415
155405,1952-01-01,1974-01-01,Gällstad,FALSE,15,1554,158416
155406,1952-01-01,1974-01-01,Grönahög,FALSE,15,1554,158417
155501,1952-01-01,1974-01-01,Strängsered,FALSE,15,1555,158418
155502,1952-01-01,1974-01-01,Gullered,FALSE,15,1555,158419
155503,1952-01-01,1974-01-01,Hössna,FALSE,15,1555,158420
155504,1952-01-01,1974-01-01,Liared,FALSE,15,1555,158421
155505,1952-01-01,1974-01-01,Kölingared,FALSE,15,1555,158422
155506,1952-01-01,1974-01-01,Knätte,FALSE,15,1555,158423
155507,1952-01-01,1974-01-01,Böne,FALSE,15,1555,158424
155508,1952-01-01,1974-01-01,Fivlered,FALSE,15,1555,168649
155509,1952-01-01,1974-01-01,Solberga,FALSE,15,1555,168650
155510,1952-01-01,1974-01-01,Norra Åsarp,FALSE,15,1555,168651
155511,1952-01-01,1974-01-01,Smula,FALSE,15,1555,168652
155512,1952-01-01,1974-01-01,Kölaby,FALSE,15,1555,158425
155513,1952-01-01,1974-01-01,Humla,FALSE,15,1555,158426
155514,1952-01-01,1974-01-01,Blidsberg,FALSE,15,1555,158427
155515,1952-01-01,1974-01-01,Dalum,FALSE,15,1555,158428
155516,1952-01-01,1974-01-01,Timmele,FALSE,15,1555,158429
156001,1967-01-01,1971-01-01,"Ärtemark, del",TRUE,15,1560,156001
156001,1971-01-01,1998-01-01,Ärtemark,FALSE,15,1560,156001
156003,1971-01-01,1998-01-01,Laxarby,FALSE,15,1560,156003
156004,1971-01-01,1998-01-01,Vårvik,FALSE,15,1560,156004
156005,1971-01-01,1998-01-01,Torrskog,FALSE,15,1560,156005
156006,1971-01-01,1998-01-01,Steneby,FALSE,15,1560,156006
156007,1971-01-01,1998-01-01,Tisselskog,FALSE,15,1560,156007
156008,1971-01-01,1998-01-01,Ödskölt,FALSE,15,1560,156008
156009,1971-01-01,1998-01-01,Bäcke,FALSE,15,1560,156009
156101,1952-01-01,1998-01-01,Holm,FALSE,15,1561,156101
156102,1952-01-01,1998-01-01,Järn,FALSE,15,1561,156102
156103,1969-01-01,1998-01-01,Grinstad,FALSE,15,1561,156103
156104,1969-01-01,1998-01-01,Erikstad,FALSE,15,1561,156104
156105,1969-01-01,1998-01-01,Bolstad,FALSE,15,1561,156105
156106,1969-01-01,1998-01-01,Ör,FALSE,15,1561,156106
156107,1969-01-01,1998-01-01,Gunnarsnäs,FALSE,15,1561,156107
156108,1969-01-01,1998-01-01,Dalskog,FALSE,15,1561,156108
156109,1969-01-01,1998-01-01,Skållerud,FALSE,15,1561,156109
156201,1967-01-01,1998-01-01,Fuxerna,FALSE,15,1562,156201
156202,1971-01-01,1998-01-01,Åsbräcka,FALSE,15,1562,156202
156203,1971-01-01,1998-01-01,Tunge,FALSE,15,1562,156203
156204,1971-01-01,1998-01-01,S:t Peder,FALSE,15,1562,156204
156205,1971-01-01,1998-01-01,Ale-Skövde,FALSE,15,1562,156205
156206,1971-01-01,1998-01-01,Västerlanda,FALSE,15,1562,156206
156207,1971-01-01,1998-01-01,Hjärtum,FALSE,15,1562,156207
156301,1967-01-01,1998-01-01,Kinna,FALSE,15,1563,156301
156302,1971-01-01,1992-01-01,Skene kbfd,FALSE,15,1563,156302
156303,1971-01-01,1998-01-01,Örby kbfd,FALSE,15,1563,156303
156304,1971-01-01,1998-01-01,Sätila,FALSE,15,1563,156304
156305,1971-01-01,1998-01-01,Hyssna,FALSE,15,1563,156305
156306,1971-01-01,1998-01-01,Skephult,FALSE,15,1563,156306
156307,1971-01-01,1998-01-01,Fritsla,FALSE,15,1563,156307
156308,1971-01-01,1998-01-01,Hajom,FALSE,15,1563,156308
156309,1971-01-01,1998-01-01,Berghem,FALSE,15,1563,156309
156310,1971-01-01,1998-01-01,Fotskäl,FALSE,15,1563,156310
156311,1971-01-01,1998-01-01,Tostared,FALSE,15,1563,156311
156312,1971-01-01,1998-01-01,Surteby-Kattunga,FALSE,15,1563,156312
156313,1971-01-01,1998-01-01,Öxnevalla,FALSE,15,1563,156313
156314,1971-01-01,1998-01-01,Horred,FALSE,15,1563,156314
156315,1971-01-01,1998-01-01,Istorp,FALSE,15,1563,156315
156316,1971-01-01,1998-01-01,Älekulla,FALSE,15,1563,156316
156317,1971-01-01,1998-01-01,Torestorp,FALSE,15,1563,156317
156318,1971-01-01,1998-01-01,Öxabäck,FALSE,15,1563,156318
156401,1967-01-01,1971-01-01,Skene kbfd,FALSE,15,1564,156302
156501,1967-01-01,1992-01-01,Svenljunga,FALSE,15,1565,156501
156501,1992-01-01,1998-01-01,Svenljunga-Ullasjö,FALSE,15,1565,156501
156502,1971-01-01,1998-01-01,Holsljunga,FALSE,15,1565,156502
156503,1971-01-01,1998-01-01,Mjöbäck,FALSE,15,1565,156503
156504,1971-01-01,1998-01-01,Mårdaklev,FALSE,15,1565,156504
156505,1971-01-01,1998-01-01,Kalv,FALSE,15,1565,156505
156506,1971-01-01,1998-01-01,Östra Frölunda,FALSE,15,1565,156506
156507,1971-01-01,1998-01-01,Håcksvik,FALSE,15,1565,156507
156508,1971-01-01,1998-01-01,Örsås,FALSE,15,1565,156508
156509,1971-01-01,1998-01-01,Revesjö,FALSE,15,1565,156509
156510,1971-01-01,1998-01-01,Redslared,FALSE,15,1565,156510
156511,1971-01-01,1992-01-01,Ullasjö,FALSE,15,1565,156511
156512,1971-01-01,1998-01-01,Sexdrega,FALSE,15,1565,156512
156513,1971-01-01,1998-01-01,Roasjö,FALSE,15,1565,156513
156514,1971-01-01,1998-01-01,Hillared,FALSE,15,1565,156514
156601,1953-01-01,1998-01-01,Bråttensby,FALSE,15,1566,156601
156602,1953-01-01,1998-01-01,Eggvena,FALSE,15,1566,156602
156603,1953-01-01,1998-01-01,Fölene,FALSE,15,1566,156603
156604,1953-01-01,1998-01-01,Remmene,FALSE,15,1566,156604
156606,1964-01-01,1998-01-01,Herrljunga,FALSE,15,1566,156606
156607,1974-01-01,1998-01-01,Hudene,FALSE,15,1566,156607
156608,1974-01-01,1998-01-01,Källunga,FALSE,15,1566,156608
156609,1974-01-01,1998-01-01,Mjäldrunga,FALSE,15,1566,156609
156610,1974-01-01,1998-01-01,Eriksberg,FALSE,15,1566,156610
156611,1974-01-01,1998-01-01,Skölvene,FALSE,15,1566,156611
156612,1974-01-01,1998-01-01,Södra Björke,FALSE,15,1566,156612
156613,1974-01-01,1998-01-01,Jällby,FALSE,15,1566,156613
156614,1974-01-01,1998-01-01,Grude,FALSE,15,1566,156614
156615,1974-01-01,1998-01-01,Vesene,FALSE,15,1566,156615
156616,1974-01-01,1998-01-01,Molla,FALSE,15,1566,156616
156617,1974-01-01,1998-01-01,Od,FALSE,15,1566,156617
156618,1974-01-01,1998-01-01,Hov,FALSE,15,1566,156618
156619,1974-01-01,1989-01-01,Norra Säm,FALSE,15,1566,156619
156620,1974-01-01,1998-01-01,Alboga,FALSE,15,1566,156620
156621,1974-01-01,1998-01-01,Broddarp,FALSE,15,1566,156621
156622,1974-01-01,1998-01-01,Öra,FALSE,15,1566,156622
158001,1952-01-01,1998-01-01,Vänersborg,FALSE,15,1580,158001
158002,1952-01-01,1998-01-01,Väne-Ryr,FALSE,15,1580,158002
158003,1974-01-01,1998-01-01,Gestad,FALSE,15,1580,158003
158004,1974-01-01,1998-01-01,Brålanda,FALSE,15,1580,158004
158005,1974-01-01,1998-01-01,Sundals-Ryr,FALSE,15,1580,158005
158006,1974-01-01,1998-01-01,Frändefors,FALSE,15,1580,158006
158007,1974-01-01,1998-01-01,Vänersnäs,FALSE,15,1580,158007
158008,1974-01-01,1977-01-01,Vargöns kbfd,FALSE,15,1580,158008
158009,1974-01-01,1998-01-01,Västra Tunhems kbfd,FALSE,15,1580,158009
158101,1967-01-01,1998-01-01,Trollhättan,FALSE,15,1581,158101
158102,1967-01-01,1998-01-01,Norra Björke,FALSE,15,1581,158102
158103,1967-01-01,1998-01-01,Väne-Åsaka,FALSE,15,1581,158103
158104,1967-01-01,1998-01-01,Gärdhem,FALSE,15,1581,158104
158105,1971-01-01,1998-01-01,Upphärad,FALSE,15,1581,158105
158106,1971-01-01,1998-01-01,Rommele,FALSE,15,1581,158106
158107,1971-01-01,1998-01-01,Fors,FALSE,15,1581,158107
158108,1974-01-01,1998-01-01,Lagmansered,FALSE,15,1581,158108
158109,1989-01-01,1998-01-01,Lextorp,FALSE,15,1581,158109
158110,1989-01-01,1998-01-01,Götalunden,FALSE,15,1581,158110
158201,1967-01-01,1998-01-01,Alingsås,FALSE,15,1582,158201
158205,1974-01-01,1998-01-01,Stora Mellby,FALSE,15,1582,158205
158206,1974-01-01,1998-01-01,Magra,FALSE,15,1582,158206
158207,1974-01-01,1998-01-01,Långared,FALSE,15,1582,158207
158208,1974-01-01,1998-01-01,Erska,FALSE,15,1582,158208
158209,1974-01-01,1998-01-01,Hemsjö,FALSE,15,1582,158209
158210,1974-01-01,1998-01-01,Ödenäs,FALSE,15,1582,158210
158301,1952-01-01,1998-01-01,Borås Caroli,FALSE,15,1583,158301
158302,1952-01-01,1998-01-01,Borås Gustav Adolf,FALSE,15,1583,158302
158303,1971-01-01,1998-01-01,Brämhult,FALSE,15,1583,158303
158304,1974-01-01,1998-01-01,Rångedala,FALSE,15,1583,158304
158305,1974-01-01,1998-01-01,Äspered,FALSE,15,1583,158305
158306,1974-01-01,1998-01-01,Toarp,FALSE,15,1583,158306
158307,1974-01-01,1998-01-01,Dannike,FALSE,15,1583,158307
158308,1974-01-01,1998-01-01,Ljushult,FALSE,15,1583,158308
158309,1974-01-01,1992-01-01,Gingri,FALSE,15,1583,158309
158310,1974-01-01,1998-01-01,Tärby,FALSE,15,1583,158310
158311,1974-01-01,1998-01-01,Fristad,FALSE,15,1583,158311
158312,1974-01-01,1998-01-01,Borgstena,FALSE,15,1583,158312
158313,1974-01-01,1998-01-01,Tämta,FALSE,15,1583,158313
158314,1974-01-01,1998-01-01,Vänga,FALSE,15,1583,158314
158315,1974-01-01,1998-01-01,Bredared,FALSE,15,1583,158315
158316,1974-01-01,1998-01-01,Sandhult,FALSE,15,1583,158316
158317,1974-01-01,1995-01-01,Töllsjö,FALSE,15,1583,158317
158318,1974-01-01,1995-01-01,Bollebygd,FALSE,15,1583,158318
158319,1974-01-01,1998-01-01,Seglora,FALSE,15,1583,158319
158320,1974-01-01,1998-01-01,Kinnarumma,FALSE,15,1583,158320
158401,1967-01-01,1998-01-01,Ulricehamn,FALSE,15,1584,158401
158402,1974-01-01,1998-01-01,Kärråkra,FALSE,15,1584,158402
158403,1974-01-01,1989-01-01,Södra Vånga,FALSE,15,1584,158403
158404,1974-01-01,1998-01-01,Möne,FALSE,15,1584,158404
158405,1974-01-01,1998-01-01,Hällstad,FALSE,15,1584,158405
158406,1974-01-01,1998-01-01,Murum,FALSE,15,1584,158406
158407,1974-01-01,1989-01-01,Grovare,FALSE,15,1584,158407
158408,1974-01-01,1998-01-01,Fänneslunda,FALSE,15,1584,158408
158409,1974-01-01,1998-01-01,Härna,FALSE,15,1584,158409
158410,1974-01-01,1998-01-01,Södra Ving,FALSE,15,1584,158410
158411,1974-01-01,1998-01-01,Varnum,FALSE,15,1584,158411
158412,1974-01-01,1998-01-01,Södra Säm,FALSE,15,1584,158412
158413,1974-01-01,1998-01-01,Finnekumla,FALSE,15,1584,158413
158414,1974-01-01,1998-01-01,Tvärred,FALSE,15,1584,158414
158415,1974-01-01,1998-01-01,Marbäck,FALSE,15,1584,158415
158416,1974-01-01,1998-01-01,Gällstad,FALSE,15,1584,158416
158417,1974-01-01,1998-01-01,Grönahög,FALSE,15,1584,158417
158418,1974-01-01,1998-01-01,Strängsered,FALSE,15,1584,158418
158419,1974-01-01,1998-01-01,Gullered,FALSE,15,1584,158419
158420,1974-01-01,1998-01-01,Hössna,FALSE,15,1584,158420
158421,1974-01-01,1998-01-01,Liared,FALSE,15,1584,158421
158422,1974-01-01,1998-01-01,Kölingared,FALSE,15,1584,158422
158423,1974-01-01,1998-01-01,Knätte,FALSE,15,1584,158423
158424,1974-01-01,1998-01-01,Böne,FALSE,15,1584,158424
158425,1974-01-01,1998-01-01,Kölaby,FALSE,15,1584,158425
158426,1974-01-01,1998-01-01,Humla,FALSE,15,1584,158426
158427,1974-01-01,1998-01-01,Blidsberg,FALSE,15,1584,158427
158428,1974-01-01,1998-01-01,Dalum,FALSE,15,1584,158428
158429,1974-01-01,1998-01-01,Timmele,FALSE,15,1584,158429
158501,1967-01-01,1971-01-01,"Åmål, del",TRUE,15,1585,158501
158501,1971-01-01,1998-01-01,Åmål,FALSE,15,1585,158501
158503,1971-01-01,1998-01-01,Mo,FALSE,15,1585,158503
158504,1971-01-01,1998-01-01,Tösse med Tydje,FALSE,15,1585,158504
158505,1971-01-01,1998-01-01,Ånimskog,FALSE,15,1585,158505
158506,1971-01-01,1998-01-01,Fröskog,FALSE,15,1585,158506
158507,1971-01-01,1998-01-01,Edsleskog,FALSE,15,1585,158507
160201,1952-01-01,1998-01-01,Täng,FALSE,16,1602,160201
160202,1952-01-01,1998-01-01,Håle,FALSE,16,1602,160202
160203,1952-01-01,1998-01-01,Särestad,FALSE,16,1602,160203
160204,1952-01-01,1998-01-01,Flakeberg,FALSE,16,1602,160204
160205,1952-01-01,1998-01-01,Bjärby,FALSE,16,1602,160205
160206,1952-01-01,1998-01-01,Ås,FALSE,16,1602,160206
160207,1952-01-01,1998-01-01,Sal,FALSE,16,1602,160207
160208,1952-01-01,1998-01-01,Flo,FALSE,16,1602,160208
160209,1952-01-01,1998-01-01,Tengene,FALSE,16,1602,160209
160210,1952-01-01,1998-01-01,Trökörna,FALSE,16,1602,160210
160211,1952-01-01,1998-01-01,Längnum,FALSE,16,1602,160211
160212,1952-01-01,1998-01-01,Hyringa,FALSE,16,1602,160212
160301,1952-01-01,1974-01-01,Malma,FALSE,16,1603,160301
160301,1983-01-01,1998-01-01,Malma,FALSE,16,1603,160301
160302,1952-01-01,1974-01-01,Främmestad,FALSE,16,1603,160302
160302,1983-01-01,1998-01-01,Främmestad,FALSE,16,1603,160302
160303,1952-01-01,1974-01-01,Bäreberg,FALSE,16,1603,160303
160303,1983-01-01,1998-01-01,Bäreberg,FALSE,16,1603,160303
160304,1952-01-01,1974-01-01,Essunga,FALSE,16,1603,160304
160304,1983-01-01,1998-01-01,Essunga,FALSE,16,1603,160304
160305,1952-01-01,1974-01-01,Kyrkås,FALSE,16,1603,160305
160305,1983-01-01,1998-01-01,Kyrkås,FALSE,16,1603,160305
160306,1952-01-01,1974-01-01,Fåglum,FALSE,16,1603,160306
160306,1983-01-01,1998-01-01,Fåglum,FALSE,16,1603,160306
160307,1952-01-01,1974-01-01,Barne-Åsaka,FALSE,16,1603,160307
160307,1983-01-01,1998-01-01,Barne-Åsaka,FALSE,16,1603,160307
160308,1952-01-01,1974-01-01,Lekåsa,FALSE,16,1603,160308
160308,1983-01-01,1998-01-01,Lekåsa,FALSE,16,1603,160308
160501,1952-01-01,1974-01-01,Larv,FALSE,16,1605,166024
160502,1952-01-01,1974-01-01,Längjum,FALSE,16,1605,166025
160503,1952-01-01,1974-01-01,Tråvad,FALSE,16,1605,166026
161501,1952-01-01,1971-01-01,Istrum,FALSE,16,1615,168202
161502,1952-01-01,1971-01-01,Öglunda,FALSE,16,1615,168203
161503,1952-01-01,1971-01-01,Eggby,FALSE,16,1615,168204
161504,1952-01-01,1971-01-01,Varnhem,FALSE,16,1615,168205
161505,1952-01-01,1971-01-01,Norra Lundby,FALSE,16,1615,168206
161506,1952-01-01,1971-01-01,Skärv,FALSE,16,1615,168207
161507,1952-01-01,1971-01-01,Norra Ving,FALSE,16,1615,168208
161508,1952-01-01,1971-01-01,Stenum,FALSE,16,1615,168209
161509,1952-01-01,1971-01-01,Skånings-Åsaka,FALSE,16,1615,168210
161601,1952-01-01,1971-01-01,Händene,FALSE,16,1616,168211
161602,1952-01-01,1971-01-01,Synnerby,FALSE,16,1616,168212
161603,1952-01-01,1971-01-01,Marum,FALSE,16,1616,168213
161604,1952-01-01,1971-01-01,Härlunda,FALSE,16,1616,168214
161605,1952-01-01,1971-01-01,Vinköl,FALSE,16,1616,168215
161606,1952-01-01,1971-01-01,Västra Gerum,FALSE,16,1616,168216
161607,1952-01-01,1971-01-01,Skallmeja,FALSE,16,1616,168217
161801,1952-01-01,1974-01-01,Jung,FALSE,16,1618,166027
161802,1952-01-01,1974-01-01,Fyrunga,FALSE,16,1618,166028
161803,1952-01-01,1974-01-01,Kvänum,FALSE,16,1618,166029
161804,1952-01-01,1974-01-01,Öttum,FALSE,16,1618,166030
161805,1952-01-01,1974-01-01,Norra Vånga,FALSE,16,1618,166031
161806,1952-01-01,1974-01-01,Edsvära,FALSE,16,1618,166032
161901,1952-01-01,1974-01-01,Trävattna,FALSE,16,1619,168603
161902,1952-01-01,1974-01-01,Hällestad,FALSE,16,1619,168604
161903,1952-01-01,1974-01-01,Floby,FALSE,16,1619,168605
161904,1952-01-01,1974-01-01,Sörby,FALSE,16,1619,168606
161905,1952-01-01,1974-01-01,Gökhem,FALSE,16,1619,168607
161906,1952-01-01,1974-01-01,Ullene,FALSE,16,1619,168608
161907,1952-01-01,1974-01-01,Vilske-Kleva,FALSE,16,1619,168609
161908,1952-01-01,1974-01-01,Marka,FALSE,16,1619,168610
161909,1952-01-01,1974-01-01,Göteve,FALSE,16,1619,168611
161910,1952-01-01,1974-01-01,Grolanda,FALSE,16,1619,168612
161911,1952-01-01,1974-01-01,Jäla,FALSE,16,1619,168613
162001,1952-01-01,1974-01-01,Börstig,FALSE,16,1620,168614
162002,1952-01-01,1974-01-01,Brismene,FALSE,16,1620,168615
162003,1952-01-01,1974-01-01,Kinneved,FALSE,16,1620,168616
162004,1952-01-01,1974-01-01,Vårkumla,FALSE,16,1620,168617
162005,1952-01-01,1974-01-01,Luttra,FALSE,16,1620,168618
162101,1952-01-01,1974-01-01,Falköpings landsförs.,FALSE,16,1621,168619
162102,1952-01-01,1974-01-01,Karleby,FALSE,16,1621,168620
162103,1952-01-01,1974-01-01,Åsle,FALSE,16,1621,168621
162104,1952-01-01,1974-01-01,Tiarp,FALSE,16,1621,168622
162105,1952-01-01,1974-01-01,Mularp,FALSE,16,1621,168623
162106,1952-01-01,1974-01-01,Slöta,FALSE,16,1621,168624
162107,1952-01-01,1974-01-01,Kälvene,FALSE,16,1621,168625
162108,1952-01-01,1974-01-01,Näs,FALSE,16,1621,168626
162109,1952-01-01,1974-01-01,Vartofta-Åsaka,FALSE,16,1621,168627
162110,1952-01-01,1974-01-01,Yllestad,FALSE,16,1621,168628
162111,1952-01-01,1974-01-01,Vistorp,FALSE,16,1621,168629
162201,1952-01-01,1998-01-01,Utvängstorp,FALSE,16,1622,162201
162202,1952-01-01,1998-01-01,Sandhem,FALSE,16,1622,162202
162203,1952-01-01,1998-01-01,Nykyrka,FALSE,16,1622,162203
162204,1952-01-01,1998-01-01,Bjurbäck,FALSE,16,1622,162204
162301,1952-01-01,1998-01-01,Habo,FALSE,16,1623,162301
162302,1952-01-01,1998-01-01,Gustav Adolf,FALSE,16,1623,162302
162303,1974-01-01,1998-01-01,Brandstorp,FALSE,16,1623,162303
162401,1952-01-01,1974-01-01,Brandstorp,FALSE,16,1624,162303
162402,1952-01-01,1974-01-01,Södra Fågelås,FALSE,16,1624,168405
162403,1952-01-01,1974-01-01,Norra Fågelås,FALSE,16,1624,168406
162501,1952-01-01,1974-01-01,Härja,FALSE,16,1625,168502
162502,1952-01-01,1974-01-01,Daretorp,FALSE,16,1625,168503
162503,1952-01-01,1974-01-01,Velinga,FALSE,16,1625,168504
162504,1952-01-01,1974-01-01,Baltak,FALSE,16,1625,168505
162505,1952-01-01,1974-01-01,Agnetorp,FALSE,16,1625,168506
162601,1952-01-01,1974-01-01,Fröjered,FALSE,16,1626,168507
162602,1952-01-01,1974-01-01,Fridene,FALSE,16,1626,168407
162603,1952-01-01,1974-01-01,Korsberga,FALSE,16,1626,168408
162701,1952-01-01,1974-01-01,Ottravad,FALSE,16,1627,168508
162702,1952-01-01,1974-01-01,Suntak,FALSE,16,1627,168509
162703,1952-01-01,1974-01-01,Vättak,FALSE,16,1627,168510
162704,1952-01-01,1974-01-01,Kymbo,FALSE,16,1627,168511
162705,1952-01-01,1974-01-01,Valstad,FALSE,16,1627,168512
162706,1952-01-01,1974-01-01,Hångsdala,FALSE,16,1627,168513
162707,1952-01-01,1974-01-01,Skörstorp,FALSE,16,1627,168630
162708,1952-01-01,1974-01-01,Östra Gerum,FALSE,16,1627,168514
162709,1952-01-01,1974-01-01,Dimbo,FALSE,16,1627,168515
162710,1952-01-01,1974-01-01,Varv,FALSE,16,1627,168516
162711,1952-01-01,1974-01-01,Acklinga,FALSE,16,1627,168517
162712,1952-01-01,1974-01-01,Hömb,FALSE,16,1627,168518
162713,1952-01-01,1974-01-01,Kungslena,FALSE,16,1627,168519
162801,1952-01-01,1974-01-01,Högstena,FALSE,16,1628,168631
162802,1952-01-01,1974-01-01,Dala,FALSE,16,1628,168632
162803,1952-01-01,1974-01-01,Borgunda,FALSE,16,1628,168633
162804,1952-01-01,1974-01-01,Stenstorp,FALSE,16,1628,168634
162805,1952-01-01,1974-01-01,Brunnhem,FALSE,16,1628,168635
162806,1952-01-01,1974-01-01,Segerstad,FALSE,16,1628,168636
162807,1952-01-01,1974-01-01,Södra Kyrketorp,FALSE,16,1628,168637
162808,1952-01-01,1974-01-01,Valtorp,FALSE,16,1628,168638
162809,1952-01-01,1974-01-01,Håkantorp,FALSE,16,1628,168639
162901,1952-01-01,1974-01-01,Torbjörntorp,FALSE,16,1629,168640
162902,1952-01-01,1974-01-01,Gudhem,FALSE,16,1629,168641
162903,1952-01-01,1974-01-01,Östra Tunhem,FALSE,16,1629,168642
162904,1952-01-01,1974-01-01,Ugglum,FALSE,16,1629,168643
162905,1952-01-01,1974-01-01,Bjurum,FALSE,16,1629,168644
162906,1952-01-01,1974-01-01,Sätuna,FALSE,16,1629,168645
162907,1952-01-01,1971-01-01,Bjärka,FALSE,16,1629,168218
162908,1952-01-01,1974-01-01,Hornborga,FALSE,16,1629,168646
162909,1952-01-01,1974-01-01,Broddetorp,FALSE,16,1629,168647
162910,1952-01-01,1974-01-01,Bolum,FALSE,16,1629,168648
163001,1952-01-01,1971-01-01,Häggum,FALSE,16,1630,168305
163002,1952-01-01,1971-01-01,Rådene,FALSE,16,1630,168306
163003,1952-01-01,1971-01-01,Sjogerstad,FALSE,16,1630,168307
163004,1952-01-01,1971-01-01,Norra Kyrketorp,FALSE,16,1630,168308
163005,1952-01-01,1971-01-01,Hagelberg,FALSE,16,1630,168309
163101,1952-01-01,1971-01-01,Ljunghem,FALSE,16,1631,168310
163102,1952-01-01,1971-01-01,Edåsa,FALSE,16,1631,168311
163103,1952-01-01,1971-01-01,Varola,FALSE,16,1631,168312
163104,1952-01-01,1971-01-01,Forsby,FALSE,16,1631,168313
163105,1952-01-01,1971-01-01,Sventorp,FALSE,16,1631,168314
163106,1952-01-01,1971-01-01,Värsås,FALSE,16,1631,168315
163107,1952-01-01,1971-01-01,Mofalla,FALSE,16,1631,168404
163201,1952-01-01,1971-01-01,Locketorp,FALSE,16,1632,168316
163202,1952-01-01,1971-01-01,Väring,FALSE,16,1632,168317
163203,1952-01-01,1971-01-01,Horn,FALSE,16,1632,168318
163204,1952-01-01,1971-01-01,Binneberg,FALSE,16,1632,168319
163205,1952-01-01,1971-01-01,Frösve,FALSE,16,1632,168320
163206,1952-01-01,1971-01-01,Säter,FALSE,16,1632,168321
163301,1952-01-01,1971-01-01,Berg,FALSE,16,1633,168322
163302,1952-01-01,1971-01-01,Lerdala,FALSE,16,1633,168323
163303,1952-01-01,1971-01-01,Timmersdala,FALSE,16,1633,168324
163304,1952-01-01,1971-01-01,Böja,FALSE,16,1633,168325
163401,1952-01-01,1971-01-01,Flistad,FALSE,16,1634,168326
163402,1952-01-01,1971-01-01,Götlunda,FALSE,16,1634,168327
163403,1952-01-01,1971-01-01,Vad,FALSE,16,1634,168328
163501,1952-01-01,1971-01-01,Sveneby,FALSE,16,1635,166304
163502,1952-01-01,1971-01-01,Hjälstad,FALSE,16,1635,166305
163503,1952-01-01,1971-01-01,Trästena,FALSE,16,1635,166306
163504,1952-01-01,1971-01-01,Fägre,FALSE,16,1635,166307
163505,1952-01-01,1971-01-01,Mo,FALSE,16,1635,166308
163506,1952-01-01,1971-01-01,Bällefors,FALSE,16,1635,166309
163507,1952-01-01,1971-01-01,Ekeskog,FALSE,16,1635,166310
163508,1952-01-01,1971-01-01,Beateberg,FALSE,16,1635,166311
163601,1952-01-01,1971-01-01,Ransberg,FALSE,16,1636,166202
163602,1952-01-01,1971-01-01,Brevik,FALSE,16,1636,163702
163603,1952-01-01,1971-01-01,Mölltorp,FALSE,16,1636,163703
163701,1967-01-01,1998-01-01,Karlsborg,FALSE,16,1637,163701
163702,1971-01-01,1998-01-01,Brevik,FALSE,16,1637,163702
163703,1971-01-01,1998-01-01,Mölltorp,FALSE,16,1637,163703
163704,1971-01-01,1998-01-01,Undenäs,FALSE,16,1637,163704
163801,1952-01-01,1971-01-01,Undenäs,FALSE,16,1638,163704
163802,1952-01-01,1971-01-01,Halna,FALSE,16,1638,166312
163901,1952-01-01,1971-01-01,Ullervad,FALSE,16,1639,168003
163902,1952-01-01,1971-01-01,Utby,FALSE,16,1639,168004
163903,1952-01-01,1971-01-01,Ekby,FALSE,16,1639,168005
163904,1952-01-01,1971-01-01,Tidavad,FALSE,16,1639,168006
163905,1952-01-01,1971-01-01,Odensåker,FALSE,16,1639,168007
163906,1952-01-01,1971-01-01,Låstad,FALSE,16,1639,168008
163907,1952-01-01,1971-01-01,Ek,FALSE,16,1639,168009
164001,1952-01-01,1971-01-01,Lugnås,FALSE,16,1640,168010
164002,1952-01-01,1971-01-01,Bredsäter,FALSE,16,1640,168011
164003,1952-01-01,1971-01-01,Björsäter,FALSE,16,1640,168012
164101,1952-01-01,1971-01-01,Torsö,FALSE,16,1641,168013
164102,1952-01-01,1971-01-01,Enåsa,FALSE,16,1641,168014
164103,1952-01-01,1971-01-01,Hassle,FALSE,16,1641,168015
164104,1952-01-01,1971-01-01,Berga,FALSE,16,1641,168016
164105,1952-01-01,1971-01-01,Färed,FALSE,16,1641,168017
164201,1967-01-01,1971-01-01,Lyrestad,FALSE,16,1642,168018
164301,1967-01-01,1998-01-01,Amnehärad,FALSE,16,1643,164301
164302,1971-01-01,1998-01-01,Hova,FALSE,16,1643,164302
164303,1971-01-01,1998-01-01,Södra Råda,FALSE,16,1643,164303
164401,1952-01-01,1971-01-01,Hova,FALSE,16,1644,164302
164402,1952-01-01,1971-01-01,Älgarås,FALSE,16,1644,166313
166001,1967-01-01,1998-01-01,Vara,FALSE,16,1660,166001
166002,1967-01-01,1998-01-01,Sparlösa,FALSE,16,1660,166002
166003,1967-01-01,1998-01-01,Slädene,FALSE,16,1660,166003
166004,1967-01-01,1998-01-01,Levene,FALSE,16,1660,166004
166005,1967-01-01,1998-01-01,Long,FALSE,16,1660,166005
166006,1967-01-01,1998-01-01,Hällum,FALSE,16,1660,166006
166007,1967-01-01,1998-01-01,Skarstad,FALSE,16,1660,166007
166008,1967-01-01,1998-01-01,Önum,FALSE,16,1660,166008
166009,1967-01-01,1998-01-01,Naum,FALSE,16,1660,166009
166010,1967-01-01,1998-01-01,Södra Kedum,FALSE,16,1660,166010
166011,1967-01-01,1998-01-01,Ryda,FALSE,16,1660,166011
166012,1967-01-01,1998-01-01,Eling,FALSE,16,1660,166012
166013,1967-01-01,1998-01-01,Bitterna,FALSE,16,1660,166013
166014,1967-01-01,1998-01-01,Laske-Vedum,FALSE,16,1660,166014
166015,1967-01-01,1998-01-01,Södra Lundby,FALSE,16,1660,166015
166016,1974-01-01,1983-01-01,Malma,FALSE,16,1660,160301
166017,1974-01-01,1983-01-01,Främmestad,FALSE,16,1660,160302
166018,1974-01-01,1983-01-01,Bäreberg,FALSE,16,1660,160303
166019,1974-01-01,1983-01-01,Essunga,FALSE,16,1660,160304
166020,1974-01-01,1983-01-01,Kyrkås,FALSE,16,1660,160305
166021,1974-01-01,1983-01-01,Fåglum,FALSE,16,1660,160306
166022,1974-01-01,1983-01-01,Barne-Åsaka,FALSE,16,1660,160307
166023,1974-01-01,1983-01-01,Lekåsa,FALSE,16,1660,160308
166024,1974-01-01,1998-01-01,Larv,FALSE,16,1660,166024
166025,1974-01-01,1998-01-01,Längjum,FALSE,16,1660,166025
166026,1974-01-01,1998-01-01,Tråvad,FALSE,16,1660,166026
166027,1974-01-01,1998-01-01,Jung,FALSE,16,1660,166027
166028,1974-01-01,1998-01-01,Fyrunga,FALSE,16,1660,166028
166029,1974-01-01,1998-01-01,Kvänum,FALSE,16,1660,166029
166030,1974-01-01,1998-01-01,Öttum,FALSE,16,1660,166030
166031,1974-01-01,1998-01-01,Norra Vånga,FALSE,16,1660,166031
166032,1974-01-01,1998-01-01,Edsvära,FALSE,16,1660,166032
166101,1952-01-01,1992-01-01,Sil,FALSE,16,1661,166101
166101,1992-01-01,1998-01-01,Kleva-Sil,FALSE,16,1661,166101
166102,1952-01-01,1998-01-01,Götene,FALSE,16,1661,166102
166103,1952-01-01,1998-01-01,Kinne-Vedum,FALSE,16,1661,166103
166104,1952-01-01,1998-01-01,Holmestad,FALSE,16,1661,166104
166105,1952-01-01,1998-01-01,Vättlösa,FALSE,16,1661,166105
166106,1967-01-01,1998-01-01,Skeby,FALSE,16,1661,166106
166107,1967-01-01,1998-01-01,Hangelösa,FALSE,16,1661,166107
166108,1967-01-01,1998-01-01,Ova,FALSE,16,1661,166108
166109,1967-01-01,1998-01-01,Ledsjö,FALSE,16,1661,166109
166110,1967-01-01,1998-01-01,Skälvum,FALSE,16,1661,166110
166111,1967-01-01,1998-01-01,Broby,FALSE,16,1661,166111
166112,1967-01-01,1998-01-01,Källby,FALSE,16,1661,166112
166113,1967-01-01,1998-01-01,Husaby,FALSE,16,1661,166113
166114,1967-01-01,1992-01-01,Kinne-Kleva,FALSE,16,1661,166114
166115,1967-01-01,1998-01-01,Kestad,FALSE,16,1661,166115
166116,1967-01-01,1998-01-01,Fullösa,FALSE,16,1661,166116
166117,1967-01-01,1998-01-01,Forshem,FALSE,16,1661,166117
166118,1967-01-01,1998-01-01,Österplana,FALSE,16,1661,166118
166119,1967-01-01,1998-01-01,Medelplana,FALSE,16,1661,166119
166120,1967-01-01,1998-01-01,Västerplana,FALSE,16,1661,166120
166201,1967-01-01,1998-01-01,Tibro,FALSE,16,1662,166201
166202,1971-01-01,1998-01-01,Ransberg,FALSE,16,1662,166202
166301,1952-01-01,1998-01-01,Töreboda,FALSE,16,1663,166301
166302,1952-01-01,1998-01-01,Fredsberg,FALSE,16,1663,166302
166303,1952-01-01,1998-01-01,Bäck,FALSE,16,1663,166303
166304,1971-01-01,1998-01-01,Sveneby,FALSE,16,1663,166304
166305,1971-01-01,1998-01-01,Hjälstad,FALSE,16,1663,166305
166306,1971-01-01,1998-01-01,Trästena,FALSE,16,1663,166306
166307,1971-01-01,1998-01-01,Fägre,FALSE,16,1663,166307
166308,1971-01-01,1998-01-01,Mo,FALSE,16,1663,166308
166309,1971-01-01,1998-01-01,Bällefors,FALSE,16,1663,166309
166310,1971-01-01,1998-01-01,Ekeskog,FALSE,16,1663,166310
166311,1971-01-01,1998-01-01,Beateberg,FALSE,16,1663,166311
166312,1971-01-01,1998-01-01,Halna,FALSE,16,1663,166312
166313,1971-01-01,1998-01-01,Älgarås,FALSE,16,1663,166313
168001,1952-01-01,1998-01-01,Mariestad,FALSE,16,1680,168001
168002,1952-01-01,1998-01-01,Leksberg,FALSE,16,1680,168002
168003,1971-01-01,1998-01-01,Ullervad,FALSE,16,1680,168003
168004,1971-01-01,1998-01-01,Utby,FALSE,16,1680,168004
168005,1971-01-01,1998-01-01,Ekby,FALSE,16,1680,168005
168006,1971-01-01,1998-01-01,Tidavad,FALSE,16,1680,168006
168007,1971-01-01,1998-01-01,Odensåker,FALSE,16,1680,168007
168008,1971-01-01,1998-01-01,Låstad,FALSE,16,1680,168008
168009,1971-01-01,1998-01-01,Ek,FALSE,16,1680,168009
168010,1971-01-01,1998-01-01,Lugnås,FALSE,16,1680,168010
168011,1971-01-01,1998-01-01,Bredsäter,FALSE,16,1680,168011
168012,1971-01-01,1998-01-01,Björsäter,FALSE,16,1680,168012
168013,1971-01-01,1998-01-01,Torsö,FALSE,16,1680,168013
168014,1971-01-01,1998-01-01,Enåsa,FALSE,16,1680,168014
168015,1971-01-01,1998-01-01,Hassle,FALSE,16,1680,168015
168016,1971-01-01,1998-01-01,Berga,FALSE,16,1680,168016
168017,1971-01-01,1998-01-01,Färed,FALSE,16,1680,168017
168018,1971-01-01,1998-01-01,Lyrestad,FALSE,16,1680,168018
168101,1967-01-01,1998-01-01,Lidköping,FALSE,16,1681,168101
168102,1969-01-01,1998-01-01,Uvered,FALSE,16,1681,168102
168103,1969-01-01,1998-01-01,Järpås,FALSE,16,1681,168103
168104,1969-01-01,1998-01-01,Häggesled,FALSE,16,1681,168104
168105,1969-01-01,1998-01-01,Råda,FALSE,16,1681,168105
168106,1969-01-01,1998-01-01,Mellby,FALSE,16,1681,168106
168107,1969-01-01,1998-01-01,Kållands-Åsaka,FALSE,16,1681,168107
168108,1969-01-01,1998-01-01,Skalunda,FALSE,16,1681,168108
168109,1969-01-01,1998-01-01,Rackeby,FALSE,16,1681,168109
168110,1969-01-01,1998-01-01,Strö,FALSE,16,1681,168110
168111,1969-01-01,1998-01-01,Otterstad,FALSE,16,1681,168111
168112,1969-01-01,1998-01-01,Sunnersberg,FALSE,16,1681,168112
168113,1969-01-01,1998-01-01,Gösslunda,FALSE,16,1681,168113
168114,1969-01-01,1998-01-01,Saleby,FALSE,16,1681,168114
168115,1969-01-01,1998-01-01,Trässberg,FALSE,16,1681,168115
168116,1969-01-01,1998-01-01,Härjevad,FALSE,16,1681,168116
168117,1969-01-01,1998-01-01,Karaby,FALSE,16,1681,168117
168118,1969-01-01,1998-01-01,Tun,FALSE,16,1681,168118
168119,1969-01-01,1998-01-01,Friel,FALSE,16,1681,168119
168120,1969-01-01,1998-01-01,Hovby,FALSE,16,1681,168120
168121,1969-01-01,1998-01-01,Norra Härene,FALSE,16,1681,168121
168122,1969-01-01,1998-01-01,Lindärva,FALSE,16,1681,168122
168123,1969-01-01,1998-01-01,Hasslösa,FALSE,16,1681,168123
168124,1969-01-01,1998-01-01,Sävare,FALSE,16,1681,168124
168125,1969-01-01,1998-01-01,Lavad,FALSE,16,1681,168125
168126,1969-01-01,1998-01-01,Gillstad,FALSE,16,1681,168126
168127,1969-01-01,1998-01-01,Tranum,FALSE,16,1681,168127
168128,1969-01-01,1998-01-01,Tådene,FALSE,16,1681,168128
168129,1969-01-01,1998-01-01,Norra Kedum,FALSE,16,1681,168129
168130,1969-01-01,1998-01-01,Väla,FALSE,16,1681,168130
168131,1969-01-01,1998-01-01,Örslösa,FALSE,16,1681,168131
168132,1969-01-01,1998-01-01,Söne,FALSE,16,1681,168132
168201,1967-01-01,1975-01-01,Skara,FALSE,16,1682,168201
168201,1975-01-01,1998-01-01,Skara domkyrkoförs.,FALSE,16,1682,168201
168202,1971-01-01,1992-01-01,Istrum,FALSE,16,1682,168202
168203,1971-01-01,1998-01-01,Öglunda,FALSE,16,1682,168203
168204,1971-01-01,1998-01-01,Eggby,FALSE,16,1682,168204
168205,1971-01-01,1998-01-01,Varnhem,FALSE,16,1682,168205
168206,1971-01-01,1998-01-01,Norra Lundby,FALSE,16,1682,168206
168207,1971-01-01,1998-01-01,Skärv,FALSE,16,1682,168207
168208,1971-01-01,1998-01-01,Norra Ving,FALSE,16,1682,168208
168209,1971-01-01,1998-01-01,Stenum,FALSE,16,1682,168209
168210,1971-01-01,1998-01-01,Skånings-Åsaka,FALSE,16,1682,168210
168211,1971-01-01,1998-01-01,Händene,FALSE,16,1682,168211
168212,1971-01-01,1998-01-01,Synnerby,FALSE,16,1682,168212
168213,1971-01-01,1992-01-01,Marum,FALSE,16,1682,168213
168214,1971-01-01,1998-01-01,Härlunda,FALSE,16,1682,168214
168215,1971-01-01,1998-01-01,Vinköl,FALSE,16,1682,168215
168216,1971-01-01,1998-01-01,Västra Gerum,FALSE,16,1682,168216
168217,1971-01-01,1998-01-01,Skallmeja,FALSE,16,1682,168217
168218,1971-01-01,1989-01-01,Bjärka,FALSE,16,1682,168218
168301,1952-01-01,1974-01-01,Skövde,FALSE,16,1683,168301
168301,1974-01-01,1998-01-01,Skövde,FALSE,16,1683,168301
168302,1952-01-01,1974-01-01,Öm,FALSE,16,1683,168302
168303,1952-01-01,1998-01-01,Våmb,FALSE,16,1683,168303
168304,1952-01-01,1998-01-01,Ryd,FALSE,16,1683,168304
168305,1971-01-01,1998-01-01,Häggum,FALSE,16,1683,168305
168306,1971-01-01,1992-01-01,Rådene,FALSE,16,1683,168306
168307,1971-01-01,1998-01-01,Sjogerstad,FALSE,16,1683,168307
168308,1971-01-01,1998-01-01,Norra Kyrketorp,FALSE,16,1683,168308
168309,1971-01-01,1998-01-01,Hagelberg,FALSE,16,1683,168309
168310,1971-01-01,1996-01-01,Ljunghem,FALSE,16,1683,168310
168311,1971-01-01,1996-01-01,Edåsa,FALSE,16,1683,168311
168312,1971-01-01,1998-01-01,Varola,FALSE,16,1683,168312
168313,1971-01-01,1998-01-01,Forsby,FALSE,16,1683,168313
168314,1971-01-01,1998-01-01,Sventorp,FALSE,16,1683,168314
168315,1971-01-01,1998-01-01,Värsås,FALSE,16,1683,168315
168316,1971-01-01,1998-01-01,Locketorp,FALSE,16,1683,168316
168317,1971-01-01,1998-01-01,Väring,FALSE,16,1683,168317
168318,1971-01-01,1998-01-01,Horn,FALSE,16,1683,168318
168319,1971-01-01,1998-01-01,Binneberg,FALSE,16,1683,168319
168320,1971-01-01,1998-01-01,Frösve,FALSE,16,1683,168320
168321,1971-01-01,1998-01-01,Säter,FALSE,16,1683,168321
168322,1971-01-01,1998-01-01,Berg,FALSE,16,1683,168322
168323,1971-01-01,1998-01-01,Lerdala,FALSE,16,1683,168323
168324,1971-01-01,1998-01-01,Timmersdala,FALSE,16,1683,168324
168325,1971-01-01,1998-01-01,Böja,FALSE,16,1683,168325
168326,1971-01-01,1998-01-01,Flistad,FALSE,16,1683,168326
168327,1971-01-01,1998-01-01,Götlunda,FALSE,16,1683,168327
168328,1971-01-01,1998-01-01,Vad,FALSE,16,1683,168328
168329,1996-01-01,1998-01-01,Vreten,FALSE,16,1683,168329
168401,1952-01-01,1989-01-01,Hjo stadsförs.,FALSE,16,1684,168401
168401,1989-01-01,1998-01-01,Hjo,FALSE,16,1684,168401
168402,1952-01-01,1989-01-01,Hjo landsförs.,FALSE,16,1684,168402
168403,1952-01-01,1998-01-01,Grevbäck,FALSE,16,1684,168403
168404,1971-01-01,1998-01-01,Mofalla,FALSE,16,1684,168404
168405,1974-01-01,1998-01-01,Södra Fågelås,FALSE,16,1684,168405
168406,1974-01-01,1998-01-01,Norra Fågelås,FALSE,16,1684,168406
168407,1974-01-01,1998-01-01,Fridene,FALSE,16,1684,168407
168408,1974-01-01,1998-01-01,Korsberga,FALSE,16,1684,168408
168501,1967-01-01,1992-01-01,Tidaholm,FALSE,16,1685,168501
168501,1992-01-01,1998-01-01,Tidaholm,FALSE,16,1685,168501
168502,1974-01-01,1998-01-01,Härja,FALSE,16,1685,168502
168503,1974-01-01,1998-01-01,Daretorp,FALSE,16,1685,168503
168504,1974-01-01,1998-01-01,Velinga,FALSE,16,1685,168504
168505,1974-01-01,1998-01-01,Baltak,FALSE,16,1685,168505
168506,1974-01-01,1992-01-01,Agnetorp,FALSE,16,1685,168506
168507,1974-01-01,1998-01-01,Fröjered,FALSE,16,1685,168507
168508,1974-01-01,1992-01-01,Ottravad,FALSE,16,1685,168508
168509,1974-01-01,1998-01-01,Suntak,FALSE,16,1685,168509
168510,1974-01-01,1998-01-01,Vättak,FALSE,16,1685,168510
168511,1974-01-01,1998-01-01,Kymbo,FALSE,16,1685,168511
168512,1974-01-01,1998-01-01,Valstad,FALSE,16,1685,168512
168513,1974-01-01,1998-01-01,Hångsdala,FALSE,16,1685,168513
168514,1974-01-01,1998-01-01,Östra Gerum,FALSE,16,1685,168514
168515,1974-01-01,1998-01-01,Dimbo,FALSE,16,1685,168515
168516,1974-01-01,1998-01-01,Varv,FALSE,16,1685,168516
168517,1974-01-01,1998-01-01,Acklinga,FALSE,16,1685,168517
168518,1974-01-01,1998-01-01,Hömb,FALSE,16,1685,168518
168519,1974-01-01,1998-01-01,Kungslena,FALSE,16,1685,168519
168601,1952-01-01,1983-01-01,Falköpings stadsförs.,FALSE,16,1686,168601
168601,1983-01-01,1998-01-01,Falköping,FALSE,16,1686,168601
168602,1952-01-01,1998-01-01,Friggeråker,FALSE,16,1686,168602
168603,1974-01-01,1998-01-01,Trävattna,FALSE,16,1686,168603
168604,1974-01-01,1998-01-01,Hällestad,FALSE,16,1686,168604
168605,1974-01-01,1998-01-01,Floby,FALSE,16,1686,168605
168606,1974-01-01,1998-01-01,Sörby,FALSE,16,1686,168606
168607,1974-01-01,1998-01-01,Gökhem,FALSE,16,1686,168607
168608,1974-01-01,1998-01-01,Ullene,FALSE,16,1686,168608
168609,1974-01-01,1998-01-01,Vilske-Kleva,FALSE,16,1686,168609
168610,1974-01-01,1998-01-01,Marka,FALSE,16,1686,168610
168611,1974-01-01,1998-01-01,Göteve,FALSE,16,1686,168611
168612,1974-01-01,1998-01-01,Grolanda,FALSE,16,1686,168612
168613,1974-01-01,1998-01-01,Jäla,FALSE,16,1686,168613
168614,1974-01-01,1998-01-01,Börstig,FALSE,16,1686,168614
168615,1974-01-01,1998-01-01,Brismene,FALSE,16,1686,168615
168616,1974-01-01,1998-01-01,Kinneved,FALSE,16,1686,168616
168617,1974-01-01,1998-01-01,Vårkumla,FALSE,16,1686,168617
168618,1974-01-01,1998-01-01,Luttra,FALSE,16,1686,168618
168619,1974-01-01,1983-01-01,Falköpings landsförs.,FALSE,16,1686,168619
168620,1974-01-01,1998-01-01,Karleby,FALSE,16,1686,168620
168621,1974-01-01,1998-01-01,Åsle,FALSE,16,1686,168621
168622,1974-01-01,1998-01-01,Tiarp,FALSE,16,1686,168622
168623,1974-01-01,1998-01-01,Mularp,FALSE,16,1686,168623
168624,1974-01-01,1998-01-01,Slöta,FALSE,16,1686,168624
168625,1974-01-01,1998-01-01,Kälvene,FALSE,16,1686,168625
168626,1974-01-01,1998-01-01,Näs,FALSE,16,1686,168626
168627,1974-01-01,1998-01-01,Vartofta-Åsaka,FALSE,16,1686,168627
168628,1974-01-01,1998-01-01,Yllestad,FALSE,16,1686,168628
168629,1974-01-01,1998-01-01,Vistorp,FALSE,16,1686,168629
168630,1974-01-01,1998-01-01,Skörstorp,FALSE,16,1686,168630
168631,1974-01-01,1998-01-01,Högstena,FALSE,16,1686,168631
168632,1974-01-01,1998-01-01,Dala,FALSE,16,1686,168632
168633,1974-01-01,1998-01-01,Borgunda,FALSE,16,1686,168633
168634,1974-01-01,1998-01-01,Stenstorp,FALSE,16,1686,168634
168635,1974-01-01,1998-01-01,Brunnhem,FALSE,16,1686,168635
168636,1974-01-01,1998-01-01,Segerstad,FALSE,16,1686,168636
168637,1974-01-01,1998-01-01,Södra Kyrketorp,FALSE,16,1686,168637
168638,1974-01-01,1998-01-01,Valtorp,FALSE,16,1686,168638
168639,1974-01-01,1998-01-01,Håkantorp,FALSE,16,1686,168639
168640,1974-01-01,1998-01-01,Torbjörntorp,FALSE,16,1686,168640
168641,1974-01-01,1998-01-01,Gudhem,FALSE,16,1686,168641
168642,1974-01-01,1998-01-01,Östra Tunhem,FALSE,16,1686,168642
168643,1974-01-01,1998-01-01,Ugglum,FALSE,16,1686,168643
168644,1974-01-01,1998-01-01,Bjurum,FALSE,16,1686,168644
168645,1974-01-01,1989-01-01,Sätuna,FALSE,16,1686,168645
168646,1974-01-01,1989-01-01,Hornborga,FALSE,16,1686,168646
168647,1974-01-01,1998-01-01,Broddetorp,FALSE,16,1686,168647
168648,1974-01-01,1989-01-01,Bolum,FALSE,16,1686,168648
168649,1974-01-01,1998-01-01,Fivlered,FALSE,16,1686,168649
168650,1974-01-01,1998-01-01,Solberga,FALSE,16,1686,168650
168651,1974-01-01,1998-01-01,Norra Åsarp,FALSE,16,1686,168651
168652,1974-01-01,1992-01-01,Smula,FALSE,16,1686,168652
170101,1952-01-01,1971-01-01,Rudskoga,FALSE,17,1701,178103
170102,1952-01-01,1971-01-01,Södra Råda,FALSE,17,1701,164303
170103,1952-01-01,1971-01-01,Visnums-Kil,FALSE,17,1701,178104
170104,1952-01-01,1971-01-01,Visnum,FALSE,17,1701,178105
170201,1952-01-01,1971-01-01,Ölme,FALSE,17,1702,178106
170202,1952-01-01,1971-01-01,Väse,FALSE,17,1702,178004
170501,1967-01-01,1971-01-01,Kroppa,FALSE,17,1705,178206
170601,1952-01-01,1971-01-01,Brattfors,FALSE,17,1706,178203
170602,1952-01-01,1971-01-01,Färnebo,FALSE,17,1706,170602
170603,1952-01-01,1971-01-01,Nordmark,FALSE,17,1706,178204
170604,1952-01-01,1971-01-01,Gåsborn,FALSE,17,1706,178205
170701,1967-01-01,1971-01-01,Rämmen,FALSE,17,1707,178207
170801,1952-01-01,1974-01-01,Norra Finnskoga,FALSE,17,1708,173706
170802,1952-01-01,1974-01-01,Södra Finnskoga,FALSE,17,1708,173707
170803,1952-01-01,1974-01-01,Dalby,FALSE,17,1708,173708
170901,1967-01-01,1974-01-01,Norra Ny,FALSE,17,1709,173709
171001,1967-01-01,1974-01-01,Ekshärad,FALSE,17,1710,178302
171101,1967-01-01,1974-01-01,Gustav Adolf,FALSE,17,1711,178303
171201,1952-01-01,1974-01-01,Norra Råda,FALSE,17,1712,178304
171202,1952-01-01,1974-01-01,Sunnemo,FALSE,17,1712,178305
171301,1952-01-01,1971-01-01,Älvsbacka,FALSE,17,1713,178005
171302,1952-01-01,1971-01-01,Nyed,FALSE,17,1713,178006
171303,1952-01-01,1971-01-01,Alster,FALSE,17,1713,178007
171401,1952-01-01,1974-01-01,Nedre Ullerud,FALSE,17,1714,176302
171402,1952-01-01,1974-01-01,Övre Ullerud,FALSE,17,1714,176303
171501,1967-01-01,NA,Stora Kil,FALSE,17,1715,171501
171502,1971-01-01,NA,Frykerud,FALSE,17,1715,171502
171503,1971-01-01,NA,Boda,FALSE,17,1715,171503
171601,1967-01-01,1971-01-01,Grava,FALSE,17,1716,178008
171701,1967-01-01,1971-01-01,Frykerud,FALSE,17,1717,171502
171801,1952-01-01,1971-01-01,Nor,FALSE,17,1718,178009
171802,1952-01-01,1971-01-01,Segerstad,FALSE,17,1718,178010
172001,1952-01-01,1971-01-01,Bro,FALSE,17,1720,178503
172004,1952-01-01,1971-01-01,Botilsäter,FALSE,17,1720,178504
172005,1952-01-01,1971-01-01,Ölserud,FALSE,17,1720,178505
172006,1952-01-01,1971-01-01,Millesvik,FALSE,17,1720,178506
172007,1952-01-01,1971-01-01,Eskilsäter,FALSE,17,1720,178507
172008,1970-01-01,1971-01-01,Ny-Huggenäs,FALSE,17,1720,178508
172101,1952-01-01,1971-01-01,Gillberga,FALSE,17,1721,178509
172102,1952-01-01,1971-01-01,Kila,FALSE,17,1721,178510
172201,1952-01-01,1971-01-01,Svanskog,FALSE,17,1722,178511
172202,1952-01-01,1971-01-01,Långserud,FALSE,17,1722,178512
172301,1952-01-01,1971-01-01,Stavnäs,FALSE,17,1723,178403
172302,1952-01-01,1971-01-01,Värmskog,FALSE,17,1723,176404
172303,1952-01-01,1971-01-01,Högerud,FALSE,17,1723,178404
172401,1967-01-01,1971-01-01,Glava,FALSE,17,1724,178405
172501,1967-01-01,1971-01-01,Sillerud,FALSE,17,1725,176502
172601,1952-01-01,1971-01-01,Karlanda,FALSE,17,1726,176503
172602,1952-01-01,1971-01-01,Holmedal,FALSE,17,1726,176504
172603,1952-01-01,1971-01-01,Blomskog,FALSE,17,1726,176505
172604,1952-01-01,1971-01-01,Trankil,FALSE,17,1726,176506
172701,1952-01-01,1974-01-01,Västra Fågelvik,FALSE,17,1727,176507
172702,1952-01-01,1974-01-01,Töcksmark,FALSE,17,1727,176508
172703,1952-01-01,1974-01-01,Östervallskog,FALSE,17,1727,176509
172801,1952-01-01,1971-01-01,Järnskog,FALSE,17,1728,173003
172802,1952-01-01,1971-01-01,Skillingmark,FALSE,17,1728,173004
172901,1967-01-01,1971-01-01,Köla,FALSE,17,1729,173005
173001,1967-01-01,NA,Eda,FALSE,17,1730,173001
173003,1971-01-01,NA,Järnskog,FALSE,17,1730,173003
173004,1971-01-01,2010-01-01,Skillingmark,FALSE,17,1730,173004
173005,1971-01-01,NA,Köla,FALSE,17,1730,173005
173101,1952-01-01,1971-01-01,Bogen,FALSE,17,1731,178406
173102,1952-01-01,1971-01-01,Gunnarskog,FALSE,17,1731,178407
173201,1952-01-01,1971-01-01,Ny,FALSE,17,1732,178408
173202,1952-01-01,1971-01-01,Älgå,FALSE,17,1732,178409
173301,1952-01-01,1971-01-01,Mangskog,FALSE,17,1733,178410
173302,1962-01-01,1971-01-01,Brunskog,FALSE,17,1733,178411
173304,1953-01-01,1971-01-01,Boda,FALSE,17,1733,171503
173401,1967-01-01,1971-01-01,Gräsmark,FALSE,17,1734,176604
173601,1967-01-01,1971-01-01,Lysvik,FALSE,17,1736,176605
173701,1952-01-01,NA,Fryksände,FALSE,17,1737,173701
173702,1952-01-01,NA,Lekvattnet,FALSE,17,1737,173702
173703,1967-01-01,NA,Vitsand,FALSE,17,1737,173703
173704,1967-01-01,2002-01-01,Nyskoga,FALSE,17,1737,173704
173705,1971-01-01,NA,Östmark,FALSE,17,1737,173705
173706,1974-01-01,2010-01-01,Norra Finnskoga,FALSE,17,1737,173706
173707,1974-01-01,2010-01-01,Södra Finnskoga,FALSE,17,1737,173707
173708,1974-01-01,NA,Dalby,FALSE,17,1737,173708
173709,1974-01-01,2010-01-01,Norra Ny,FALSE,17,1737,173709
173801,1967-01-01,1971-01-01,Östmark,FALSE,17,1738,173705
176001,1967-01-01,2010-01-01,Storfors,FALSE,17,1760,176001
176001,2010-01-01,NA,Storfors,FALSE,17,1760,176001
176002,1967-01-01,2010-01-01,Bjurtjärn,FALSE,17,1760,176002
176003,1967-01-01,2010-01-01,Lungsund,FALSE,17,1760,176003
176101,1967-01-01,NA,Hammarö,FALSE,17,1761,176101
176201,1952-01-01,2010-01-01,Ransäter,FALSE,17,1762,176201
176202,1952-01-01,2010-01-01,Munkfors,FALSE,17,1762,176202
176202,2010-01-01,2013-01-01,Munkfors-Ransäter,FALSE,17,1762,176202
176202,2013-01-01,2021-01-01,"Forshaga-Munkfors, del",TRUE,17,1762,176202
176301,1967-01-01,2013-01-01,Forshaga,FALSE,17,1763,176301
176301,2013-01-01,2021-01-01,"Forshaga-Munkfors, del",TRUE,17,1763,176301
176302,1974-01-01,2013-01-01,Nedre Ullerud,FALSE,17,1763,176302
176303,1974-01-01,2006-01-01,Övre Ullerud,FALSE,17,1763,176303
176401,1967-01-01,NA,Grums,FALSE,17,1764,176401
176402,1969-01-01,2010-01-01,Borgvik,FALSE,17,1764,176402
176403,1969-01-01,2010-01-01,Ed,FALSE,17,1764,176403
176403,2010-01-01,NA,Ed-Borgvik,FALSE,17,1764,176403
176404,1971-01-01,NA,Värmskog,FALSE,17,1764,176404
176501,1967-01-01,NA,Silbodal,FALSE,17,1765,176501
176502,1971-01-01,NA,Sillerud,FALSE,17,1765,176502
176503,1971-01-01,NA,Karlanda,FALSE,17,1765,176503
176504,1971-01-01,2006-01-01,Holmedal,FALSE,17,1765,176504
176505,1971-01-01,NA,Blomskog,FALSE,17,1765,176505
176506,1971-01-01,NA,Trankil,FALSE,17,1765,176506
176507,1974-01-01,NA,Västra Fågelvik,FALSE,17,1765,176507
176508,1974-01-01,NA,Töcksmark,FALSE,17,1765,176508
176509,1974-01-01,NA,Östervallskog,FALSE,17,1765,176509
176601,1963-01-01,NA,Sunne,FALSE,17,1766,176601
176602,1963-01-01,NA,Västra Ämtervik,FALSE,17,1766,176602
176603,1963-01-01,NA,Östra Ämtervik,FALSE,17,1766,176603
176604,1971-01-01,NA,Gräsmark,FALSE,17,1766,176604
176605,1971-01-01,NA,Lysvik,FALSE,17,1766,176605
178001,1962-01-01,NA,Karlstads domkyrkoförs.,FALSE,17,1780,178001
178002,1962-01-01,NA,Norrstrand,FALSE,17,1780,178002
178003,1967-01-01,2006-01-01,Östra Fågelvik,FALSE,17,1780,178003
178003,2006-01-01,NA,Väse-Fågelvik,FALSE,17,1780,178003
178004,1971-01-01,2006-01-01,Väse,FALSE,17,1780,178004
178005,1971-01-01,2006-01-01,Älvsbacka,FALSE,17,1780,178005
178006,1971-01-01,NA,Nyed,FALSE,17,1780,178006
178007,1971-01-01,2006-01-01,Alster,FALSE,17,1780,178007
178008,1971-01-01,NA,Grava,FALSE,17,1780,178008
178009,1971-01-01,NA,Nor,FALSE,17,1780,178009
178010,1971-01-01,2006-01-01,Segerstad,FALSE,17,1780,178010
178011,1992-01-01,NA,Västerstrand,FALSE,17,1780,178011
178101,1967-01-01,NA,Kristinehamn,FALSE,17,1781,178101
178103,1971-01-01,NA,Rudskoga,FALSE,17,1781,178103
178104,1971-01-01,NA,Visnums-Kil,FALSE,17,1781,178104
178105,1971-01-01,NA,Visnum,FALSE,17,1781,178105
178106,1971-01-01,NA,Ölme,FALSE,17,1781,178106
178201,1967-01-01,1971-01-01,Filipstad,FALSE,17,1782,178201
178201,1971-01-01,NA,Filipstad,FALSE,17,1782,178201
178203,1971-01-01,2010-01-01,Brattfors,FALSE,17,1782,178203
178204,1971-01-01,2010-01-01,Nordmark,FALSE,17,1782,178204
178205,1971-01-01,2010-01-01,Gåsborn,FALSE,17,1782,178205
178206,1971-01-01,2010-01-01,Kroppa,FALSE,17,1782,178206
178207,1971-01-01,2010-01-01,Rämmen,FALSE,17,1782,178207
178301,1967-01-01,2006-01-01,Hagfors,FALSE,17,1783,178301
178301,2006-01-01,NA,Hagfors-Gustav Adolf,FALSE,17,1783,178301
178302,1974-01-01,NA,Ekshärad,FALSE,17,1783,178302
178303,1974-01-01,2006-01-01,Gustav Adolf,FALSE,17,1783,178303
178304,1974-01-01,NA,Norra Råda,FALSE,17,1783,178304
178305,1974-01-01,2010-01-01,Sunnemo,FALSE,17,1783,178305
178401,1952-01-01,2023-01-01,Arvika Östra,FALSE,17,1784,178401
178402,1952-01-01,2023-01-01,Arvika Västra,FALSE,17,1784,178402
178403,1971-01-01,NA,Stavnäs,FALSE,17,1784,178403
178404,1971-01-01,2006-01-01,Högerud,FALSE,17,1784,178404
178405,1971-01-01,NA,Glava,FALSE,17,1784,178405
178406,1971-01-01,2010-01-01,Bogen,FALSE,17,1784,178406
178407,1971-01-01,NA,Gunnarskog,FALSE,17,1784,178407
178408,1971-01-01,2023-01-01,Ny,FALSE,17,1784,178408
178409,1971-01-01,NA,Älgå,FALSE,17,1784,178409
178410,1971-01-01,NA,Mangskog,FALSE,17,1784,178410
178411,1971-01-01,NA,Brunskog,FALSE,17,1784,178411
178501,1952-01-01,NA,Säffle,FALSE,17,1785,178501
178502,1952-01-01,NA,Tveta,FALSE,17,1785,178502
178503,1971-01-01,NA,Bro,FALSE,17,1785,178503
178504,1971-01-01,NA,Botilsäter,FALSE,17,1785,178504
178505,1971-01-01,2010-01-01,Ölserud,FALSE,17,1785,178505
178506,1971-01-01,2010-01-01,Millesvik,FALSE,17,1785,178506
178507,1971-01-01,2010-01-01,Eskilsäter,FALSE,17,1785,178507
178508,1971-01-01,NA,Ny-Huggenäs,FALSE,17,1785,178508
178509,1971-01-01,NA,Gillberga,FALSE,17,1785,178509
178510,1971-01-01,NA,Kila,FALSE,17,1785,178510
178511,1971-01-01,NA,Svanskog,FALSE,17,1785,178511
178512,1971-01-01,NA,Långserud,FALSE,17,1785,178512
180201,1952-01-01,1971-01-01,Vintrosa,FALSE,18,1802,188007
180202,1952-01-01,1971-01-01,Tysslinge,FALSE,18,1802,188008
180203,1952-01-01,1971-01-01,Gräve,FALSE,18,1802,188009
180301,1952-01-01,1971-01-01,Kil,FALSE,18,1803,188010
180302,1952-01-01,1971-01-01,Ervalla,FALSE,18,1803,188011
180303,1952-01-01,1971-01-01,Axberg,FALSE,18,1803,188012
180304,1952-01-01,1971-01-01,Hovsta,FALSE,18,1803,188013
180401,1952-01-01,1974-01-01,Rinkaby,FALSE,18,1804,188026
180402,1952-01-01,1974-01-01,Glanshammar,FALSE,18,1804,188027
180403,1952-01-01,1974-01-01,Ödeby,FALSE,18,1804,188028
180404,1952-01-01,1974-01-01,Lillkyrka,FALSE,18,1804,188029
180405,1952-01-01,1974-01-01,Götlunda,FALSE,18,1804,198404
180501,1952-01-01,1971-01-01,Lännäs,FALSE,18,1805,188014
180502,1952-01-01,1971-01-01,Asker,FALSE,18,1805,188015
180601,1952-01-01,1971-01-01,Stora Mellösa,FALSE,18,1806,188016
180602,1952-01-01,1971-01-01,Norrbyås,FALSE,18,1806,188017
180701,1952-01-01,1971-01-01,Gällersta,FALSE,18,1807,188018
180702,1952-01-01,1971-01-01,Ekeby,FALSE,18,1807,188103
180801,1952-01-01,1971-01-01,Sköllersta,FALSE,18,1808,186104
180802,1952-01-01,1971-01-01,Svennevad,FALSE,18,1808,186105
180803,1952-01-01,1971-01-01,Bo,FALSE,18,1808,186106
180901,1952-01-01,1971-01-01,Lerbäck,FALSE,18,1809,188203
180902,1952-01-01,1971-01-01,Snavlunda,FALSE,18,1809,188204
181001,1967-01-01,1971-01-01,Hammar,FALSE,18,1810,188205
181401,1952-01-01,1971-01-01,Hidinge,FALSE,18,1814,188019
181401,1995-01-01,2006-01-01,Hidinge,FALSE,18,1814,181401
181402,1952-01-01,1971-01-01,Knista,FALSE,18,1814,188020
181402,1995-01-01,NA,Knista,FALSE,18,1814,181402
181403,1952-01-01,1971-01-01,Kräcklinge,FALSE,18,1814,188021
181403,1995-01-01,2006-01-01,Kräcklinge,FALSE,18,1814,181403
181404,1952-01-01,1971-01-01,Hackvad,FALSE,18,1814,188022
181404,1995-01-01,2006-01-01,Hackvad,FALSE,18,1814,181404
181405,1952-01-01,1971-01-01,Edsberg,FALSE,18,1814,188023
181405,1995-01-01,NA,Edsberg,FALSE,18,1814,181405
181406,1967-01-01,1971-01-01,Tångeråsa,FALSE,18,1814,188024
181406,1995-01-01,2006-01-01,Tångeråsa,FALSE,18,1814,181406
181407,1967-01-01,1971-01-01,Kvistbro,FALSE,18,1814,188025
181407,1995-01-01,2006-01-01,Kvistbro,FALSE,18,1814,181407
182001,1952-01-01,1971-01-01,Fellingsbro,FALSE,18,1820,188505
182002,1952-01-01,1971-01-01,Fellingsbro norra,FALSE,18,1820,188506
182101,1967-01-01,1971-01-01,Ramsberg,FALSE,18,1821,188507
186001,1967-01-01,NA,Ramundeboda,FALSE,18,1860,186001
186002,1967-01-01,2006-01-01,Finnerödja,FALSE,18,1860,186002
186002,2006-01-01,NA,Finnerödja-Tived,FALSE,18,1860,186002
186003,1967-01-01,2006-01-01,Tived,FALSE,18,1860,186003
186004,1967-01-01,NA,Skagershult,FALSE,18,1860,186004
186101,1965-01-01,NA,Hallsberg,FALSE,18,1861,186101
186102,1965-01-01,NA,Viby,FALSE,18,1861,186102
186104,1971-01-01,NA,Sköllersta,FALSE,18,1861,186104
186105,1971-01-01,2010-01-01,Svennevad,FALSE,18,1861,186105
186106,1971-01-01,2006-01-01,Bo,FALSE,18,1861,186106
186201,1967-01-01,2006-01-01,Degerfors,FALSE,18,1862,186201
186201,2006-01-01,NA,Degerfors-Nysund,FALSE,18,1862,186201
186202,1967-01-01,2006-01-01,Nysund,FALSE,18,1862,186202
186301,1967-01-01,2006-01-01,Hällefors,FALSE,18,1863,186301
186301,2006-01-01,NA,Hällefors-Hjulsjö,FALSE,18,1863,186301
186302,1967-01-01,NA,Grythyttan,FALSE,18,1863,186302
186303,1967-01-01,2006-01-01,Hjulsjö,FALSE,18,1863,186303
186401,1962-01-01,1992-01-01,Ljusnarsbergs kbfd,FALSE,18,1864,186401
186401,1992-01-01,NA,Ljusnarsberg,FALSE,18,1864,186401
186402,1962-01-01,1992-01-01,Hörkens kbfd,FALSE,18,1864,186402
186501,1967-01-01,1971-01-01,Näsby,FALSE,18,1865,188504
188001,1952-01-01,NA,Örebro Nikolai,FALSE,18,1880,188001
188002,1952-01-01,NA,Örebro Olaus Petri,FALSE,18,1880,188002
188003,1954-01-01,NA,Längbro,FALSE,18,1880,188003
188004,1954-01-01,NA,Almby,FALSE,18,1880,188004
188005,1967-01-01,2010-01-01,Mosjö,FALSE,18,1880,188005
188005,2010-01-01,NA,Mosjö-Täby,FALSE,18,1880,188005
188006,1967-01-01,2010-01-01,Täby,FALSE,18,1880,188006
188007,1971-01-01,2002-01-01,Vintrosa,FALSE,18,1880,188007
188008,1971-01-01,NA,Tysslinge,FALSE,18,1880,188008
188009,1971-01-01,2002-01-01,Gräve,FALSE,18,1880,188009
188010,1971-01-01,2002-01-01,Kil,FALSE,18,1880,188010
188011,1971-01-01,2002-01-01,Ervalla,FALSE,18,1880,188011
188012,1971-01-01,2002-01-01,Axberg,FALSE,18,1880,188012
188013,1971-01-01,NA,Hovsta,FALSE,18,1880,188013
188014,1971-01-01,2022-01-01,Lännäs,FALSE,18,1880,188014
188015,1971-01-01,2022-01-01,Asker,FALSE,18,1880,188015
188016,1971-01-01,2014-01-01,Stora Mellösa,FALSE,18,1880,188016
188016,2014-01-01,NA,Kvismare,FALSE,18,1880,188016
188017,1971-01-01,2006-01-01,Norrbyås,FALSE,18,1880,188017
188018,1971-01-01,2014-01-01,Gällersta,FALSE,18,1880,188018
188019,1971-01-01,1995-01-01,Hidinge,FALSE,18,1880,188019
188020,1971-01-01,1995-01-01,Knista,FALSE,18,1880,188020
188021,1971-01-01,1995-01-01,Kräcklinge,FALSE,18,1880,188021
188022,1971-01-01,1995-01-01,Hackvad,FALSE,18,1880,188022
188023,1971-01-01,1995-01-01,Edsberg,FALSE,18,1880,188023
188024,1971-01-01,1995-01-01,Tångeråsa,FALSE,18,1880,188024
188025,1971-01-01,1995-01-01,Kvistbro,FALSE,18,1880,188025
188026,1974-01-01,2002-01-01,Rinkaby,FALSE,18,1880,188026
188027,1974-01-01,NA,Glanshammar,FALSE,18,1880,188027
188028,1974-01-01,1981-01-01,Ödeby,FALSE,18,1880,188028
188029,1974-01-01,2002-01-01,Lillkyrka,FALSE,18,1880,188029
188030,1977-01-01,NA,Mikael,FALSE,18,1880,188030
188031,1995-01-01,NA,Adolfsberg,FALSE,18,1880,188031
188101,1967-01-01,NA,Kumla,FALSE,18,1881,188101
188102,1967-01-01,NA,Hardemo,FALSE,18,1881,188102
188103,1971-01-01,NA,Ekeby,FALSE,18,1881,188103
188201,1965-01-01,2018-01-01,Askersund,FALSE,18,1882,188201
188201,2018-01-01,NA,Askersund-Hammar,FALSE,18,1882,188201
188203,1971-01-01,NA,Lerbäck,FALSE,18,1882,188203
188204,1971-01-01,NA,Snavlunda,FALSE,18,1882,188204
188205,1971-01-01,2018-01-01,Hammar,FALSE,18,1882,188205
188301,1967-01-01,NA,Karlskoga,FALSE,18,1883,188301
188401,1965-01-01,1974-01-01,Nora stadsförs.,FALSE,18,1884,188401
188403,1965-01-01,2010-01-01,Järnboås,FALSE,18,1884,188403
188404,1965-01-01,1974-01-01,Nora bergsförs.,FALSE,18,1884,188404
188404,1974-01-01,NA,Nora bergsförs.,FALSE,18,1884,188404
188405,1965-01-01,2010-01-01,Viker,FALSE,18,1884,188405
188502,1969-01-01,2010-01-01,Lindesberg,FALSE,18,1885,188502
188502,2010-01-01,2016-01-01,Linde bergslag,FALSE,18,1885,188502
188502,2016-01-01,NA,Linde bergslag,FALSE,18,1885,188502
188503,1969-01-01,2016-01-01,Guldsmedshyttan,FALSE,18,1885,188503
188504,1971-01-01,NA,Näsby,FALSE,18,1885,188504
188505,1971-01-01,NA,Fellingsbro,FALSE,18,1885,188505
188506,1971-01-01,1992-01-01,Fellingsbro norra,FALSE,18,1885,188506
188507,1971-01-01,2010-01-01,Ramsberg,FALSE,18,1885,188507
190101,1952-01-01,1971-01-01,Torpa,FALSE,19,1901,196003
190102,1952-01-01,1971-01-01,"Kung Karl, del",TRUE,19,1901,190102
190103,1952-01-01,1971-01-01,Kungs-Barkarö,FALSE,19,1901,196004
190104,1952-01-01,1971-01-01,Björskog,FALSE,19,1901,196005
190201,1952-01-01,1971-01-01,Arboga landsförs.,FALSE,19,1902,198402
190202,1952-01-01,1971-01-01,Himmeta,FALSE,19,1902,198302
190203,1952-01-01,1971-01-01,Medåker,FALSE,19,1902,198403
190204,1952-01-01,1971-01-01,Västra Skedvi,FALSE,19,1902,198303
190301,1967-01-01,1971-01-01,Kolsva,FALSE,19,1903,198304
190401,1952-01-01,2006-01-01,Hed,FALSE,19,1904,190401
190402,1952-01-01,2006-01-01,Skinnskatteberg,FALSE,19,1904,190402
190402,2006-01-01,NA,Skinnskatteberg med Hed och Gunnilbo,FALSE,19,1904,190402
190403,1952-01-01,2006-01-01,Gunnilbo,FALSE,19,1904,190403
190501,1952-01-01,1971-01-01,Odensvi,FALSE,19,1905,198305
190502,1952-01-01,1971-01-01,Munktorp,FALSE,19,1905,198306
190601,1952-01-01,1971-01-01,Kolbäck,FALSE,19,1906,196103
190602,1961-01-01,1971-01-01,Rytterne,FALSE,19,1906,198020
190603,1952-01-01,1971-01-01,Säby,FALSE,19,1906,196104
190701,1963-01-01,2014-01-01,Sura,FALSE,19,1907,190701
190701,2014-01-01,NA,Sura-Ramnäs,FALSE,19,1907,190701
190702,1963-01-01,2014-01-01,Ramnäs,FALSE,19,1907,190702
191001,1952-01-01,1971-01-01,Karbenning,FALSE,19,1910,196202
191002,1952-01-01,1971-01-01,Västerfärnebo,FALSE,19,1910,198102
191003,1952-01-01,1971-01-01,Fläckebo,FALSE,19,1910,198103
191501,1952-01-01,1971-01-01,Simtuna,FALSE,19,1915,038131
191502,1952-01-01,1971-01-01,Frösthult,FALSE,19,1915,038132
191503,1952-01-01,1971-01-01,Härnevi,FALSE,19,1915,038133
191504,1952-01-01,1971-01-01,Torstuna,FALSE,19,1915,038134
191505,1952-01-01,1971-01-01,Österunda,FALSE,19,1915,038135
191506,1952-01-01,1971-01-01,Altuna,FALSE,19,1915,038136
191601,1967-01-01,1971-01-01,Vittinge,FALSE,19,1916,191704
191701,1952-01-01,2007-01-01,Västerlövsta,FALSE,19,1917,191701
191702,1952-01-01,2007-01-01,Huddunge,FALSE,19,1917,191702
191703,1952-01-01,2007-01-01,Enåker,FALSE,19,1917,191703
191704,1971-01-01,2007-01-01,Vittinge,FALSE,19,1917,191704
191705,1971-01-01,2007-01-01,Nora,FALSE,19,1917,191705
191706,1971-01-01,2007-01-01,Östervåla,FALSE,19,1917,191706
191707,1971-01-01,2007-01-01,Harbo,FALSE,19,1917,191707
191801,1952-01-01,1971-01-01,Norrby,FALSE,19,1918,198104
191802,1952-01-01,1971-01-01,Tärna,FALSE,19,1918,198105
191803,1952-01-01,1971-01-01,Kumla,FALSE,19,1918,198106
191804,1952-01-01,1971-01-01,Kila,FALSE,19,1918,198107
191901,1967-01-01,1971-01-01,Möklinta,FALSE,19,1919,198108
192001,1967-01-01,1971-01-01,Nora,FALSE,19,1920,191705
192101,1952-01-01,1971-01-01,Östervåla,FALSE,19,1921,191706
192102,1952-01-01,1971-01-01,Harbo,FALSE,19,1921,191707
196001,1967-01-01,1971-01-01,"Kung Karl, del",TRUE,19,1960,196001
196001,1971-01-01,NA,Kung Karl,FALSE,19,1960,196001
196003,1971-01-01,2006-01-01,Torpa,FALSE,19,1960,196003
196004,1971-01-01,2006-01-01,Kungs-Barkarö,FALSE,19,1960,196004
196005,1971-01-01,2006-01-01,Björskog,FALSE,19,1960,196005
196101,1952-01-01,2006-01-01,Hallstahammar,FALSE,19,1961,196101
196101,2006-01-01,2014-01-01,Hallstahammar-Berg,FALSE,19,1961,196101
196101,2014-01-01,NA,Hallstahammar-Kolbäck,FALSE,19,1961,196101
196102,1952-01-01,2006-01-01,Berg,FALSE,19,1961,196102
196103,1971-01-01,2014-01-01,Kolbäck,FALSE,19,1961,196103
196104,1971-01-01,2006-01-01,Säby,FALSE,19,1961,196104
196201,1967-01-01,2010-01-01,Norberg,FALSE,19,1962,196201
196201,2010-01-01,NA,Norberg-Karbenning,FALSE,19,1962,196201
196202,1971-01-01,2010-01-01,Karbenning,FALSE,19,1962,196202
198001,1962-01-01,2006-01-01,Västerås domkyrkoförs.,FALSE,19,1980,198001
198001,2006-01-01,2014-01-01,Västerås domkyrkoförs.,FALSE,19,1980,198001
198001,2014-01-01,NA,Västerås domkyrkoförs.,FALSE,19,1980,198001
198002,1962-01-01,NA,Västerås Lundby,FALSE,19,1980,198002
198003,1962-01-01,NA,Västerås Badelunda,FALSE,19,1980,198003
198004,1962-01-01,1992-01-01,Västerås Skerike,FALSE,19,1980,198004
198004,1992-01-01,2006-01-01,Skerike,FALSE,19,1980,198004
198005,1967-01-01,2006-01-01,Haraker,FALSE,19,1980,198005
198006,1967-01-01,2006-01-01,Romfartuna,FALSE,19,1980,198006
198007,1967-01-01,2006-01-01,Skultuna,FALSE,19,1980,198007
198007,2006-01-01,NA,Norrbo,FALSE,19,1980,198007
198008,1967-01-01,2006-01-01,Lillhärad,FALSE,19,1980,198008
198009,1967-01-01,2006-01-01,Dingtuna,FALSE,19,1980,198009
198009,2006-01-01,NA,Dingtuna-Lillhärad,FALSE,19,1980,198009
198010,1967-01-01,NA,Västerås-Barkarö,FALSE,19,1980,198010
198011,1967-01-01,2006-01-01,Irsta,FALSE,19,1980,198011
198011,2006-01-01,NA,Kungsåra,FALSE,19,1980,198011
198012,1967-01-01,2006-01-01,Kärrbo,FALSE,19,1980,198012
198013,1967-01-01,2006-01-01,Kungsåra,FALSE,19,1980,198013
198014,1967-01-01,2006-01-01,Ängsö,FALSE,19,1980,198014
198015,1967-01-01,2006-01-01,Björksta,FALSE,19,1980,198015
198016,1967-01-01,2006-01-01,Hubbo,FALSE,19,1980,198016
198016,2006-01-01,NA,Tillberga,FALSE,19,1980,198016
198017,1967-01-01,2006-01-01,Tillberga,FALSE,19,1980,198017
198018,1967-01-01,2006-01-01,Tortuna,FALSE,19,1980,198018
198019,1967-01-01,2006-01-01,Sevalla,FALSE,19,1980,198019
198020,1971-01-01,NA,Rytterne,FALSE,19,1980,198020
198021,1992-01-01,2006-01-01,Viksäng,FALSE,19,1980,198021
198022,1992-01-01,2014-01-01,Gideonsberg,FALSE,19,1980,198022
198022,2014-01-01,NA,Skerike,FALSE,19,1980,198022
198023,1992-01-01,NA,Önsta,FALSE,19,1980,198023
198024,2014-01-01,NA,Viksäng,FALSE,19,1980,198024
198025,2014-01-01,NA,Gideonsberg,FALSE,19,1980,198025
198101,1967-01-01,NA,Sala,FALSE,19,1981,198101
198102,1971-01-01,NA,Västerfärnebo,FALSE,19,1981,198102
198103,1971-01-01,2008-01-01,Fläckebo,FALSE,19,1981,198103
198104,1971-01-01,NA,Norrby,FALSE,19,1981,198104
198105,1971-01-01,NA,Tärna,FALSE,19,1981,198105
198106,1971-01-01,NA,Kumla,FALSE,19,1981,198106
198107,1971-01-01,NA,Kila,FALSE,19,1981,198107
198108,1971-01-01,NA,Möklinta,FALSE,19,1981,198108
198201,1967-01-01,2006-01-01,Västanfors,FALSE,19,1982,198201
198201,2006-01-01,NA,Västanfors-Västervåla,FALSE,19,1982,198201
198202,1967-01-01,2006-01-01,Västervåla,FALSE,19,1982,198202
198301,1967-01-01,2010-01-01,Köping,FALSE,19,1983,198301
198301,2010-01-01,NA,Köpingsbygden,FALSE,19,1983,198301
198302,1971-01-01,2010-01-01,Himmeta,FALSE,19,1983,198302
198303,1971-01-01,2010-01-01,Västra Skedvi,FALSE,19,1983,198303
198304,1971-01-01,NA,Kolsva,FALSE,19,1983,198304
198305,1971-01-01,2010-01-01,Odensvi,FALSE,19,1983,198305
198306,1971-01-01,2010-01-01,Munktorp,FALSE,19,1983,198306
198401,1967-01-01,2006-01-01,Arboga stadsförs.,FALSE,19,1984,198401
198401,2006-01-01,NA,Arbogabygden,FALSE,19,1984,198401
198402,1971-01-01,2006-01-01,Arboga landsförs.,FALSE,19,1984,198402
198403,1971-01-01,2006-01-01,Medåker,FALSE,19,1984,198403
198404,1974-01-01,2006-01-01,Götlunda,FALSE,19,1984,198404
200601,1967-01-01,1971-01-01,Stora Skedvi,FALSE,20,2006,208202
200801,1967-01-01,1971-01-01,Sundborn,FALSE,20,2008,208007
201001,1952-01-01,1971-01-01,Svärdsjö,FALSE,20,2010,208008
201002,1952-01-01,1971-01-01,Svartnäs,FALSE,20,2010,208009
201101,1967-01-01,1971-01-01,Enviken,FALSE,20,2011,208010
201201,1952-01-01,1971-01-01,Stora Tuna kbfd del st,FALSE,20,2012,208102
201202,1952-01-01,1971-01-01,Torsång,FALSE,20,2012,208103
201301,1952-01-01,1971-01-01,Gustafs,FALSE,20,2013,208203
201302,1952-01-01,1971-01-01,Silvberg,FALSE,20,2013,208204
201403,1970-01-01,1974-01-01,Söderbärke,FALSE,20,2014,206102
201701,1952-01-01,1971-01-01,Grängesberg,FALSE,20,2017,208502
201702,1952-01-01,1971-01-01,Grangärde,FALSE,20,2017,208503
201801,1967-01-01,1971-01-01,Säfsnäs,FALSE,20,2018,208504
201901,1967-01-01,1971-01-01,Nås,FALSE,20,2019,202103
202001,1967-01-01,1971-01-01,Floda,FALSE,20,2020,202603
202101,1952-01-01,1992-01-01,Järna kbfd,FALSE,20,2021,202101
202101,1992-01-01,NA,Järna,FALSE,20,2021,202101
202102,1952-01-01,1992-01-01,Vansbro kbfd,FALSE,20,2021,202102
202103,1971-01-01,2010-01-01,Nås,FALSE,20,2021,202103
202104,1971-01-01,2010-01-01,Äppelbo,FALSE,20,2021,202104
202201,1967-01-01,1971-01-01,Äppelbo,FALSE,20,2022,202104
202301,1952-01-01,1977-01-01,Tyngsjö fd kapellag,FALSE,20,2023,202301
202302,1952-01-01,1977-01-01,Malung utom Tyngsjö,FALSE,20,2023,202302
202302,1977-01-01,NA,Malung,FALSE,20,2023,202302
202303,1971-01-01,NA,Lima kbfd,FALSE,20,2023,202303
202304,1971-01-01,1972-01-01,Rörbäcksnäs kbfd,FALSE,20,2023,202304
202305,1971-01-01,2006-01-01,Transtrand,FALSE,20,2023,202305
202401,1952-01-01,1971-01-01,Lima kbfd,FALSE,20,2024,202303
202402,1952-01-01,1971-01-01,Rörbäcksnäs kbfd,FALSE,20,2024,202304
202501,1967-01-01,1971-01-01,Transtrand,FALSE,20,2025,202305
202601,1952-01-01,NA,Mockfjärd,FALSE,20,2026,202601
202602,1952-01-01,NA,Gagnef,FALSE,20,2026,202602
202603,1971-01-01,NA,Floda,FALSE,20,2026,202603
202701,1967-01-01,1974-01-01,Ål,FALSE,20,2027,202903
202801,1967-01-01,1971-01-01,Bjursås,FALSE,20,2028,208011
202901,1952-01-01,NA,Leksand,FALSE,20,2029,202901
202902,1952-01-01,NA,Djura,FALSE,20,2029,202902
202903,1974-01-01,2019-01-01,Ål,FALSE,20,2029,202903
202904,1974-01-01,NA,Siljansnäs,FALSE,20,2029,202904
203001,1967-01-01,1974-01-01,Siljansnäs,FALSE,20,2030,202904
203101,1952-01-01,1992-01-01,Rättvik,FALSE,20,2031,203101
203101,1992-01-01,NA,Rättvik,FALSE,20,2031,203101
203102,1952-01-01,1992-01-01,Bingsjö-Dådran,FALSE,20,2031,203102
203103,1963-01-01,NA,Boda,FALSE,20,2031,203103
203104,1974-01-01,NA,Ore,FALSE,20,2031,203104
203301,1967-01-01,1974-01-01,Ore,FALSE,20,2033,203104
203401,1952-01-01,1987-01-01,Skattunge fd kapellag,FALSE,20,2034,203401
203402,1952-01-01,1987-01-01,Orsa utom Skattunge,FALSE,20,2034,203402
203402,1987-01-01,NA,Orsa,FALSE,20,2034,203402
203501,1967-01-01,1971-01-01,Våmhus,FALSE,20,2035,206202
203701,1967-01-01,1971-01-01,Sollerön,FALSE,20,2037,206203
203801,1952-01-01,1971-01-01,Söromsjöns kbfd,FALSE,20,2038,206204
203802,1952-01-01,1971-01-01,Venjans kbfd,FALSE,20,2038,206205
203901,1952-01-01,1977-01-01,Evertsbergs kbfd,FALSE,20,2039,203901
203902,1952-01-01,1977-01-01,Älvdalens kbfd,FALSE,20,2039,203902
203902,1977-01-01,NA,Älvdalen,FALSE,20,2039,203902
203903,1952-01-01,1977-01-01,Åsens kbfd,FALSE,20,2039,203903
203904,1971-01-01,2010-01-01,Särna,FALSE,20,2039,203904
203905,1971-01-01,NA,Idre,FALSE,20,2039,203905
204001,1967-01-01,1971-01-01,Särna,FALSE,20,2040,203904
204101,1967-01-01,1971-01-01,Idre,FALSE,20,2041,203905
206101,1967-01-01,NA,Norrbärke,FALSE,20,2061,206101
206102,1974-01-01,NA,Söderbärke,FALSE,20,2061,206102
206201,1967-01-01,2010-01-01,Mora,FALSE,20,2062,206201
206201,2010-01-01,NA,Mora,FALSE,20,2062,206201
206202,1971-01-01,2010-01-01,Våmhus,FALSE,20,2062,206202
206203,1971-01-01,2010-01-01,Sollerön,FALSE,20,2062,206203
206204,1971-01-01,1976-01-01,Söromsjöns kbfd,FALSE,20,2062,206204
206205,1971-01-01,2010-01-01,Venjans kbfd,FALSE,20,2062,206205
208001,1967-01-01,NA,Falu Kristine,FALSE,20,2080,208001
208002,1967-01-01,1992-01-01,Grycksbo kbfd,FALSE,20,2080,208002
208002,1995-01-01,NA,Grycksbo,FALSE,20,2080,208002
208003,1967-01-01,1992-01-01,Stora Kopparbergs kbfd,FALSE,20,2080,208003
208003,1992-01-01,NA,Stora Kopparberg,FALSE,20,2080,208003
208004,1967-01-01,NA,Aspeboda,FALSE,20,2080,208004
208005,1967-01-01,2012-01-01,Vika,FALSE,20,2080,208005
208006,1967-01-01,2012-01-01,Hosjö,FALSE,20,2080,208006
208006,2012-01-01,NA,Vika-Hosjö,FALSE,20,2080,208006
208007,1971-01-01,NA,Sundborn,FALSE,20,2080,208007
208008,1971-01-01,NA,Svärdsjö,FALSE,20,2080,208008
208009,1971-01-01,1995-01-01,Svartnäs,FALSE,20,2080,208009
208010,1971-01-01,NA,Enviken,FALSE,20,2080,208010
208011,1971-01-01,NA,Bjursås,FALSE,20,2080,208011
208101,1967-01-01,1992-01-01,Borlänge kbfd,FALSE,20,2081,208101
208102,1971-01-01,NA,Stora Tuna kbfd,FALSE,20,2081,208102
208103,1971-01-01,NA,Torsång,FALSE,20,2081,208103
208201,1967-01-01,2010-01-01,Säter,FALSE,20,2082,208201
208201,2010-01-01,NA,Säterbygden,FALSE,20,2082,208201
208202,1971-01-01,2010-01-01,Stora Skedvi,FALSE,20,2082,208202
208203,1971-01-01,2010-01-01,Gustafs,FALSE,20,2082,208203
208204,1971-01-01,2010-01-01,Silvberg,FALSE,20,2082,208204
208301,1967-01-01,2010-01-01,Hedemora,FALSE,20,2083,208301
208301,2010-01-01,2018-01-01,Hedemora-Garpenberg,FALSE,20,2083,208301
208301,2018-01-01,NA,"Hedemora, Husby och Garpenberg",FALSE,20,2083,208301
208302,1967-01-01,2010-01-01,Garpenberg,FALSE,20,2083,208302
208303,1968-01-01,1992-01-01,Husby kbfd,FALSE,20,2083,208303
208303,1992-01-01,2018-01-01,Husby,FALSE,20,2083,208303
208305,1967-01-01,1992-01-01,Långshyttans kbfd,FALSE,20,2083,208305
208401,1967-01-01,NA,Avesta,FALSE,20,2084,208401
208402,1967-01-01,1992-01-01,Horndals kbfd,FALSE,20,2084,208402
208403,1967-01-01,1992-01-01,By kbfd,FALSE,20,2084,208403
208403,1992-01-01,NA,By,FALSE,20,2084,208403
208404,1967-01-01,1992-01-01,Folkärna kbfd,FALSE,20,2084,208404
208404,1992-01-01,NA,Folkärna,FALSE,20,2084,208404
208405,1967-01-01,1992-01-01,Krylbo kbfd,FALSE,20,2084,208405
208406,1967-01-01,NA,Grytnäs,FALSE,20,2084,208406
208501,1967-01-01,NA,Ludvika,FALSE,20,2085,208501
208502,1971-01-01,2010-01-01,Grängesberg,FALSE,20,2085,208502
208503,1971-01-01,NA,Grangärde,FALSE,20,2085,208503
208504,1971-01-01,2010-01-01,Säfsnäs,FALSE,20,2085,208504
210101,1952-01-01,2000-01-01,Åmot,FALSE,21,2101,210101
210102,1952-01-01,2000-01-01,Ockelbo,FALSE,21,2101,210102
210102,2000-01-01,NA,Ockelbo,FALSE,21,2101,210102
210103,1971-01-01,2000-01-01,Lingbo,FALSE,21,2101,210103
210201,1967-01-01,1971-01-01,Järbo,FALSE,21,2102,218103
210301,1967-01-01,1971-01-01,"Ovansjö, del",TRUE,21,2103,218102
210401,1967-01-01,NA,Hofors,FALSE,21,2104,210401
210402,1971-01-01,NA,Torsåker,FALSE,21,2104,210402
210501,1967-01-01,1971-01-01,Torsåker,FALSE,21,2105,210402
210601,1967-01-01,1971-01-01,Årsunda,FALSE,21,2106,218104
210701,1967-01-01,1971-01-01,Österfärnebo,FALSE,21,2107,218105
210901,1967-01-01,1971-01-01,Valbo,FALSE,21,2109,218006
211201,1952-01-01,1971-01-01,Lingbo,FALSE,21,2112,210103
211202,1952-01-01,1971-01-01,Skog,FALSE,21,2112,218203
211301,1952-01-01,1971-01-01,Ljusne,FALSE,21,2113,218204
211302,1952-01-01,1971-01-01,Söderala,FALSE,21,2113,218205
211303,1952-01-01,1971-01-01,Bergvik,FALSE,21,2113,218206
211304,1952-01-01,1971-01-01,Mo,FALSE,21,2113,218207
211401,1967-01-01,1974-01-01,Rengsjö,FALSE,21,2114,218304
211501,1952-01-01,1971-01-01,Trönö,FALSE,21,2115,218208
211502,1952-01-01,1971-01-01,Norrala,FALSE,21,2115,218209
211701,1952-01-01,1971-01-01,Njutånger,FALSE,21,2117,218405
211702,1952-01-01,1971-01-01,Nianfors,FALSE,21,2117,218406
211703,1963-01-01,1971-01-01,Enånger,FALSE,21,2117,218407
211801,1952-01-01,1974-01-01,Segersta,FALSE,21,2118,218305
211802,1952-01-01,1974-01-01,Hanebo,FALSE,21,2118,218306
212001,1952-01-01,1971-01-01,Svabensverks fd kapellag,FALSE,21,2120,212001
212002,1952-01-01,1971-01-01,Alfta utom Svabensverk,FALSE,21,2120,212103
212002,1971-01-01,1974-01-01,Alfta,FALSE,21,2120,212103
212101,1952-01-01,2002-01-01,Ovanåker,FALSE,21,2121,212101
212101,2002-01-01,2012-01-01,Ovanåker,FALSE,21,2121,212101
212101,2012-01-01,NA,Alfta-Ovanåker,FALSE,21,2121,212101
212102,1952-01-01,2002-01-01,Voxna,FALSE,21,2121,212102
212103,1977-01-01,2012-01-01,Alfta,FALSE,21,2121,212103
212201,1952-01-01,1971-01-01,Hamra,FALSE,21,2122,216102
212202,1952-01-01,1971-01-01,Los,FALSE,21,2122,216103
212301,1952-01-01,1971-01-01,Färila,FALSE,21,2123,216104
212302,1952-01-01,1971-01-01,Kårböle,FALSE,21,2123,216105
212401,1967-01-01,1971-01-01,Ramsjö,FALSE,21,2124,216106
212601,1967-01-01,1971-01-01,Järvsö,FALSE,21,2126,216107
212701,1952-01-01,1974-01-01,Undersvik,FALSE,21,2127,218308
212702,1952-01-01,1974-01-01,Arbrå,FALSE,21,2127,218309
212801,1967-01-01,1971-01-01,Delsbo,FALSE,21,2128,218408
212901,1952-01-01,1971-01-01,Bjuråker,FALSE,21,2129,218409
212902,1952-01-01,1971-01-01,Norrbo,FALSE,21,2129,218410
213001,1952-01-01,1971-01-01,Forsa,FALSE,21,2130,218411
213002,1952-01-01,1971-01-01,Hög,FALSE,21,2130,218412
213201,1952-01-01,2014-01-01,Ilsbo,FALSE,21,2132,213201
213202,1952-01-01,2006-01-01,Harmånger,FALSE,21,2132,213202
213202,2006-01-01,2019-01-01,Harmånger-Jättendal,FALSE,21,2132,213202
213203,1952-01-01,2006-01-01,Jättendal,FALSE,21,2132,213203
213204,1974-01-01,2019-01-01,Gnarp,FALSE,21,2132,213204
213205,1974-01-01,2014-01-01,Bergsjö,FALSE,21,2132,213205
213205,2014-01-01,NA,Bergsjö,FALSE,21,2132,213205
213206,1974-01-01,2014-01-01,Hassela,FALSE,21,2132,213206
213301,1967-01-01,1974-01-01,Gnarp,FALSE,21,2133,213204
213401,1967-01-01,1974-01-01,Bergsjö,FALSE,21,2134,213205
213501,1967-01-01,1974-01-01,Hassela,FALSE,21,2135,213206
216001,1967-01-01,1971-01-01,"Ovansjö, del",TRUE,21,2160,216001
216101,1967-01-01,2002-01-01,Ljusdal,FALSE,21,2161,216101
216101,2002-01-01,NA,Ljusdal-Ramsjö,FALSE,21,2161,216101
216102,1971-01-01,2002-01-01,Hamra,FALSE,21,2161,216102
216103,1971-01-01,NA,Los,FALSE,21,2161,216103
216104,1971-01-01,NA,Färila,FALSE,21,2161,216104
216105,1971-01-01,2010-01-01,Kårböle,FALSE,21,2161,216105
216106,1971-01-01,2002-01-01,Ramsjö,FALSE,21,2161,216106
216107,1971-01-01,NA,Järvsö,FALSE,21,2161,216107
218001,1952-01-01,2010-01-01,Gävle Heliga Trefaldighet,FALSE,21,2180,218001
218001,2010-01-01,2021-01-01,Gävle Heliga Trefaldighet,FALSE,21,2180,218001
218002,1952-01-01,2021-01-01,Gävle Staffan,FALSE,21,2180,218002
218003,1969-01-01,NA,Hamrånge,FALSE,21,2180,218003
218004,1969-01-01,NA,Hedesunda,FALSE,21,2180,218004
218005,1969-01-01,NA,Hille,FALSE,21,2180,218005
218006,1971-01-01,NA,Valbo,FALSE,21,2180,218006
218007,1978-01-01,2010-01-01,Gävle Tomas,FALSE,21,2180,218007
218008,1978-01-01,2021-01-01,Gävle Maria,FALSE,21,2180,218008
218009,1995-01-01,2021-01-01,Bomhus,FALSE,21,2180,218009
218101,1967-01-01,NA,Sandviken,FALSE,21,2181,218101
218102,1971-01-01,NA,Ovansjö,FALSE,21,2181,218102
218103,1971-01-01,NA,Järbo,FALSE,21,2181,218103
218104,1971-01-01,NA,Årsunda,FALSE,21,2181,218104
218105,1971-01-01,2010-01-01,Österfärnebo,FALSE,21,2181,218105
218201,1952-01-01,2018-01-01,Söderhamn,FALSE,21,2182,218201
218201,2018-01-01,NA,Söderhamn-Sandarne,FALSE,21,2182,218201
218202,1952-01-01,2018-01-01,Sandarne,FALSE,21,2182,218202
218203,1971-01-01,NA,Skog,FALSE,21,2182,218203
218204,1971-01-01,NA,Ljusne,FALSE,21,2182,218204
218205,1971-01-01,NA,Söderala,FALSE,21,2182,218205
218206,1971-01-01,NA,Bergvik,FALSE,21,2182,218206
218207,1971-01-01,2006-01-01,Mo,FALSE,21,2182,218207
218208,1971-01-01,2013-01-01,Trönö,FALSE,21,2182,218208
218209,1971-01-01,2013-01-01,Norrala,FALSE,21,2182,218209
218209,2013-01-01,NA,Norrala-Trönö,FALSE,21,2182,218209
218301,1959-01-01,1972-01-01,Katrinebergs fd kapellag,FALSE,21,2183,218301
218302,1959-01-01,1972-01-01,Annefors fd kapellag,FALSE,21,2183,218302
218303,1959-01-01,1972-01-01,Bollnäs utom kapellag,FALSE,21,2183,218303
218303,1972-01-01,NA,Bollnäs,FALSE,21,2183,218303
218304,1974-01-01,NA,Rengsjö,FALSE,21,2183,218304
218305,1974-01-01,2006-01-01,Segersta,FALSE,21,2183,218305
218306,1974-01-01,NA,Hanebo,FALSE,21,2183,218306
218307,1974-01-01,1977-01-01,Alfta,FALSE,21,2183,212103
218308,1974-01-01,2002-01-01,Undersvik,FALSE,21,2183,218308
218309,1974-01-01,NA,Arbrå,FALSE,21,2183,218309
218401,1952-01-01,2002-01-01,Hudiksvall,FALSE,21,2184,218401
218401,2002-01-01,2014-01-01,Hudiksvall-Idenor,FALSE,21,2184,218401
218401,2014-01-01,NA,Hudiksvallsbygden,FALSE,21,2184,218401
218402,1952-01-01,2002-01-01,Idenor,FALSE,21,2184,218402
218403,1965-01-01,2010-01-01,Hälsingtuna,FALSE,21,2184,218403
218403,2010-01-01,2014-01-01,Hälsingtuna-Rogsta,FALSE,21,2184,218403
218404,1965-01-01,2010-01-01,Rogsta,FALSE,21,2184,218404
218405,1971-01-01,NA,Njutånger,FALSE,21,2184,218405
218406,1971-01-01,1985-01-01,Nianfors,FALSE,21,2184,218406
218407,1971-01-01,2006-01-01,Enånger,FALSE,21,2184,218407
218408,1971-01-01,NA,Delsbo,FALSE,21,2184,218408
218409,1971-01-01,NA,Bjuråker,FALSE,21,2184,218409
218410,1971-01-01,2006-01-01,Norrbo,FALSE,21,2184,218410
218411,1971-01-01,NA,Forsa,FALSE,21,2184,218411
218412,1971-01-01,2006-01-01,Hög,FALSE,21,2184,218412
220101,1967-01-01,1971-01-01,Haverö,FALSE,22,2201,226003
220201,1967-01-01,1971-01-01,Borgsjö kbfd,FALSE,22,2202,226002
220301,1967-01-01,1971-01-01,Torp,FALSE,22,2203,226004
220401,1967-01-01,1974-01-01,Stöde,FALSE,22,2204,228107
220601,1963-01-01,1974-01-01,Tuna,FALSE,22,2206,228108
220602,1963-01-01,1974-01-01,Attmar,FALSE,22,2206,228109
220801,1967-01-01,1974-01-01,Njurunda,FALSE,22,2208,228110
221001,1952-01-01,1974-01-01,Indal,FALSE,22,2210,228111
221002,1952-01-01,1974-01-01,Holm,FALSE,22,2210,228112
221003,1952-01-01,1974-01-01,Liden,FALSE,22,2210,228113
221101,1952-01-01,1971-01-01,Ljustorp,FALSE,22,2211,226202
221102,1952-01-01,1971-01-01,Hässjö,FALSE,22,2211,226203
221103,1952-01-01,1971-01-01,Tynderö,FALSE,22,2211,226204
221401,1952-01-01,1974-01-01,Nora,FALSE,22,2214,228202
221402,1952-01-01,1974-01-01,Skog,FALSE,22,2214,228203
221501,1967-01-01,1974-01-01,Nordingrå,FALSE,22,2215,228204
221601,1952-01-01,1974-01-01,Vibyggerå,FALSE,22,2216,228205
221602,1952-01-01,1974-01-01,Ullånger,FALSE,22,2216,228206
221701,1967-01-01,1974-01-01,Bjärtrå,FALSE,22,2217,228207
221801,1952-01-01,1974-01-01,Styrnäs,FALSE,22,2218,228208
221802,1952-01-01,1974-01-01,Gålsjö fd bruksförs.,FALSE,22,2218,228310
221803,1952-01-01,1974-01-01,Boteå utom Gålsjö,FALSE,22,2218,228311
221804,1952-01-01,1974-01-01,Överlännäs,FALSE,22,2218,228312
221805,1952-01-01,1974-01-01,Sånga,FALSE,22,2218,228313
221901,1952-01-01,1974-01-01,Dal,FALSE,22,2219,228209
221902,1952-01-01,1974-01-01,Torsåker,FALSE,22,2219,228210
221903,1952-01-01,1974-01-01,Ytterlännäs,FALSE,22,2219,228211
222001,1952-01-01,1971-01-01,Graninge,FALSE,22,2220,228303
222002,1952-01-01,1971-01-01,Långsele,FALSE,22,2220,228304
222101,1952-01-01,1971-01-01,Ed,FALSE,22,2221,228305
222102,1952-01-01,1971-01-01,Resele,FALSE,22,2221,228306
222201,1967-01-01,1971-01-01,Helgum,FALSE,22,2222,228307
222301,1952-01-01,1974-01-01,Edsele,FALSE,22,2223,228314
222302,1952-01-01,1974-01-01,Ramsele,FALSE,22,2223,228315
222401,1967-01-01,1971-01-01,Ådals-Liden,FALSE,22,2224,228308
222501,1967-01-01,1971-01-01,Junsele,FALSE,22,2225,228309
222601,1952-01-01,1974-01-01,Fjällsjö,FALSE,22,2226,231306
222602,1952-01-01,1974-01-01,Bodum,FALSE,22,2226,231307
222603,1967-01-01,1974-01-01,Tåsjö,FALSE,22,2226,231308
222801,1952-01-01,1971-01-01,Solbergs kbfd,FALSE,22,2228,228403
222802,1952-01-01,1971-01-01,Anundsjö kbfd,FALSE,22,2228,228404
222803,1952-01-01,1971-01-01,Skorped,FALSE,22,2228,228405
222901,1952-01-01,1971-01-01,Sidensjö,FALSE,22,2229,228406
222902,1952-01-01,1971-01-01,Nätra,FALSE,22,2229,228407
223101,1963-01-01,1971-01-01,Själevad,FALSE,22,2231,228408
223102,1963-01-01,1971-01-01,Mo,FALSE,22,2231,228409
223301,1967-01-01,1971-01-01,Grundsunda,FALSE,22,2233,228410
223401,1967-01-01,1971-01-01,Gideå,FALSE,22,2234,228411
223501,1967-01-01,1971-01-01,Björna,FALSE,22,2235,228412
223601,1967-01-01,1971-01-01,Trehörningsjö,FALSE,22,2236,228413
226001,1967-01-01,1971-01-01,Ånge kbfd,FALSE,22,2260,226001
226001,1971-01-01,1974-01-01,Ånge kbfd,FALSE,22,2260,226001
226002,1971-01-01,NA,Borgsjö kbfd,FALSE,22,2260,226002
226003,1971-01-01,2010-01-01,Haverö,FALSE,22,2260,226003
226004,1971-01-01,NA,Torp,FALSE,22,2260,226004
226201,1967-01-01,NA,Timrå,FALSE,22,2262,226201
226202,1971-01-01,NA,Ljustorp,FALSE,22,2262,226202
226203,1971-01-01,NA,Hässjö,FALSE,22,2262,226203
226204,1971-01-01,NA,Tynderö,FALSE,22,2262,226204
228001,1967-01-01,1978-01-01,Härnösand,FALSE,22,2280,228001
228001,1978-01-01,NA,Härnösands domkyrkoförs.,FALSE,22,2280,228001
228002,1969-01-01,NA,Högsjö,FALSE,22,2280,228002
228003,1969-01-01,NA,Häggdånger,FALSE,22,2280,228003
228004,1969-01-01,NA,Stigsjö,FALSE,22,2280,228004
228005,1969-01-01,NA,Viksjö,FALSE,22,2280,228005
228006,1969-01-01,NA,Säbrå,FALSE,22,2280,228006
228007,1969-01-01,NA,Hemsö,FALSE,22,2280,228007
228101,1956-01-01,2015-01-01,Sundsvalls Gustav Adolf,FALSE,22,2281,228101
228101,2015-01-01,NA,Sundsvall,FALSE,22,2281,228101
228102,1952-01-01,2015-01-01,Skönsmon,FALSE,22,2281,228102
228103,1965-01-01,NA,Skön,FALSE,22,2281,228103
228104,1965-01-01,NA,Alnö,FALSE,22,2281,228104
228105,1965-01-01,NA,Sättna,FALSE,22,2281,228105
228106,1965-01-01,NA,Selånger,FALSE,22,2281,228106
228107,1974-01-01,NA,Stöde,FALSE,22,2281,228107
228108,1974-01-01,2016-01-01,Tuna,FALSE,22,2281,228108
228108,2016-01-01,NA,Tuna-Attmar,FALSE,22,2281,228108
228109,1974-01-01,2016-01-01,Attmar,FALSE,22,2281,228109
228110,1974-01-01,NA,Njurunda,FALSE,22,2281,228110
228111,1974-01-01,NA,Indal,FALSE,22,2281,228111
228112,1974-01-01,NA,Holm,FALSE,22,2281,228112
228113,1974-01-01,NA,Liden,FALSE,22,2281,228113
228201,1967-01-01,NA,Gudmundrå,FALSE,22,2282,228201
228202,1974-01-01,NA,Nora,FALSE,22,2282,228202
228203,1974-01-01,2006-01-01,Skog,FALSE,22,2282,228203
228204,1974-01-01,NA,Nordingrå,FALSE,22,2282,228204
228205,1974-01-01,NA,Vibyggerå,FALSE,22,2282,228205
228206,1974-01-01,NA,Ullånger,FALSE,22,2282,228206
228207,1974-01-01,NA,Bjärtrå,FALSE,22,2282,228207
228208,1974-01-01,NA,Styrnäs,FALSE,22,2282,228208
228209,1974-01-01,NA,Dal,FALSE,22,2282,228209
228210,1974-01-01,NA,Torsåker,FALSE,22,2282,228210
228211,1974-01-01,NA,Ytterlännäs,FALSE,22,2282,228211
228301,1952-01-01,NA,Sollefteå,FALSE,22,2283,228301
228302,1952-01-01,2006-01-01,Multrå,FALSE,22,2283,228302
228302,2006-01-01,NA,Multrå och Sånga,FALSE,22,2283,228302
228303,1971-01-01,NA,Graninge,FALSE,22,2283,228303
228304,1971-01-01,NA,Långsele,FALSE,22,2283,228304
228305,1971-01-01,NA,Ed,FALSE,22,2283,228305
228306,1971-01-01,NA,Resele,FALSE,22,2283,228306
228307,1971-01-01,NA,Helgum,FALSE,22,2283,228307
228308,1971-01-01,NA,Ådals-Liden,FALSE,22,2283,228308
228309,1971-01-01,NA,Junsele,FALSE,22,2283,228309
228310,1974-01-01,1992-01-01,Gålsjö fd bruksförs.,FALSE,22,2283,228310
228311,1974-01-01,NA,Boteå utom Gålsjö,FALSE,22,2283,228311
228312,1974-01-01,NA,Överlännäs,FALSE,22,2283,228312
228313,1974-01-01,2006-01-01,Sånga,FALSE,22,2283,228313
228314,1974-01-01,2007-01-01,Edsele,FALSE,22,2283,228314
228315,1974-01-01,NA,Ramsele,FALSE,22,2283,228315
228401,1967-01-01,NA,Örnsköldsvik,FALSE,22,2284,228401
228402,1963-01-01,NA,Arnäs,FALSE,22,2284,228402
228403,1971-01-01,1992-01-01,Solbergs kbfd,FALSE,22,2284,228403
228404,1971-01-01,NA,Anundsjö kbfd,FALSE,22,2284,228404
228405,1971-01-01,NA,Skorped,FALSE,22,2284,228405
228406,1971-01-01,NA,Sidensjö,FALSE,22,2284,228406
228407,1971-01-01,NA,Nätra,FALSE,22,2284,228407
228408,1971-01-01,NA,Själevad,FALSE,22,2284,228408
228409,1971-01-01,NA,Mo,FALSE,22,2284,228409
228410,1971-01-01,NA,Grundsunda,FALSE,22,2284,228410
228411,1971-01-01,2014-01-01,Gideå,FALSE,22,2284,228411
228411,2014-01-01,NA,Gideå-Trehörningsjö,FALSE,22,2284,228411
228412,1971-01-01,NA,Björna,FALSE,22,2284,228412
228413,1971-01-01,2014-01-01,Trehörningsjö,FALSE,22,2284,228413
230101,1967-01-01,1974-01-01,Fors,FALSE,23,2301,230302
230201,1952-01-01,1974-01-01,Hällesjö,FALSE,23,2302,230503
230202,1952-01-01,1974-01-01,Håsjö,FALSE,23,2302,230504
230301,1967-01-01,NA,Ragunda,FALSE,23,2303,230301
230302,1974-01-01,NA,Fors,FALSE,23,2303,230302
230303,1974-01-01,NA,Borgvattnet,FALSE,23,2303,230303
230304,1974-01-01,NA,Stugun,FALSE,23,2303,230304
230401,1952-01-01,1974-01-01,Borgvattnet,FALSE,23,2304,230303
230402,1952-01-01,1974-01-01,Stugun,FALSE,23,2304,230304
230501,1952-01-01,2006-01-01,Bräcke,FALSE,23,2305,230501
230501,2006-01-01,NA,Bräcke-Nyhem,FALSE,23,2305,230501
230502,1952-01-01,2006-01-01,Nyhem,FALSE,23,2305,230502
230503,1974-01-01,NA,Hällesjö,FALSE,23,2305,230503
230504,1974-01-01,2002-01-01,Håsjö,FALSE,23,2305,230504
230505,1974-01-01,2010-01-01,Sundsjö,FALSE,23,2305,230505
230506,1974-01-01,NA,Revsund,FALSE,23,2305,230506
230507,1974-01-01,2010-01-01,Bodsjö,FALSE,23,2305,230507
230601,1952-01-01,1974-01-01,Sundsjö,FALSE,23,2306,230505
230602,1952-01-01,1974-01-01,Revsund,FALSE,23,2306,230506
230603,1952-01-01,1974-01-01,Bodsjö,FALSE,23,2306,230507
230701,1952-01-01,1971-01-01,Hackås,FALSE,23,2307,232602
230702,1952-01-01,1971-01-01,Sunne,FALSE,23,2307,238003
230703,1952-01-01,1971-01-01,Näs,FALSE,23,2307,238004
230801,1952-01-01,1971-01-01,Lockne,FALSE,23,2308,238005
230802,1952-01-01,1971-01-01,Marieby,FALSE,23,2308,238006
230803,1952-01-01,1971-01-01,Brunflo,FALSE,23,2308,238007
230901,1952-01-01,NA,Rödön,FALSE,23,2309,230901
230902,1952-01-01,NA,Näskott,FALSE,23,2309,230902
230903,1952-01-01,NA,Aspås,FALSE,23,2309,230903
230904,1952-01-01,NA,Ås,FALSE,23,2309,230904
230905,1974-01-01,2006-01-01,Laxsjö,FALSE,23,2309,230905
230906,1974-01-01,NA,Föllinge,FALSE,23,2309,230906
230907,1974-01-01,2006-01-01,Hotagen,FALSE,23,2309,230907
230908,1974-01-01,NA,Offerdals kbfd,FALSE,23,2309,230908
230909,1974-01-01,1985-01-01,Rönnöfors kbfd,FALSE,23,2309,230909
230910,1974-01-01,NA,Alsen,FALSE,23,2309,230910
231001,1952-01-01,1971-01-01,Kyrkås,FALSE,23,2310,238008
231002,1952-01-01,1971-01-01,Lit,FALSE,23,2310,238009
231003,1963-01-01,1971-01-01,Häggenås,FALSE,23,2310,238010
231201,1952-01-01,1974-01-01,Gåxsjö,FALSE,23,2312,231303
231202,1952-01-01,1974-01-01,Hammerdal,FALSE,23,2312,231304
231301,1952-01-01,2013-01-01,Ström,FALSE,23,2313,231301
231301,2013-01-01,NA,Ström-Alanäs,FALSE,23,2313,231301
231302,1952-01-01,2013-01-01,Alanäs,FALSE,23,2313,231302
231303,1974-01-01,NA,Gåxsjö,FALSE,23,2313,231303
231304,1974-01-01,NA,Hammerdal,FALSE,23,2313,231304
231305,1974-01-01,NA,Frostviken,FALSE,23,2313,231305
231306,1974-01-01,NA,Fjällsjö,FALSE,23,2313,231306
231307,1974-01-01,NA,Bodum,FALSE,23,2313,231307
231308,1974-01-01,NA,Tåsjö,FALSE,23,2313,231308
231401,1967-01-01,1974-01-01,Frostviken,FALSE,23,2314,231305
231601,1952-01-01,1974-01-01,Laxsjö,FALSE,23,2316,230905
231602,1952-01-01,1974-01-01,Föllinge,FALSE,23,2316,230906
231603,1969-01-01,1974-01-01,Hotagen,FALSE,23,2316,230907
231701,1952-01-01,1974-01-01,Offerdals kbfd,FALSE,23,2317,230908
231702,1952-01-01,1974-01-01,Rönnöfors kbfd,FALSE,23,2317,230909
231801,1967-01-01,1974-01-01,Alsen,FALSE,23,2318,230910
231901,1952-01-01,1974-01-01,Mattmar,FALSE,23,2319,232102
231902,1952-01-01,1974-01-01,Mörsil,FALSE,23,2319,232103
232001,1967-01-01,1974-01-01,Kall,FALSE,23,2320,232104
232101,1967-01-01,NA,Åre,FALSE,23,2321,232101
232102,1974-01-01,2006-01-01,Mattmar,FALSE,23,2321,232102
232103,1974-01-01,NA,Mörsil,FALSE,23,2321,232103
232104,1974-01-01,NA,Kall,FALSE,23,2321,232104
232105,1974-01-01,NA,Undersåker,FALSE,23,2321,232105
232106,1974-01-01,2006-01-01,Hallen,FALSE,23,2321,232106
232107,1974-01-01,2006-01-01,Marby,FALSE,23,2321,232107
232201,1967-01-01,1974-01-01,Undersåker,FALSE,23,2322,232105
232301,1952-01-01,1974-01-01,Hallen,FALSE,23,2323,232106
232302,1952-01-01,1974-01-01,Marby,FALSE,23,2323,232107
232303,1952-01-01,1971-01-01,Norderö,FALSE,23,2323,238011
232401,1952-01-01,1971-01-01,Oviken,FALSE,23,2324,232603
232402,1952-01-01,1971-01-01,Myssjö,FALSE,23,2324,232604
232501,1952-01-01,1971-01-01,Storsjö,FALSE,23,2325,232605
232502,1952-01-01,1971-01-01,Åsarne,FALSE,23,2325,232606
232503,1952-01-01,1971-01-01,Klövsjö,FALSE,23,2325,232607
232601,1967-01-01,NA,Berg,FALSE,23,2326,232601
232602,1971-01-01,NA,Hackås,FALSE,23,2326,232602
232603,1971-01-01,NA,Oviken,FALSE,23,2326,232603
232604,1971-01-01,2010-01-01,Myssjö,FALSE,23,2326,232604
232605,1971-01-01,2020-01-01,Storsjö,FALSE,23,2326,232605
232606,1971-01-01,NA,Åsarne,FALSE,23,2326,232606
232607,1971-01-01,2010-01-01,Klövsjö,FALSE,23,2326,232607
232608,1971-01-01,NA,Rätan,FALSE,23,2326,232608
232701,1967-01-01,1971-01-01,Rätan,FALSE,23,2327,232608
232801,1952-01-01,1974-01-01,Vemdalen,FALSE,23,2328,236104
232802,1952-01-01,1974-01-01,Hede,FALSE,23,2328,236105
232901,1952-01-01,1974-01-01,Ljusnedal,FALSE,23,2329,236106
232902,1952-01-01,1974-01-01,Tännäs,FALSE,23,2329,236107
233101,1952-01-01,1974-01-01,Överhogdal,FALSE,23,2331,236108
233102,1952-01-01,1974-01-01,Ytterhogdal,FALSE,23,2331,236109
233103,1952-01-01,1974-01-01,Ängersjö,FALSE,23,2331,236110
233201,1967-01-01,1974-01-01,Lillhärdal,FALSE,23,2332,236111
236001,1967-01-01,1971-01-01,Frösö,FALSE,23,2360,238002
236101,1967-01-01,2006-01-01,Sveg,FALSE,23,2361,236101
236101,2006-01-01,NA,Svegsbygden,FALSE,23,2361,236101
236102,1967-01-01,2006-01-01,Linsell,FALSE,23,2361,236102
236103,1967-01-01,2006-01-01,Älvros,FALSE,23,2361,236103
236104,1974-01-01,2010-01-01,Vemdalen,FALSE,23,2361,236104
236105,1974-01-01,2020-01-01,Hede,FALSE,23,2361,236105
236106,1974-01-01,2006-01-01,Ljusnedal,FALSE,23,2361,236106
236107,1974-01-01,NA,Tännäs,FALSE,23,2361,236107
236108,1974-01-01,2006-01-01,Överhogdal,FALSE,23,2361,236108
236109,1974-01-01,NA,Ytterhogdal,FALSE,23,2361,236109
236110,1974-01-01,2006-01-01,Ängersjö,FALSE,23,2361,236110
236111,1974-01-01,2006-01-01,Lillhärdal,FALSE,23,2361,236111
238001,1967-01-01,NA,Östersund,FALSE,23,2380,238001
238002,1971-01-01,2014-01-01,Frösö,FALSE,23,2380,238002
238002,2014-01-01,NA,"Frösö, Sunne och Norderö",FALSE,23,2380,238002
238003,1971-01-01,2014-01-01,Sunne,FALSE,23,2380,238003
238004,1971-01-01,NA,Näs,FALSE,23,2380,238004
238005,1971-01-01,NA,Lockne,FALSE,23,2380,238005
238006,1971-01-01,NA,Marieby,FALSE,23,2380,238006
238007,1971-01-01,NA,Brunflo,FALSE,23,2380,238007
238008,1971-01-01,2010-01-01,Kyrkås,FALSE,23,2380,238008
238009,1971-01-01,NA,Lit,FALSE,23,2380,238009
238010,1971-01-01,2010-01-01,Häggenås,FALSE,23,2380,238010
238011,1971-01-01,2014-01-01,Norderö,FALSE,23,2380,238011
240101,1952-01-01,1992-01-01,Norrfors kbfd,FALSE,24,2401,240101
240102,1952-01-01,1992-01-01,Nordmalings kbfd,FALSE,24,2401,240102
240102,1992-01-01,NA,Nordmaling,FALSE,24,2401,240102
240201,1967-01-01,1974-01-01,Hörnefors,FALSE,24,2402,248007
240301,1967-01-01,1974-01-01,Bjurholm,FALSE,24,2403,240301
240301,1983-01-01,NA,Bjurholm,FALSE,24,2403,240301
240401,1970-01-01,2006-01-01,Vindeln,FALSE,24,2404,240401
240401,2006-01-01,NA,Vindeln,FALSE,24,2404,240401
240402,1962-01-01,2006-01-01,Åmsele,FALSE,24,2404,240402
240501,1967-01-01,1971-01-01,Vännäs landskommuns kbfd,FALSE,24,2405,246002
240701,1952-01-01,1974-01-01,Sävars övre kbfd,FALSE,24,2407,248008
240702,1952-01-01,1974-01-01,Sävars nedre kbfd,FALSE,24,2407,248009
240801,1967-01-01,1974-01-01,Holmön,FALSE,24,2408,248010
240901,1952-01-01,1992-01-01,Bygdeå kbfd,FALSE,24,2409,240901
240901,1992-01-01,NA,Bygdeå,FALSE,24,2409,240901
240902,1952-01-01,1992-01-01,Överklintens kbfd,FALSE,24,2409,240902
240903,1952-01-01,2000-01-01,Robertsfors,FALSE,24,2409,240903
240904,1974-01-01,2002-01-01,Nysätra,FALSE,24,2409,240904
241001,1967-01-01,1974-01-01,Nysätra,FALSE,24,2410,240904
241101,1967-01-01,1974-01-01,Lövånger,FALSE,24,2411,248210
241201,1952-01-01,1974-01-01,Burträsk,FALSE,24,2412,248211
241202,1952-01-01,1974-01-01,Kalvträsk,FALSE,24,2412,248212
241701,1952-01-01,1992-01-01,Bastuträsks kbfd,FALSE,24,2417,241701
241702,1952-01-01,1992-01-01,Norsjö kbfd,FALSE,24,2417,241702
241702,1992-01-01,NA,Norsjö,FALSE,24,2417,241702
241703,1974-01-01,1983-01-01,Malå,FALSE,24,2417,241801
241801,1967-01-01,1974-01-01,Malå,FALSE,24,2418,241801
241801,1983-01-01,NA,Malå,FALSE,24,2418,241801
241901,1967-01-01,1971-01-01,Örträsk,FALSE,24,2419,248104
242001,1962-01-01,1971-01-01,"Lycksele, del",TRUE,24,2420,242001
242002,1962-01-01,1971-01-01,Björksele,FALSE,24,2420,248103
242101,1952-01-01,1989-01-01,Stensele kbfd,FALSE,24,2421,242101
242101,1989-01-01,NA,Stensele,FALSE,24,2421,242101
242102,1952-01-01,1989-01-01,Umnäs kbfd,FALSE,24,2421,242102
242103,1971-01-01,NA,Tärna,FALSE,24,2421,242103
242201,1962-01-01,2006-01-01,Sorsele,FALSE,24,2422,242201
242201,2006-01-01,NA,Sorsele,FALSE,24,2422,242201
242202,1962-01-01,2006-01-01,Gargnäs,FALSE,24,2422,242202
242301,1967-01-01,1971-01-01,Tärna,FALSE,24,2423,242103
242501,1952-01-01,1974-01-01,Dorotea,FALSE,24,2425,242501
242501,1980-01-01,NA,Dorotea,FALSE,24,2425,242501
242502,1952-01-01,1974-01-01,Risbäck,FALSE,24,2425,242502
242502,1980-01-01,2006-01-01,Risbäck,FALSE,24,2425,242502
242701,1967-01-01,1974-01-01,Fredrika,FALSE,24,2427,246304
246001,1967-01-01,1971-01-01,Vännäs Köpings kbfd,FALSE,24,2460,246001
246001,1971-01-01,NA,Vännäs fd Köpings kbfd,FALSE,24,2460,246001
246002,1971-01-01,1987-01-01,Vännäs fd landskommuns kbfd,FALSE,24,2460,246002
246003,1974-01-01,1983-01-01,Bjurholm,FALSE,24,2460,240301
246101,1967-01-01,1974-01-01,Holmsund,FALSE,24,2461,248006
246201,1965-01-01,1978-01-01,Vilhelmina kbfd,FALSE,24,2462,246201
246201,1978-01-01,NA,Vilhelmina kbfd,FALSE,24,2462,246201
246202,1965-01-01,1989-01-01,Dikanäs kbfd,FALSE,24,2462,246202
246203,1965-01-01,1978-01-01,Latikbergs kbfd,FALSE,24,2462,246203
246204,1965-01-01,1989-01-01,Saxnäs kbfd,FALSE,24,2462,246204
246301,1967-01-01,2010-01-01,Åsele,FALSE,24,2463,246301
246301,2010-01-01,NA,Åsele-Fredrika,FALSE,24,2463,246301
246302,1974-01-01,1980-01-01,Dorotea,FALSE,24,2463,242501
246303,1974-01-01,1980-01-01,Risbäck,FALSE,24,2463,242502
246304,1974-01-01,2010-01-01,Fredrika,FALSE,24,2463,246304
248001,1965-01-01,NA,Umeå stadsförs.,FALSE,24,2480,248001
248002,1965-01-01,NA,Umeå landsförs.,FALSE,24,2480,248002
248003,1965-01-01,NA,Tavelsjö,FALSE,24,2480,248003
248004,1965-01-01,NA,Teg,FALSE,24,2480,248004
248005,1971-01-01,NA,Ålidhem,FALSE,24,2480,248005
248006,1974-01-01,NA,Holmsund,FALSE,24,2480,248006
248007,1974-01-01,NA,Hörnefors,FALSE,24,2480,248007
248008,1974-01-01,1992-01-01,Sävars övre kbfd,FALSE,24,2480,248008
248009,1974-01-01,NA,Sävars nedre kbfd,FALSE,24,2480,248009
248010,1974-01-01,2007-01-01,Holmön,FALSE,24,2480,248010
248011,1998-01-01,NA,Umeå Maria,FALSE,24,2480,248011
248101,1967-01-01,1971-01-01,"Lycksele, del",TRUE,24,2481,248101
248101,1971-01-01,NA,Lycksele,FALSE,24,2481,248101
248103,1971-01-01,2006-01-01,Björksele,FALSE,24,2481,248103
248104,1971-01-01,2006-01-01,Örträsk,FALSE,24,2481,248104
248201,1961-01-01,NA,Skellefteå S:t Olov,FALSE,24,2482,248201
248202,1961-01-01,NA,Skellefteå S:t Örjan,FALSE,24,2482,248202
248203,1967-01-01,NA,Bureå,FALSE,24,2482,248203
248204,1967-01-01,NA,Skellefteå landsförs.,FALSE,24,2482,248204
248205,1967-01-01,2008-01-01,Boliden,FALSE,24,2482,248205
248205,2008-01-01,NA,Jörn-Boliden,FALSE,24,2482,248205
248206,1967-01-01,NA,Kågedalen,FALSE,24,2482,248206
248207,1967-01-01,2009-01-01,Byske,FALSE,24,2482,248207
248207,2009-01-01,NA,Byske-Fällfors,FALSE,24,2482,248207
248208,1967-01-01,2009-01-01,Fällfors,FALSE,24,2482,248208
248209,1967-01-01,2008-01-01,Jörn,FALSE,24,2482,248209
248210,1974-01-01,NA,Lövånger,FALSE,24,2482,248210
248211,1974-01-01,NA,Burträsk,FALSE,24,2482,248211
248212,1974-01-01,2006-01-01,Kalvträsk,FALSE,24,2482,248212
250501,1952-01-01,1992-01-01,Glommersträsks kbfd,FALSE,25,2505,250501
250502,1952-01-01,1992-01-01,Arvidsjaurs kbfd,FALSE,25,2505,250502
250502,1992-01-01,NA,Arvidsjaur,FALSE,25,2505,250502
250601,1952-01-01,1992-01-01,Södra Bergnäs kbfd,FALSE,25,2506,250601
250602,1952-01-01,1992-01-01,Arjeplogs kbfd,FALSE,25,2506,250602
250602,1992-01-01,NA,Arjeplog,FALSE,25,2506,250602
250901,1967-01-01,1971-01-01,Edefors,FALSE,25,2509,258203
251001,1952-01-01,1976-01-01,Puottaure kbfd,FALSE,25,2510,251001
251002,1952-01-01,1976-01-01,Jokkmokks kbfd,FALSE,25,2510,251002
251002,1976-01-01,NA,Jokkmokk,FALSE,25,2510,251002
251003,1962-01-01,1976-01-01,Kvikkjokks kbfd,FALSE,25,2510,251003
251004,1962-01-01,2006-01-01,Porjus,FALSE,25,2510,251004
251005,1962-01-01,2006-01-01,Vuollerim,FALSE,25,2510,251005
251301,1966-01-01,1979-01-01,Överkalix kbfd,FALSE,25,2513,251301
251301,1979-01-01,NA,Överkalix,FALSE,25,2513,251301
251302,1966-01-01,1979-01-01,Lansjärvs kbfd,FALSE,25,2513,251302
251401,1967-01-01,2018-01-01,Nederkalix,FALSE,25,2514,251401
251401,2018-01-01,NA,Kalix,FALSE,25,2514,251401
251402,1967-01-01,1992-01-01,Töre kbfd,FALSE,25,2514,251402
251402,1992-01-01,2018-01-01,Töre,FALSE,25,2514,251402
251403,1967-01-01,1992-01-01,Morjärvs kbfd,FALSE,25,2514,251403
251801,1962-01-01,2006-01-01,Övertorneå,FALSE,25,2518,251801
251801,2006-01-01,NA,Övertorneå,FALSE,25,2518,251801
251802,1962-01-01,2006-01-01,Svanstein,FALSE,25,2518,251802
251803,1969-01-01,2006-01-01,Hietaniemi,FALSE,25,2518,251803
251901,1967-01-01,1971-01-01,Korpilombolo,FALSE,25,2519,252104
252001,1967-01-01,1971-01-01,Tärendö,FALSE,25,2520,252105
252101,1952-01-01,1971-01-01,Pajala kbfd,FALSE,25,2521,252101
252101,1971-01-01,NA,Pajala,FALSE,25,2521,252101
252102,1952-01-01,1971-01-01,Kaunisvaara kbfd,FALSE,25,2521,252102
252103,1952-01-01,2006-01-01,Muonionalusta,FALSE,25,2521,252103
252104,1971-01-01,2010-01-01,Korpilombolo,FALSE,25,2521,252104
252105,1971-01-01,2008-01-01,Tärendö,FALSE,25,2521,252105
252106,1971-01-01,2006-01-01,Junosuando,FALSE,25,2521,252106
252201,1967-01-01,1971-01-01,Junosuando,FALSE,25,2522,252106
252301,1952-01-01,1992-01-01,Gällivare kbfd,FALSE,25,2523,252301
252301,1992-01-01,2022-01-01,Gällivare,FALSE,25,2523,252301
252302,1962-01-01,1973-01-01,Nattavaara kbfd,FALSE,25,2523,252302
252302,1973-01-01,1992-01-01,Nattavaara kbfd,FALSE,25,2523,252302
252303,1962-01-01,1973-01-01,Vitträsks kbfd,FALSE,25,2523,252303
252304,1962-01-01,2010-01-01,Hakkas,FALSE,25,2523,252304
252305,1962-01-01,2010-01-01,Nilivaara,FALSE,25,2523,252305
252306,1962-01-01,2022-01-01,Malmberget,FALSE,25,2523,252306
252401,1967-01-01,1971-01-01,Karesuando,FALSE,25,2524,258403
256002,1969-01-01,NA,Älvsby,FALSE,25,2560,256002
258001,1962-01-01,2011-01-01,Luleå domkyrkoförs.,FALSE,25,2580,258001
258002,1962-01-01,2011-01-01,Örnäset,FALSE,25,2580,258002
258002,2011-01-01,NA,Luleå domkyrkoförs.,FALSE,25,2580,258002
258003,1969-01-01,NA,Nederluleå,FALSE,25,2580,258003
258004,1969-01-01,NA,Råneå,FALSE,25,2580,258004
258101,1967-01-01,2010-01-01,Piteå stadsförs.,FALSE,25,2581,258101
258102,1967-01-01,NA,Hortlax,FALSE,25,2581,258102
258103,1967-01-01,1992-01-01,Piteå kbfd,FALSE,25,2581,258103
258103,1992-01-01,NA,Piteå landsförs.,FALSE,25,2581,258103
258104,1967-01-01,1992-01-01,Markbygdens kbfd,FALSE,25,2581,258104
258105,1967-01-01,NA,Norrfjärden,FALSE,25,2581,258105
258201,1967-01-01,NA,Överluleå,FALSE,25,2582,258201
258202,1967-01-01,NA,Gunnarsbyn,FALSE,25,2582,258202
258203,1971-01-01,NA,Edefors,FALSE,25,2582,258203
258204,1998-01-01,NA,Sävast,FALSE,25,2582,258204
258301,1967-01-01,1975-01-01,Haparanda kbfd,FALSE,25,2583,258301
258301,1975-01-01,NA,Haparanda kbfd,FALSE,25,2583,258301
258302,1967-01-01,1977-01-01,Seskarö kbfd,FALSE,25,2583,258302
258303,1967-01-01,1975-01-01,Nedertorneå kbfd,FALSE,25,2583,258303
258304,1967-01-01,2010-01-01,Karl Gustav,FALSE,25,2583,258304
258401,1952-01-01,NA,Jukkasjärvi,FALSE,25,2584,258401
258402,1952-01-01,NA,Vittangi,FALSE,25,2584,258402
258403,1971-01-01,NA,Karesuando,FALSE,25,2584,258403
