year,stift,kontrakt,pastorat,parish,is_mother,county_raw,page,url
1881,Upsala,NA,Upsala stad,Upsala stad,TRUE,NA,299,https://runeberg.org/statskal/1881/0299.html
1881,Upsala,NA,Hel,Hel,TRUE,NA,299,https://runeberg.org/statskal/1881/0299.html
1881,Upsala,Vaksala,Vaksala,Vaksala,TRUE,NA,299,https://runeberg.org/statskal/1881/0299.html
1881,Upsala,Vaksala,Danmark,Danmark,TRUE,NA,299,https://runeberg.org/statskal/1881/0299.html
1881,Upsala,Vaksala,Gamla Upsala,Gamla Upsala,TRUE,NA,299,https://runeberg.org/statskal/1881/0299.html
1881,Upsala,Vaksala,Fundbo,Fundbo,TRUE,NA,299,https://runeberg.org/statskal/1881/0299.html
1881,Upsala,Vaksala,Lägga,Lägga,TRUE,NA,299,https://runeberg.org/statskal/1881/0299.html
1881,Upsala,Vaksala,Easbo,Easbo,TRUE,NA,299,https://runeberg.org/statskal/1881/0299.html
1881,Upsala,Närdinghundra,Almunge,Almunge,TRUE,NA,299,https://runeberg.org/statskal/1881/0299.html
1881,Upsala,Närdinghundra,Knutby,Knutby,TRUE,NA,299,https://runeberg.org/statskal/1881/0299.html
1881,Upsala,Närdinghundra,Ununge,Ununge,TRUE,NA,299,https://runeberg.org/statskal/1881/0299.html
1881,Upsala,Närdinghundra,Edebo,Edebo,TRUE,NA,299,https://runeberg.org/statskal/1881/0299.html
1881,Upsala,Närdinghundra,Häfverö,Häfverö,TRUE,NA,299,https://runeberg.org/statskal/1881/0299.html
1881,Upsala,Olands och Frösåkers,Bör stil och Östhammars stad,Bör stil,TRUE,NA,299,https://runeberg.org/statskal/1881/0299.html
1881,Upsala,Olands och Frösåkers,Bör stil och Östhammars stad,Östhammars stad,FALSE,NA,299,https://runeberg.org/statskal/1881/0299.html
1881,Upsala,Olands och Frösåkers,Alunda,Alunda,TRUE,NA,299,https://runeberg.org/statskal/1881/0299.html
1881,Upsala,Olands och Frösåkers,Tuna,Tuna,TRUE,NA,299,https://runeberg.org/statskal/1881/0299.html
1881,Upsala,Olands och Frösåkers,Öregrund,Öregrund,TRUE,NA,299,https://runeberg.org/statskal/1881/0299.html
1881,Upsala,Olands och Frösåkers,Harg,Harg,TRUE,NA,299,https://runeberg.org/statskal/1881/0299.html
1881,Upsala,Olands och Frösåkers,Forsmark,Forsmark,TRUE,NA,299,https://runeberg.org/statskal/1881/0299.html
1881,Upsala,Olands och Frösåkers,Hökhufvud,Hökhufvud,TRUE,NA,299,https://runeberg.org/statskal/1881/0299.html
1881,Upsala,Olands och Frösåkers,Valö,Valö,TRUE,NA,299,https://runeberg.org/statskal/1881/0299.html
1881,Upsala,Olands och Frösåkers,Ekeby,Ekeby,TRUE,NA,299,https://runeberg.org/statskal/1881/0299.html
1881,Upsala,Lyhundra,Väddö,Väddö,TRUE,NA,299,https://runeberg.org/statskal/1881/0299.html
1881,Upsala,Lyhundra,Estuna,Estuna,TRUE,NA,299,https://runeberg.org/statskal/1881/0299.html
1881,Upsala,Lyhundra,Söderby-Karls,Söderby-Karls,TRUE,NA,299,https://runeberg.org/statskal/1881/0299.html
1881,Upsala,Lyhundra,Vätö,Vätö,TRUE,NA,299,https://runeberg.org/statskal/1881/0299.html
1881,Upsala,Lyhundra,Bro,Bro,TRUE,NA,299,https://runeberg.org/statskal/1881/0299.html
1881,Upsala,Sjuhundra,Rimbo,Rimbo,TRUE,NA,299,https://runeberg.org/statskal/1881/0299.html
1881,Upsala,Sjuhundra,Frötuna,Frötuna,TRUE,NA,299,https://runeberg.org/statskal/1881/0299.html
1881,Upsala,Sjuhundra,Rådmansö,Rådmansö,TRUE,NA,299,https://runeberg.org/statskal/1881/0299.html
1881,Upsala,Sjuhundra,Norrtelge stad,Norrtelge stad,TRUE,NA,299,https://runeberg.org/statskal/1881/0299.html
1881,Upsala,Sjuhundra,Fästerna,Fästerna,TRUE,NA,300,https://runeberg.org/statskal/1881/0300.html
1881,Upsala,Sjuhundra,Biala,Biala,TRUE,NA,300,https://runeberg.org/statskal/1881/0300.html
1881,Upsala,Sjuhundra,Ljusterö,Ljusterö,TRUE,NA,300,https://runeberg.org/statskal/1881/0300.html
1881,Upsala,Hagunda,Hagby,Hagby,TRUE,NA,300,https://runeberg.org/statskal/1881/0300.html
1881,Upsala,Hagunda,Vester-Åker,Vester-Åker,TRUE,NA,300,https://runeberg.org/statskal/1881/0300.html
1881,Upsala,Hagunda,Tibble,Tibble,TRUE,NA,300,https://runeberg.org/statskal/1881/0300.html
1881,Upsala,Hagunda,Järlåsa,Järlåsa,TRUE,NA,300,https://runeberg.org/statskal/1881/0300.html
1881,Upsala,Lagunda,Giresta,Giresta,TRUE,NA,300,https://runeberg.org/statskal/1881/0300.html
1881,Upsala,Lagunda,Långtora,Långtora,TRUE,NA,300,https://runeberg.org/statskal/1881/0300.html
1881,Upsala,Lagunda,Hjelstaholm,Hjelstaholm,TRUE,NA,300,https://runeberg.org/statskal/1881/0300.html
1881,Upsala,Fjerdhundra Södra,Norrby,Norrby,TRUE,NA,300,https://runeberg.org/statskal/1881/0300.html
1881,Upsala,Fjerdhundra Södra,Simtuna,Simtuna,TRUE,NA,300,https://runeberg.org/statskal/1881/0300.html
1881,Upsala,Fjerdhundra Södra,Frösthult,Frösthult,TRUE,NA,300,https://runeberg.org/statskal/1881/0300.html
1881,Upsala,Fjerdhundra Södra,Tärna,Tärna,TRUE,NA,300,https://runeberg.org/statskal/1881/0300.html
1881,Upsala,Fjerdhundra Södra,Torstuna,Torstuna,TRUE,NA,300,https://runeberg.org/statskal/1881/0300.html
1881,Upsala,Fjerdhundra Södra,Vester-Löfsta,Vester-Löfsta,TRUE,NA,300,https://runeberg.org/statskal/1881/0300.html
1881,Upsala,Trögds,Veckholm,Veckholm,TRUE,NA,300,https://runeberg.org/statskal/1881/0300.html
1881,Upsala,Trögds,Litslena,Litslena,TRUE,NA,300,https://runeberg.org/statskal/1881/0300.html
1881,Upsala,Trögds,Hacksta,Hacksta,TRUE,NA,300,https://runeberg.org/statskal/1881/0300.html
1881,Upsala,Trögds,Lillkyrka,Lillkyrka,TRUE,NA,300,https://runeberg.org/statskal/1881/0300.html
1881,Upsala,Trögds,Husby-Sjutolft,Husby-Sjutolft,TRUE,NA,300,https://runeberg.org/statskal/1881/0300.html
1881,Upsala,Trögds,Vallby,Vallby,TRUE,NA,300,https://runeberg.org/statskal/1881/0300.html
1881,Upsala,Trögds,Villberga,Villberga,TRUE,NA,300,https://runeberg.org/statskal/1881/0300.html
1881,Upsala,Asunda,Enköping,Enköping,TRUE,NA,300,https://runeberg.org/statskal/1881/0300.html
1881,Upsala,Asunda,Tillinge,Tillinge,TRUE,NA,300,https://runeberg.org/statskal/1881/0300.html
1881,Upsala,Asunda,Sparrsätra,Sparrsätra,TRUE,NA,300,https://runeberg.org/statskal/1881/0300.html
1881,Upsala,Erlinghundra,Odensala,Odensala,TRUE,NA,300,https://runeberg.org/statskal/1881/0300.html
1881,Upsala,Erlinghundra,Vassunda,Vassunda,TRUE,NA,300,https://runeberg.org/statskal/1881/0300.html
1881,Upsala,Erlinghundra,Sigtuna,Sigtuna,TRUE,NA,300,https://runeberg.org/statskal/1881/0300.html
1881,Upsala,Erlinghundra,Alsike,Alsike,TRUE,NA,300,https://runeberg.org/statskal/1881/0300.html
1881,Upsala,Seminghundra,Närtuna,Närtuna,TRUE,NA,300,https://runeberg.org/statskal/1881/0300.html
1881,Upsala,Seminghundra,Vidbo,Vidbo,TRUE,NA,300,https://runeberg.org/statskal/1881/0300.html
1881,Upsala,Seminghundra,Frösunda,Frösunda,TRUE,NA,300,https://runeberg.org/statskal/1881/0300.html
1881,Upsala,Seminghundra,Skepptuna,Skepptuna,TRUE,NA,300,https://runeberg.org/statskal/1881/0300.html
1881,Upsala,Seminghundra,Markim,Markim,TRUE,NA,300,https://runeberg.org/statskal/1881/0300.html
1881,Upsala,Håbo,Öfver-Gran,Öfver-Gran,TRUE,NA,300,https://runeberg.org/statskal/1881/0300.html
1881,Upsala,Håbo,Kalmar,Kalmar,TRUE,NA,300,https://runeberg.org/statskal/1881/0300.html
1881,Upsala,Håbo,Vestra Ryd,Vestra Ryd,TRUE,NA,300,https://runeberg.org/statskal/1881/0300.html
1881,Upsala,Håbo,Bro,Bro,TRUE,NA,300,https://runeberg.org/statskal/1881/0300.html
1881,Upsala,Håbo,Häggeby,Häggeby,TRUE,NA,300,https://runeberg.org/statskal/1881/0300.html
1881,Upsala,Håbo,Håtuna,Håtuna,TRUE,NA,300,https://runeberg.org/statskal/1881/0300.html
1881,Upsala,Håbo,Skokloster,Skokloster,TRUE,NA,300,https://runeberg.org/statskal/1881/0300.html
1881,Upsala,Roslags Vestra,Vallentuna,Vallentuna,TRUE,NA,300,https://runeberg.org/statskal/1881/0300.html
1881,Upsala,Roslags Vestra,Bromma,Bromma,TRUE,NA,300,https://runeberg.org/statskal/1881/0300.html
1881,Upsala,Roslags Vestra,Spånga,Spånga,TRUE,NA,300,https://runeberg.org/statskal/1881/0300.html
1881,Upsala,Roslags Vestra,Fresta,Fresta,TRUE,NA,300,https://runeberg.org/statskal/1881/0300.html
1881,Upsala,Roslags Vestra,Vada,Vada,TRUE,NA,301,https://runeberg.org/statskal/1881/0301.html
1881,Upsala,Roslags Vestra,Össeby-Garn,Össeby-Garn,TRUE,NA,301,https://runeberg.org/statskal/1881/0301.html
1881,Upsala,Svartsjö,Färentuna,Färentuna,TRUE,NA,301,https://runeberg.org/statskal/1881/0301.html
1881,Upsala,Svartsjö,Ekerö,Ekerö,TRUE,NA,301,https://runeberg.org/statskal/1881/0301.html
1881,Upsala,Svartsjö,Sånga,Sånga,TRUE,NA,301,https://runeberg.org/statskal/1881/0301.html
1881,Upsala,Svartsjö,Adelsö,Adelsö,TRUE,NA,301,https://runeberg.org/statskal/1881/0301.html
1881,Upsala,Svartsjö,Lofö,Lofö,TRUE,NA,301,https://runeberg.org/statskal/1881/0301.html
1881,Upsala,Svartsjö,Munsö,Munsö,TRUE,NA,301,https://runeberg.org/statskal/1881/0301.html
1881,Upsala,Boslags Östra,Täby,Täby,TRUE,NA,301,https://runeberg.org/statskal/1881/0301.html
1881,Upsala,Boslags Östra,Banderyd,Banderyd,TRUE,NA,301,https://runeberg.org/statskal/1881/0301.html
1881,Upsala,Boslags Östra,Villberga,Villberga,TRUE,NA,301,https://runeberg.org/statskal/1881/0301.html
1881,Upsala,Boslags Östra,Östra Ryd,Östra Ryd,TRUE,NA,301,https://runeberg.org/statskal/1881/0301.html
1881,Upsala,Boslags Östra,Öster- Aker,Öster- Aker,TRUE,NA,301,https://runeberg.org/statskal/1881/0301.html
1881,Upsala,Boslags Östra,Vaxholm,Vaxholm,TRUE,NA,301,https://runeberg.org/statskal/1881/0301.html
1881,Upsala,Boslags Östra,Solna,Solna,TRUE,NA,301,https://runeberg.org/statskal/1881/0301.html
1881,Upsala,Boslags Östra,Vermdö,Vermdö,TRUE,NA,301,https://runeberg.org/statskal/1881/0301.html
1881,Upsala,Ulleråkers,Bälinge,Bälinge,TRUE,NA,301,https://runeberg.org/statskal/1881/0301.html
1881,Upsala,Ulleråkers,Börje,Börje,TRUE,NA,301,https://runeberg.org/statskal/1881/0301.html
1881,Upsala,Ulleråkers,Vänge,Vänge,TRUE,NA,301,https://runeberg.org/statskal/1881/0301.html
1881,Upsala,Ulleråkers,Åkerby,Åkerby,TRUE,NA,301,https://runeberg.org/statskal/1881/0301.html
1881,Upsala,Ulleråkers,Skuttunge,Skuttunge,TRUE,NA,301,https://runeberg.org/statskal/1881/0301.html
1881,Upsala,Norunda,Tensta,Tensta,TRUE,NA,301,https://runeberg.org/statskal/1881/0301.html
1881,Upsala,Norunda,Björklinge,Björklinge,TRUE,NA,301,https://runeberg.org/statskal/1881/0301.html
1881,Upsala,Norunda,Lena,Lena,TRUE,NA,301,https://runeberg.org/statskal/1881/0301.html
1881,Upsala,Norunda,Viksta,Viksta,TRUE,NA,301,https://runeberg.org/statskal/1881/0301.html
1881,Upsala,Örbyhus,Tierp,Tierp,TRUE,NA,301,https://runeberg.org/statskal/1881/0301.html
1881,Upsala,Örbyhus,Öster-Löfsta,Öster-Löfsta,TRUE,NA,301,https://runeberg.org/statskal/1881/0301.html
1881,Upsala,Örbyhus,Elfkarleby,Elfkarleby,TRUE,NA,301,https://runeberg.org/statskal/1881/0301.html
1881,Upsala,Örbyhus,Vessland tadr,Vessland tadr,TRUE,NA,301,https://runeberg.org/statskal/1881/0301.html
1881,Upsala,Örbyhus,Tegelsmora,Tegelsmora,TRUE,NA,301,https://runeberg.org/statskal/1881/0301.html
1881,Upsala,Örbyhus,Dannemora,Dannemora,TRUE,NA,301,https://runeberg.org/statskal/1881/0301.html
1881,Upsala,Örbyhus,Hållnas,Hållnas,TRUE,NA,301,https://runeberg.org/statskal/1881/0301.html
1881,Upsala,Örbyhus,Vendel,Vendel,TRUE,NA,301,https://runeberg.org/statskal/1881/0301.html
1881,Upsala,Örbyhus,Söderfors,Söderfors,TRUE,NA,301,https://runeberg.org/statskal/1881/0301.html
1881,Upsala,Fjerdhundra Norra,Öster-Våla,Öster-Våla,TRUE,NA,301,https://runeberg.org/statskal/1881/0301.html
1881,Upsala,Fjerdhundra Norra,Nora,Nora,TRUE,NA,301,https://runeberg.org/statskal/1881/0301.html
1881,Upsala,Fjerdhundra Norra,Harbo,Harbo,TRUE,NA,301,https://runeberg.org/statskal/1881/0301.html
1881,Upsala,Fjerdhundra Norra,Huddunge,Huddunge,TRUE,NA,301,https://runeberg.org/statskal/1881/0301.html
1881,Upsala,Gefle,Gefle,Gefle,TRUE,NA,301,https://runeberg.org/statskal/1881/0301.html
1881,Upsala,Gefle,Valbo,Valbo,TRUE,NA,301,https://runeberg.org/statskal/1881/0301.html
1881,Upsala,Gestriklands,Ockelbo [Ugglebo'],Ockelbo,TRUE,NA,301,https://runeberg.org/statskal/1881/0301.html
1881,Upsala,Gestriklands,Hedesunda,Hedesunda,TRUE,NA,301,https://runeberg.org/statskal/1881/0301.html
1881,Upsala,Gestriklands,Öster-Färnebo,Öster-Färnebo,TRUE,NA,301,https://runeberg.org/statskal/1881/0301.html
1881,Upsala,Gestriklands,Arsunda,Arsunda,TRUE,NA,301,https://runeberg.org/statskal/1881/0301.html
1881,Upsala,Gestriklands,Torsåker,Torsåker,TRUE,NA,301,https://runeberg.org/statskal/1881/0301.html
1881,Upsala,Gestriklands,Ofvansjö,Ofvansjö,TRUE,NA,301,https://runeberg.org/statskal/1881/0301.html
1881,Upsala,Gestriklands,Järbo,Järbo,TRUE,NA,302,https://runeberg.org/statskal/1881/0302.html
1881,Upsala,Gestriklands,Hamrånge,Hamrånge,TRUE,NA,302,https://runeberg.org/statskal/1881/0302.html
1881,Upsala,Helsinglands Östra,Mo,Mo,TRUE,NA,302,https://runeberg.org/statskal/1881/0302.html
1881,Upsala,Helsinglands Östra,Söderala,Söderala,TRUE,NA,302,https://runeberg.org/statskal/1881/0302.html
1881,Upsala,Helsinglands Östra,Segerstad,Segerstad,TRUE,NA,302,https://runeberg.org/statskal/1881/0302.html
1881,Upsala,Helsinglands Östra,Söderhamn,Söderhamn,TRUE,NA,302,https://runeberg.org/statskal/1881/0302.html
1881,Upsala,Helsinglands Östra,Norrala,Norrala,TRUE,NA,302,https://runeberg.org/statskal/1881/0302.html
1881,Upsala,Helsinglands Östra,Skog,Skog,TRUE,NA,302,https://runeberg.org/statskal/1881/0302.html
1881,Upsala,Helsinglands Vestra Nedre,Bollnäs,Bollnäs,TRUE,NA,302,https://runeberg.org/statskal/1881/0302.html
1881,Upsala,Helsinglands Vestra Nedre,Alfta,Alfta,TRUE,NA,302,https://runeberg.org/statskal/1881/0302.html
1881,Upsala,Helsinglands Vestra Nedre,Arbrå,Arbrå,TRUE,NA,302,https://runeberg.org/statskal/1881/0302.html
1881,Upsala,Helsinglands Vestra Nedre,Ekeby,Ekeby,TRUE,NA,302,https://runeberg.org/statskal/1881/0302.html
1881,Upsala,Helsinglands Vestra Nedre,Ofvanåker,Ofvanåker,TRUE,NA,302,https://runeberg.org/statskal/1881/0302.html
1881,Upsala,Helsinglands Vestra Nedre,Voxna,Voxna,TRUE,NA,302,https://runeberg.org/statskal/1881/0302.html
1881,Upsala,Helsinglands Vestra Öfre,Jerfsö,Jerfsö,TRUE,NA,302,https://runeberg.org/statskal/1881/0302.html
1881,Upsala,Helsinglands Vestra Öfre,Tierp,Tierp,TRUE,NA,302,https://runeberg.org/statskal/1881/0302.html
1881,Upsala,Helsinglands Vestra Öfre,Ljusdal,Ljusdal,TRUE,NA,302,https://runeberg.org/statskal/1881/0302.html
1881,Upsala,Helsinglands Vestra Öfre,Ramsjö,Ramsjö,TRUE,NA,302,https://runeberg.org/statskal/1881/0302.html
1881,Upsala,Helsinglands Vestra Öfre,Färila,Färila,TRUE,NA,302,https://runeberg.org/statskal/1881/0302.html
1881,Upsala,Helsinglands Vestra Öfre,Los,Los,TRUE,NA,302,https://runeberg.org/statskal/1881/0302.html
1881,Upsala,Helsinglands Norra,Hudiksvall,Hudiksvall,TRUE,NA,302,https://runeberg.org/statskal/1881/0302.html
1881,Upsala,Helsinglands Norra,Delsbo,Delsbo,TRUE,NA,302,https://runeberg.org/statskal/1881/0302.html
1881,Upsala,Helsinglands Norra,Forsa,Forsa,TRUE,NA,302,https://runeberg.org/statskal/1881/0302.html
1881,Upsala,Helsinglands Norra,Enånger,Enånger,TRUE,NA,302,https://runeberg.org/statskal/1881/0302.html
1881,Upsala,Helsinglands Norra,Harmånger,Harmånger,TRUE,NA,302,https://runeberg.org/statskal/1881/0302.html
1881,Upsala,Helsinglands Norra,Tuna,Tuna,TRUE,NA,302,https://runeberg.org/statskal/1881/0302.html
1881,Upsala,Helsinglands Norra,Bergsjö,Bergsjö,TRUE,NA,302,https://runeberg.org/statskal/1881/0302.html
1881,Upsala,Helsinglands Norra,Hassela,Hassela,TRUE,NA,302,https://runeberg.org/statskal/1881/0302.html
1881,Upsala,Helsinglands Norra,Norrbo,Norrbo,TRUE,NA,302,https://runeberg.org/statskal/1881/0302.html
1881,Upsala,Helsinglands Norra,Rogsta,Rogsta,TRUE,NA,302,https://runeberg.org/statskal/1881/0302.html
1881,Upsala,Helsinglands Norra,Ljusdal,Ljusdal,TRUE,NA,302,https://runeberg.org/statskal/1881/0302.html
1881,Upsala,Helsinglands Norra,Gnarp,Gnarp,TRUE,NA,302,https://runeberg.org/statskal/1881/0302.html
1881,Upsala,Helsinglands Norra,Ulrika Eleonora eller Svenska Församlingen i London,Ulrika Eleonora eller Svenska Församlingen i London,TRUE,NA,302,https://runeberg.org/statskal/1881/0302.html
1881,Linköpings,Domprosteriet,Linköpings stad och S:t Lars,Linköpings stad,TRUE,NA,302,https://runeberg.org/statskal/1881/0302.html
1881,Linköpings,Domprosteriet,Linköpings stad och S:t Lars,S:t Lars,FALSE,NA,302,https://runeberg.org/statskal/1881/0302.html
1881,Linköpings,Domprosteriet,Kärna,Kärna,TRUE,NA,302,https://runeberg.org/statskal/1881/0302.html
1881,Linköpings,Domprosteriet,Slaka,Slaka,TRUE,NA,302,https://runeberg.org/statskal/1881/0302.html
1881,Linköpings,Domprosteriet,Skeda,Skeda,TRUE,NA,302,https://runeberg.org/statskal/1881/0302.html
1881,Linköpings,Domprosteriet,Landeryd,Landeryd,TRUE,NA,302,https://runeberg.org/statskal/1881/0302.html
1881,Linköpings,Domprosteriet,Vist,Vist,TRUE,NA,302,https://runeberg.org/statskal/1881/0302.html
1881,Linköpings,Domprosteriet,Törnevalla,Törnevalla,TRUE,NA,302,https://runeberg.org/statskal/1881/0302.html
1881,Linköpings,Domprosteriet,Östra Harg,Östra Harg,TRUE,NA,302,https://runeberg.org/statskal/1881/0302.html
1881,Linköpings,Domprosteriet,By stad,By stad,TRUE,NA,302,https://runeberg.org/statskal/1881/0302.html
1881,Linköpings,Domprosteriet,Östra Skrukeby,Östra Skrukeby,TRUE,NA,302,https://runeberg.org/statskal/1881/0302.html
1881,Linköpings,Gullbergs och Bobergs,Vreta Kloster,Vreta Kloster,TRUE,NA,302,https://runeberg.org/statskal/1881/0302.html
1881,Linköpings,Gullbergs och Bobergs,Vesterlösa,Vesterlösa,TRUE,NA,302,https://runeberg.org/statskal/1881/0302.html
1881,Linköpings,Gullbergs och Bobergs,Ljung,Ljung,TRUE,NA,303,https://runeberg.org/statskal/1881/0303.html
1881,Linköpings,Gullbergs och Bobergs,Björkeberg,Björkeberg,TRUE,NA,303,https://runeberg.org/statskal/1881/0303.html
1881,Linköpings,Gullbergs och Bobergs,Fornåsa,Fornåsa,TRUE,NA,303,https://runeberg.org/statskal/1881/0303.html
1881,Linköpings,Gullbergs och Bobergs,Skeppsås,Skeppsås,TRUE,NA,303,https://runeberg.org/statskal/1881/0303.html
1881,Linköpings,Gullbergs och Bobergs,Klockrike,Klockrike,TRUE,NA,303,https://runeberg.org/statskal/1881/0303.html
1881,Linköpings,Gullbergs och Bobergs,Kristberg,Kristberg,TRUE,NA,303,https://runeberg.org/statskal/1881/0303.html
1881,Linköpings,Gullbergs och Bobergs,Våller stad,Våller stad,TRUE,NA,303,https://runeberg.org/statskal/1881/0303.html
1881,Linköpings,Aska,Ekebyborna,Ekebyborna,TRUE,NA,303,https://runeberg.org/statskal/1881/0303.html
1881,Linköpings,Aska,Motala,Motala,TRUE,NA,303,https://runeberg.org/statskal/1881/0303.html
1881,Linköpings,Aska,Vestra Stenby,Vestra Stenby,TRUE,NA,303,https://runeberg.org/statskal/1881/0303.html
1881,Linköpings,Aska,Hagebyhöga,Hagebyhöga,TRUE,NA,303,https://runeberg.org/statskal/1881/0303.html
1881,Linköpings,Aska,Vestra Ny,Vestra Ny,TRUE,NA,303,https://runeberg.org/statskal/1881/0303.html
1881,Linköpings,Aska,Hvarf,Hvarf,TRUE,NA,303,https://runeberg.org/statskal/1881/0303.html
1881,Linköpings,Dals,Vadstena,Vadstena,TRUE,NA,303,https://runeberg.org/statskal/1881/0303.html
1881,Linköpings,Dals,Herrestad,Herrestad,TRUE,NA,303,https://runeberg.org/statskal/1881/0303.html
1881,Linköpings,Dals,Bogslösa,Bogslösa,TRUE,NA,303,https://runeberg.org/statskal/1881/0303.html
1881,Linköpings,Dals,Örberga,Örberga,TRUE,NA,303,https://runeberg.org/statskal/1881/0303.html
1881,Linköpings,Bankekinds,Atvid,Atvid,TRUE,NA,303,https://runeberg.org/statskal/1881/0303.html
1881,Linköpings,Bankekinds,Grebo,Grebo,TRUE,NA,303,https://runeberg.org/statskal/1881/0303.html
1881,Linköpings,Bankekinds,Svinstad,Svinstad,TRUE,NA,303,https://runeberg.org/statskal/1881/0303.html
1881,Linköpings,Bankekinds,Vårdsberg,Vårdsberg,TRUE,NA,303,https://runeberg.org/statskal/1881/0303.html
1881,Linköpings,Bankekinds,Askeby,Askeby,TRUE,NA,303,https://runeberg.org/statskal/1881/0303.html
1881,Linköpings,Bankekinds,Örtomta,Örtomta,TRUE,NA,303,https://runeberg.org/statskal/1881/0303.html
1881,Linköpings,Skärkinds,B jör såter,B jör såter,TRUE,NA,303,https://runeberg.org/statskal/1881/0303.html
1881,Linköpings,Skärkinds,Skärkind,Skärkind,TRUE,NA,303,https://runeberg.org/statskal/1881/0303.html
1881,Linköpings,Skärkinds,Gistad,Gistad,TRUE,NA,303,https://runeberg.org/statskal/1881/0303.html
1881,Linköpings,"Norrköpings eller Lösings, Bråbo och Memmings",Norrköpings Hedvig,Norrköpings Hedvig,TRUE,NA,303,https://runeberg.org/statskal/1881/0303.html
1881,Linköpings,"Norrköpings eller Lösings, Bråbo och Memmings",S:t Johannes,S:t Johannes,TRUE,NA,303,https://runeberg.org/statskal/1881/0303.html
1881,Linköpings,"Norrköpings eller Lösings, Bråbo och Memmings",Bagsberg,Bagsberg,TRUE,NA,303,https://runeberg.org/statskal/1881/0303.html
1881,Linköpings,"Norrköpings eller Lösings, Bråbo och Memmings",Qvillinge,Qvillinge,TRUE,NA,303,https://runeberg.org/statskal/1881/0303.html
1881,Linköpings,"Norrköpings eller Lösings, Bråbo och Memmings",Kimstad,Kimstad,TRUE,NA,303,https://runeberg.org/statskal/1881/0303.html
1881,Linköpings,"Norrköpings eller Lösings, Bråbo och Memmings",Kullerstad,Kullerstad,TRUE,NA,303,https://runeberg.org/statskal/1881/0303.html
1881,Linköpings,"Norrköpings eller Lösings, Bråbo och Memmings",Borg och Löt,Borg,TRUE,NA,303,https://runeberg.org/statskal/1881/0303.html
1881,Linköpings,"Norrköpings eller Lösings, Bråbo och Memmings",Borg och Löt,Löt,FALSE,NA,303,https://runeberg.org/statskal/1881/0303.html
1881,Linköpings,"Norrköpings eller Lösings, Bråbo och Memmings",Östra Stenby,Östra Stenby,TRUE,NA,303,https://runeberg.org/statskal/1881/0303.html
1881,Linköpings,"Norrköpings eller Lösings, Bråbo och Memmings",Jonsberg,Jonsberg,TRUE,NA,303,https://runeberg.org/statskal/1881/0303.html
1881,Linköpings,"Norrköpings eller Lösings, Bråbo och Memmings",Östra Ny,Östra Ny,TRUE,NA,303,https://runeberg.org/statskal/1881/0303.html
1881,Linköpings,"Norrköpings eller Lösings, Bråbo och Memmings",Kuddby,Kuddby,TRUE,NA,303,https://runeberg.org/statskal/1881/0303.html
1881,Linköpings,"Norrköpings eller Lösings, Bråbo och Memmings",Tåby,Tåby,TRUE,NA,303,https://runeberg.org/statskal/1881/0303.html
1881,Linköpings,"Norrköpings eller Lösings, Bråbo och Memmings",Konungsund,Konungsund,TRUE,NA,303,https://runeberg.org/statskal/1881/0303.html
1881,Linköpings,Hammarkinds,Söderköping,Söderköping,TRUE,NA,303,https://runeberg.org/statskal/1881/0303.html
1881,Linköpings,Hammarkinds,Mogata,Mogata,TRUE,NA,303,https://runeberg.org/statskal/1881/0303.html
1881,Linköpings,Hammarkinds,Skällvik,Skällvik,TRUE,NA,303,https://runeberg.org/statskal/1881/0303.html
1881,Linköpings,Hammarkinds,Gryt,Gryt,TRUE,NA,303,https://runeberg.org/statskal/1881/0303.html
1881,Linköpings,Hammarkinds,Bingaritm,Bingaritm,TRUE,NA,304,https://runeberg.org/statskal/1881/0304.html
1881,Linköpings,Hammarkinds,Vestra Husby,Vestra Husby,TRUE,NA,304,https://runeberg.org/statskal/1881/0304.html
1881,Linköpings,Bergslags,Bisinge,Bisinge,TRUE,NA,304,https://runeberg.org/statskal/1881/0304.html
1881,Linköpings,Bergslags,Vånga,Vånga,TRUE,NA,304,https://runeberg.org/statskal/1881/0304.html
1881,Linköpings,Bergslags,Hällestad,Hällestad,TRUE,NA,304,https://runeberg.org/statskal/1881/0304.html
1881,Linköpings,Bergslags,Skedevi,Skedevi,TRUE,NA,304,https://runeberg.org/statskal/1881/0304.html
1881,Linköpings,Bergslags,Begna,Begna,TRUE,NA,304,https://runeberg.org/statskal/1881/0304.html
1881,Linköpings,Bergslags,Tjelhno,Tjelhno,TRUE,NA,304,https://runeberg.org/statskal/1881/0304.html
1881,Linköpings,Norra Tjusts,Lof ta,Lof ta,TRUE,NA,304,https://runeberg.org/statskal/1881/0304.html
1881,Linköpings,Norra Tjusts,Loftahammar,Loftahammar,TRUE,NA,304,https://runeberg.org/statskal/1881/0304.html
1881,Linköpings,Norra Tjusts,Ed,Ed,TRUE,NA,304,https://runeberg.org/statskal/1881/0304.html
1881,Linköpings,Norra Tjusts,Gärdserum,Gärdserum,TRUE,NA,304,https://runeberg.org/statskal/1881/0304.html
1881,Linköpings,Norra Tjusts,JJkna,JJkna,TRUE,NA,304,https://runeberg.org/statskal/1881/0304.html
1881,Linköpings,Norra Tjusts,Dalhem,Dalhem,TRUE,NA,304,https://runeberg.org/statskal/1881/0304.html
1881,Linköpings,Norra Tjusts,Tryserum,Tryserum,TRUE,NA,304,https://runeberg.org/statskal/1881/0304.html
1881,Linköpings,Södra Tjusts,Vestervik,Vestervik,TRUE,NA,304,https://runeberg.org/statskal/1881/0304.html
1881,Linköpings,Södra Tjusts,Odensvi,Odensvi,TRUE,NA,304,https://runeberg.org/statskal/1881/0304.html
1881,Linköpings,Södra Tjusts,Hjorted,Hjorted,TRUE,NA,304,https://runeberg.org/statskal/1881/0304.html
1881,Linköpings,Södra Tjusts,Locknevi,Locknevi,TRUE,NA,304,https://runeberg.org/statskal/1881/0304.html
1881,Linköpings,Södra Tjusts,Hallingeberg,Hallingeberg,TRUE,NA,304,https://runeberg.org/statskal/1881/0304.html
1881,Linköpings,Södra Tjusts,Gladhammar,Gladhammar,TRUE,NA,304,https://runeberg.org/statskal/1881/0304.html
1881,Linköpings,Tunaläns och Sevede,Vimmerby,Vimmerby,TRUE,NA,304,https://runeberg.org/statskal/1881/0304.html
1881,Linköpings,Tunaläns och Sevede,Södra Vi,Södra Vi,TRUE,NA,304,https://runeberg.org/statskal/1881/0304.html
1881,Linköpings,Tunaläns och Sevede,Frödinge,Frödinge,TRUE,NA,304,https://runeberg.org/statskal/1881/0304.html
1881,Linköpings,Tunaläns och Sevede,Hvena,Hvena,TRUE,NA,304,https://runeberg.org/statskal/1881/0304.html
1881,Linköpings,Tunaläns och Sevede,Bumskulla,Bumskulla,TRUE,NA,304,https://runeberg.org/statskal/1881/0304.html
1881,Linköpings,Tunaläns och Sevede,Misterhult,Misterhult,TRUE,NA,304,https://runeberg.org/statskal/1881/0304.html
1881,Linköpings,Tunaläns och Sevede,Tuna,Tuna,TRUE,NA,304,https://runeberg.org/statskal/1881/0304.html
1881,Linköpings,Aspelands,Virserum,Virserum,TRUE,NA,304,https://runeberg.org/statskal/1881/0304.html
1881,Linköpings,Aspelands,Målilla,Målilla,TRUE,NA,304,https://runeberg.org/statskal/1881/0304.html
1881,Linköpings,Aspelands,Lönnberga,Lönnberga,TRUE,NA,304,https://runeberg.org/statskal/1881/0304.html
1881,Linköpings,Kinds,Kettilstad,Kettilstad,TRUE,NA,304,https://runeberg.org/statskal/1881/0304.html
1881,Linköpings,Kinds,Horn,Horn,TRUE,NA,304,https://runeberg.org/statskal/1881/0304.html
1881,Linköpings,Kinds,Vårdnäs,Vårdnäs,TRUE,NA,304,https://runeberg.org/statskal/1881/0304.html
1881,Linköpings,Kinds,Vestra Eneby,Vestra Eneby,TRUE,NA,304,https://runeberg.org/statskal/1881/0304.html
1881,Linköpings,Kinds,Hägerstad,Hägerstad,TRUE,NA,304,https://runeberg.org/statskal/1881/0304.html
1881,Linköpings,Ydre,Vestra Byd,Vestra Byd,TRUE,NA,304,https://runeberg.org/statskal/1881/0304.html
1881,Linköpings,Ydre,Asby,Asby,TRUE,NA,304,https://runeberg.org/statskal/1881/0304.html
1881,Linköpings,Ydre,Sund,Sund,TRUE,NA,304,https://runeberg.org/statskal/1881/0304.html
1881,Linköpings,Ydre,Torpa,Torpa,TRUE,NA,304,https://runeberg.org/statskal/1881/0304.html
1881,Linköpings,Ydre,Malexander,Malexander,TRUE,NA,304,https://runeberg.org/statskal/1881/0304.html
1881,Linköpings,Ydre,Norra Vi,Norra Vi,TRUE,NA,304,https://runeberg.org/statskal/1881/0304.html
1881,Linköpings,Vifolka och Valkebo,Vestra Harg,Vestra Harg,TRUE,NA,304,https://runeberg.org/statskal/1881/0304.html
1881,Linköpings,Vifolka och Valkebo,Östra Tollstad,Östra Tollstad,TRUE,NA,304,https://runeberg.org/statskal/1881/0304.html
1881,Linköpings,Vifolka och Valkebo,Veta,Veta,TRUE,NA,304,https://runeberg.org/statskal/1881/0304.html
1881,Linköpings,Vifolka och Valkebo,Mjölby,Mjölby,TRUE,NA,304,https://runeberg.org/statskal/1881/0304.html
1881,Linköpings,Vifolka och Valkebo,Nykil,Nykil,TRUE,NA,304,https://runeberg.org/statskal/1881/0304.html
1881,Linköpings,Vifolka och Valkebo,Gfanwialkil,Gfanwialkil,TRUE,NA,305,https://runeberg.org/statskal/1881/0305.html
1881,Linköpings,Vifolka och Valkebo,Rappestad,Rappestad,TRUE,NA,305,https://runeberg.org/statskal/1881/0305.html
1881,Linköpings,Vifolka och Valkebo,Vikingstad,Vikingstad,TRUE,NA,305,https://runeberg.org/statskal/1881/0305.html
1881,Linköpings,Göstrings,Skeninge,Skeninge,TRUE,NA,305,https://runeberg.org/statskal/1881/0305.html
1881,Linköpings,Göstrings,Ekeby,Ekeby,TRUE,NA,305,https://runeberg.org/statskal/1881/0305.html
1881,Linköpings,Göstrings,Högby,Högby,TRUE,NA,305,https://runeberg.org/statskal/1881/0305.html
1881,Linköpings,Göstrings,Väderstad,Väderstad,TRUE,NA,305,https://runeberg.org/statskal/1881/0305.html
1881,Linköpings,Göstrings,Rof,Rof,TRUE,NA,305,https://runeberg.org/statskal/1881/0305.html
1881,Linköpings,Lysings,Stora Åby,Stora Åby,TRUE,NA,305,https://runeberg.org/statskal/1881/0305.html
1881,Linköpings,Lysings,Bök,Bök,TRUE,NA,305,https://runeberg.org/statskal/1881/0305.html
1881,Linköpings,Lysings,Vestra Tollstad,Vestra Tollstad,TRUE,NA,305,https://runeberg.org/statskal/1881/0305.html
1881,Linköpings,Lysings,Trehörna,Trehörna,TRUE,NA,305,https://runeberg.org/statskal/1881/0305.html
1881,Linköpings,Lysings,Svanhals,Svanhals,TRUE,NA,305,https://runeberg.org/statskal/1881/0305.html
1881,Linköpings,Norra Vedbo,Adelöf,Adelöf,TRUE,NA,305,https://runeberg.org/statskal/1881/0305.html
1881,Linköpings,Norra Vedbo,Vireda,Vireda,TRUE,NA,305,https://runeberg.org/statskal/1881/0305.html
1881,Linköpings,Norra Vedbo,Lommaryd,Lommaryd,TRUE,NA,305,https://runeberg.org/statskal/1881/0305.html
1881,Linköpings,Norra Vedbo,Askeryd,Askeryd,TRUE,NA,305,https://runeberg.org/statskal/1881/0305.html
1881,Linköpings,Norra Vedbo,Marbäck,Marbäck,TRUE,NA,305,https://runeberg.org/statskal/1881/0305.html
1881,Linköpings,Norra Vedbo,Frinnaryd,Frinnaryd,TRUE,NA,305,https://runeberg.org/statskal/1881/0305.html
1881,Linköpings,Norra Vedbo,Linderås,Linderås,TRUE,NA,305,https://runeberg.org/statskal/1881/0305.html
1881,Linköpings,Norra Vedbo,Säby,Säby,TRUE,NA,305,https://runeberg.org/statskal/1881/0305.html
1881,Linköpings,Södra Vedbo,Eksjö stad,Eksjö stad,TRUE,NA,305,https://runeberg.org/statskal/1881/0305.html
1881,Linköpings,Södra Vedbo,Höreda,Höreda,TRUE,NA,305,https://runeberg.org/statskal/1881/0305.html
1881,Linköpings,Södra Vedbo,Hult,Hult,TRUE,NA,305,https://runeberg.org/statskal/1881/0305.html
1881,Linköpings,Södra Vedbo,Ingatorp,Ingatorp,TRUE,NA,305,https://runeberg.org/statskal/1881/0305.html
1881,Linköpings,Södra Vedbo,Flisby,Flisby,TRUE,NA,305,https://runeberg.org/statskal/1881/0305.html
1881,Skara,NA,Skara,Skara,TRUE,NA,305,https://runeberg.org/statskal/1881/0305.html
1881,Skara,NA,Synnerby,Synnerby,TRUE,NA,305,https://runeberg.org/statskal/1881/0305.html
1881,Skara,NA,Sä/vare,Sä vare,TRUE,NA,305,https://runeberg.org/statskal/1881/0305.html
1881,Skara,Barne,Levene,Levene,TRUE,NA,305,https://runeberg.org/statskal/1881/0305.html
1881,Skara,Barne,Saleby,Saleby,TRUE,NA,305,https://runeberg.org/statskal/1881/0305.html
1881,Skara,Barne,Hjerpes,Hjerpes,TRUE,NA,305,https://runeberg.org/statskal/1881/0305.html
1881,Skara,Barne,Jung,Jung,TRUE,NA,305,https://runeberg.org/statskal/1881/0305.html
1881,Skara,Väne,Venersborg,Venersborg,TRUE,NA,305,https://runeberg.org/statskal/1881/0305.html
1881,Skara,Väne,Tunhem,Tunhem,TRUE,NA,305,https://runeberg.org/statskal/1881/0305.html
1881,Skara,Väne,Trollhättan,Trollhättan,TRUE,NA,305,https://runeberg.org/statskal/1881/0305.html
1881,Skara,Väne,Mellby,Mellby,TRUE,NA,305,https://runeberg.org/statskal/1881/0305.html
1881,Skara,Väne,Tengene,Tengene,TRUE,NA,305,https://runeberg.org/statskal/1881/0305.html
1881,Skara,Väne,Flo,Flo,TRUE,NA,305,https://runeberg.org/statskal/1881/0305.html
1881,Skara,Väne,Främmestad,Främmestad,TRUE,NA,305,https://runeberg.org/statskal/1881/0305.html
1881,Skara,Väne,Näs,Näs,TRUE,NA,306,https://runeberg.org/statskal/1881/0306.html
1881,Skara,Kinna,Götene,Götene,TRUE,NA,306,https://runeberg.org/statskal/1881/0306.html
1881,Skara,Kinna,Forshem,Forshem,TRUE,NA,306,https://runeberg.org/statskal/1881/0306.html
1881,Skara,Kinna,B jör säter,B jör säter,TRUE,NA,306,https://runeberg.org/statskal/1881/0306.html
1881,Skara,Kinna,Källby,Källby,TRUE,NA,306,https://runeberg.org/statskal/1881/0306.html
1881,Skara,Kinna,Husaby,Husaby,TRUE,NA,306,https://runeberg.org/statskal/1881/0306.html
1881,Skara,Kinna,Medelplana,Medelplana,TRUE,NA,306,https://runeberg.org/statskal/1881/0306.html
1881,Skara,Kinna,Österplana,Österplana,TRUE,NA,306,https://runeberg.org/statskal/1881/0306.html
1881,Skara,Kinna,Kinne-Klefva,Kinne-Klefva,TRUE,NA,306,https://runeberg.org/statskal/1881/0306.html
1881,Skara,Vinköls,Vånga,Vånga,TRUE,NA,306,https://runeberg.org/statskal/1881/0306.html
1881,Skara,Vinköls,Gökhem,Gökhem,TRUE,NA,306,https://runeberg.org/statskal/1881/0306.html
1881,Skara,Vinköls,Broddetorp,Broddetorp,TRUE,NA,306,https://runeberg.org/statskal/1881/0306.html
1881,Skara,Vinköls,Vilske-Klefva,Vilske-Klefva,TRUE,NA,306,https://runeberg.org/statskal/1881/0306.html
1881,Skara,Vinköls,Gudhem,Gudhem,TRUE,NA,306,https://runeberg.org/statskal/1881/0306.html
1881,Skara,Vinköls,Ving,Ving,TRUE,NA,306,https://runeberg.org/statskal/1881/0306.html
1881,Skara,Vinköls,Segerstad,Segerstad,TRUE,NA,306,https://runeberg.org/statskal/1881/0306.html
1881,Skara,Vilska,Falköping,Falköping,TRUE,NA,306,https://runeberg.org/statskal/1881/0306.html
1881,Skara,Vilska,Floby,Floby,TRUE,NA,306,https://runeberg.org/statskal/1881/0306.html
1881,Skara,Vilska,Bitterna,Bitterna,TRUE,NA,306,https://runeberg.org/statskal/1881/0306.html
1881,Skara,Vilska,Lekas a,Lekas a,TRUE,NA,306,https://runeberg.org/statskal/1881/0306.html
1881,Skara,Vilska,Kinneved,Kinneved,TRUE,NA,306,https://runeberg.org/statskal/1881/0306.html
1881,Skara,Vilska,Börstig,Börstig,TRUE,NA,306,https://runeberg.org/statskal/1881/0306.html
1881,Skara,Vilska,Grolanda,Grolanda,TRUE,NA,306,https://runeberg.org/statskal/1881/0306.html
1881,Skara,Vartofta,Slöta,Slöta,TRUE,NA,306,https://runeberg.org/statskal/1881/0306.html
1881,Skara,Vartofta,Hvalstad,Hvalstad,TRUE,NA,306,https://runeberg.org/statskal/1881/0306.html
1881,Skara,Vartofta,Asle,Asle,TRUE,NA,306,https://runeberg.org/statskal/1881/0306.html
1881,Skara,Vartofta,Hvarf,Hvarf,TRUE,NA,306,https://runeberg.org/statskal/1881/0306.html
1881,Skara,Vartofta,Åsaka,Åsaka,TRUE,NA,306,https://runeberg.org/statskal/1881/0306.html
1881,Skara,Vartofta,Hångsdala,Hångsdala,TRUE,NA,306,https://runeberg.org/statskal/1881/0306.html
1881,Skara,Vartofta,Dimbo,Dimbo,TRUE,NA,306,https://runeberg.org/statskal/1881/0306.html
1881,Skara,Kållands,Lidköping,Lidköping,TRUE,NA,306,https://runeberg.org/statskal/1881/0306.html
1881,Skara,Kållands,Härene,Härene,TRUE,NA,306,https://runeberg.org/statskal/1881/0306.html
1881,Skara,Kållands,Tådene,Tådene,TRUE,NA,306,https://runeberg.org/statskal/1881/0306.html
1881,Skara,Kållands,Tun,Tun,TRUE,NA,306,https://runeberg.org/statskal/1881/0306.html
1881,Skara,Kållands,Otter stad,Otter stad,TRUE,NA,306,https://runeberg.org/statskal/1881/0306.html
1881,Skara,Kållands,Rackeby,Rackeby,TRUE,NA,306,https://runeberg.org/statskal/1881/0306.html
1881,Skara,Kåkinds,Fogelås,Fogelås,TRUE,NA,306,https://runeberg.org/statskal/1881/0306.html
1881,Skara,Kåkinds,Fröjered,Fröjered,TRUE,NA,306,https://runeberg.org/statskal/1881/0306.html
1881,Skara,Kåkinds,Varola,Varola,TRUE,NA,306,https://runeberg.org/statskal/1881/0306.html
1881,Skara,Kåkinds,Kyrkefalla,Kyrkefalla,TRUE,NA,306,https://runeberg.org/statskal/1881/0306.html
1881,Skara,Kåkinds,Daretorp,Daretorp,TRUE,NA,306,https://runeberg.org/statskal/1881/0306.html
1881,Skara,Kåkinds,Acklinga,Acklinga,TRUE,NA,306,https://runeberg.org/statskal/1881/0306.html
1881,Skara,Kåkinds,Grebäck,Grebäck,TRUE,NA,306,https://runeberg.org/statskal/1881/0306.html
1881,Skara,Södra Vadsbo,Mariestad,Mariestad,TRUE,NA,306,https://runeberg.org/statskal/1881/0306.html
1881,Skara,Södra Vadsbo,Ullervad,Ullervad,TRUE,NA,306,https://runeberg.org/statskal/1881/0306.html
1881,Skara,Södra Vadsbo,Horn,Horn,TRUE,NA,306,https://runeberg.org/statskal/1881/0306.html
1881,Skara,Södra Vadsbo,Odensåker,Odensåker,TRUE,NA,306,https://runeberg.org/statskal/1881/0306.html
1881,Skara,Södra Vadsbo,Hjälstad,Hjälstad,TRUE,NA,306,https://runeberg.org/statskal/1881/0306.html
1881,Skara,Södra Vadsbo,Flistad,Flistad,TRUE,NA,306,https://runeberg.org/statskal/1881/0306.html
1881,Skara,Södra Vadsbo,Väring,Väring,TRUE,NA,306,https://runeberg.org/statskal/1881/0306.html
1881,Skara,Södra Vadsbo,Ekby,Ekby,TRUE,NA,306,https://runeberg.org/statskal/1881/0306.html
1881,Skara,Södra Vadsbo,Torso,Torso,TRUE,NA,306,https://runeberg.org/statskal/1881/0306.html
1881,Skara,Södra Vadsbo,Leksberg,Leksberg,TRUE,NA,306,https://runeberg.org/statskal/1881/0306.html
1881,Skara,Södra Vadsbo,Hofva,Hofva,TRUE,NA,307,https://runeberg.org/statskal/1881/0307.html
1881,Skara,Södra Vadsbo,Finnerödja,Finnerödja,TRUE,NA,307,https://runeberg.org/statskal/1881/0307.html
1881,Skara,Södra Vadsbo,Fredsberg,Fredsberg,TRUE,NA,307,https://runeberg.org/statskal/1881/0307.html
1881,Skara,Södra Vadsbo,Hassle,Hassle,TRUE,NA,307,https://runeberg.org/statskal/1881/0307.html
1881,Skara,Södra Vadsbo,Amnehärad,Amnehärad,TRUE,NA,307,https://runeberg.org/statskal/1881/0307.html
1881,Skara,Södra Vadsbo,Fägere,Fägere,TRUE,NA,307,https://runeberg.org/statskal/1881/0307.html
1881,Skara,Södra Vadsbo,Ransberg,Ransberg,TRUE,NA,307,https://runeberg.org/statskal/1881/0307.html
1881,Skara,Södra Vadsbo,Undenäs,Undenäs,TRUE,NA,307,https://runeberg.org/statskal/1881/0307.html
1881,Skara,Södra Vadsbo,Tived,Tived,TRUE,NA,307,https://runeberg.org/statskal/1881/0307.html
1881,Skara,Södra Vadsbo,Bellefors,Bellefors,TRUE,NA,307,https://runeberg.org/statskal/1881/0307.html
1881,Skara,Södra Vadsbo,Lyrestad,Lyrestad,TRUE,NA,307,https://runeberg.org/statskal/1881/0307.html
1881,Skara,Billings,Sköfde,Sköfde,TRUE,NA,307,https://runeberg.org/statskal/1881/0307.html
1881,Skara,Billings,Sventorp,Sventorp,TRUE,NA,307,https://runeberg.org/statskal/1881/0307.html
1881,Skara,Billings,Varnhem,Varnhem,TRUE,NA,307,https://runeberg.org/statskal/1881/0307.html
1881,Skara,Billings,Dala,Dala,TRUE,NA,307,https://runeberg.org/statskal/1881/0307.html
1881,Skara,Billings,Berg,Berg,TRUE,NA,307,https://runeberg.org/statskal/1881/0307.html
1881,Skara,Billings,Stenstorp,Stenstorp,TRUE,NA,307,https://runeberg.org/statskal/1881/0307.html
1881,Skara,Billings,Sjogerstad,Sjogerstad,TRUE,NA,307,https://runeberg.org/statskal/1881/0307.html
1881,Skara,Billings,Åsaka,Åsaka,TRUE,NA,307,https://runeberg.org/statskal/1881/0307.html
1881,Skara,Billings,Häggum,Häggum,TRUE,NA,307,https://runeberg.org/statskal/1881/0307.html
1881,Skara,Bedvägs,Böne,Böne,TRUE,NA,307,https://runeberg.org/statskal/1881/0307.html
1881,Skara,Bedvägs,Bottnaryd,Bottnaryd,TRUE,NA,307,https://runeberg.org/statskal/1881/0307.html
1881,Skara,Bedvägs,Sandhem,Sandhem,TRUE,NA,307,https://runeberg.org/statskal/1881/0307.html
1881,Skara,Bedvägs,Habo,Habo,TRUE,NA,307,https://runeberg.org/statskal/1881/0307.html
1881,Skara,Bedvägs,Åsarp,Åsarp,TRUE,NA,307,https://runeberg.org/statskal/1881/0307.html
1881,Skara,Bedvägs,Ulricehamn,Ulricehamn,TRUE,NA,307,https://runeberg.org/statskal/1881/0307.html
1881,Skara,Bedvägs,Stengårdshult,Stengårdshult,TRUE,NA,307,https://runeberg.org/statskal/1881/0307.html
1881,Skara,Bedvägs,Blidsberg,Blidsberg,TRUE,NA,307,https://runeberg.org/statskal/1881/0307.html
1881,Skara,Bedvägs,Hössna,Hössna,TRUE,NA,307,https://runeberg.org/statskal/1881/0307.html
1881,Skara,Bedvägs,Yllestad,Yllestad,TRUE,NA,307,https://runeberg.org/statskal/1881/0307.html
1881,Skara,Ås,Borås,Borås,TRUE,NA,307,https://runeberg.org/statskal/1881/0307.html
1881,Skara,Ås,Fristad,Fristad,TRUE,NA,307,https://runeberg.org/statskal/1881/0307.html
1881,Skara,Ås,Rångedala,Rångedala,TRUE,NA,307,https://runeberg.org/statskal/1881/0307.html
1881,Skara,Ås,Ving,Ving,TRUE,NA,307,https://runeberg.org/statskal/1881/0307.html
1881,Skara,Ås,Bredared,Bredared,TRUE,NA,307,https://runeberg.org/statskal/1881/0307.html
1881,Skara,Ås,Od,Od,TRUE,NA,307,https://runeberg.org/statskal/1881/0307.html
1881,Skara,Ås,Hellstad,Hellstad,TRUE,NA,307,https://runeberg.org/statskal/1881/0307.html
1881,Skara,Ås,Skölfvene,Skölfvene,TRUE,NA,307,https://runeberg.org/statskal/1881/0307.html
1881,Skara,Ås,Eriksberg,Eriksberg,TRUE,NA,307,https://runeberg.org/statskal/1881/0307.html
1881,Skara,Kullings eller Gäsene,Alingsås,Alingsås,TRUE,NA,307,https://runeberg.org/statskal/1881/0307.html
1881,Skara,Kullings eller Gäsene,Lena,Lena,TRUE,NA,307,https://runeberg.org/statskal/1881/0307.html
1881,Skara,Kullings eller Gäsene,Långared,Långared,TRUE,NA,307,https://runeberg.org/statskal/1881/0307.html
1881,Skara,Kullings eller Gäsene,Norunga,Norunga,TRUE,NA,307,https://runeberg.org/statskal/1881/0307.html
1881,Skara,Kullings eller Gäsene,Björke,Björke,TRUE,NA,307,https://runeberg.org/statskal/1881/0307.html
1881,Skara,Kullings eller Gäsene,Algutstorp,Algutstorp,TRUE,NA,307,https://runeberg.org/statskal/1881/0307.html
1881,Skara,Kullings eller Gäsene,Herrljunga,Herrljunga,TRUE,NA,307,https://runeberg.org/statskal/1881/0307.html
1881,Skara,Kullings eller Gäsene,Hol,Hol,TRUE,NA,307,https://runeberg.org/statskal/1881/0307.html
1881,Strengnäs,Domprosteriet,Strengnäs,Strengnäs,TRUE,NA,307,https://runeberg.org/statskal/1881/0307.html
1881,Strengnäs,Domprosteriet,Kelgesta,Kelgesta,TRUE,NA,308,https://runeberg.org/statskal/1881/0308.html
1881,Strengnäs,Domprosteriet,Lilla Mellösa,Lilla Mellösa,TRUE,NA,308,https://runeberg.org/statskal/1881/0308.html
1881,Strengnäs,Domprosteriet,Mariefred,Mariefred,TRUE,NA,308,https://runeberg.org/statskal/1881/0308.html
1881,Strengnäs,Domprosteriet,Toresund,Toresund,TRUE,NA,308,https://runeberg.org/statskal/1881/0308.html
1881,Strengnäs,Domprosteriet,Åker,Åker,TRUE,NA,308,https://runeberg.org/statskal/1881/0308.html
1881,Strengnäs,Öfver-Selö,Fogdö,Fogdö,TRUE,NA,308,https://runeberg.org/statskal/1881/0308.html
1881,Strengnäs,Öfver-Selö,Ttter-Selö,Ttter-Selö,TRUE,NA,308,https://runeberg.org/statskal/1881/0308.html
1881,Strengnäs,Öfver-Selö,Öfver-Selö,Öfver-Selö,TRUE,NA,308,https://runeberg.org/statskal/1881/0308.html
1881,Strengnäs,Oppunda Östra,Blacksta,Blacksta,TRUE,NA,308,https://runeberg.org/statskal/1881/0308.html
1881,Strengnäs,Oppunda Östra,Floda,Floda,TRUE,NA,308,https://runeberg.org/statskal/1881/0308.html
1881,Strengnäs,Oppunda Östra,Husby-Oppunda,Husby-Oppunda,TRUE,NA,308,https://runeberg.org/statskal/1881/0308.html
1881,Strengnäs,Oppunda Östra,Lerbo,Lerbo,TRUE,NA,308,https://runeberg.org/statskal/1881/0308.html
1881,Strengnäs,Oppunda Östra,Ar dala,Ar dala,TRUE,NA,308,https://runeberg.org/statskal/1881/0308.html
1881,Strengnäs,Oppunda Vestra,Julita,Julita,TRUE,NA,308,https://runeberg.org/statskal/1881/0308.html
1881,Strengnäs,Oppunda Vestra,Stora Malm,Stora Malm,TRUE,NA,308,https://runeberg.org/statskal/1881/0308.html
1881,Strengnäs,Oppunda Vestra,Vestra Vingåker,Vestra Vingåker,TRUE,NA,308,https://runeberg.org/statskal/1881/0308.html
1881,Strengnäs,Oppunda Vestra,Östra Vingåker,Östra Vingåker,TRUE,NA,308,https://runeberg.org/statskal/1881/0308.html
1881,Strengnäs,Oppunda Vestra,Österåker,Österåker,TRUE,NA,308,https://runeberg.org/statskal/1881/0308.html
1881,Strengnäs,Nyköpings Vestra,Björkvik,Björkvik,TRUE,NA,308,https://runeberg.org/statskal/1881/0308.html
1881,Strengnäs,Nyköpings Vestra,Haila,Haila,TRUE,NA,308,https://runeberg.org/statskal/1881/0308.html
1881,Strengnäs,Nyköpings Vestra,Kila,Kila,TRUE,NA,308,https://runeberg.org/statskal/1881/0308.html
1881,Strengnäs,Nyköpings Vestra,Lunda,Lunda,TRUE,NA,308,https://runeberg.org/statskal/1881/0308.html
1881,Strengnäs,Nyköpings Vestra,Nyköpings stads Vestra förs,Nyköpings stads Vestra förs,TRUE,NA,308,https://runeberg.org/statskal/1881/0308.html
1881,Strengnäs,Nyköpings Vestra,Qvarsebo,Qvarsebo,TRUE,NA,308,https://runeberg.org/statskal/1881/0308.html
1881,Strengnäs,Nyköpings Vestra,Baby,Baby,TRUE,NA,308,https://runeberg.org/statskal/1881/0308.html
1881,Strengnäs,Nyköpings Vestra,Stigtomta,Stigtomta,TRUE,NA,308,https://runeberg.org/statskal/1881/0308.html
1881,Strengnäs,Nyköpings Vestra,Tuna,Tuna,TRUE,NA,308,https://runeberg.org/statskal/1881/0308.html
1881,Strengnäs,Nyköpings Vestra,Bälinge,Bälinge,TRUE,NA,308,https://runeberg.org/statskal/1881/0308.html
1881,Strengnäs,Nyköpings Vestra,Ludgo,Ludgo,TRUE,NA,308,https://runeberg.org/statskal/1881/0308.html
1881,Strengnäs,Nyköpings Vestra,Nyköpings stads Östra förs,Nyköpings stads Östra förs,TRUE,NA,308,https://runeberg.org/statskal/1881/0308.html
1881,Strengnäs,Nyköpings Vestra,Bipsa,Bipsa,TRUE,NA,308,https://runeberg.org/statskal/1881/0308.html
1881,Strengnäs,Nyköpings Vestra,Buntuna,Buntuna,TRUE,NA,308,https://runeberg.org/statskal/1881/0308.html
1881,Strengnäs,Nyköpings Vestra,Settersta,Settersta,TRUE,NA,308,https://runeberg.org/statskal/1881/0308.html
1881,Strengnäs,Nyköpings Vestra,Torsåker,Torsåker,TRUE,NA,308,https://runeberg.org/statskal/1881/0308.html
1881,Strengnäs,Daga,Björnlunda,Björnlunda,TRUE,NA,308,https://runeberg.org/statskal/1881/0308.html
1881,Strengnäs,Daga,Krustuna,Krustuna,TRUE,NA,308,https://runeberg.org/statskal/1881/0308.html
1881,Strengnäs,Daga,Gryt,Gryt,TRUE,NA,308,https://runeberg.org/statskal/1881/0308.html
1881,Strengnäs,Daga,Gåsinge,Gåsinge,TRUE,NA,308,https://runeberg.org/statskal/1881/0308.html
1881,Strengnäs,Daga,Trosa landsförsamling,Trosa landsförsamling,TRUE,NA,308,https://runeberg.org/statskal/1881/0308.html
1881,Strengnäs,Daga,Trosa stad,Trosa stad,TRUE,NA,308,https://runeberg.org/statskal/1881/0308.html
1881,Strengnäs,Daga,Vesterljung,Vesterljung,TRUE,NA,308,https://runeberg.org/statskal/1881/0308.html
1881,Strengnäs,Södertöms,Botkyrka,Botkyrka,TRUE,NA,308,https://runeberg.org/statskal/1881/0308.html
1881,Strengnäs,Södertöms,Grödinge,Grödinge,TRUE,NA,308,https://runeberg.org/statskal/1881/0308.html
1881,Strengnäs,Södertöms,Huddinge,Huddinge,TRUE,NA,308,https://runeberg.org/statskal/1881/0308.html
1881,Strengnäs,Södertöms,Sorunda,Sorunda,TRUE,NA,308,https://runeberg.org/statskal/1881/0308.html
1881,Strengnäs,Södertöms,Tyresö,Tyresö,TRUE,NA,308,https://runeberg.org/statskal/1881/0308.html
1881,Strengnäs,Södertöms,Ösmo,Ösmo,TRUE,NA,308,https://runeberg.org/statskal/1881/0308.html
1881,Strengnäs,Södertöms,Österhaninge,Österhaninge,TRUE,NA,309,https://runeberg.org/statskal/1881/0309.html
1881,Strengnäs,Södertelge,Öfver-Enhörna,Öfver-Enhörna,TRUE,NA,309,https://runeberg.org/statskal/1881/0309.html
1881,Strengnäs,Södertelge,Öfver-Jerna,Öfver-Jerna,TRUE,NA,309,https://runeberg.org/statskal/1881/0309.html
1881,Strengnäs,Södertelge,Södertelge,Södertelge,TRUE,NA,309,https://runeberg.org/statskal/1881/0309.html
1881,Strengnäs,Södertelge,Turinge,Turinge,TRUE,NA,309,https://runeberg.org/statskal/1881/0309.html
1881,Strengnäs,Södertelge,Värdinge,Värdinge,TRUE,NA,309,https://runeberg.org/statskal/1881/0309.html
1881,Strengnäs,Vester-Bekarne,Karlskyrka,Karlskyrka,TRUE,NA,309,https://runeberg.org/statskal/1881/0309.html
1881,Strengnäs,Vester-Bekarne,Eskilstuna,Eskilstuna,TRUE,NA,309,https://runeberg.org/statskal/1881/0309.html
1881,Strengnäs,Vester-Bekarne,Gillberga,Gillberga,TRUE,NA,309,https://runeberg.org/statskal/1881/0309.html
1881,Strengnäs,Vester-Bekarne,Tumbo,Tumbo,TRUE,NA,309,https://runeberg.org/statskal/1881/0309.html
1881,Strengnäs,Vester-Bekarne,Öja,Öja,TRUE,NA,309,https://runeberg.org/statskal/1881/0309.html
1881,Strengnäs,Öster-Bekarne,Husby-Bekarne,Husby-Bekarne,TRUE,NA,309,https://runeberg.org/statskal/1881/0309.html
1881,Strengnäs,Öster-Bekarne,Jäder,Jäder,TRUE,NA,309,https://runeberg.org/statskal/1881/0309.html
1881,Strengnäs,Öster-Bekarne,Näshulta,Näshulta,TRUE,NA,309,https://runeberg.org/statskal/1881/0309.html
1881,Strengnäs,Öster-Bekarne,Stenqvista,Stenqvista,TRUE,NA,309,https://runeberg.org/statskal/1881/0309.html
1881,Strengnäs,Öster-Bekarne,Kjula,Kjula,TRUE,NA,309,https://runeberg.org/statskal/1881/0309.html
1881,Strengnäs,Öster-Bekarne,Vallby,Vallby,TRUE,NA,309,https://runeberg.org/statskal/1881/0309.html
1881,Strengnäs,Orebro,Almby,Almby,TRUE,NA,309,https://runeberg.org/statskal/1881/0309.html
1881,Strengnäs,Orebro,Asker,Asker,TRUE,NA,309,https://runeberg.org/statskal/1881/0309.html
1881,Strengnäs,Orebro,Ekeby,Ekeby,TRUE,NA,309,https://runeberg.org/statskal/1881/0309.html
1881,Strengnäs,Orebro,Lennäs,Lennäs,TRUE,NA,309,https://runeberg.org/statskal/1881/0309.html
1881,Strengnäs,Orebro,Mosjö,Mosjö,TRUE,NA,309,https://runeberg.org/statskal/1881/0309.html
1881,Strengnäs,Orebro,Sköllersta,Sköllersta,TRUE,NA,309,https://runeberg.org/statskal/1881/0309.html
1881,Strengnäs,Orebro,Stora Mellösa,Stora Mellösa,TRUE,NA,309,https://runeberg.org/statskal/1881/0309.html
1881,Strengnäs,Orebro,Svennevad,Svennevad,TRUE,NA,309,https://runeberg.org/statskal/1881/0309.html
1881,Strengnäs,Orebro,Vintrosa,Vintrosa,TRUE,NA,309,https://runeberg.org/statskal/1881/0309.html
1881,Strengnäs,Orebro,Örebro,Örebro,TRUE,NA,309,https://runeberg.org/statskal/1881/0309.html
1881,Strengnäs,Glanshammars,Axberg,Axberg,TRUE,NA,309,https://runeberg.org/statskal/1881/0309.html
1881,Strengnäs,Glanshammars,Eker,Eker,TRUE,NA,309,https://runeberg.org/statskal/1881/0309.html
1881,Strengnäs,Glanshammars,Glanshammar,Glanshammar,TRUE,NA,309,https://runeberg.org/statskal/1881/0309.html
1881,Strengnäs,Glanshammars,Götlunda,Götlunda,TRUE,NA,309,https://runeberg.org/statskal/1881/0309.html
1881,Strengnäs,Glanshammars,Kil,Kil,TRUE,NA,309,https://runeberg.org/statskal/1881/0309.html
1881,Strengnäs,Glanshammars,Lillkyrka,Lillkyrka,TRUE,NA,309,https://runeberg.org/statskal/1881/0309.html
1881,Strengnäs,Kumla,Askersunds stad,Askersunds stad,TRUE,NA,309,https://runeberg.org/statskal/1881/0309.html
1881,Strengnäs,Kumla,Askersunds landsförsamling,Askersunds landsförsamling,TRUE,NA,309,https://runeberg.org/statskal/1881/0309.html
1881,Strengnäs,Kumla,Hallsberg,Hallsberg,TRUE,NA,309,https://runeberg.org/statskal/1881/0309.html
1881,Strengnäs,Kumla,Hammar,Hammar,TRUE,NA,309,https://runeberg.org/statskal/1881/0309.html
1881,Strengnäs,Kumla,Hardemo,Hardemo,TRUE,NA,309,https://runeberg.org/statskal/1881/0309.html
1881,Strengnäs,Kumla,Kumla,Kumla,TRUE,NA,309,https://runeberg.org/statskal/1881/0309.html
1881,Strengnäs,Kumla,Lerbäck,Lerbäck,TRUE,NA,309,https://runeberg.org/statskal/1881/0309.html
1881,Strengnäs,Kumla,Snaflunda,Snaflunda,TRUE,NA,309,https://runeberg.org/statskal/1881/0309.html
1881,Strengnäs,Edsbergs,Bodarne,Bodarne,TRUE,NA,309,https://runeberg.org/statskal/1881/0309.html
1881,Strengnäs,Edsbergs,Edsberg,Edsberg,TRUE,NA,309,https://runeberg.org/statskal/1881/0309.html
1881,Strengnäs,Edsbergs,Knista,Knista,TRUE,NA,309,https://runeberg.org/statskal/1881/0309.html
1881,Strengnäs,Edsbergs,Kräklinge,Kräklinge,TRUE,NA,309,https://runeberg.org/statskal/1881/0309.html
1881,Strengnäs,Edsbergs,Qvistbro,Qvistbro,TRUE,NA,309,https://runeberg.org/statskal/1881/0309.html
1881,Strengnäs,Edsbergs,Skagershult,Skagershult,TRUE,NA,309,https://runeberg.org/statskal/1881/0309.html
1881,Strengnäs,Edsbergs,Viby,Viby,TRUE,NA,309,https://runeberg.org/statskal/1881/0309.html
1881,Vesterås,Domprosteriet,Vesterås,Vesterås,TRUE,NA,310,https://runeberg.org/statskal/1881/0310.html
1881,Vesterås,Domprosteriet,Dingtuna,Dingtuna,TRUE,NA,310,https://runeberg.org/statskal/1881/0310.html
1881,Vesterås,Domprosteriet,Lundby,Lundby,TRUE,NA,310,https://runeberg.org/statskal/1881/0310.html
1881,Vesterås,Domprosteriet,Badelunda,Badelunda,TRUE,NA,310,https://runeberg.org/statskal/1881/0310.html
1881,Vesterås,Domprosteriet,Skerike,Skerike,TRUE,NA,310,https://runeberg.org/statskal/1881/0310.html
1881,Vesterås,Domprosteriet,Irsta,Irsta,TRUE,NA,310,https://runeberg.org/statskal/1881/0310.html
1881,Vesterås,Domprosteriet,Skultuna,Skultuna,TRUE,NA,310,https://runeberg.org/statskal/1881/0310.html
1881,Vesterås,Domprosteriet,Barkarö,Barkarö,TRUE,NA,310,https://runeberg.org/statskal/1881/0310.html
1881,Vesterås,Domprosteriet,Tillberga,Tillberga,TRUE,NA,310,https://runeberg.org/statskal/1881/0310.html
1881,Vesterås,Domprosteriet,Kungsåra,Kungsåra,TRUE,NA,310,https://runeberg.org/statskal/1881/0310.html
1881,Vesterås,Domprosteriet,Ängsö,Ängsö,TRUE,NA,310,https://runeberg.org/statskal/1881/0310.html
1881,Vesterås,Munktorps,Munktorp,Munktorp,TRUE,NA,310,https://runeberg.org/statskal/1881/0310.html
1881,Vesterås,Munktorps,Svedvi,Svedvi,TRUE,NA,310,https://runeberg.org/statskal/1881/0310.html
1881,Vesterås,Munktorps,Bamnäs,Bamnäs,TRUE,NA,310,https://runeberg.org/statskal/1881/0310.html
1881,Vesterås,Munktorps,Kolbäck,Kolbäck,TRUE,NA,310,https://runeberg.org/statskal/1881/0310.html
1881,Vesterås,Munktorps,Rytterns,Rytterns,TRUE,NA,310,https://runeberg.org/statskal/1881/0310.html
1881,Vesterås,Munktorps,Säby,Säby,TRUE,NA,310,https://runeberg.org/statskal/1881/0310.html
1881,Vesterås,Munktorps,Berg,Berg,TRUE,NA,310,https://runeberg.org/statskal/1881/0310.html
1881,Vesterås,Munktorps,Lillhärad,Lillhärad,TRUE,NA,310,https://runeberg.org/statskal/1881/0310.html
1881,Vesterås,Köpings,Köping,Köping,TRUE,NA,310,https://runeberg.org/statskal/1881/0310.html
1881,Vesterås,Köpings,Kungs-Barkarö,Kungs-Barkarö,TRUE,NA,310,https://runeberg.org/statskal/1881/0310.html
1881,Vesterås,Köpings,Björskog,Björskog,TRUE,NA,310,https://runeberg.org/statskal/1881/0310.html
1881,Vesterås,Köpings,Odensvi,Odensvi,TRUE,NA,310,https://runeberg.org/statskal/1881/0310.html
1881,Vesterås,Köpings,Skinskatteberg,Skinskatteberg,TRUE,NA,310,https://runeberg.org/statskal/1881/0310.html
1881,Vesterås,Köpings,Bro,Bro,TRUE,NA,310,https://runeberg.org/statskal/1881/0310.html
1881,Vesterås,Köpings,Gunnilbo,Gunnilbo,TRUE,NA,310,https://runeberg.org/statskal/1881/0310.html
1881,Vesterås,Köpings,Hed,Hed,TRUE,NA,310,https://runeberg.org/statskal/1881/0310.html
1881,Vesterås,Köpings,Malma,Malma,TRUE,NA,310,https://runeberg.org/statskal/1881/0310.html
1881,Vesterås,Arboga,Arboga,Arboga,TRUE,NA,310,https://runeberg.org/statskal/1881/0310.html
1881,Vesterås,Arboga,Himmeta,Himmeta,TRUE,NA,310,https://runeberg.org/statskal/1881/0310.html
1881,Vesterås,Arboga,Medäker,Medäker,TRUE,NA,310,https://runeberg.org/statskal/1881/0310.html
1881,Vesterås,Arboga,Vestra Skedvi,Vestra Skedvi,TRUE,NA,310,https://runeberg.org/statskal/1881/0310.html
1881,Vesterås,Fellingsbro,Fellingsbro,Fellingsbro,TRUE,NA,310,https://runeberg.org/statskal/1881/0310.html
1881,Vesterås,Fellingsbro,Lindesberg,Lindesberg,TRUE,NA,310,https://runeberg.org/statskal/1881/0310.html
1881,Vesterås,Fellingsbro,Näsby,Näsby,TRUE,NA,310,https://runeberg.org/statskal/1881/0310.html
1881,Vesterås,Fellingsbro,Ramsberg,Ramsberg,TRUE,NA,310,https://runeberg.org/statskal/1881/0310.html
1881,Vesterås,Nora,Nora,Nora,TRUE,NA,310,https://runeberg.org/statskal/1881/0310.html
1881,Vesterås,Nora,Jernboås,Jernboås,TRUE,NA,310,https://runeberg.org/statskal/1881/0310.html
1881,Vesterås,Nora,Hjulsjö,Hjulsjö,TRUE,NA,310,https://runeberg.org/statskal/1881/0310.html
1881,Vesterås,Nora,Ljusnarsberg,Ljusnarsberg,TRUE,NA,310,https://runeberg.org/statskal/1881/0310.html
1881,Vesterås,Nora,Grythyttan,Grythyttan,TRUE,NA,310,https://runeberg.org/statskal/1881/0310.html
1881,Vesterås,Nora,Hellefors,Hellefors,TRUE,NA,310,https://runeberg.org/statskal/1881/0310.html
1881,Vesterås,Norrbärke,Norrbärke,Norrbärke,TRUE,NA,310,https://runeberg.org/statskal/1881/0310.html
1881,Vesterås,Norrbärke,Söderbärke,Söderbärke,TRUE,NA,310,https://runeberg.org/statskal/1881/0310.html
1881,Vesterås,Norrbärke,Malingsbo,Malingsbo,TRUE,NA,310,https://runeberg.org/statskal/1881/0310.html
1881,Vesterås,Norrbärke,Grangärde,Grangärde,TRUE,NA,310,https://runeberg.org/statskal/1881/0310.html
1881,Vesterås,Norrbärke,Säfsnäs,Säfsnäs,TRUE,NA,311,https://runeberg.org/statskal/1881/0311.html
1881,Vesterås,Vester-Dals,Floda,Floda,TRUE,NA,311,https://runeberg.org/statskal/1881/0311.html
1881,Vesterås,Vester-Dals,Näs,Näs,TRUE,NA,311,https://runeberg.org/statskal/1881/0311.html
1881,Vesterås,Vester-Dals,Järna,Järna,TRUE,NA,311,https://runeberg.org/statskal/1881/0311.html
1881,Vesterås,Vester-Dals,Äppelbo,Äppelbo,TRUE,NA,311,https://runeberg.org/statskal/1881/0311.html
1881,Vesterås,Vester-Dals,Malung,Malung,TRUE,NA,311,https://runeberg.org/statskal/1881/0311.html
1881,Vesterås,Vester-Dals,Lima,Lima,TRUE,NA,311,https://runeberg.org/statskal/1881/0311.html
1881,Vesterås,Vester-Dals,Transtrand,Transtrand,TRUE,NA,311,https://runeberg.org/statskal/1881/0311.html
1881,Vesterås,Leksands,Leksand,Leksand,TRUE,NA,311,https://runeberg.org/statskal/1881/0311.html
1881,Vesterås,Leksands,Siljansnäs,Siljansnäs,TRUE,NA,311,https://runeberg.org/statskal/1881/0311.html
1881,Vesterås,Leksands,Gagnef,Gagnef,TRUE,NA,311,https://runeberg.org/statskal/1881/0311.html
1881,Vesterås,Leksands,Al,Al,TRUE,NA,311,https://runeberg.org/statskal/1881/0311.html
1881,Vesterås,Leksands,Bjursås,Bjursås,TRUE,NA,311,https://runeberg.org/statskal/1881/0311.html
1881,Vesterås,Eättviks,Bättvifö,Bättvifö,TRUE,NA,311,https://runeberg.org/statskal/1881/0311.html
1881,Vesterås,Eättviks,Boda,Boda,TRUE,NA,311,https://runeberg.org/statskal/1881/0311.html
1881,Vesterås,Eättviks,Orsa,Orsa,TRUE,NA,311,https://runeberg.org/statskal/1881/0311.html
1881,Vesterås,Eättviks,Ore,Ore,TRUE,NA,311,https://runeberg.org/statskal/1881/0311.html
1881,Vesterås,Mora,Mora,Mora,TRUE,NA,311,https://runeberg.org/statskal/1881/0311.html
1881,Vesterås,Mora,Våmhus,Våmhus,TRUE,NA,311,https://runeberg.org/statskal/1881/0311.html
1881,Vesterås,Mora,Hed,Hed,TRUE,NA,311,https://runeberg.org/statskal/1881/0311.html
1881,Vesterås,Mora,Elfdalen,Elfdalen,TRUE,NA,311,https://runeberg.org/statskal/1881/0311.html
1881,Vesterås,Mora,Sofia Magdalena,Sofia Magdalena,TRUE,NA,311,https://runeberg.org/statskal/1881/0311.html
1881,Vesterås,Mora,Venjan,Venjan,TRUE,NA,311,https://runeberg.org/statskal/1881/0311.html
1881,Vesterås,Mora,Särna,Särna,TRUE,NA,311,https://runeberg.org/statskal/1881/0311.html
1881,Vesterås,Stora Tuna,Stora Tuna,Stora Tuna,TRUE,NA,311,https://runeberg.org/statskal/1881/0311.html
1881,Vesterås,Stora Tuna,Silfberg,Silfberg,TRUE,NA,311,https://runeberg.org/statskal/1881/0311.html
1881,Vesterås,Falu,Falun,Falun,TRUE,NA,311,https://runeberg.org/statskal/1881/0311.html
1881,Vesterås,Falu,Stora Skedvi,Stora Skedvi,TRUE,NA,311,https://runeberg.org/statskal/1881/0311.html
1881,Vesterås,Falu,Svärdsjö,Svärdsjö,TRUE,NA,311,https://runeberg.org/statskal/1881/0311.html
1881,Vesterås,Falu,Grangärde,Grangärde,TRUE,NA,311,https://runeberg.org/statskal/1881/0311.html
1881,Vesterås,Falu,Enviken,Enviken,TRUE,NA,311,https://runeberg.org/statskal/1881/0311.html
1881,Vesterås,Falu,Sundborn,Sundborn,TRUE,NA,311,https://runeberg.org/statskal/1881/0311.html
1881,Vesterås,Falu,Torsång,Torsång,TRUE,NA,311,https://runeberg.org/statskal/1881/0311.html
1881,Vesterås,Falu,Aspeboda,Aspeboda,TRUE,NA,311,https://runeberg.org/statskal/1881/0311.html
1881,Vesterås,Falu,Vika,Vika,TRUE,NA,311,https://runeberg.org/statskal/1881/0311.html
1881,Vesterås,Hedemora,Husby,Husby,TRUE,NA,311,https://runeberg.org/statskal/1881/0311.html
1881,Vesterås,Hedemora,Folkärna,Folkärna,TRUE,NA,311,https://runeberg.org/statskal/1881/0311.html
1881,Vesterås,Hedemora,By,By,TRUE,NA,311,https://runeberg.org/statskal/1881/0311.html
1881,Vesterås,Hedemora,Garpe?iberg,Garpe iberg,TRUE,NA,311,https://runeberg.org/statskal/1881/0311.html
1881,Vesterås,Hedemora,Grytnäs,Grytnäs,TRUE,NA,311,https://runeberg.org/statskal/1881/0311.html
1881,Vesterås,Vester-Fernebo,Vester-Fernebo,Vester-Fernebo,TRUE,NA,311,https://runeberg.org/statskal/1881/0311.html
1881,Vesterås,Vester-Fernebo,Vestanfors,Vestanfors,TRUE,NA,311,https://runeberg.org/statskal/1881/0311.html
1881,Vesterås,Vester-Fernebo,Haraker,Haraker,TRUE,NA,311,https://runeberg.org/statskal/1881/0311.html
1881,Vesterås,Vester-Fernebo,Fläckebo,Fläckebo,TRUE,NA,311,https://runeberg.org/statskal/1881/0311.html
1881,Vesterås,Vester-Fernebo,By,By,TRUE,NA,311,https://runeberg.org/statskal/1881/0311.html
1881,Vesterås,Vester-Fernebo,Vester-Våla,Vester-Våla,TRUE,NA,311,https://runeberg.org/statskal/1881/0311.html
1881,Vesterås,Vester-Fernebo,Karbenning,Karbenning,TRUE,NA,311,https://runeberg.org/statskal/1881/0311.html
1881,Vesterås,Sala,Sala,Sala,TRUE,NA,311,https://runeberg.org/statskal/1881/0311.html
1881,Vesterås,Sala,Möklinta,Möklinta,TRUE,NA,311,https://runeberg.org/statskal/1881/0311.html
1881,Vesterås,Sala,Kila,Kila,TRUE,NA,311,https://runeberg.org/statskal/1881/0311.html
1881,Vesterås,Sala,Björksta,Björksta,TRUE,NA,311,https://runeberg.org/statskal/1881/0311.html
1881,Vesterås,Sala,Tortuna,Tortuna,TRUE,NA,311,https://runeberg.org/statskal/1881/0311.html
1881,Vesterås,Sala,Sevalla,Sevalla,TRUE,NA,311,https://runeberg.org/statskal/1881/0311.html
1881,Vexjö,"Kyrkoherdar, Kinnevalds",Vexjö,Vexjö,TRUE,NA,312,https://runeberg.org/statskal/1881/0312.html
1881,Vexjö,"Kyrkoherdar, Kinnevalds",Bergunda,Bergunda,TRUE,NA,312,https://runeberg.org/statskal/1881/0312.html
1881,Vexjö,"Kyrkoherdar, Kinnevalds",Urshult,Urshult,TRUE,NA,312,https://runeberg.org/statskal/1881/0312.html
1881,Vexjö,"Kyrkoherdar, Kinnevalds",Kalfsvik,Kalfsvik,TRUE,NA,312,https://runeberg.org/statskal/1881/0312.html
1881,Vexjö,"Kyrkoherdar, Kinnevalds",Täfvelsås,Täfvelsås,TRUE,NA,312,https://runeberg.org/statskal/1881/0312.html
1881,Vexjö,"Kyrkoherdar, Kinnevalds",Vederslöf,Vederslöf,TRUE,NA,312,https://runeberg.org/statskal/1881/0312.html
1881,Vexjö,"Kyrkoherdar, Kinnevalds",Öjaby,Öjaby,TRUE,NA,312,https://runeberg.org/statskal/1881/0312.html
1881,Vexjö,Allbo,Virestad,Virestad,TRUE,NA,312,https://runeberg.org/statskal/1881/0312.html
1881,Vexjö,Allbo,Moheda,Moheda,TRUE,NA,312,https://runeberg.org/statskal/1881/0312.html
1881,Vexjö,Allbo,Lekaryd,Lekaryd,TRUE,NA,312,https://runeberg.org/statskal/1881/0312.html
1881,Vexjö,Allbo,Hjortsberga,Hjortsberga,TRUE,NA,312,https://runeberg.org/statskal/1881/0312.html
1881,Vexjö,Allbo,Slätthög,Slätthög,TRUE,NA,312,https://runeberg.org/statskal/1881/0312.html
1881,Vexjö,Allbo,Vislanda,Vislanda,TRUE,NA,312,https://runeberg.org/statskal/1881/0312.html
1881,Vexjö,Allbo,Stenbrohult,Stenbrohult,TRUE,NA,312,https://runeberg.org/statskal/1881/0312.html
1881,Vexjö,Sunnerbo,Agunnaryd,Agunnaryd,TRUE,NA,312,https://runeberg.org/statskal/1881/0312.html
1881,Vexjö,Sunnerbo,Pjetteryd,Pjetteryd,TRUE,NA,312,https://runeberg.org/statskal/1881/0312.html
1881,Vexjö,Sunnerbo,Hallaryd,Hallaryd,TRUE,NA,312,https://runeberg.org/statskal/1881/0312.html
1881,Vexjö,Sunnerbo,Göteryd,Göteryd,TRUE,NA,312,https://runeberg.org/statskal/1881/0312.html
1881,Vexjö,Sunnerbo,Traryd [Traheryd],Traryd,TRUE,NA,312,https://runeberg.org/statskal/1881/0312.html
1881,Vexjö,Sunnerbo,Markaryd,Markaryd,TRUE,NA,312,https://runeberg.org/statskal/1881/0312.html
1881,Vexjö,Sunnerbo,Hinneryd,Hinneryd,TRUE,NA,312,https://runeberg.org/statskal/1881/0312.html
1881,Vexjö,Sunnerbo,Hvittaryd,Hvittaryd,TRUE,NA,312,https://runeberg.org/statskal/1881/0312.html
1881,Vexjö,Sunnerbo,Ryssby,Ryssby,TRUE,NA,312,https://runeberg.org/statskal/1881/0312.html
1881,Vexjö,Sunnerbo,Ljunga,Ljunga,TRUE,NA,312,https://runeberg.org/statskal/1881/0312.html
1881,Vexjö,Sunnerbo,Annerstad,Annerstad,TRUE,NA,312,https://runeberg.org/statskal/1881/0312.html
1881,Vexjö,Sunnerbo,Angelstad,Angelstad,TRUE,NA,312,https://runeberg.org/statskal/1881/0312.html
1881,Vexjö,Sunnerbo,Odensjö,Odensjö,TRUE,NA,312,https://runeberg.org/statskal/1881/0312.html
1881,Vexjö,Konga,Väckelsång,Väckelsång,TRUE,NA,312,https://runeberg.org/statskal/1881/0312.html
1881,Vexjö,Konga,Tingsås,Tingsås,TRUE,NA,312,https://runeberg.org/statskal/1881/0312.html
1881,Vexjö,Konga,Linneryd,Linneryd,TRUE,NA,312,https://runeberg.org/statskal/1881/0312.html
1881,Vexjö,Konga,Elmeboda,Elmeboda,TRUE,NA,312,https://runeberg.org/statskal/1881/0312.html
1881,Vexjö,Konga,Nöbbele,Nöbbele,TRUE,NA,312,https://runeberg.org/statskal/1881/0312.html
1881,Vexjö,Konga,Hofmantorp,Hofmantorp,TRUE,NA,312,https://runeberg.org/statskal/1881/0312.html
1881,Vexjö,Konga,Hemmesjö,Hemmesjö,TRUE,NA,312,https://runeberg.org/statskal/1881/0312.html
1881,Vexjö,Norrvidinge,Tolg,Tolg,TRUE,NA,312,https://runeberg.org/statskal/1881/0312.html
1881,Vexjö,Norrvidinge,Berg,Berg,TRUE,NA,312,https://runeberg.org/statskal/1881/0312.html
1881,Vexjö,Norrvidinge,Gårdsby,Gårdsby,TRUE,NA,312,https://runeberg.org/statskal/1881/0312.html
1881,Vexjö,Uppvidinge,Aseda,Aseda,TRUE,NA,312,https://runeberg.org/statskal/1881/0312.html
1881,Vexjö,Uppvidinge,Algutsboda,Algutsboda,TRUE,NA,312,https://runeberg.org/statskal/1881/0312.html
1881,Vexjö,Uppvidinge,Elghult,Elghult,TRUE,NA,312,https://runeberg.org/statskal/1881/0312.html
1881,Vexjö,Uppvidinge,Nottebäck,Nottebäck,TRUE,NA,312,https://runeberg.org/statskal/1881/0312.html
1881,Vexjö,Uppvidinge,Lenhofda,Lenhofda,TRUE,NA,313,https://runeberg.org/statskal/1881/0313.html
1881,Vexjö,Uppvidinge,Dädesjö,Dädesjö,TRUE,NA,313,https://runeberg.org/statskal/1881/0313.html
1881,Vexjö,Uppvidinge,Sjösås,Sjösås,TRUE,NA,313,https://runeberg.org/statskal/1881/0313.html
1881,Vexjö,Tveta,Jönköping,Jönköping,TRUE,NA,313,https://runeberg.org/statskal/1881/0313.html
1881,Vexjö,Tveta,Svarttorp,Svarttorp,TRUE,NA,313,https://runeberg.org/statskal/1881/0313.html
1881,Vexjö,Tveta,Barkeryd,Barkeryd,TRUE,NA,313,https://runeberg.org/statskal/1881/0313.html
1881,Vexjö,Tveta,Jersnäs,Jersnäs,TRUE,NA,313,https://runeberg.org/statskal/1881/0313.html
1881,Vexjö,Tveta,Jer storp,Jer storp,TRUE,NA,313,https://runeberg.org/statskal/1881/0313.html
1881,Vexjö,Tveta,Sandseryd,Sandseryd,TRUE,NA,313,https://runeberg.org/statskal/1881/0313.html
1881,Vexjö,Tveta,Barnarp,Barnarp,TRUE,NA,313,https://runeberg.org/statskal/1881/0313.html
1881,Vexjö,Tveta,Bydaholm,Bydaholm,TRUE,NA,313,https://runeberg.org/statskal/1881/0313.html
1881,Vexjö,Tveta,Vernamo,Vernamo,TRUE,NA,313,https://runeberg.org/statskal/1881/0313.html
1881,Vexjö,Tveta,Karda,Karda,TRUE,NA,313,https://runeberg.org/statskal/1881/0313.html
1881,Vexjö,Tveta,Fryele,Fryele,TRUE,NA,313,https://runeberg.org/statskal/1881/0313.html
1881,Vexjö,Vestbo,Forsheda,Forsheda,TRUE,NA,313,https://runeberg.org/statskal/1881/0313.html
1881,Vexjö,Vestbo,Bolmsö,Bolmsö,TRUE,NA,313,https://runeberg.org/statskal/1881/0313.html
1881,Vexjö,Vestbo,Unnaryd,Unnaryd,TRUE,NA,313,https://runeberg.org/statskal/1881/0313.html
1881,Vexjö,Vestbo,Femsjö,Femsjö,TRUE,NA,313,https://runeberg.org/statskal/1881/0313.html
1881,Vexjö,Vestbo,Långaryd,Långaryd,TRUE,NA,313,https://runeberg.org/statskal/1881/0313.html
1881,Vexjö,Vestbo,Hestra,Hestra,TRUE,NA,313,https://runeberg.org/statskal/1881/0313.html
1881,Vexjö,Vestbo,Burseryd,Burseryd,TRUE,NA,313,https://runeberg.org/statskal/1881/0313.html
1881,Vexjö,Vestbo,Villstad,Villstad,TRUE,NA,313,https://runeberg.org/statskal/1881/0313.html
1881,Vexjö,Vestbo,Asenhöga,Asenhöga,TRUE,NA,313,https://runeberg.org/statskal/1881/0313.html
1881,Vexjö,Vestbo,Kulltorp,Kulltorp,TRUE,NA,313,https://runeberg.org/statskal/1881/0313.html
1881,Vexjö,Vestbo,As,As,TRUE,NA,313,https://runeberg.org/statskal/1881/0313.html
1881,Vexjö,Vestra Härads,Malmbäck,Malmbäck,TRUE,NA,313,https://runeberg.org/statskal/1881/0313.html
1881,Vexjö,Vestra Härads,Vrigstad,Vrigstad,TRUE,NA,313,https://runeberg.org/statskal/1881/0313.html
1881,Vexjö,Vestra Härads,Hjelmseryd,Hjelmseryd,TRUE,NA,313,https://runeberg.org/statskal/1881/0313.html
1881,Vexjö,Vestra Härads,Sandsjö,Sandsjö,TRUE,NA,313,https://runeberg.org/statskal/1881/0313.html
1881,Vexjö,Vestra Härads,Bringetofta,Bringetofta,TRUE,NA,313,https://runeberg.org/statskal/1881/0313.html
1881,Vexjö,Vestra Härads,Hultsjö,Hultsjö,TRUE,NA,313,https://runeberg.org/statskal/1881/0313.html
1881,Vexjö,Vestra Härads,Fröderyd,Fröderyd,TRUE,NA,313,https://runeberg.org/statskal/1881/0313.html
1881,Vexjö,Östra härads,Alseda,Alseda,TRUE,NA,313,https://runeberg.org/statskal/1881/0313.html
1881,Vexjö,Östra härads,Korsberga,Korsberga,TRUE,NA,313,https://runeberg.org/statskal/1881/0313.html
1881,Vexjö,Östra härads,Hvetlanda,Hvetlanda,TRUE,NA,313,https://runeberg.org/statskal/1881/0313.html
1881,Vexjö,Östra härads,Skirö,Skirö,TRUE,NA,313,https://runeberg.org/statskal/1881/0313.html
1881,Vexjö,Östra härads,Karlstorp,Karlstorp,TRUE,NA,313,https://runeberg.org/statskal/1881/0313.html
1881,Vexjö,Östra härads,Björkö,Björkö,TRUE,NA,313,https://runeberg.org/statskal/1881/0313.html
1881,Vexjö,Östra härads,Bäckseda [Bexheda],Bäckseda,TRUE,NA,313,https://runeberg.org/statskal/1881/0313.html
1881,Vexjö,Östra härads,Myresjö,Myresjö,TRUE,NA,313,https://runeberg.org/statskal/1881/0313.html
1881,Vexjö,Vista,Grenna,Grenna,TRUE,NA,313,https://runeberg.org/statskal/1881/0313.html
1881,Vexjö,Vista,Visingsö,Visingsö,TRUE,NA,313,https://runeberg.org/statskal/1881/0313.html
1881,Vexjö,Vista,Skärstad,Skärstad,TRUE,NA,313,https://runeberg.org/statskal/1881/0313.html
1881,Vexjö,Vista,Ölmestad,Ölmestad,TRUE,NA,313,https://runeberg.org/statskal/1881/0313.html
1881,Lunds,NA,Stora Uppåkra,Stora Uppåkra,TRUE,NA,314,https://runeberg.org/statskal/1881/0314.html
1881,Lunds,NA,Bjäreshög,Bjäreshög,TRUE,NA,314,https://runeberg.org/statskal/1881/0314.html
1881,Lunds,NA,Bràgarp,Bràgarp,TRUE,NA,314,https://runeberg.org/statskal/1881/0314.html
1881,Lunds,NA,Lom?na,Lom na,TRUE,NA,314,https://runeberg.org/statskal/1881/0314.html
1881,Lunds,Vemmenhögs,Kellstorp,Kellstorp,TRUE,NA,314,https://runeberg.org/statskal/1881/0314.html
1881,Lunds,Vemmenhögs,Granby,Granby,TRUE,NA,315,https://runeberg.org/statskal/1881/0315.html
1881,Lunds,Vemmenhögs,Gerdslöf,Gerdslöf,TRUE,NA,315,https://runeberg.org/statskal/1881/0315.html
1881,Lunds,Vemmenhögs,Solberga,Solberga,TRUE,NA,315,https://runeberg.org/statskal/1881/0315.html
1881,Lunds,Vemmenhögs,Östra Torp,Östra Torp,TRUE,NA,315,https://runeberg.org/statskal/1881/0315.html
1881,Lunds,Vemmenhögs,Gustaf,Gustaf,TRUE,NA,315,https://runeberg.org/statskal/1881/0315.html
1881,Lunds,Vemmenhögs,Tullstorp,Tullstorp,TRUE,NA,315,https://runeberg.org/statskal/1881/0315.html
1881,Lunds,Vemmenhögs,Hemmesdynge,Hemmesdynge,TRUE,NA,315,https://runeberg.org/statskal/1881/0315.html
1881,Lunds,Vemmenhögs,Skurup,Skurup,TRUE,NA,315,https://runeberg.org/statskal/1881/0315.html
1881,Lunds,Ljunits och Herrestads,Södra Villie,Södra Villie,TRUE,NA,315,https://runeberg.org/statskal/1881/0315.html
1881,Lunds,Ljunits och Herrestads,Nöbbelöf,Nöbbelöf,TRUE,NA,315,https://runeberg.org/statskal/1881/0315.html
1881,Lunds,Ljunits och Herrestads,Balkåkra,Balkåkra,TRUE,NA,315,https://runeberg.org/statskal/1881/0315.html
1881,Lunds,Ljunits och Herrestads,Ystad,Ystad,TRUE,NA,315,https://runeberg.org/statskal/1881/0315.html
1881,Lunds,Ljunits och Herrestads,Bjeresjö,Bjeresjö,TRUE,NA,315,https://runeberg.org/statskal/1881/0315.html
1881,Lunds,Ljunits och Herrestads,Tranås,Tranås,TRUE,NA,315,https://runeberg.org/statskal/1881/0315.html
1881,Lunds,Frosta,Östra Sälle- I rup,Östra Sälle- I rup,TRUE,NA,315,https://runeberg.org/statskal/1881/0315.html
1881,Lunds,Frosta,Hörby,Hörby,TRUE,NA,315,https://runeberg.org/statskal/1881/0315.html
1881,Lunds,Frosta,Högseröd,Högseröd,TRUE,NA,315,https://runeberg.org/statskal/1881/0315.html
1881,Lunds,Frosta,Fulltofta,Fulltofta,TRUE,NA,315,https://runeberg.org/statskal/1881/0315.html
1881,Lunds,Frosta,Södra Börum,Södra Börum,TRUE,NA,315,https://runeberg.org/statskal/1881/0315.html
1881,Lunds,Frosta,Hör,Hör,TRUE,NA,315,https://runeberg.org/statskal/1881/0315.html
1881,Lunds,Frosta,Norra Börum,Norra Börum,TRUE,NA,315,https://runeberg.org/statskal/1881/0315.html
1881,Lunds,Frosta,Bosjö Kloster,Bosjö Kloster,TRUE,NA,315,https://runeberg.org/statskal/1881/0315.html
1881,Lunds,Frosta,Gudmuntorp,Gudmuntorp,TRUE,NA,315,https://runeberg.org/statskal/1881/0315.html
1881,Lunds,Frosta,Borlunda,Borlunda,TRUE,NA,315,https://runeberg.org/statskal/1881/0315.html
1881,Lunds,Frosta,Harlösa,Harlösa,TRUE,NA,315,https://runeberg.org/statskal/1881/0315.html
1881,Lunds,Frosta,Strö,Strö,TRUE,NA,315,https://runeberg.org/statskal/1881/0315.html
1881,Lunds,Frosta,Gärdstånga,Gärdstånga,TRUE,NA,315,https://runeberg.org/statskal/1881/0315.html
1881,Lunds,Färs,Vanstad,Vanstad,TRUE,NA,315,https://runeberg.org/statskal/1881/0315.html
1881,Lunds,Färs,Böddinge,Böddinge,TRUE,NA,315,https://runeberg.org/statskal/1881/0315.html
1881,Lunds,Färs,Sof de,Sof de,TRUE,NA,315,https://runeberg.org/statskal/1881/0315.html
1881,Lunds,Färs,Bstorp,Bstorp,TRUE,NA,315,https://runeberg.org/statskal/1881/0315.html
1881,Lunds,Färs,Löfvestad,Löfvestad,TRUE,NA,315,https://runeberg.org/statskal/1881/0315.html
1881,Lunds,Färs,Öved,Öved,TRUE,NA,315,https://runeberg.org/statskal/1881/0315.html
1881,Lunds,Färs,Brandstad,Brandstad,TRUE,NA,315,https://runeberg.org/statskal/1881/0315.html
1881,Lunds,Färs,Kärrstorp,Kärrstorp,TRUE,NA,315,https://runeberg.org/statskal/1881/0315.html
1881,Lunds,Färs,Vesterstad,Vesterstad,TRUE,NA,315,https://runeberg.org/statskal/1881/0315.html
1881,Lunds,Onsjö,Stehag,Stehag,TRUE,NA,315,https://runeberg.org/statskal/1881/0315.html
1881,Lunds,Onsjö,Torrlösa,Torrlösa,TRUE,NA,315,https://runeberg.org/statskal/1881/0315.html
1881,Lunds,Onsjö,Bosarp,Bosarp,TRUE,NA,315,https://runeberg.org/statskal/1881/0315.html
1881,Lunds,Onsjö,Näs,Näs,TRUE,NA,315,https://runeberg.org/statskal/1881/0315.html
1881,Lunds,Onsjö,Konga,Konga,TRUE,NA,315,https://runeberg.org/statskal/1881/0315.html
1881,Lunds,Onsjö,Billinge,Billinge,TRUE,NA,315,https://runeberg.org/statskal/1881/0315.html
1881,Lunds,Harjagers,Vestra Karaby,Vestra Karaby,TRUE,NA,315,https://runeberg.org/statskal/1881/0315.html
1881,Lunds,Harjagers,Vestra Sallerup,Vestra Sallerup,TRUE,NA,315,https://runeberg.org/statskal/1881/0315.html
1881,Lunds,Harjagers,Barsebäck,Barsebäck,TRUE,NA,315,https://runeberg.org/statskal/1881/0315.html
1881,Lunds,Harjagers,Hög,Hög,TRUE,NA,316,https://runeberg.org/statskal/1881/0316.html
1881,Lunds,Harjagers,Örtofta,Örtofta,TRUE,NA,316,https://runeberg.org/statskal/1881/0316.html
1881,Lunds,Harjagers,Stora Harrie,Stora Harrie,TRUE,NA,316,https://runeberg.org/statskal/1881/0316.html
1881,Lunds,Harjagers,Norrhviding e,Norrhviding e,TRUE,NA,316,https://runeberg.org/statskal/1881/0316.html
1881,Lunds,Harjagers,Söderhvidinge,Söderhvidinge,TRUE,NA,316,https://runeberg.org/statskal/1881/0316.html
1881,Lunds,Jannebergs,Landskrona,Landskrona,TRUE,NA,316,https://runeberg.org/statskal/1881/0316.html
1881,Lunds,Jannebergs,Asmundtorp,Asmundtorp,TRUE,NA,316,https://runeberg.org/statskal/1881/0316.html
1881,Lunds,Jannebergs,Vadensjö,Vadensjö,TRUE,NA,316,https://runeberg.org/statskal/1881/0316.html
1881,Lunds,Jannebergs,Herslöf,Herslöf,TRUE,NA,316,https://runeberg.org/statskal/1881/0316.html
1881,Lunds,Jannebergs,Billeberga,Billeberga,TRUE,NA,316,https://runeberg.org/statskal/1881/0316.html
1881,Lunds,Jannebergs,Norra Svalöf ',Norra Svalöf,TRUE,NA,316,https://runeberg.org/statskal/1881/0316.html
1881,Lunds,Jannebergs,Kells-Nöbbelöf,Kells-Nöbbelöf,TRUE,NA,316,https://runeberg.org/statskal/1881/0316.html
1881,Lunds,Jannebergs,Qvistofta,Qvistofta,TRUE,NA,316,https://runeberg.org/statskal/1881/0316.html
1881,Lunds,Luggude,Allerum,Allerum,TRUE,NA,316,https://runeberg.org/statskal/1881/0316.html
1881,Lunds,Luggude,Väsby,Väsby,TRUE,NA,316,https://runeberg.org/statskal/1881/0316.html
1881,Lunds,Luggude,Farhult,Farhult,TRUE,NA,316,https://runeberg.org/statskal/1881/0316.html
1881,Lunds,Luggude,Välinge,Välinge,TRUE,NA,316,https://runeberg.org/statskal/1881/0316.html
1881,Lunds,Luggude,Kropp,Kropp,TRUE,NA,316,https://runeberg.org/statskal/1881/0316.html
1881,Lunds,Luggude,Helsingborg,Helsingborg,TRUE,NA,316,https://runeberg.org/statskal/1881/0316.html
1881,Lunds,Luggude,Välluj,Välluj,TRUE,NA,316,https://runeberg.org/statskal/1881/0316.html
1881,Lunds,Luggude,Hesslunda,Hesslunda,TRUE,NA,316,https://runeberg.org/statskal/1881/0316.html
1881,Lunds,Luggude,Bårslöf,Bårslöf,TRUE,NA,316,https://runeberg.org/statskal/1881/0316.html
1881,Lunds,Luggude,Kågeröd,Kågeröd,TRUE,NA,316,https://runeberg.org/statskal/1881/0316.html
1881,Lunds,Albo och Järrestads,Raflunda,Raflunda,TRUE,NA,316,https://runeberg.org/statskal/1881/0316.html
1881,Lunds,Albo och Järrestads,Mellby,Mellby,TRUE,NA,316,https://runeberg.org/statskal/1881/0316.html
1881,Lunds,Albo och Järrestads,Vemmerlöf,Vemmerlöf,TRUE,NA,316,https://runeberg.org/statskal/1881/0316.html
1881,Lunds,Albo och Järrestads,Simris- I hamn,Simris- I hamn,TRUE,NA,316,https://runeberg.org/statskal/1881/0316.html
1881,Lunds,Albo och Järrestads,Crladsax,Crladsax,TRUE,NA,316,https://runeberg.org/statskal/1881/0316.html
1881,Lunds,Albo och Järrestads,Simris [Cimbris],Simris,TRUE,NA,316,https://runeberg.org/statskal/1881/0316.html
1881,Lunds,Albo och Järrestads,Vallby,Vallby,TRUE,NA,316,https://runeberg.org/statskal/1881/0316.html
1881,Lunds,Albo och Järrestads,Stiby,Stiby,TRUE,NA,316,https://runeberg.org/statskal/1881/0316.html
1881,Lunds,Ingelstads,Löderup,Löderup,TRUE,NA,316,https://runeberg.org/statskal/1881/0316.html
1881,Lunds,Ingelstads,Hofby,Hofby,TRUE,NA,316,https://runeberg.org/statskal/1881/0316.html
1881,Lunds,Ingelstads,Ingelstorp,Ingelstorp,TRUE,NA,316,https://runeberg.org/statskal/1881/0316.html
1881,Lunds,Ingelstads,Glemminge,Glemminge,TRUE,NA,316,https://runeberg.org/statskal/1881/0316.html
1881,Lunds,Ingelstads,Stora Köpinge,Stora Köpinge,TRUE,NA,316,https://runeberg.org/statskal/1881/0316.html
1881,Lunds,Ingelstads,Öfraby,Öfraby,TRUE,NA,316,https://runeberg.org/statskal/1881/0316.html
1881,Lunds,Ingelstads,Hammenhög,Hammenhög,TRUE,NA,316,https://runeberg.org/statskal/1881/0316.html
1881,Lunds,Ingelstads,Tryde,Tryde,TRUE,NA,316,https://runeberg.org/statskal/1881/0316.html
1881,Lunds,Södra Åsbo,Norra Vram,Norra Vram,TRUE,NA,316,https://runeberg.org/statskal/1881/0316.html
1881,Lunds,Södra Åsbo,Björnehilla,Björnehilla,TRUE,NA,316,https://runeberg.org/statskal/1881/0316.html
1881,Lunds,Södra Åsbo,Qvidinge,Qvidinge,TRUE,NA,316,https://runeberg.org/statskal/1881/0316.html
1881,Lunds,Södra Åsbo,Ausas,Ausas,TRUE,NA,316,https://runeberg.org/statskal/1881/0316.html
1881,Lunds,Södra Åsbo,Ströfvelstorp,Ströfvelstorp,TRUE,NA,317,https://runeberg.org/statskal/1881/0317.html
1881,Lunds,Norra Åsbo,Biseberga,Biseberga,TRUE,NA,317,https://runeberg.org/statskal/1881/0317.html
1881,Lunds,Norra Åsbo,Oderljunga,Oderljunga,TRUE,NA,317,https://runeberg.org/statskal/1881/0317.html
1881,Lunds,Norra Åsbo,Örkelljunga,Örkelljunga,TRUE,NA,317,https://runeberg.org/statskal/1881/0317.html
1881,Lunds,Norra Åsbo,Össjö,Össjö,TRUE,NA,317,https://runeberg.org/statskal/1881/0317.html
1881,Lunds,Norra Åsbo,Munka- Ljungby och Engelholm,Munka- Ljungby,TRUE,NA,317,https://runeberg.org/statskal/1881/0317.html
1881,Lunds,Norra Åsbo,Munka- Ljungby och Engelholm,Engelholm,FALSE,NA,317,https://runeberg.org/statskal/1881/0317.html
1881,Lunds,Bjäre,Vestra Karup,Vestra Karup,TRUE,NA,317,https://runeberg.org/statskal/1881/0317.html
1881,Lunds,Bjäre,Förslöf,Förslöf,TRUE,NA,317,https://runeberg.org/statskal/1881/0317.html
1881,Lunds,Bjäre,Barkåkra,Barkåkra,TRUE,NA,317,https://runeberg.org/statskal/1881/0317.html
1881,Lunds,Bjäre,Hjernarp,Hjernarp,TRUE,NA,317,https://runeberg.org/statskal/1881/0317.html
1881,Lunds,Bjäre,Hof [Houf],Hof,TRUE,NA,317,https://runeberg.org/statskal/1881/0317.html
1881,Lunds,Vestra Göinge,Önnestad,Önnestad,TRUE,NA,317,https://runeberg.org/statskal/1881/0317.html
1881,Lunds,Vestra Göinge,Vinslöf,Vinslöf,TRUE,NA,317,https://runeberg.org/statskal/1881/0317.html
1881,Lunds,Vestra Göinge,Mellby {+[Mälby]+},Mellby,TRUE,NA,317,https://runeberg.org/statskal/1881/0317.html
1881,Lunds,Vestra Göinge,Brönnestad,Brönnestad,TRUE,NA,317,https://runeberg.org/statskal/1881/0317.html
1881,Lunds,Vestra Göinge,Finja,Finja,TRUE,NA,317,https://runeberg.org/statskal/1881/0317.html
1881,Lunds,Vestra Göinge,Boke,Boke,TRUE,NA,317,https://runeberg.org/statskal/1881/0317.html
1881,Lunds,Vestra Göinge,Vankifva,Vankifva,TRUE,NA,317,https://runeberg.org/statskal/1881/0317.html
1881,Lunds,Vestra Göinge,Altarp,Altarp,TRUE,NA,317,https://runeberg.org/statskal/1881/0317.html
1881,Lunds,Vestra Göinge,Visseltofta,Visseltofta,TRUE,NA,317,https://runeberg.org/statskal/1881/0317.html
1881,Lunds,Vestra Göinge,Stoby,Stoby,TRUE,NA,317,https://runeberg.org/statskal/1881/0317.html
1881,Lunds,Vestra Göinge,Sörby,Sörby,TRUE,NA,317,https://runeberg.org/statskal/1881/0317.html
1881,Lunds,Östra Göinge,Hästveda,Hästveda,TRUE,NA,317,https://runeberg.org/statskal/1881/0317.html
1881,Lunds,Östra Göinge,Broby,Broby,TRUE,NA,317,https://runeberg.org/statskal/1881/0317.html
1881,Lunds,Östra Göinge,Glimåkra,Glimåkra,TRUE,NA,317,https://runeberg.org/statskal/1881/0317.html
1881,Lunds,Östra Göinge,Örkened,Örkened,TRUE,NA,317,https://runeberg.org/statskal/1881/0317.html
1881,Lunds,Östra Göinge,Osby,Osby,TRUE,NA,317,https://runeberg.org/statskal/1881/0317.html
1881,Lunds,Östra Göinge,Loshult,Loshult,TRUE,NA,317,https://runeberg.org/statskal/1881/0317.html
1881,Lunds,Östra Göinge,Hjersås,Hjersås,TRUE,NA,317,https://runeberg.org/statskal/1881/0317.html
1881,Lunds,Östra Göinge,Qviinge,Qviinge,TRUE,NA,317,https://runeberg.org/statskal/1881/0317.html
1881,Lunds,Östra Göinge,Färlöf,Färlöf,TRUE,NA,317,https://runeberg.org/statskal/1881/0317.html
1881,Lunds,Villands,Kristianstad,Kristianstad,TRUE,NA,317,https://runeberg.org/statskal/1881/0317.html
1881,Lunds,Villands,Ifvetofta,Ifvetofta,TRUE,NA,317,https://runeberg.org/statskal/1881/0317.html
1881,Lunds,Villands,Vestra Ljungby,Vestra Ljungby,TRUE,NA,317,https://runeberg.org/statskal/1881/0317.html
1881,Lunds,Villands,Åhus,Åhus,TRUE,NA,317,https://runeberg.org/statskal/1881/0317.html
1881,Lunds,Villands,Binkaby,Binkaby,TRUE,NA,317,https://runeberg.org/statskal/1881/0317.html
1881,Lunds,Villands,Nosaby,Nosaby,TRUE,NA,317,https://runeberg.org/statskal/1881/0317.html
1881,Lunds,Villands,Oppmanna,Oppmanna,TRUE,NA,317,https://runeberg.org/statskal/1881/0317.html
1881,Lunds,Villands,Fjelkinge,Fjelkinge,TRUE,NA,317,https://runeberg.org/statskal/1881/0317.html
1881,Lunds,Villands,Fjelkestad,Fjelkestad,TRUE,NA,317,https://runeberg.org/statskal/1881/0317.html
1881,Lunds,Villands,Österslöf,Österslöf,TRUE,NA,317,https://runeberg.org/statskal/1881/0317.html
1881,Lunds,Villands,Ifö,Ifö,TRUE,NA,317,https://runeberg.org/statskal/1881/0317.html
1881,Lunds,Villands,Näsum,Näsum,TRUE,NA,317,https://runeberg.org/statskal/1881/0317.html
1881,Lunds,Gärds,Träne,Träne,TRUE,NA,317,https://runeberg.org/statskal/1881/0317.html
1881,Lunds,Gärds,Vestra Vram,Vestra Vram,TRUE,NA,317,https://runeberg.org/statskal/1881/0317.html
1881,Lunds,Gärds,Efveröd,Efveröd,TRUE,NA,317,https://runeberg.org/statskal/1881/0317.html
1881,Lunds,Gärds,Huaröd,Huaröd,TRUE,NA,317,https://runeberg.org/statskal/1881/0317.html
1881,Lunds,Gärds,Hörröd,Hörröd,TRUE,NA,317,https://runeberg.org/statskal/1881/0317.html
1881,Lunds,Gärds,Vidtsköfle,Vidtsköfle,TRUE,NA,317,https://runeberg.org/statskal/1881/0317.html
1881,Lunds,Gärds,Köpinge,Köpinge,TRUE,NA,317,https://runeberg.org/statskal/1881/0317.html
1881,Lunds,Gärds,Asum,Asum,TRUE,NA,317,https://runeberg.org/statskal/1881/0317.html
1881,Lunds,Gärds,Esphult,Esphult,TRUE,NA,317,https://runeberg.org/statskal/1881/0317.html
1881,Lunds,Östra,Karlskrona,Karlskrona,TRUE,NA,317,https://runeberg.org/statskal/1881/0317.html
1881,Lunds,Östra,Lösen,Lösen,TRUE,NA,318,https://runeberg.org/statskal/1881/0318.html
1881,Lunds,Östra,Kristianopel,Kristianopel,TRUE,NA,318,https://runeberg.org/statskal/1881/0318.html
1881,Lunds,Östra,Torhamn,Torhamn,TRUE,NA,318,https://runeberg.org/statskal/1881/0318.html
1881,Lunds,Medelstads,Backaryd,Backaryd,TRUE,NA,318,https://runeberg.org/statskal/1881/0318.html
1881,Lunds,Medelstads,Hjortsberga,Hjortsberga,TRUE,NA,318,https://runeberg.org/statskal/1881/0318.html
1881,Lunds,Medelstads,Tving,Tving,TRUE,NA,318,https://runeberg.org/statskal/1881/0318.html
1881,Lunds,Medelstads,Nättraby,Nättraby,TRUE,NA,318,https://runeberg.org/statskal/1881/0318.html
1881,Lunds,Medelstads,Listerby,Listerby,TRUE,NA,318,https://runeberg.org/statskal/1881/0318.html
1881,Lunds,Medelstads,Fridlef stad,Fridlef stad,TRUE,NA,318,https://runeberg.org/statskal/1881/0318.html
1881,Lunds,Listers och Bràkne,Karlshamn,Karlshamn,TRUE,NA,318,https://runeberg.org/statskal/1881/0318.html
1881,Lunds,Listers och Bràkne,Asarum,Asarum,TRUE,NA,318,https://runeberg.org/statskal/1881/0318.html
1881,Lunds,Listers och Bràkne,Hällaryd,Hällaryd,TRUE,NA,318,https://runeberg.org/statskal/1881/0318.html
1881,Lunds,Listers och Bràkne,Hoby,Hoby,TRUE,NA,318,https://runeberg.org/statskal/1881/0318.html
1881,Lunds,Listers och Bràkne,Mörrum,Mörrum,TRUE,NA,318,https://runeberg.org/statskal/1881/0318.html
1881,Lunds,Listers och Bràkne,Jemshög,Jemshög,TRUE,NA,318,https://runeberg.org/statskal/1881/0318.html
1881,Lunds,Listers och Bràkne,Kyrkhult,Kyrkhult,TRUE,NA,318,https://runeberg.org/statskal/1881/0318.html
1881,Lunds,Listers och Bràkne,Sölvesborg,Sölvesborg,TRUE,NA,318,https://runeberg.org/statskal/1881/0318.html
1881,Göteborgs,"Kyrkoherdar, Domprosteriets Södra",Kristine församlings Tyska afdelning i Göteborg,Kristine församlings Tyska afdelning i Göteborg,TRUE,NA,318,https://runeberg.org/statskal/1881/0318.html
1881,Göteborgs,"Kyrkoherdar, Domprosteriets Södra",Örgryte,Örgryte,TRUE,NA,318,https://runeberg.org/statskal/1881/0318.html
1881,Göteborgs,"Kyrkoherdar, Domprosteriets Södra",Landvetter,Landvetter,TRUE,NA,318,https://runeberg.org/statskal/1881/0318.html
1881,Göteborgs,"Kyrkoherdar, Domprosteriets Södra",Fässberg,Fässberg,TRUE,NA,318,https://runeberg.org/statskal/1881/0318.html
1881,Göteborgs,"Kyrkoherdar, Domprosteriets Södra",Frölunda,Frölunda,TRUE,NA,318,https://runeberg.org/statskal/1881/0318.html
1881,Göteborgs,"Kyrkoherdar, Domprosteriets Södra",Styrsö,Styrsö,TRUE,NA,318,https://runeberg.org/statskal/1881/0318.html
1881,Göteborgs,"Kyrkoherdar, Domprosteriets Södra",Lundby,Lundby,TRUE,NA,318,https://runeberg.org/statskal/1881/0318.html
1881,Göteborgs,Elfsyssels Södra,Tors- \ landa,Tors- \ landa,TRUE,NA,318,https://runeberg.org/statskal/1881/0318.html
1881,Göteborgs,Elfsyssels Södra,Säf ve \,Säf ve \,TRUE,NA,318,https://runeberg.org/statskal/1881/0318.html
1881,Göteborgs,Elfsyssels Södra,Kungelf,Kungelf,TRUE,NA,318,https://runeberg.org/statskal/1881/0318.html
1881,Göteborgs,Elfsyssels Södra,Karreby,Karreby,TRUE,NA,318,https://runeberg.org/statskal/1881/0318.html
1881,Göteborgs,Elfsyssels Södra,Torsby,Torsby,TRUE,NA,318,https://runeberg.org/statskal/1881/0318.html
1881,Göteborgs,Elfsyssels Södra,Marstrand,Marstrand,TRUE,NA,318,https://runeberg.org/statskal/1881/0318.html
1881,Göteborgs,Elfsyssels Södra,Solberga,Solberga,TRUE,NA,318,https://runeberg.org/statskal/1881/0318.html
1881,Göteborgs,Elfsyssels Södra,Sp eker öd,Sp eker öd,TRUE,NA,318,https://runeberg.org/statskal/1881/0318.html
1881,Göteborgs,Elfsyssels Södra,Hjertum,Hjertum,TRUE,NA,318,https://runeberg.org/statskal/1881/0318.html
1881,Göteborgs,Elfsyssels Norra,Ödsmål,Ödsmål,TRUE,NA,318,https://runeberg.org/statskal/1881/0318.html
1881,Göteborgs,Elfsyssels Norra,Forshälla,Forshälla,TRUE,NA,318,https://runeberg.org/statskal/1881/0318.html
1881,Göteborgs,Elfsyssels Norra,Uddevalla,Uddevalla,TRUE,NA,318,https://runeberg.org/statskal/1881/0318.html
1881,Göteborgs,Elfsyssels Norra,Skredsvik,Skredsvik,TRUE,NA,319,https://runeberg.org/statskal/1881/0319.html
1881,Göteborgs,Elfsyssels Norra,Bokenäs,Bokenäs,TRUE,NA,319,https://runeberg.org/statskal/1881/0319.html
1881,Göteborgs,Orusts och Tjörns,Tjörn,Tjörn,TRUE,NA,319,https://runeberg.org/statskal/1881/0319.html
1881,Göteborgs,Orusts och Tjörns,Morlanda,Morlanda,TRUE,NA,319,https://runeberg.org/statskal/1881/0319.html
1881,Göteborgs,Orusts och Tjörns,Tegneby,Tegneby,TRUE,NA,319,https://runeberg.org/statskal/1881/0319.html
1881,Göteborgs,Orusts och Tjörns,Myckleby,Myckleby,TRUE,NA,319,https://runeberg.org/statskal/1881/0319.html
1881,Göteborgs,Vikornas Södra,Foss,Foss,TRUE,NA,319,https://runeberg.org/statskal/1881/0319.html
1881,Göteborgs,Vikornas Södra,Bro,Bro,TRUE,NA,319,https://runeberg.org/statskal/1881/0319.html
1881,Göteborgs,Vikornas Södra,Tossene,Tossene,TRUE,NA,319,https://runeberg.org/statskal/1881/0319.html
1881,Göteborgs,Vikornas Södra,Qville,Qville,TRUE,NA,319,https://runeberg.org/statskal/1881/0319.html
1881,Göteborgs,Vikornas Södra,Krokstad,Krokstad,TRUE,NA,319,https://runeberg.org/statskal/1881/0319.html
1881,Göteborgs,Vikornas Norra,Tanum,Tanum,TRUE,NA,319,https://runeberg.org/statskal/1881/0319.html
1881,Göteborgs,Vikornas Norra,Skede [Skee] med Strömstad,Skede med Strömstad,TRUE,NA,319,https://runeberg.org/statskal/1881/0319.html
1881,Göteborgs,Vikornas Norra,Näsinge,Näsinge,TRUE,NA,319,https://runeberg.org/statskal/1881/0319.html
1881,Göteborgs,Vikornas Norra,Näfver stad,Näfver stad,TRUE,NA,319,https://runeberg.org/statskal/1881/0319.html
1881,Göteborgs,Domprosteriets Norra,Lundby,Lundby,TRUE,NA,319,https://runeberg.org/statskal/1881/0319.html
1881,Göteborgs,Domprosteriets Norra,Angered,Angered,TRUE,NA,319,https://runeberg.org/statskal/1881/0319.html
1881,Göteborgs,Domprosteriets Norra,Starrkärr,Starrkärr,TRUE,NA,319,https://runeberg.org/statskal/1881/0319.html
1881,Göteborgs,Domprosteriets Norra,Östad,Östad,TRUE,NA,319,https://runeberg.org/statskal/1881/0319.html
1881,Göteborgs,Domprosteriets Norra,Skepplanda,Skepplanda,TRUE,NA,319,https://runeberg.org/statskal/1881/0319.html
1881,Göteborgs,Domprosteriets Norra,Sköfde,Sköfde,TRUE,NA,319,https://runeberg.org/statskal/1881/0319.html
1881,Göteborgs,Domprosteriets Norra,Bomeled,Bomeled,TRUE,NA,319,https://runeberg.org/statskal/1881/0319.html
1881,Göteborgs,Marks och Bollebygds,Sätila,Sätila,TRUE,NA,319,https://runeberg.org/statskal/1881/0319.html
1881,Göteborgs,Marks och Bollebygds,Seglora,Seglora,TRUE,NA,319,https://runeberg.org/statskal/1881/0319.html
1881,Göteborgs,Marks och Bollebygds,Örby,Örby,TRUE,NA,319,https://runeberg.org/statskal/1881/0319.html
1881,Göteborgs,Marks och Bollebygds,Berghem,Berghem,TRUE,NA,319,https://runeberg.org/statskal/1881/0319.html
1881,Göteborgs,Marks och Bollebygds,Surteby,Surteby,TRUE,NA,319,https://runeberg.org/statskal/1881/0319.html
1881,Göteborgs,Marks och Bollebygds,Istorp,Istorp,TRUE,NA,319,https://runeberg.org/statskal/1881/0319.html
1881,Göteborgs,Marks och Bollebygds,Kungsäter,Kungsäter,TRUE,NA,319,https://runeberg.org/statskal/1881/0319.html
1881,Göteborgs,Marks och Bollebygds,Torestorp,Torestorp,TRUE,NA,319,https://runeberg.org/statskal/1881/0319.html
1881,Göteborgs,Marks och Bollebygds,Bollebygd,Bollebygd,TRUE,NA,319,https://runeberg.org/statskal/1881/0319.html
1881,Göteborgs,Kinds,Mjöbäch,Mjöbäch,TRUE,NA,319,https://runeberg.org/statskal/1881/0319.html
1881,Göteborgs,Kinds,Svenljunga,Svenljunga,TRUE,NA,319,https://runeberg.org/statskal/1881/0319.html
1881,Göteborgs,Kinds,Sexdräga,Sexdräga,TRUE,NA,319,https://runeberg.org/statskal/1881/0319.html
1881,Göteborgs,Kinds,Länghem,Länghem,TRUE,NA,319,https://runeberg.org/statskal/1881/0319.html
1881,Göteborgs,Kinds,Dalstorp,Dalstorp,TRUE,NA,319,https://runeberg.org/statskal/1881/0319.html
1881,Göteborgs,Kinds,Tranemo,Tranemo,TRUE,NA,319,https://runeberg.org/statskal/1881/0319.html
1881,Göteborgs,Kinds,Kalf,Kalf,TRUE,NA,319,https://runeberg.org/statskal/1881/0319.html
1881,Göteborgs,Fjåre och Viske,Tölö,Tölö,TRUE,NA,319,https://runeberg.org/statskal/1881/0319.html
1881,Göteborgs,Fjåre och Viske,Valida,Valida,TRUE,NA,319,https://runeberg.org/statskal/1881/0319.html
1881,Göteborgs,Fjåre och Viske,Onsala,Onsala,TRUE,NA,319,https://runeberg.org/statskal/1881/0319.html
1881,Göteborgs,Fjåre och Viske,Kungsbacka,Kungsbacka,TRUE,NA,319,https://runeberg.org/statskal/1881/0319.html
1881,Göteborgs,Fjåre och Viske,Fjärås,Fjärås,TRUE,NA,319,https://runeberg.org/statskal/1881/0319.html
1881,Göteborgs,Fjåre och Viske,Örmevalla,Örmevalla,TRUE,NA,319,https://runeberg.org/statskal/1881/0319.html
1881,Göteborgs,Fjåre och Viske,Frillesäs,Frillesäs,TRUE,NA,319,https://runeberg.org/statskal/1881/0319.html
1881,Göteborgs,Fjåre och Viske,Värö,Värö,TRUE,NA,319,https://runeberg.org/statskal/1881/0319.html
1881,Göteborgs,Fjåre och Viske,Veddige,Veddige,TRUE,NA,319,https://runeberg.org/statskal/1881/0319.html
1881,Göteborgs,Varbergs,Hvalinge,Hvalinge,TRUE,NA,319,https://runeberg.org/statskal/1881/0319.html
1881,Göteborgs,Varbergs,Varberg,Varberg,TRUE,NA,319,https://runeberg.org/statskal/1881/0319.html
1881,Göteborgs,Varbergs,Lindberg,Lindberg,TRUE,NA,319,https://runeberg.org/statskal/1881/0319.html
1881,Göteborgs,Varbergs,Träslöf,Träslöf,TRUE,NA,319,https://runeberg.org/statskal/1881/0319.html
1881,Göteborgs,Varbergs,Runestad,Runestad,TRUE,NA,319,https://runeberg.org/statskal/1881/0319.html
1881,Göteborgs,Varbergs,Grimeton,Grimeton,TRUE,NA,319,https://runeberg.org/statskal/1881/0319.html
1881,Göteborgs,Varbergs,Tvååker,Tvååker,TRUE,NA,319,https://runeberg.org/statskal/1881/0319.html
1881,Göteborgs,Falkenbergs,Morup,Morup,TRUE,NA,319,https://runeberg.org/statskal/1881/0319.html
1881,Göteborgs,Falkenbergs,Falkenberg,Falkenberg,TRUE,NA,319,https://runeberg.org/statskal/1881/0319.html
1881,Göteborgs,Falkenbergs,Vinberg,Vinberg,TRUE,NA,320,https://runeberg.org/statskal/1881/0320.html
1881,Göteborgs,Falkenbergs,Sibbarp,Sibbarp,TRUE,NA,320,https://runeberg.org/statskal/1881/0320.html
1881,Göteborgs,Falkenbergs,Okome,Okome,TRUE,NA,320,https://runeberg.org/statskal/1881/0320.html
1881,Göteborgs,Falkenbergs,Fagered,Fagered,TRUE,NA,320,https://runeberg.org/statskal/1881/0320.html
1881,Göteborgs,Falkenbergs,Gällared,Gällared,TRUE,NA,320,https://runeberg.org/statskal/1881/0320.html
1881,Göteborgs,Halmstads,Brängsered,Brängsered,TRUE,NA,320,https://runeberg.org/statskal/1881/0320.html
1881,Göteborgs,Halmstads,Vessige,Vessige,TRUE,NA,320,https://runeberg.org/statskal/1881/0320.html
1881,Göteborgs,Halmstads,Abild,Abild,TRUE,NA,320,https://runeberg.org/statskal/1881/0320.html
1881,Göteborgs,Halmstads,Är stad,Är stad,TRUE,NA,320,https://runeberg.org/statskal/1881/0320.html
1881,Göteborgs,Halmstads,Slöinge,Slöinge,TRUE,NA,320,https://runeberg.org/statskal/1881/0320.html
1881,Göteborgs,Halmstads,Getinge,Getinge,TRUE,NA,320,https://runeberg.org/statskal/1881/0320.html
1881,Göteborgs,Halmstads,Harplinge,Harplinge,TRUE,NA,320,https://runeberg.org/statskal/1881/0320.html
1881,Göteborgs,Halmstads,Halmstad,Halmstad,TRUE,NA,320,https://runeberg.org/statskal/1881/0320.html
1881,Göteborgs,Halmstads,Slättåkra,Slättåkra,TRUE,NA,320,https://runeberg.org/statskal/1881/0320.html
1881,Göteborgs,Halmstads,Torup,Torup,TRUE,NA,320,https://runeberg.org/statskal/1881/0320.html
1881,Göteborgs,Laholms,Bredared,Bredared,TRUE,NA,320,https://runeberg.org/statskal/1881/0320.html
1881,Göteborgs,Laholms,Enslöf,Enslöf,TRUE,NA,320,https://runeberg.org/statskal/1881/0320.html
1881,Göteborgs,Laholms,Snöstorp,Snöstorp,TRUE,NA,320,https://runeberg.org/statskal/1881/0320.html
1881,Göteborgs,Laholms,Eldsberga,Eldsberga,TRUE,NA,320,https://runeberg.org/statskal/1881/0320.html
1881,Göteborgs,Laholms,Laholm,Laholm,TRUE,NA,320,https://runeberg.org/statskal/1881/0320.html
1881,Göteborgs,Laholms,Veinge,Veinge,TRUE,NA,320,https://runeberg.org/statskal/1881/0320.html
1881,Göteborgs,Laholms,Knäred,Knäred,TRUE,NA,320,https://runeberg.org/statskal/1881/0320.html
1881,Göteborgs,Laholms,Benneslöf,Benneslöf,TRUE,NA,320,https://runeberg.org/statskal/1881/0320.html
1881,Göteborgs,Laholms,Östra Karup,Östra Karup,TRUE,NA,320,https://runeberg.org/statskal/1881/0320.html
1881,Göteborgs,Laholms,Hishult,Hishult,TRUE,NA,320,https://runeberg.org/statskal/1881/0320.html
1881,Kalmar,"Kyrkoherdar, Bomprosteriet eller Norra Möre",Kalmar,Kalmar,TRUE,NA,320,https://runeberg.org/statskal/1881/0320.html
1881,Kalmar,"Kyrkoherdar, Bomprosteriet eller Norra Möre",Börby,Börby,TRUE,NA,320,https://runeberg.org/statskal/1881/0320.html
1881,Kalmar,"Kyrkoherdar, Bomprosteriet eller Norra Möre",Ryssby,Ryssby,TRUE,NA,320,https://runeberg.org/statskal/1881/0320.html
1881,Kalmar,"Kyrkoherdar, Bomprosteriet eller Norra Möre",Åby,Åby,TRUE,NA,320,https://runeberg.org/statskal/1881/0320.html
1881,Kalmar,"Kyrkoherdar, Bomprosteriet eller Norra Möre",Förlösa,Förlösa,TRUE,NA,320,https://runeberg.org/statskal/1881/0320.html
1881,Kalmar,"Kyrkoherdar, Bomprosteriet eller Norra Möre",Kristvalla,Kristvalla,TRUE,NA,320,https://runeberg.org/statskal/1881/0320.html
1881,Kalmar,Stranda,Ålem,Ålem,TRUE,NA,320,https://runeberg.org/statskal/1881/0320.html
1881,Kalmar,Stranda,Döderhult,Döderhult,TRUE,NA,320,https://runeberg.org/statskal/1881/0320.html
1881,Kalmar,Handbörds,Högsby,Högsby,TRUE,NA,320,https://runeberg.org/statskal/1881/0320.html
1881,Kalmar,Handbörds,Fagerhult,Fagerhult,TRUE,NA,320,https://runeberg.org/statskal/1881/0320.html
1881,Kalmar,Handbörds,Kråksmåla,Kråksmåla,TRUE,NA,320,https://runeberg.org/statskal/1881/0320.html
1881,Kalmar,Handbörds,Fliseryd,Fliseryd,TRUE,NA,320,https://runeberg.org/statskal/1881/0320.html
1881,Kalmar,Södra Möre,Ljungby,Ljungby,TRUE,NA,320,https://runeberg.org/statskal/1881/0320.html
1881,Kalmar,Södra Möre,Arby,Arby,TRUE,NA,320,https://runeberg.org/statskal/1881/0320.html
1881,Kalmar,Södra Möre,Halltorp,Halltorp,TRUE,NA,320,https://runeberg.org/statskal/1881/0320.html
1881,Kalmar,Södra Möre,Söderåkra,Söderåkra,TRUE,NA,320,https://runeberg.org/statskal/1881/0320.html
1881,Kalmar,Södra Möre,Torsås,Torsås,TRUE,NA,321,https://runeberg.org/statskal/1881/0321.html
1881,Kalmar,Södra Möre,Vissefjerda,Vissefjerda,TRUE,NA,321,https://runeberg.org/statskal/1881/0321.html
1881,Kalmar,Södra Möre,Madesjö,Madesjö,TRUE,NA,321,https://runeberg.org/statskal/1881/0321.html
1881,Kalmar,Ölands Norra,Böda,Böda,TRUE,NA,321,https://runeberg.org/statskal/1881/0321.html
1881,Kalmar,Ölands Norra,Högby,Högby,TRUE,NA,321,https://runeberg.org/statskal/1881/0321.html
1881,Kalmar,Ölands Norra,Källa,Källa,TRUE,NA,321,https://runeberg.org/statskal/1881/0321.html
1881,Kalmar,Ölands Norra,Persnäs,Persnäs,TRUE,NA,321,https://runeberg.org/statskal/1881/0321.html
1881,Kalmar,Ölands Norra,Löt,Löt,TRUE,NA,321,https://runeberg.org/statskal/1881/0321.html
1881,Kalmar,Ölands Norra,Köping,Köping,TRUE,NA,321,https://runeberg.org/statskal/1881/0321.html
1881,Kalmar,Ölands Norra,Borgholm,Borgholm,TRUE,NA,321,https://runeberg.org/statskal/1881/0321.html
1881,Kalmar,Ölands Norra,Repplinge,Repplinge,TRUE,NA,321,https://runeberg.org/statskal/1881/0321.html
1881,Kalmar,Ölands Norra,Gärdslösa,Gärdslösa,TRUE,NA,321,https://runeberg.org/statskal/1881/0321.html
1881,Kalmar,Ölands Norra,Långlöt,Långlöt,TRUE,NA,321,https://runeberg.org/statskal/1881/0321.html
1881,Kalmar,Ölands Norra,Runsten,Runsten,TRUE,NA,321,https://runeberg.org/statskal/1881/0321.html
1881,Kalmar,Ölands Norra,Norra Möckleby,Norra Möckleby,TRUE,NA,321,https://runeberg.org/statskal/1881/0321.html
1881,Kalmar,Ölands Norra,Torslunda,Torslunda,TRUE,NA,321,https://runeberg.org/statskal/1881/0321.html
1881,Kalmar,Ölands Norra,Glömminge,Glömminge,TRUE,NA,321,https://runeberg.org/statskal/1881/0321.html
1881,Kalmar,Ölands Norra,Sandby,Sandby,TRUE,NA,321,https://runeberg.org/statskal/1881/0321.html
1881,Kalmar,Ölands Norra,Vickleby,Vickleby,TRUE,NA,321,https://runeberg.org/statskal/1881/0321.html
1881,Kalmar,Ölands Södra,Resmo,Resmo,TRUE,NA,321,https://runeberg.org/statskal/1881/0321.html
1881,Kalmar,Ölands Södra,Kastlösa,Kastlösa,TRUE,NA,321,https://runeberg.org/statskal/1881/0321.html
1881,Kalmar,Ölands Södra,Hulterstad,Hulterstad,TRUE,NA,321,https://runeberg.org/statskal/1881/0321.html
1881,Kalmar,Ölands Södra,Smedby,Smedby,TRUE,NA,321,https://runeberg.org/statskal/1881/0321.html
1881,Kalmar,Ölands Södra,Segerstad,Segerstad,TRUE,NA,321,https://runeberg.org/statskal/1881/0321.html
1881,Kalmar,Ölands Södra,Gräsgärd,Gräsgärd,TRUE,NA,321,https://runeberg.org/statskal/1881/0321.html
1881,Kalmar,Ölands Södra,As,As,TRUE,NA,321,https://runeberg.org/statskal/1881/0321.html
1881,Karlstads,"Kyrkoherdar, Kils",Karlstad och Kil,Karlstad,TRUE,NA,321,https://runeberg.org/statskal/1881/0321.html
1881,Karlstads,"Kyrkoherdar, Kils",Karlstad och Kil,Kil,FALSE,NA,321,https://runeberg.org/statskal/1881/0321.html
1881,Karlstads,"Kyrkoherdar, Kils",Grafva,Grafva,TRUE,NA,321,https://runeberg.org/statskal/1881/0321.html
1881,Karlstads,"Kyrkoherdar, Kils",Hammarö,Hammarö,TRUE,NA,321,https://runeberg.org/statskal/1881/0321.html
1881,Karlstads,Elfdals,Ekshärad,Ekshärad,TRUE,NA,321,https://runeberg.org/statskal/1881/0321.html
1881,Karlstads,Elfdals,Ny,Ny,TRUE,NA,321,https://runeberg.org/statskal/1881/0321.html
1881,Karlstads,Elfdals,Dalbyar,Dalbyar,TRUE,NA,321,https://runeberg.org/statskal/1881/0321.html
1881,Karlstads,Elfdals,Finnskoga,Finnskoga,TRUE,NA,321,https://runeberg.org/statskal/1881/0321.html
1881,Karlstads,Visnums,Karlskoga,Karlskoga,TRUE,NA,321,https://runeberg.org/statskal/1881/0321.html
1881,Karlstads,Visnums,Bjurtjärn,Bjurtjärn,TRUE,NA,321,https://runeberg.org/statskal/1881/0321.html
1881,Karlstads,Visnums,Visnum,Visnum,TRUE,NA,321,https://runeberg.org/statskal/1881/0321.html
1881,Karlstads,Visnums,Kristinehamn,Kristinehamn,TRUE,NA,321,https://runeberg.org/statskal/1881/0321.html
1881,Karlstads,Visnums,Rudskoga,Rudskoga,TRUE,NA,321,https://runeberg.org/statskal/1881/0321.html
1881,Karlstads,Nyeds,Filipstad,Filipstad,TRUE,NA,321,https://runeberg.org/statskal/1881/0321.html
1881,Karlstads,Nyeds,Näsrämmen,Näsrämmen,TRUE,NA,321,https://runeberg.org/statskal/1881/0321.html
1881,Karlstads,Nyeds,Gåsborn,Gåsborn,TRUE,NA,321,https://runeberg.org/statskal/1881/0321.html
1881,Karlstads,Nyeds,Brattfors,Brattfors,TRUE,NA,321,https://runeberg.org/statskal/1881/0321.html
1881,Karlstads,Nyeds,Väsehärad,Väsehärad,TRUE,NA,321,https://runeberg.org/statskal/1881/0321.html
1881,Karlstads,Nyeds,Alster,Alster,TRUE,NA,321,https://runeberg.org/statskal/1881/0321.html
1881,Karlstads,Nyeds,Nyed,Nyed,TRUE,NA,322,https://runeberg.org/statskal/1881/0322.html
1881,Karlstads,Nyeds,Ölmehärad,Ölmehärad,TRUE,NA,322,https://runeberg.org/statskal/1881/0322.html
1881,Karlstads,Nyeds,Kroppa,Kroppa,TRUE,NA,322,https://runeberg.org/statskal/1881/0322.html
1881,Karlstads,Fryksdals,Sunne,Sunne,TRUE,NA,322,https://runeberg.org/statskal/1881/0322.html
1881,Karlstads,Fryksdals,Östmark,Östmark,TRUE,NA,322,https://runeberg.org/statskal/1881/0322.html
1881,Karlstads,Jösse,Arvika,Arvika,TRUE,NA,322,https://runeberg.org/statskal/1881/0322.html
1881,Karlstads,Jösse,Gunnarskog,Gunnarskog,TRUE,NA,322,https://runeberg.org/statskal/1881/0322.html
1881,Karlstads,Jösse,Kölen,Kölen,TRUE,NA,322,https://runeberg.org/statskal/1881/0322.html
1881,Karlstads,Jösse,Fda,Fda,TRUE,NA,322,https://runeberg.org/statskal/1881/0322.html
1881,Karlstads,Jösse,Brunskog,Brunskog,TRUE,NA,322,https://runeberg.org/statskal/1881/0322.html
1881,Karlstads,Nordmarks,Holmedal,Holmedal,TRUE,NA,322,https://runeberg.org/statskal/1881/0322.html
1881,Karlstads,Nordmarks,Blomskog,Blomskog,TRUE,NA,322,https://runeberg.org/statskal/1881/0322.html
1881,Karlstads,Nordmarks,Sillerud,Sillerud,TRUE,NA,322,https://runeberg.org/statskal/1881/0322.html
1881,Karlstads,Nordmarks,Silbodal,Silbodal,TRUE,NA,322,https://runeberg.org/statskal/1881/0322.html
1881,Karlstads,Gillbergs,Gillberga,Gillberga,TRUE,NA,322,https://runeberg.org/statskal/1881/0322.html
1881,Karlstads,Gillbergs,Kila,Kila,TRUE,NA,322,https://runeberg.org/statskal/1881/0322.html
1881,Karlstads,Gillbergs,Stafnäs,Stafnäs,TRUE,NA,322,https://runeberg.org/statskal/1881/0322.html
1881,Karlstads,Gillbergs,Glafva,Glafva,TRUE,NA,322,https://runeberg.org/statskal/1881/0322.html
1881,Karlstads,Nors,Nor,Nor,TRUE,NA,322,https://runeberg.org/statskal/1881/0322.html
1881,Karlstads,Nors,By,By,TRUE,NA,322,https://runeberg.org/statskal/1881/0322.html
1881,Karlstads,Nors,Millesvik,Millesvik,TRUE,NA,322,https://runeberg.org/statskal/1881/0322.html
1881,Karlstads,Norra Bals,Steneby,Steneby,TRUE,NA,322,https://runeberg.org/statskal/1881/0322.html
1881,Karlstads,Norra Bals,Ertemark,Ertemark,TRUE,NA,322,https://runeberg.org/statskal/1881/0322.html
1881,Karlstads,Norra Bals,Edsleskog,Edsleskog,TRUE,NA,322,https://runeberg.org/statskal/1881/0322.html
1881,Karlstads,Norra Bals,Tösse,Tösse,TRUE,NA,322,https://runeberg.org/statskal/1881/0322.html
1881,Karlstads,Norra Bals,Åmål,Åmål,TRUE,NA,322,https://runeberg.org/statskal/1881/0322.html
1881,Karlstads,Södra Bals,Ör,Ör,TRUE,NA,322,https://runeberg.org/statskal/1881/0322.html
1881,Karlstads,Södra Bals,Bolstad,Bolstad,TRUE,NA,322,https://runeberg.org/statskal/1881/0322.html
1881,Karlstads,Södra Bals,Frändefors,Frändefors,TRUE,NA,322,https://runeberg.org/statskal/1881/0322.html
1881,Karlstads,Vestra Bals,Högsäter,Högsäter,TRUE,NA,322,https://runeberg.org/statskal/1881/0322.html
1881,Karlstads,Vestra Bals,Ed,Ed,TRUE,NA,322,https://runeberg.org/statskal/1881/0322.html
1881,Karlstads,Vestra Bals,Ferglanda,Ferglanda,TRUE,NA,322,https://runeberg.org/statskal/1881/0322.html
1881,Karlstads,Vestra Bals,Rölanda,Rölanda,TRUE,NA,322,https://runeberg.org/statskal/1881/0322.html
1881,Karlstads,Vestra Bals,Torp,Torp,TRUE,NA,322,https://runeberg.org/statskal/1881/0322.html
1881,Hernösands,NA,Hernösand,Hernösand,TRUE,NA,322,https://runeberg.org/statskal/1881/0322.html
1881,Hernösands,NA,Stigsjö,Stigsjö,TRUE,NA,322,https://runeberg.org/statskal/1881/0322.html
1881,Hernösands,NA,Häggdånger,Häggdånger,TRUE,NA,322,https://runeberg.org/statskal/1881/0322.html
1881,Hernösands,Ångermanlands Östra,Nordingrå,Nordingrå,TRUE,NA,322,https://runeberg.org/statskal/1881/0322.html
1881,Hernösands,Ångermanlands Östra,Nora,Nora,TRUE,NA,323,https://runeberg.org/statskal/1881/0323.html
1881,Hernösands,Ångermanlands Östra,Torsåker,Torsåker,TRUE,NA,323,https://runeberg.org/statskal/1881/0323.html
1881,Hernösands,Ångermanlands Vestra,Sollefteå,Sollefteå,TRUE,NA,323,https://runeberg.org/statskal/1881/0323.html
1881,Hernösands,Ångermanlands Vestra,Boteå,Boteå,TRUE,NA,323,https://runeberg.org/statskal/1881/0323.html
1881,Hernösands,Ångermanlands Vestra,Besele,Besele,TRUE,NA,323,https://runeberg.org/statskal/1881/0323.html
1881,Hernösands,Ångermanlands Vestra,Bodum,Bodum,TRUE,NA,323,https://runeberg.org/statskal/1881/0323.html
1881,Hernösands,Ångermanlands Nordvestra,Nätra,Nätra,TRUE,NA,323,https://runeberg.org/statskal/1881/0323.html
1881,Hernösands,Ångermanlands Nordvestra,Sidensjö,Sidensjö,TRUE,NA,323,https://runeberg.org/statskal/1881/0323.html
1881,Hernösands,Ångermanlands Nordvestra,Anundsjö,Anundsjö,TRUE,NA,323,https://runeberg.org/statskal/1881/0323.html
1881,Hernösands,Ångermanlands Nordvestra,Själevad,Själevad,TRUE,NA,323,https://runeberg.org/statskal/1881/0323.html
1881,Hernösands,Ångermanlands Nordvestra,Mo,Mo,TRUE,NA,323,https://runeberg.org/statskal/1881/0323.html
1881,Hernösands,Ångermanlands Nordöstra,Nordmaling,Nordmaling,TRUE,NA,323,https://runeberg.org/statskal/1881/0323.html
1881,Hernösands,Ångermanlands Nordöstra,B jurholm,B jurholm,TRUE,NA,323,https://runeberg.org/statskal/1881/0323.html
1881,Hernösands,Vesterbottens lista,Degerfors,Degerfors,TRUE,NA,323,https://runeberg.org/statskal/1881/0323.html
1881,Hernösands,Vesterbottens lista,Nysätra,Nysätra,TRUE,NA,323,https://runeberg.org/statskal/1881/0323.html
1881,Hernösands,Vesterbottens 2:dra,Skellefteå,Skellefteå,TRUE,NA,323,https://runeberg.org/statskal/1881/0323.html
1881,Hernösands,Vesterbottens 2:dra,Byske,Byske,TRUE,NA,323,https://runeberg.org/statskal/1881/0323.html
1881,Hernösands,Vesterbottens 2:dra,Burträsk,Burträsk,TRUE,NA,323,https://runeberg.org/statskal/1881/0323.html
1881,Hernösands,Vesterbottens 2:dra,Piteå,Piteå,TRUE,NA,323,https://runeberg.org/statskal/1881/0323.html
1881,Hernösands,Vesterbottens 2:dra,Arvidsjaur,Arvidsjaur,TRUE,NA,323,https://runeberg.org/statskal/1881/0323.html
1881,Hernösands,Vesterbottens 3:dje,Luleå,Luleå,TRUE,NA,323,https://runeberg.org/statskal/1881/0323.html
1881,Hernösands,Vesterbottens 3:dje,Neder-Kalix,Neder-Kalix,TRUE,NA,323,https://runeberg.org/statskal/1881/0323.html
1881,Hernösands,Vesterbottens 3:dje,Öfver-Luleå,Öfver-Luleå,TRUE,NA,323,https://runeberg.org/statskal/1881/0323.html
1881,Hernösands,Vesterbottens 3:dje,Båneå,Båneå,TRUE,NA,323,https://runeberg.org/statskal/1881/0323.html
1881,Hernösands,Vesterbottens 3:dje,Öfver-Kalix,Öfver-Kalix,TRUE,NA,323,https://runeberg.org/statskal/1881/0323.html
1881,Hernösands,Vesterbottens 3:dje,Jockmock,Jockmock,TRUE,NA,323,https://runeberg.org/statskal/1881/0323.html
1881,Hernösands,Vesterbottens 3:dje,Gellivare,Gellivare,TRUE,NA,323,https://runeberg.org/statskal/1881/0323.html
1881,Hernösands,Vesterbottens 4:de,Öfver-Torneå,Öfver-Torneå,TRUE,NA,323,https://runeberg.org/statskal/1881/0323.html
1881,Hernösands,Vesterbottens 4:de,Hietaniemi,Hietaniemi,TRUE,NA,323,https://runeberg.org/statskal/1881/0323.html
1881,Hernösands,Vesterbottens 4:de,Pajala,Pajala,TRUE,NA,323,https://runeberg.org/statskal/1881/0323.html
1881,Hernösands,Vesterbottens 4:de,Juckasjärvi,Juckasjärvi,TRUE,NA,323,https://runeberg.org/statskal/1881/0323.html
1881,Hernösands,Södra Lappmarkens,Lycksele,Lycksele,TRUE,NA,323,https://runeberg.org/statskal/1881/0323.html
1881,Hernösands,Medelpads,Ljustorp,Ljustorp,TRUE,NA,324,https://runeberg.org/statskal/1881/0324.html
1881,Hernösands,Medelpads,Sättna,Sättna,TRUE,NA,324,https://runeberg.org/statskal/1881/0324.html
1881,Hernösands,Medelpads,Sundsvall,Sundsvall,TRUE,NA,324,https://runeberg.org/statskal/1881/0324.html
1881,Hernösands,Medelpads,Indal,Indal,TRUE,NA,324,https://runeberg.org/statskal/1881/0324.html
1881,Hernösands,Medelpads,Torp,Torp,TRUE,NA,324,https://runeberg.org/statskal/1881/0324.html
1881,Hernösands,Medelpads,Borgsjö,Borgsjö,TRUE,NA,324,https://runeberg.org/statskal/1881/0324.html
1881,Hernösands,Medelpads,Stode,Stode,TRUE,NA,324,https://runeberg.org/statskal/1881/0324.html
1881,Hernösands,Medelpads,Tuna,Tuna,TRUE,NA,324,https://runeberg.org/statskal/1881/0324.html
1881,Hernösands,Medelpads,Njurunda,Njurunda,TRUE,NA,324,https://runeberg.org/statskal/1881/0324.html
1881,Hernösands,Medelpads,Häfverö,Häfverö,TRUE,NA,324,https://runeberg.org/statskal/1881/0324.html
1881,Hernösands,Jemtlands Norra,Hammerdal,Hammerdal,TRUE,NA,324,https://runeberg.org/statskal/1881/0324.html
1881,Hernösands,Jemtlands Norra,Ström,Ström,TRUE,NA,324,https://runeberg.org/statskal/1881/0324.html
1881,Hernösands,Jemtlands Norra,Lit,Lit,TRUE,NA,324,https://runeberg.org/statskal/1881/0324.html
1881,Hernösands,Jemtlands Östra,Be/sund,Be sund,TRUE,NA,324,https://runeberg.org/statskal/1881/0324.html
1881,Hernösands,Jemtlands Östra,Brunflo med Östersund,Brunflo med Östersund,TRUE,NA,324,https://runeberg.org/statskal/1881/0324.html
1881,Hernösands,Jemtlands Östra,Näs,Näs,TRUE,NA,324,https://runeberg.org/statskal/1881/0324.html
1881,Hernösands,Jemtlands Östra,Sunne,Sunne,TRUE,NA,324,https://runeberg.org/statskal/1881/0324.html
1881,Hernösands,Jemtlands Östra,Bagunda,Bagunda,TRUE,NA,324,https://runeberg.org/statskal/1881/0324.html
1881,Hernösands,Jemtlands Södra,Berg,Berg,TRUE,NA,324,https://runeberg.org/statskal/1881/0324.html
1881,Hernösands,Jemtlands Södra,Brunflo,Brunflo,TRUE,NA,324,https://runeberg.org/statskal/1881/0324.html
1881,Hernösands,Jemtlands Södra,Sveg,Sveg,TRUE,NA,324,https://runeberg.org/statskal/1881/0324.html
1881,Hernösands,Jemtlands Södra,Hede,Hede,TRUE,NA,324,https://runeberg.org/statskal/1881/0324.html
1881,Hernösands,Jemtlands Södra,Lillherdal,Lillherdal,TRUE,NA,324,https://runeberg.org/statskal/1881/0324.html
1881,Hernösands,Jemtlands Södra,Högdal,Högdal,TRUE,NA,324,https://runeberg.org/statskal/1881/0324.html
1881,Hernösands,Jemtlands Vestra,Oviken,Oviken,TRUE,NA,324,https://runeberg.org/statskal/1881/0324.html
1881,Visby,NA,Visby,Visby,TRUE,NA,324,https://runeberg.org/statskal/1881/0324.html
1881,Visby,NA,Källunge,Källunge,TRUE,NA,324,https://runeberg.org/statskal/1881/0324.html
1881,Visby,NA,Fole,Fole,TRUE,NA,324,https://runeberg.org/statskal/1881/0324.html
1881,Visby,NA,Barlingbo,Barlingbo,TRUE,NA,324,https://runeberg.org/statskal/1881/0324.html
1881,Visby,NA,Follingbo,Follingbo,TRUE,NA,324,https://runeberg.org/statskal/1881/0324.html
1881,Visby,NA,Endre,Endre,TRUE,NA,324,https://runeberg.org/statskal/1881/0324.html
1881,Visby,NA,Vestkinde,Vestkinde,TRUE,NA,324,https://runeberg.org/statskal/1881/0324.html
1881,Visby,NA,Martebo,Martebo,TRUE,NA,324,https://runeberg.org/statskal/1881/0324.html
1881,Visby,NA,Stenkyrka,Stenkyrka,TRUE,NA,324,https://runeberg.org/statskal/1881/0324.html
1881,Visby,NA,Hangvar,Hangvar,TRUE,NA,324,https://runeberg.org/statskal/1881/0324.html
1881,Visby,NA,Roma,Roma,TRUE,NA,324,https://runeberg.org/statskal/1881/0324.html
1881,Visby,NA,Fårö,Fårö,TRUE,NA,324,https://runeberg.org/statskal/1881/0324.html
1881,Visby,NA,Bute,Bute,TRUE,NA,324,https://runeberg.org/statskal/1881/0324.html
1881,Visby,NA,Lärbro,Lärbro,TRUE,NA,324,https://runeberg.org/statskal/1881/0324.html
1881,Visby,NA,Othem,Othem,TRUE,NA,324,https://runeberg.org/statskal/1881/0324.html
1881,Visby,NA,Hejnum,Hejnum,TRUE,NA,324,https://runeberg.org/statskal/1881/0324.html
1881,Visby,NA,Sanda,Sanda,TRUE,NA,325,https://runeberg.org/statskal/1881/0325.html
1881,Visby,NA,Eskelhem,Eskelhem,TRUE,NA,325,https://runeberg.org/statskal/1881/0325.html
1881,Visby,NA,Stenkumla,Stenkumla,TRUE,NA,325,https://runeberg.org/statskal/1881/0325.html
1881,Visby,NA,Vall,Vall,TRUE,NA,325,https://runeberg.org/statskal/1881/0325.html
1881,Visby,NA,Atlingbo,Atlingbo,TRUE,NA,325,https://runeberg.org/statskal/1881/0325.html
1881,Visby,NA,Borna,Borna,TRUE,NA,325,https://runeberg.org/statskal/1881/0325.html
1881,Visby,NA,Dalhem,Dalhem,TRUE,NA,325,https://runeberg.org/statskal/1881/0325.html
1881,Visby,NA,Hörsne,Hörsne,TRUE,NA,325,https://runeberg.org/statskal/1881/0325.html
1881,Visby,NA,Gothem,Gothem,TRUE,NA,325,https://runeberg.org/statskal/1881/0325.html
1881,Visby,NA,Kräklingbo,Kräklingbo,TRUE,NA,325,https://runeberg.org/statskal/1881/0325.html
1881,Visby,NA,Sjonhem,Sjonhem,TRUE,NA,325,https://runeberg.org/statskal/1881/0325.html
1881,Visby,NA,Vänge,Vänge,TRUE,NA,325,https://runeberg.org/statskal/1881/0325.html
1881,Visby,NA,Hejde,Hejde,TRUE,NA,325,https://runeberg.org/statskal/1881/0325.html
1881,Visby,NA,Klinte,Klinte,TRUE,NA,325,https://runeberg.org/statskal/1881/0325.html
1881,Visby,NA,Ejsta,Ejsta,TRUE,NA,325,https://runeberg.org/statskal/1881/0325.html
1881,Visby,NA,Levede,Levede,TRUE,NA,325,https://runeberg.org/statskal/1881/0325.html
1881,Visby,NA,Fardhem,Fardhem,TRUE,NA,325,https://runeberg.org/statskal/1881/0325.html
1881,Visby,NA,Garde,Garde,TRUE,NA,325,https://runeberg.org/statskal/1881/0325.html
1881,Visby,NA,Alskog,Alskog,TRUE,NA,325,https://runeberg.org/statskal/1881/0325.html
1881,Visby,NA,När,När,TRUE,NA,325,https://runeberg.org/statskal/1881/0325.html
1881,Visby,NA,Burs,Burs,TRUE,NA,325,https://runeberg.org/statskal/1881/0325.html
1881,Visby,NA,Bone,Bone,TRUE,NA,325,https://runeberg.org/statskal/1881/0325.html
1881,Visby,NA,Älfva,Älfva,TRUE,NA,325,https://runeberg.org/statskal/1881/0325.html
1881,Visby,NA,Hablingbo,Hablingbo,TRUE,NA,325,https://runeberg.org/statskal/1881/0325.html
1881,Visby,NA,Grötlingbo,Grötlingbo,TRUE,NA,325,https://runeberg.org/statskal/1881/0325.html
1881,Visby,NA,Öja,Öja,TRUE,NA,325,https://runeberg.org/statskal/1881/0325.html
