year,stift,kontrakt,pastorat,parish,is_mother,county_raw,page,url
1931,Uppsala,Närdinghundra,Almunge,Almunge,TRUE,Sthlms 1.,559,https://runeberg.org/statskal/1931/0559.html
1931,Uppsala,Närdinghundra,Knutby o. Faringe,Knutby,TRUE,Sthlms 1.,559,https://runeberg.org/statskal/1931/0559.html
1931,Uppsala,Närdinghundra,Knutby o. Faringe,Faringe,FALSE,Sthlms 1.,559,https://runeberg.org/statskal/1931/0559.html
1931,Uppsala,Närdinghundra,Ununge o. Edsbro,Ununge,TRUE,Sthlms 1.,560,https://runeberg.org/statskal/1931/0560.html
1931,Uppsala,Närdinghundra,Ununge o. Edsbro,Edsbro,FALSE,Sthlms 1.,560,https://runeberg.org/statskal/1931/0560.html
1931,Uppsala,Närdinghundra,Edebo,Edebo,TRUE,Sthlms 1.,560,https://runeberg.org/statskal/1931/0560.html
1931,Uppsala,Närdinghundra,Häverö o. Singö,Häverö,TRUE,Sthlms 1.,560,https://runeberg.org/statskal/1931/0560.html
1931,Uppsala,Närdinghundra,Häverö o. Singö,Singö,FALSE,Sthlms 1.,560,https://runeberg.org/statskal/1931/0560.html
1931,Uppsala,Lyhundra,Väddö,Väddö,TRUE,Sthlms 1.,560,https://runeberg.org/statskal/1931/0560.html
1931,Uppsala,Lyhundra,Estuna,Estuna,TRUE,Sthlms 1.,560,https://runeberg.org/statskal/1931/0560.html
1931,Uppsala,Lyhundra,Söderby-Karl,Söderby-Karl,TRUE,Sthlms 1.,560,https://runeberg.org/statskal/1931/0560.html
1931,Uppsala,Lyhundra,"Vätö o. Björkö""Arholma",Vätö,TRUE,Sthlms 1.,560,https://runeberg.org/statskal/1931/0560.html
1931,Uppsala,Lyhundra,"Vätö o. Björkö""Arholma",Björkö Arholma,FALSE,Sthlms 1.,560,https://runeberg.org/statskal/1931/0560.html
1931,Uppsala,Lyhundra,Roslags-Bro,Roslags-Bro,TRUE,Sthlms 1.,560,https://runeberg.org/statskal/1931/0560.html
1931,Uppsala,Lyhundra,Lohärad o. Malsta,Lohärad,TRUE,Sthlms 1.,560,https://runeberg.org/statskal/1931/0560.html
1931,Uppsala,Lyhundra,Lohärad o. Malsta,Malsta,FALSE,Sthlms 1.,560,https://runeberg.org/statskal/1931/0560.html
1931,Uppsala,Sjuhundra,Rimbo o. Rö,Rimbo,TRUE,Sthlms 1.,560,https://runeberg.org/statskal/1931/0560.html
1931,Uppsala,Sjuhundra,Rimbo o. Rö,Rö,FALSE,Sthlms 1.,560,https://runeberg.org/statskal/1931/0560.html
1931,Uppsala,Sjuhundra,Husby-Lyhundra o. Skederid,Husby-Lyhundra,TRUE,Sthlms 1.,560,https://runeberg.org/statskal/1931/0560.html
1931,Uppsala,Sjuhundra,Husby-Lyhundra o. Skederid,Skederid,FALSE,Sthlms 1.,560,https://runeberg.org/statskal/1931/0560.html
1931,Uppsala,Sjuhundra,Frötuna,Frötuna,TRUE,Sthlms 1.,560,https://runeberg.org/statskal/1931/0560.html
1931,Uppsala,Sjuhundra,Rådmansö,Rådmansö,TRUE,Sthlms 1.,560,https://runeberg.org/statskal/1931/0560.html
1931,Uppsala,Sjuhundra,Norrtälje,Norrtälje,TRUE,Sthlms 1.,560,https://runeberg.org/statskal/1931/0560.html
1931,Uppsala,Sjuhundra,Länna o. Blidö,Länna,TRUE,Sthlms 1.,560,https://runeberg.org/statskal/1931/0560.html
1931,Uppsala,Sjuhundra,Länna o. Blidö,Blidö,FALSE,Sthlms 1.,560,https://runeberg.org/statskal/1931/0560.html
1931,Uppsala,Sjuhundra,Pasterna,Pasterna,TRUE,Sthlms 1.,561,https://runeberg.org/statskal/1931/0561.html
1931,Uppsala,Sjuhundra,Riala o. Roslags-Kulla,Riala,TRUE,Sthlms 1.,561,https://runeberg.org/statskal/1931/0561.html
1931,Uppsala,Sjuhundra,Riala o. Roslags-Kulla,Roslags-Kulla,FALSE,Sthlms 1.,561,https://runeberg.org/statskal/1931/0561.html
1931,Uppsala,Sjuhundra,Ljusterö,Ljusterö,TRUE,Sthlms 1.,561,https://runeberg.org/statskal/1931/0561.html
1931,Uppsala,Lagunda och Hagunda,"Balingsta, Hagby o. Ramsta",Balingsta,TRUE,Upps. 1.,561,https://runeberg.org/statskal/1931/0561.html
1931,Uppsala,Lagunda och Hagunda,"Balingsta, Hagby o. Ramsta",Hagby,FALSE,Upps. 1.,561,https://runeberg.org/statskal/1931/0561.html
1931,Uppsala,Lagunda och Hagunda,"Balingsta, Hagby o. Ramsta",Ramsta,FALSE,Upps. 1.,561,https://runeberg.org/statskal/1931/0561.html
1931,Uppsala,Lagunda och Hagunda,"Järlåsa, Skogs-Tibble o. Åland",Järlåsa,TRUE,Upps. 1.,561,https://runeberg.org/statskal/1931/0561.html
1931,Uppsala,Lagunda och Hagunda,"Järlåsa, Skogs-Tibble o. Åland",Skogs-Tibble,FALSE,Upps. 1.,561,https://runeberg.org/statskal/1931/0561.html
1931,Uppsala,Lagunda och Hagunda,"Järlåsa, Skogs-Tibble o. Åland",Åland,FALSE,Upps. 1.,561,https://runeberg.org/statskal/1931/0561.html
1931,Uppsala,Lagunda och Hagunda,Biskopskulla o. Fröslunda,Biskopskulla,TRUE,Upps. 1.,561,https://runeberg.org/statskal/1931/0561.html
1931,Uppsala,Lagunda och Hagunda,Biskopskulla o. Fröslunda,Fröslunda,FALSE,Upps. 1.,561,https://runeberg.org/statskal/1931/0561.html
1931,Uppsala,Lagunda och Hagunda,Giresta o. Gryta,Giresta,TRUE,Upps. 1.,561,https://runeberg.org/statskal/1931/0561.html
1931,Uppsala,Lagunda och Hagunda,Giresta o. Gryta,Gryta,FALSE,Upps. 1.,561,https://runeberg.org/statskal/1931/0561.html
1931,Uppsala,Lagunda och Hagunda,Långtora o. Härkeberga,Långtora,TRUE,Upps. 1.,561,https://runeberg.org/statskal/1931/0561.html
1931,Uppsala,Lagunda och Hagunda,Långtora o. Härkeberga,Härkeberga,FALSE,Upps. 1.,561,https://runeberg.org/statskal/1931/0561.html
1931,Uppsala,Lagunda och Hagunda,"Hj älsta, Fittja, Holm o. Kulla",Hj älsta,TRUE,Upps. 1.,561,https://runeberg.org/statskal/1931/0561.html
1931,Uppsala,Lagunda och Hagunda,"Hj älsta, Fittja, Holm o. Kulla",Fittja,FALSE,Upps. 1.,561,https://runeberg.org/statskal/1931/0561.html
1931,Uppsala,Lagunda och Hagunda,"Hj älsta, Fittja, Holm o. Kulla",Holm,FALSE,Upps. 1.,561,https://runeberg.org/statskal/1931/0561.html
1931,Uppsala,Lagunda och Hagunda,"Hj älsta, Fittja, Holm o. Kulla",Kulla,FALSE,Upps. 1.,561,https://runeberg.org/statskal/1931/0561.html
1931,Uppsala,Lagunda och Hagunda,Nysätra,Nysätra,TRUE,Upps. 1.,561,https://runeberg.org/statskal/1931/0561.html
1931,Uppsala,Fjärdhundra södra,Norrby,Norrby,TRUE,Västm. 1.,561,https://runeberg.org/statskal/1931/0561.html
1931,Uppsala,Fjärdhundra södra,Simtuna o. Altuna,Simtuna,TRUE,Västm. 1.,561,https://runeberg.org/statskal/1931/0561.html
1931,Uppsala,Fjärdhundra södra,Simtuna o. Altuna,Altuna,FALSE,Västm. 1.,561,https://runeberg.org/statskal/1931/0561.html
1931,Uppsala,Fjärdhundra södra,Vittinge,Vittinge,TRUE,Västm. 1.,561,https://runeberg.org/statskal/1931/0561.html
1931,Uppsala,Fjärdhundra södra,Prösthult,Prösthult,TRUE,Västm. 1.,561,https://runeberg.org/statskal/1931/0561.html
1931,Uppsala,Fjärdhundra södra,"Torstuna, Österunda o. Härnevi",Torstuna,TRUE,Västm. 1.,561,https://runeberg.org/statskal/1931/0561.html
1931,Uppsala,Fjärdhundra södra,"Torstuna, Österunda o. Härnevi",Österunda,FALSE,Västm. 1.,561,https://runeberg.org/statskal/1931/0561.html
1931,Uppsala,Fjärdhundra södra,"Torstuna, Österunda o. Härnevi",Härnevi,FALSE,Västm. 1.,561,https://runeberg.org/statskal/1931/0561.html
1931,Uppsala,Fjärdhundra södra,Västerlövsta o. Enåker,Västerlövsta,TRUE,Västm. 1.,561,https://runeberg.org/statskal/1931/0561.html
1931,Uppsala,Fjärdhundra södra,Västerlövsta o. Enåker,Enåker,FALSE,Västm. 1.,561,https://runeberg.org/statskal/1931/0561.html
1931,Uppsala,Trögds,"Veckholm, Kungs-Husby o. Torsvi",Veckholm,TRUE,Upps. 1.,561,https://runeberg.org/statskal/1931/0561.html
1931,Uppsala,Trögds,"Veckholm, Kungs-Husby o. Torsvi",Kungs-Husby,FALSE,Upps. 1.,561,https://runeberg.org/statskal/1931/0561.html
1931,Uppsala,Trögds,"Veckholm, Kungs-Husby o. Torsvi",Torsvi,FALSE,Upps. 1.,561,https://runeberg.org/statskal/1931/0561.html
1931,Uppsala,Trögds,Litslena o. Husby-Sjutolft,Litslena,TRUE,Upps. 1.,561,https://runeberg.org/statskal/1931/0561.html
1931,Uppsala,Trögds,Litslena o. Husby-Sjutolft,Husby-Sjutolft,FALSE,Upps. 1.,561,https://runeberg.org/statskal/1931/0561.html
1931,Uppsala,Trögds,Lillkyrka o. Boglösa,Lillkyrka,TRUE,Upps. 1.,561,https://runeberg.org/statskal/1931/0561.html
1931,Uppsala,Trögds,Lillkyrka o. Boglösa,Boglösa,FALSE,Upps. 1.,561,https://runeberg.org/statskal/1931/0561.html
1931,Uppsala,Trögds,Vallby o. Arnö,Vallby,TRUE,Upps. 1.,561,https://runeberg.org/statskal/1931/0561.html
1931,Uppsala,Trögds,Vallby o. Arnö,Arnö,FALSE,Upps. 1.,561,https://runeberg.org/statskal/1931/0561.html
1931,Uppsala,Trögds,"Villberga, Hacksta o. Löt",Villberga,TRUE,Upps. 1.,561,https://runeberg.org/statskal/1931/0561.html
1931,Uppsala,Trögds,"Villberga, Hacksta o. Löt",Hacksta,FALSE,Upps. 1.,561,https://runeberg.org/statskal/1931/0561.html
1931,Uppsala,Trögds,"Villberga, Hacksta o. Löt",Löt,FALSE,Upps. 1.,561,https://runeberg.org/statskal/1931/0561.html
1931,Uppsala,Asunda,Enköping o. Vårfrukyrka,Enköping,TRUE,Upps. 1.,561,https://runeberg.org/statskal/1931/0561.html
1931,Uppsala,Asunda,Enköping o. Vårfrukyrka,Vårfrukyrka,FALSE,Upps. 1.,561,https://runeberg.org/statskal/1931/0561.html
1931,Uppsala,Asunda,Tillinge o. Svinnegarn,Tillinge,TRUE,Upps. 1.,561,https://runeberg.org/statskal/1931/0561.html
1931,Uppsala,Asunda,Tillinge o. Svinnegarn,Svinnegarn,FALSE,Upps. 1.,561,https://runeberg.org/statskal/1931/0561.html
1931,Uppsala,Asunda,Enköpings-Näs,Enköpings-Näs,TRUE,Upps. 1.,561,https://runeberg.org/statskal/1931/0561.html
1931,Uppsala,Asunda,Teda,Teda,TRUE,Upps. 1.,561,https://runeberg.org/statskal/1931/0561.html
1931,Uppsala,Asunda,Sparrsätra o. Bred,Sparrsätra,TRUE,Upps. 1.,562,https://runeberg.org/statskal/1931/0562.html
1931,Uppsala,Asunda,Sparrsätra o. Bred,Bred,FALSE,Upps. 1.,562,https://runeberg.org/statskal/1931/0562.html
1931,Uppsala,Seminghundra och Ärlinghundra,Odensala o. Husby-Ärlinghundra,Odensala,TRUE,Sthlms 1.,562,https://runeberg.org/statskal/1931/0562.html
1931,Uppsala,Seminghundra och Ärlinghundra,Odensala o. Husby-Ärlinghundra,Husby-Ärlinghundra,FALSE,Sthlms 1.,562,https://runeberg.org/statskal/1931/0562.html
1931,Uppsala,Seminghundra och Ärlinghundra,"Sigtuna, S:t Olof, S:t Per, Vassunda o. Haga",Sigtuna,TRUE,Sthlms 1.,562,https://runeberg.org/statskal/1931/0562.html
1931,Uppsala,Seminghundra och Ärlinghundra,"Sigtuna, S:t Olof, S:t Per, Vassunda o. Haga",S:t Olof,FALSE,Sthlms 1.,562,https://runeberg.org/statskal/1931/0562.html
1931,Uppsala,Seminghundra och Ärlinghundra,"Sigtuna, S:t Olof, S:t Per, Vassunda o. Haga",S:t Per,FALSE,Sthlms 1.,562,https://runeberg.org/statskal/1931/0562.html
1931,Uppsala,Seminghundra och Ärlinghundra,"Sigtuna, S:t Olof, S:t Per, Vassunda o. Haga",Vassunda,FALSE,Sthlms 1.,562,https://runeberg.org/statskal/1931/0562.html
1931,Uppsala,Seminghundra och Ärlinghundra,"Sigtuna, S:t Olof, S:t Per, Vassunda o. Haga",Haga,FALSE,Sthlms 1.,562,https://runeberg.org/statskal/1931/0562.html
1931,Uppsala,Seminghundra och Ärlinghundra,Alsike o. Knivsta,Alsike,TRUE,Sthlms 1.,562,https://runeberg.org/statskal/1931/0562.html
1931,Uppsala,Seminghundra och Ärlinghundra,Alsike o. Knivsta,Knivsta,FALSE,Sthlms 1.,562,https://runeberg.org/statskal/1931/0562.html
1931,Uppsala,Seminghundra och Ärlinghundra,Närtuna o. Gottröra,Närtuna,TRUE,Sthlms 1.,562,https://runeberg.org/statskal/1931/0562.html
1931,Uppsala,Seminghundra och Ärlinghundra,Närtuna o. Gottröra,Gottröra,FALSE,Sthlms 1.,562,https://runeberg.org/statskal/1931/0562.html
1931,Uppsala,Seminghundra och Ärlinghundra,Vidbo o. Husby-Långhundra,Vidbo,TRUE,Sthlms 1.,562,https://runeberg.org/statskal/1931/0562.html
1931,Uppsala,Seminghundra och Ärlinghundra,Vidbo o. Husby-Långhundra,Husby-Långhundra,FALSE,Sthlms 1.,562,https://runeberg.org/statskal/1931/0562.html
1931,Uppsala,Seminghundra och Ärlinghundra,Frösunda o. Kårsta,Frösunda,TRUE,Sthlms 1.,562,https://runeberg.org/statskal/1931/0562.html
1931,Uppsala,Seminghundra och Ärlinghundra,Frösunda o. Kårsta,Kårsta,FALSE,Sthlms 1.,562,https://runeberg.org/statskal/1931/0562.html
1931,Uppsala,Seminghundra och Ärlinghundra,Skepptuna o. Lunda,Skepptuna,TRUE,Sthlms 1.,562,https://runeberg.org/statskal/1931/0562.html
1931,Uppsala,Seminghundra och Ärlinghundra,Skepptuna o. Lunda,Lunda,FALSE,Sthlms 1.,562,https://runeberg.org/statskal/1931/0562.html
1931,Uppsala,Seminghundra och Ärlinghundra,Markim o. Orkesta,Markim,TRUE,Sthlms 1.,562,https://runeberg.org/statskal/1931/0562.html
1931,Uppsala,Seminghundra och Ärlinghundra,Markim o. Orkesta,Orkesta,FALSE,Sthlms 1.,562,https://runeberg.org/statskal/1931/0562.html
1931,Uppsala,Seminghundra och Ärlinghundra,Skånela o. Norrsunda,Skånela,TRUE,Sthlms 1.,562,https://runeberg.org/statskal/1931/0562.html
1931,Uppsala,Seminghundra och Ärlinghundra,Skånela o. Norrsunda,Norrsunda,FALSE,Sthlms 1.,562,https://runeberg.org/statskal/1931/0562.html
1931,Uppsala,Håbo,"Övergran, Yttergran o. Kalmar",Övergran,TRUE,Upps. 1.,562,https://runeberg.org/statskal/1931/0562.html
1931,Uppsala,Håbo,"Övergran, Yttergran o. Kalmar",Yttergran,FALSE,Upps. 1.,562,https://runeberg.org/statskal/1931/0562.html
1931,Uppsala,Håbo,"Övergran, Yttergran o. Kalmar",Kalmar,FALSE,Upps. 1.,562,https://runeberg.org/statskal/1931/0562.html
1931,Uppsala,Håbo,Stockholms~Näs o. Västra Ryd,Stockholms Näs,TRUE,Upps. 1.,562,https://runeberg.org/statskal/1931/0562.html
1931,Uppsala,Håbo,Stockholms~Näs o. Västra Ryd,Västra Ryd,FALSE,Upps. 1.,562,https://runeberg.org/statskal/1931/0562.html
1931,Uppsala,Håbo,Bro o. Lossa,Bro,TRUE,Upps. 1.,562,https://runeberg.org/statskal/1931/0562.html
1931,Uppsala,Håbo,Bro o. Lossa,Lossa,FALSE,Upps. 1.,562,https://runeberg.org/statskal/1931/0562.html
1931,Uppsala,Håbo,Skokloster o. Häggeby,Skokloster,TRUE,Upps. 1.,562,https://runeberg.org/statskal/1931/0562.html
1931,Uppsala,Håbo,Skokloster o. Häggeby,Häggeby,FALSE,Upps. 1.,562,https://runeberg.org/statskal/1931/0562.html
1931,Uppsala,Håbo,Håtuna o. Håbo-Tibble,Håtuna,TRUE,Upps. 1.,562,https://runeberg.org/statskal/1931/0562.html
1931,Uppsala,Håbo,Håtuna o. Håbo-Tibble,Håbo-Tibble,FALSE,Upps. 1.,562,https://runeberg.org/statskal/1931/0562.html
1931,Uppsala,Roslags västra,Sollentuna o. Ed,Sollentuna,TRUE,Sthlms 1.,562,https://runeberg.org/statskal/1931/0562.html
1931,Uppsala,Roslags västra,Sollentuna o. Ed,Ed,FALSE,Sthlms 1.,562,https://runeberg.org/statskal/1931/0562.html
1931,Uppsala,Roslags västra,Vallentuna,Vallentuna,TRUE,Sthlms 1.,562,https://runeberg.org/statskal/1931/0562.html
1931,Uppsala,Roslags västra,Sundbyberg,Sundbyberg,TRUE,Sthlms 1.,562,https://runeberg.org/statskal/1931/0562.html
1931,Uppsala,Roslags västra,Spånga o. Järfälla,Spånga,TRUE,Sthlms 1.,562,https://runeberg.org/statskal/1931/0562.html
1931,Uppsala,Roslags västra,Spånga o. Järfälla,Järfälla,FALSE,Sthlms 1.,562,https://runeberg.org/statskal/1931/0562.html
1931,Uppsala,Roslags västra,Fresta o. Hammarby,Fresta,TRUE,Sthlms 1.,562,https://runeberg.org/statskal/1931/0562.html
1931,Uppsala,Roslags västra,Fresta o. Hammarby,Hammarby,FALSE,Sthlms 1.,562,https://runeberg.org/statskal/1931/0562.html
1931,Uppsala,Roslags västra,"Össeby-Garn, Vada o. Ångarn",Össeby-Garn,TRUE,Sthlms 1.,562,https://runeberg.org/statskal/1931/0562.html
1931,Uppsala,Roslags västra,"Össeby-Garn, Vada o. Ångarn",Vada,FALSE,Sthlms 1.,562,https://runeberg.org/statskal/1931/0562.html
1931,Uppsala,Roslags västra,"Össeby-Garn, Vada o. Ångarn",Ångarn,FALSE,Sthlms 1.,562,https://runeberg.org/statskal/1931/0562.html
1931,Uppsala,Svartsjö,Färentuna o. Hilleshög,Färentuna,TRUE,Sthlms 1.,562,https://runeberg.org/statskal/1931/0562.html
1931,Uppsala,Svartsjö,Färentuna o. Hilleshög,Hilleshög,FALSE,Sthlms 1.,562,https://runeberg.org/statskal/1931/0562.html
1931,Uppsala,Svartsjö,Ekerö,Ekerö,TRUE,Sthlms 1.,562,https://runeberg.org/statskal/1931/0562.html
1931,Uppsala,Svartsjö,Sånga o. Skå,Sånga,TRUE,Sthlms 1.,562,https://runeberg.org/statskal/1931/0562.html
1931,Uppsala,Svartsjö,Sånga o. Skå,Skå,FALSE,Sthlms 1.,562,https://runeberg.org/statskal/1931/0562.html
1931,Uppsala,Svartsjö,Adelsö,Adelsö,TRUE,Sthlms 1.,563,https://runeberg.org/statskal/1931/0563.html
1931,Uppsala,Svartsjö,Lovö,Lovö,TRUE,Sthlms 1.,563,https://runeberg.org/statskal/1931/0563.html
1931,Uppsala,Svartsjö,Munsö,Munsö,TRUE,Sthlms 1.,563,https://runeberg.org/statskal/1931/0563.html
1931,Uppsala,Roslags östra,Täby,Täby,TRUE,Sthlms 1.,563,https://runeberg.org/statskal/1931/0563.html
1931,Uppsala,Roslags östra,Danderyd,Danderyd,TRUE,Sthlms 1.,563,https://runeberg.org/statskal/1931/0563.html
1931,Uppsala,Roslags östra,Lidingö,Lidingö,TRUE,Sthlms 1.,563,https://runeberg.org/statskal/1931/0563.html
1931,Uppsala,Roslags östra,Östra Ryd,Östra Ryd,TRUE,Sthlms 1.,563,https://runeberg.org/statskal/1931/0563.html
1931,Uppsala,Roslags östra,Österåker,Österåker,TRUE,Sthlms 1.,563,https://runeberg.org/statskal/1931/0563.html
1931,Uppsala,Roslags östra,Vaxholm,Vaxholm,TRUE,Sthlms 1.,563,https://runeberg.org/statskal/1931/0563.html
1931,Uppsala,Roslags östra,Solna,Solna,TRUE,Sthlms 1.,563,https://runeberg.org/statskal/1931/0563.html
1931,Uppsala,Roslags östra,Värmdö o. Möja,Värmdö,TRUE,Sthlms 1.,563,https://runeberg.org/statskal/1931/0563.html
1931,Uppsala,Roslags östra,Värmdö o. Möja,Möja,FALSE,Sthlms 1.,563,https://runeberg.org/statskal/1931/0563.html
1931,Uppsala,Roslags östra,Djurö o. Nämdö,Djurö,TRUE,Sthlms 1.,563,https://runeberg.org/statskal/1931/0563.html
1931,Uppsala,Roslags östra,Djurö o. Nämdö,Nämdö,FALSE,Sthlms 1.,563,https://runeberg.org/statskal/1931/0563.html
1931,Uppsala,Roslags östra,Bo,Bo,TRUE,Sthlms 1.,563,https://runeberg.org/statskal/1931/0563.html
1931,Uppsala,Ulleråkers och Norunda,"Bälinge, Åkerby o. Jumkil",Bälinge,TRUE,Upps. 1.,563,https://runeberg.org/statskal/1931/0563.html
1931,Uppsala,Ulleråkers och Norunda,"Bälinge, Åkerby o. Jumkil",Åkerby,FALSE,Upps. 1.,563,https://runeberg.org/statskal/1931/0563.html
1931,Uppsala,Ulleråkers och Norunda,"Bälinge, Åkerby o. Jumkil",Jumkil,FALSE,Upps. 1.,563,https://runeberg.org/statskal/1931/0563.html
1931,Uppsala,Ulleråkers och Norunda,"Uppsala-Näs, Västeråker o. Dalby",Uppsala-Näs,TRUE,Upps. 1.,563,https://runeberg.org/statskal/1931/0563.html
1931,Uppsala,Ulleråkers och Norunda,"Uppsala-Näs, Västeråker o. Dalby",Västeråker,FALSE,Upps. 1.,563,https://runeberg.org/statskal/1931/0563.html
1931,Uppsala,Ulleråkers och Norunda,"Uppsala-Näs, Västeråker o. Dalby",Dalby,FALSE,Upps. 1.,563,https://runeberg.org/statskal/1931/0563.html
1931,Uppsala,Ulleråkers och Norunda,Vänge o. Läby,Vänge,TRUE,Upps. 1.,563,https://runeberg.org/statskal/1931/0563.html
1931,Uppsala,Ulleråkers och Norunda,Vänge o. Läby,Läby,FALSE,Upps. 1.,563,https://runeberg.org/statskal/1931/0563.html
1931,Uppsala,Ulleråkers och Norunda,Skuttunge,Skuttunge,TRUE,Upps. 1.,563,https://runeberg.org/statskal/1931/0563.html
1931,Uppsala,Ulleråkers och Norunda,"Tensta, Lena o. Viksta",Tensta,TRUE,Upps. 1.,563,https://runeberg.org/statskal/1931/0563.html
1931,Uppsala,Ulleråkers och Norunda,"Tensta, Lena o. Viksta",Lena,FALSE,Upps. 1.,563,https://runeberg.org/statskal/1931/0563.html
1931,Uppsala,Ulleråkers och Norunda,"Tensta, Lena o. Viksta",Viksta,FALSE,Upps. 1.,563,https://runeberg.org/statskal/1931/0563.html
1931,Uppsala,Ulleråkers och Norunda,Björklinge,Björklinge,TRUE,Upps. 1.,563,https://runeberg.org/statskal/1931/0563.html
1931,Uppsala,Örbyhus,Tierp,Tierp,TRUE,Upps. 1.,563,https://runeberg.org/statskal/1931/0563.html
1931,Uppsala,Örbyhus,Österlövsta,Österlövsta,TRUE,Upps. 1.,564,https://runeberg.org/statskal/1931/0564.html
1931,Uppsala,Örbyhus,Älvkarleby o. Skutskär,Älvkarleby,TRUE,Upps. 1.,564,https://runeberg.org/statskal/1931/0564.html
1931,Uppsala,Örbyhus,Älvkarleby o. Skutskär,Skutskär,FALSE,Upps. 1.,564,https://runeberg.org/statskal/1931/0564.html
1931,Uppsala,Örbyhus,Västland,Västland,TRUE,Upps. 1.,564,https://runeberg.org/statskal/1931/0564.html
1931,Uppsala,Örbyhus,Tolfta,Tolfta,TRUE,Upps. 1.,564,https://runeberg.org/statskal/1931/0564.html
1931,Uppsala,Örbyhus,Tegelsmora,Tegelsmora,TRUE,Upps. 1.,564,https://runeberg.org/statskal/1931/0564.html
1931,Uppsala,Örbyhus,Dannemora,Dannemora,TRUE,Upps. 1.,564,https://runeberg.org/statskal/1931/0564.html
1931,Uppsala,Örbyhus,Film,Film,TRUE,Upps. 1.,564,https://runeberg.org/statskal/1931/0564.html
1931,Uppsala,Örbyhus,Hållnäs,Hållnäs,TRUE,Upps. 1.,564,https://runeberg.org/statskal/1931/0564.html
1931,Uppsala,Örbyhus,Vendel,Vendel,TRUE,Upps. 1.,564,https://runeberg.org/statskal/1931/0564.html
1931,Uppsala,Örbyhus,Söderfors,Söderfors,TRUE,Upps. 1.,564,https://runeberg.org/statskal/1931/0564.html
1931,Uppsala,Fjärdhundra norra,Östervåla,Östervåla,TRUE,Västm. 1.,564,https://runeberg.org/statskal/1931/0564.html
1931,Uppsala,Fjärdhundra norra,Nora,Nora,TRUE,Västm. 1.,564,https://runeberg.org/statskal/1931/0564.html
1931,Uppsala,Fjärdhundra norra,Harbo,Harbo,TRUE,Västm. 1.,564,https://runeberg.org/statskal/1931/0564.html
1931,Uppsala,Fjärdhundra norra,Huddunge,Huddunge,TRUE,Västm. 1.,564,https://runeberg.org/statskal/1931/0564.html
1931,Uppsala,Gästriklands östra,Gävle Heliga Trefaldighets församling,Gävle Heliga Trefaldighets församling,TRUE,Gävleb. 1.,564,https://runeberg.org/statskal/1931/0564.html
1931,Uppsala,Gästriklands östra,Gävle Staffans församling,Gävle Staffans församling,TRUE,Gävleb. 1.,564,https://runeberg.org/statskal/1931/0564.html
1931,Uppsala,Gästriklands östra,Valbo,Valbo,TRUE,Gävleb. 1.,564,https://runeberg.org/statskal/1931/0564.html
1931,Uppsala,Gästriklands östra,Hille,Hille,TRUE,Gävleb. 1.,564,https://runeberg.org/statskal/1931/0564.html
1931,Uppsala,Gästriklands östra,Hedesunda,Hedesunda,TRUE,Gävleb. 1.,564,https://runeberg.org/statskal/1931/0564.html
1931,Uppsala,Gästriklands östra,Årsunda,Årsunda,TRUE,Gävleb. 1.,564,https://runeberg.org/statskal/1931/0564.html
1931,Uppsala,Gästriklands östra,Högbo,Högbo,TRUE,Gävleb. 1.,564,https://runeberg.org/statskal/1931/0564.html
1931,Uppsala,Gästriklands östra,Hamrånge,Hamrånge,TRUE,Gävleb. 1.,564,https://runeberg.org/statskal/1931/0564.html
1931,Uppsala,Gästriklands västra,Ockelbo o. Åmot,Ockelbo,TRUE,Gävleb. 1.,565,https://runeberg.org/statskal/1931/0565.html
1931,Uppsala,Gästriklands västra,Ockelbo o. Åmot,Åmot,FALSE,Gävleb. 1.,565,https://runeberg.org/statskal/1931/0565.html
1931,Uppsala,Gästriklands västra,Österfärnebo,Österfärnebo,TRUE,Gävleb. 1.,565,https://runeberg.org/statskal/1931/0565.html
1931,Uppsala,Gästriklands västra,Torsåker o. Hofors,Torsåker,TRUE,Gävleb. 1.,565,https://runeberg.org/statskal/1931/0565.html
1931,Uppsala,Gästriklands västra,Torsåker o. Hofors,Hofors,FALSE,Gävleb. 1.,565,https://runeberg.org/statskal/1931/0565.html
1931,Uppsala,Gästriklands västra,Ovansjö,Ovansjö,TRUE,Gävleb. 1.,565,https://runeberg.org/statskal/1931/0565.html
1931,Uppsala,Gästriklands västra,Järbo,Järbo,TRUE,Gävleb. 1.,565,https://runeberg.org/statskal/1931/0565.html
1931,Uppsala,Ala,Mo,Mo,TRUE,Gävleb. 1.,565,https://runeberg.org/statskal/1931/0565.html
1931,Uppsala,Ala,Rengsjö,Rengsjö,TRUE,Gävleb. 1.,565,https://runeberg.org/statskal/1931/0565.html
1931,Uppsala,Ala,"Söderala, Ljusne o. Bergvik",Söderala,TRUE,Gävleb. 1.,565,https://runeberg.org/statskal/1931/0565.html
1931,Uppsala,Ala,"Söderala, Ljusne o. Bergvik",Ljusne,FALSE,Gävleb. 1.,565,https://runeberg.org/statskal/1931/0565.html
1931,Uppsala,Ala,"Söderala, Ljusne o. Bergvik",Bergvik,FALSE,Gävleb. 1.,565,https://runeberg.org/statskal/1931/0565.html
1931,Uppsala,Ala,Hanebo o. Segersta,Hanebo,TRUE,Gävleb. 1.,565,https://runeberg.org/statskal/1931/0565.html
1931,Uppsala,Ala,Hanebo o. Segersta,Segersta,FALSE,Gävleb. 1.,565,https://runeberg.org/statskal/1931/0565.html
1931,Uppsala,Ala,Söderhamn o. Sandarne,Söderhamn,TRUE,Gävleb. 1.,565,https://runeberg.org/statskal/1931/0565.html
1931,Uppsala,Ala,Söderhamn o. Sandarne,Sandarne,FALSE,Gävleb. 1.,565,https://runeberg.org/statskal/1931/0565.html
1931,Uppsala,Ala,Norrala o. Trönö,Norrala,TRUE,Gävleb. 1.,565,https://runeberg.org/statskal/1931/0565.html
1931,Uppsala,Ala,Norrala o. Trönö,Trönö,FALSE,Gävleb. 1.,565,https://runeberg.org/statskal/1931/0565.html
1931,Uppsala,Ala,Skog o. Lingbo,Skog,TRUE,Gävleb. 1.,565,https://runeberg.org/statskal/1931/0565.html
1931,Uppsala,Ala,Skog o. Lingbo,Lingbo,FALSE,Gävleb. 1.,565,https://runeberg.org/statskal/1931/0565.html
1931,Uppsala,Voxnans,"Bollnäs, Annefors o. Katrineberg",Bollnäs,TRUE,Gävleb. 1.,565,https://runeberg.org/statskal/1931/0565.html
1931,Uppsala,Voxnans,"Bollnäs, Annefors o. Katrineberg",Annefors,FALSE,Gävleb. 1.,565,https://runeberg.org/statskal/1931/0565.html
1931,Uppsala,Voxnans,"Bollnäs, Annefors o. Katrineberg",Katrineberg,FALSE,Gävleb. 1.,565,https://runeberg.org/statskal/1931/0565.html
1931,Uppsala,Voxnans,Alfta o. Svabensverk,Alfta,TRUE,Gävleb. 1.,565,https://runeberg.org/statskal/1931/0565.html
1931,Uppsala,Voxnans,Alfta o. Svabensverk,Svabensverk,FALSE,Gävleb. 1.,565,https://runeberg.org/statskal/1931/0565.html
1931,Uppsala,Voxnans,Arbrå,Arbrå,TRUE,Gävleb. 1.,565,https://runeberg.org/statskal/1931/0565.html
1931,Uppsala,Voxnans,Undersvik,Undersvik,TRUE,Gävleb. 1.,565,https://runeberg.org/statskal/1931/0565.html
1931,Uppsala,Voxnans,Ovanaker,Ovanaker,TRUE,Gävleb. 1.,565,https://runeberg.org/statskal/1931/0565.html
1931,Uppsala,Voxnans,Voxna,Voxna,TRUE,Gävleb. 1.,565,https://runeberg.org/statskal/1931/0565.html
1931,Uppsala,Ljusnans,Järvsö,Järvsö,TRUE,Gävleb. 1.,566,https://runeberg.org/statskal/1931/0566.html
1931,Uppsala,Ljusnans,Ljusdal,Ljusdal,TRUE,Gävleb. 1.,566,https://runeberg.org/statskal/1931/0566.html
1931,Uppsala,Ljusnans,Ramsjö,Ramsjö,TRUE,Gävleb. 1.,566,https://runeberg.org/statskal/1931/0566.html
1931,Uppsala,Ljusnans,Färila o. Kårböle,Färila,TRUE,Gävleb. 1.,566,https://runeberg.org/statskal/1931/0566.html
1931,Uppsala,Ljusnans,Färila o. Kårböle,Kårböle,FALSE,Gävleb. 1.,566,https://runeberg.org/statskal/1931/0566.html
1931,Uppsala,Ljusnans,Los o. Hamra,Los,TRUE,Gävleb. 1.,566,https://runeberg.org/statskal/1931/0566.html
1931,Uppsala,Ljusnans,Los o. Hamra,Hamra,FALSE,Gävleb. 1.,566,https://runeberg.org/statskal/1931/0566.html
1931,Uppsala,Sundhede,Hudiksvall o. Idenor,Hudiksvall,TRUE,Gävleb. 1.,566,https://runeberg.org/statskal/1931/0566.html
1931,Uppsala,Sundhede,Hudiksvall o. Idenor,Idenor,FALSE,Gävleb. 1.,566,https://runeberg.org/statskal/1931/0566.html
1931,Uppsala,Sundhede,Delsbo,Delsbo,TRUE,Gävleb. 1.,566,https://runeberg.org/statskal/1931/0566.html
1931,Uppsala,Sundhede,Forsa,Forsa,TRUE,Gävleb. 1.,566,https://runeberg.org/statskal/1931/0566.html
1931,Uppsala,Sundhede,Enånger,Enånger,TRUE,Gävleb. 1.,566,https://runeberg.org/statskal/1931/0566.html
1931,Uppsala,Sundhede,Njutånger o. Nianfors,Njutånger,TRUE,Gävleb. 1.,566,https://runeberg.org/statskal/1931/0566.html
1931,Uppsala,Sundhede,Njutånger o. Nianfors,Nianfors,FALSE,Gävleb. 1.,566,https://runeberg.org/statskal/1931/0566.html
1931,Uppsala,Sundhede,"Hälsingtuna, Hög o. Ilsbo",Hälsingtuna,TRUE,Gävleb. 1.,566,https://runeberg.org/statskal/1931/0566.html
1931,Uppsala,Sundhede,"Hälsingtuna, Hög o. Ilsbo",Hög,FALSE,Gävleb. 1.,566,https://runeberg.org/statskal/1931/0566.html
1931,Uppsala,Sundhede,"Hälsingtuna, Hög o. Ilsbo",Ilsbo,FALSE,Gävleb. 1.,566,https://runeberg.org/statskal/1931/0566.html
1931,Uppsala,Sundhede,Bjuråker o. Norrbo,Bjuråker,TRUE,Gävleb. 1.,566,https://runeberg.org/statskal/1931/0566.html
1931,Uppsala,Sundhede,Bjuråker o. Norrbo,Norrbo,FALSE,Gävleb. 1.,566,https://runeberg.org/statskal/1931/0566.html
1931,Uppsala,Nordanstigs,Harmånger o. Jättendal,Harmånger,TRUE,Gävleb. 1.,566,https://runeberg.org/statskal/1931/0566.html
1931,Uppsala,Nordanstigs,Harmånger o. Jättendal,Jättendal,FALSE,Gävleb. 1.,566,https://runeberg.org/statskal/1931/0566.html
1931,Uppsala,Nordanstigs,Bergsjö,Bergsjö,TRUE,Gävleb. 1.,566,https://runeberg.org/statskal/1931/0566.html
1931,Uppsala,Nordanstigs,Hassela,Hassela,TRUE,Gävleb. 1.,566,https://runeberg.org/statskal/1931/0566.html
1931,Uppsala,Nordanstigs,Rogsta,Rogsta,TRUE,Gävleb. 1.,566,https://runeberg.org/statskal/1931/0566.html
1931,Uppsala,Nordanstigs,Gnarp,Gnarp,TRUE,Gävleb. 1.,566,https://runeberg.org/statskal/1931/0566.html
1931,Uppsala,Nordanstigs,Svenska församlingar i utlandet,Svenska församlingar i utlandet,TRUE,Gävleb. 1.,566,https://runeberg.org/statskal/1931/0566.html
1931,Linköpings,Gullbergs och Bobergs,Vreta kloster o. Stjärnorp,Vreta kloster,TRUE,Österg. 1.,567,https://runeberg.org/statskal/1931/0567.html
1931,Linköpings,Gullbergs och Bobergs,Vreta kloster o. Stjärnorp,Stjärnorp,FALSE,Österg. 1.,567,https://runeberg.org/statskal/1931/0567.html
1931,Linköpings,Gullbergs och Bobergs,"Västerlösa, Björkeberg o. Ledberg",Västerlösa,TRUE,Österg. 1.,567,https://runeberg.org/statskal/1931/0567.html
1931,Linköpings,Gullbergs och Bobergs,"Västerlösa, Björkeberg o. Ledberg",Björkeberg,FALSE,Österg. 1.,567,https://runeberg.org/statskal/1931/0567.html
1931,Linköpings,Gullbergs och Bobergs,"Västerlösa, Björkeberg o. Ledberg",Ledberg,FALSE,Österg. 1.,567,https://runeberg.org/statskal/1931/0567.html
1931,Linköpings,Gullbergs och Bobergs,Ljung o. Flistad,Ljung,TRUE,Österg. 1.,567,https://runeberg.org/statskal/1931/0567.html
1931,Linköpings,Gullbergs och Bobergs,Ljung o. Flistad,Flistad,FALSE,Österg. 1.,567,https://runeberg.org/statskal/1931/0567.html
1931,Linköpings,Gullbergs och Bobergs,"Fornåsa, Lönsås, Skeppsås o. Älvestad",Fornåsa,TRUE,Österg. 1.,567,https://runeberg.org/statskal/1931/0567.html
1931,Linköpings,Gullbergs och Bobergs,"Fornåsa, Lönsås, Skeppsås o. Älvestad",Lönsås,FALSE,Österg. 1.,567,https://runeberg.org/statskal/1931/0567.html
1931,Linköpings,Gullbergs och Bobergs,"Fornåsa, Lönsås, Skeppsås o. Älvestad",Skeppsås,FALSE,Österg. 1.,567,https://runeberg.org/statskal/1931/0567.html
1931,Linköpings,Gullbergs och Bobergs,"Fornåsa, Lönsås, Skeppsås o. Älvestad",Älvestad,FALSE,Österg. 1.,567,https://runeberg.org/statskal/1931/0567.html
1931,Linköpings,Gullbergs och Bobergs,Klockrike o. Brunneby,Klockrike,TRUE,Österg. 1.,567,https://runeberg.org/statskal/1931/0567.html
1931,Linköpings,Gullbergs och Bobergs,Klockrike o. Brunneby,Brunneby,FALSE,Österg. 1.,567,https://runeberg.org/statskal/1931/0567.html
1931,Linköpings,Gullbergs och Bobergs,Kristberg,Kristberg,TRUE,Österg. 1.,567,https://runeberg.org/statskal/1931/0567.html
1931,Linköpings,Gullbergs och Bobergs,Vallerstad o. Järstad,Vallerstad,TRUE,Österg. 1.,567,https://runeberg.org/statskal/1931/0567.html
1931,Linköpings,Gullbergs och Bobergs,Vallerstad o. Järstad,Järstad,FALSE,Österg. 1.,567,https://runeberg.org/statskal/1931/0567.html
1931,Linköpings,Aska,Motala,Motala,TRUE,Österg. 1.,567,https://runeberg.org/statskal/1931/0567.html
1931,Linköpings,Aska,Vinnerstad o. Västra Stenby,Vinnerstad,TRUE,Österg. 1.,568,https://runeberg.org/statskal/1931/0568.html
1931,Linköpings,Aska,Vinnerstad o. Västra Stenby,Västra Stenby,FALSE,Österg. 1.,568,https://runeberg.org/statskal/1931/0568.html
1931,Linköpings,Aska,"Hagebyhöga, Fivelstad o. Orlunda",Hagebyhöga,TRUE,Österg. 1.,568,https://runeberg.org/statskal/1931/0568.html
1931,Linköpings,Aska,"Hagebyhöga, Fivelstad o. Orlunda",Fivelstad,FALSE,Österg. 1.,568,https://runeberg.org/statskal/1931/0568.html
1931,Linköpings,Aska,"Hagebyhöga, Fivelstad o. Orlunda",Orlunda,FALSE,Österg. 1.,568,https://runeberg.org/statskal/1931/0568.html
1931,Linköpings,Aska,Västra Ny,Västra Ny,TRUE,Österg. 1.,568,https://runeberg.org/statskal/1931/0568.html
1931,Linköpings,Aska,"Varv-Styra, Ekebyborna o. Ask",Varv-Styra,TRUE,Österg. 1.,568,https://runeberg.org/statskal/1931/0568.html
1931,Linköpings,Aska,"Varv-Styra, Ekebyborna o. Ask",Ekebyborna,FALSE,Österg. 1.,568,https://runeberg.org/statskal/1931/0568.html
1931,Linköpings,Aska,"Varv-Styra, Ekebyborna o. Ask",Ask,FALSE,Österg. 1.,568,https://runeberg.org/statskal/1931/0568.html
1931,Linköpings,Dals,"Vadstena, S:t Per o. Strå",Vadstena,TRUE,Österg. I.,568,https://runeberg.org/statskal/1931/0568.html
1931,Linköpings,Dals,"Vadstena, S:t Per o. Strå",S:t Per,FALSE,Österg. I.,568,https://runeberg.org/statskal/1931/0568.html
1931,Linköpings,Dals,"Vadstena, S:t Per o. Strå",Strå,FALSE,Österg. I.,568,https://runeberg.org/statskal/1931/0568.html
1931,Linköpings,Dals,Herrestad o. Källstad,Herrestad,TRUE,Österg. I.,568,https://runeberg.org/statskal/1931/0568.html
1931,Linköpings,Dals,Herrestad o. Källstad,Källstad,FALSE,Österg. I.,568,https://runeberg.org/statskal/1931/0568.html
1931,Linköpings,Dals,Rogslösa o. Väversunda,Rogslösa,TRUE,Österg. I.,568,https://runeberg.org/statskal/1931/0568.html
1931,Linköpings,Dals,Rogslösa o. Väversunda,Väversunda,FALSE,Österg. I.,568,https://runeberg.org/statskal/1931/0568.html
1931,Linköpings,Dals,Örberga o. Nässja,Örberga,TRUE,Österg. I.,568,https://runeberg.org/statskal/1931/0568.html
1931,Linköpings,Dals,Örberga o. Nässja,Nässja,FALSE,Österg. I.,568,https://runeberg.org/statskal/1931/0568.html
1931,Linköpings,Bankekinds,Åtvid,Åtvid,TRUE,Österg. 1.,568,https://runeberg.org/statskal/1931/0568.html
1931,Linköpings,Bankekinds,Grebo o. Värna,Grebo,TRUE,Österg. 1.,568,https://runeberg.org/statskal/1931/0568.html
1931,Linköpings,Bankekinds,Grebo o. Värna,Värna,FALSE,Österg. 1.,568,https://runeberg.org/statskal/1931/0568.html
1931,Linköpings,Bankekinds,Bankekind o. Askeby,Bankekind,TRUE,Österg. 1.,568,https://runeberg.org/statskal/1931/0568.html
1931,Linköpings,Bankekinds,Bankekind o. Askeby,Askeby,FALSE,Österg. 1.,568,https://runeberg.org/statskal/1931/0568.html
1931,Linköpings,Bankekinds,Örtomta,Örtomta,TRUE,Österg. 1.,568,https://runeberg.org/statskal/1931/0568.html
1931,Linköpings,Skärkinds,Björsäter o. Yxnerum,Björsäter,TRUE,Österg. 1.,568,https://runeberg.org/statskal/1931/0568.html
1931,Linköpings,Skärkinds,Björsäter o. Yxnerum,Yxnerum,FALSE,Österg. 1.,568,https://runeberg.org/statskal/1931/0568.html
1931,Linköpings,Skärkinds,Skärkind,Skärkind,TRUE,Österg. 1.,568,https://runeberg.org/statskal/1931/0568.html
1931,Linköpings,Skärkinds,Gistad,Gistad,TRUE,Österg. 1.,568,https://runeberg.org/statskal/1931/0568.html
1931,Linköpings,Skärkinds,Gårdeby,Gårdeby,TRUE,Österg. 1.,568,https://runeberg.org/statskal/1931/0568.html
1931,Linköpings,Skärkinds,Östra Ryd,Östra Ryd,TRUE,Österg. 1.,568,https://runeberg.org/statskal/1931/0568.html
1931,Linköpings,Norrköpings,Norrköpings S:t Olai förs,Norrköpings S:t Olai förs,TRUE,Österg. 1.,568,https://runeberg.org/statskal/1931/0568.html
1931,Linköpings,Norrköpings,Norrköpings Hedvigs förs,Norrköpings Hedvigs förs,TRUE,Österg. 1.,568,https://runeberg.org/statskal/1931/0568.html
1931,Linköpings,Norrköpings,Norrköpings Norra förs,Norrköpings Norra förs,TRUE,Österg. 1.,568,https://runeberg.org/statskal/1931/0568.html
1931,Linköpings,Norrköpings,Norrköpings S:t Johannes förs,Norrköpings S:t Johannes förs,TRUE,Österg. 1.,568,https://runeberg.org/statskal/1931/0568.html
1931,Linköpings,Norrköpings,Norrköpings Östra Eneby förs,Norrköpings Östra Eneby förs,TRUE,Österg. 1.,568,https://runeberg.org/statskal/1931/0568.html
1931,Linköpings,Norrköpings,Puringstad o. Dagsberg,Puringstad,TRUE,Österg. 1.,569,https://runeberg.org/statskal/1931/0569.html
1931,Linköpings,Norrköpings,Puringstad o. Dagsberg,Dagsberg,FALSE,Österg. 1.,569,https://runeberg.org/statskal/1931/0569.html
1931,Linköpings,Norrköpings,Krokek,Krokek,TRUE,Österg. 1.,569,https://runeberg.org/statskal/1931/0569.html
1931,Linköpings,Norrköpings,Styrestad o. Tingstad,Styrestad,TRUE,Österg. 1.,569,https://runeberg.org/statskal/1931/0569.html
1931,Linköpings,Norrköpings,Styrestad o. Tingstad,Tingstad,FALSE,Österg. 1.,569,https://runeberg.org/statskal/1931/0569.html
1931,Linköpings,Norrköpings,Kvillinge o. Simonstorp,Kvillinge,TRUE,Österg. 1.,569,https://runeberg.org/statskal/1931/0569.html
1931,Linköpings,Norrköpings,Kvillinge o. Simonstorp,Simonstorp,FALSE,Österg. 1.,569,https://runeberg.org/statskal/1931/0569.html
1931,Linköpings,Norrköpings,Kimstad,Kimstad,TRUE,Österg. 1.,569,https://runeberg.org/statskal/1931/0569.html
1931,Linköpings,Norrköpings,Kullerstad,Kullerstad,TRUE,Österg. 1.,569,https://runeberg.org/statskal/1931/0569.html
1931,Linköpings,Norrköpings,Borg,Borg,TRUE,Österg. 1.,569,https://runeberg.org/statskal/1931/0569.html
1931,Linköpings,Vikbolands,Östra Stenby o. Konungsund,Östra Stenby,TRUE,österg. 1.,569,https://runeberg.org/statskal/1931/0569.html
1931,Linköpings,Vikbolands,Östra Stenby o. Konungsund,Konungsund,FALSE,österg. 1.,569,https://runeberg.org/statskal/1931/0569.html
1931,Linköpings,Vikbolands,Häradshammar,Häradshammar,TRUE,österg. 1.,569,https://runeberg.org/statskal/1931/0569.html
1931,Linköpings,Vikbolands,Jonsberg,Jonsberg,TRUE,österg. 1.,569,https://runeberg.org/statskal/1931/0569.html
1931,Linköpings,Vikbolands,Östra Ny o. Rönö,Östra Ny,TRUE,österg. 1.,569,https://runeberg.org/statskal/1931/0569.html
1931,Linköpings,Vikbolands,Östra Ny o. Rönö,Rönö,FALSE,österg. 1.,569,https://runeberg.org/statskal/1931/0569.html
1931,Linköpings,Vikbolands,"Kuddby, Å o. Tåby",Kuddby,TRUE,österg. 1.,569,https://runeberg.org/statskal/1931/0569.html
1931,Linköpings,Vikbolands,"Kuddby, Å o. Tåby",Tåby,FALSE,österg. 1.,569,https://runeberg.org/statskal/1931/0569.html
1931,Linköpings,Hammarkinds,Söderköping o. Skönberga,Söderköping,TRUE,Österg. 1.,569,https://runeberg.org/statskal/1931/0569.html
1931,Linköpings,Hammarkinds,Söderköping o. Skönberga,Skönberga,FALSE,Österg. 1.,569,https://runeberg.org/statskal/1931/0569.html
1931,Linköpings,Hammarkinds,Mogata o. Skällvik,Mogata,TRUE,Österg. 1.,569,https://runeberg.org/statskal/1931/0569.html
1931,Linköpings,Hammarkinds,Mogata o. Skällvik,Skällvik,FALSE,Österg. 1.,569,https://runeberg.org/statskal/1931/0569.html
1931,Linköpings,Hammarkinds,S:t Anna o. Börrum,S:t Anna,TRUE,Österg. 1.,569,https://runeberg.org/statskal/1931/0569.html
1931,Linköpings,Hammarkinds,S:t Anna o. Börrum,Börrum,FALSE,Österg. 1.,569,https://runeberg.org/statskal/1931/0569.html
1931,Linköpings,Hammarkinds,Gryt,Gryt,TRUE,Österg. 1.,569,https://runeberg.org/statskal/1931/0569.html
1931,Linköpings,Hammarkinds,Ringarum,Ringarum,TRUE,Österg. 1.,569,https://runeberg.org/statskal/1931/0569.html
1931,Linköpings,Hammarkinds,Valdemarsvik,Valdemarsvik,TRUE,Österg. 1.,569,https://runeberg.org/statskal/1931/0569.html
1931,Linköpings,Hammarkinds,Drothem,Drothem,TRUE,Österg. 1.,569,https://runeberg.org/statskal/1931/0569.html
1931,Linköpings,Hammarkinds,Västra Husby,Västra Husby,TRUE,Österg. 1.,569,https://runeberg.org/statskal/1931/0569.html
1931,Linköpings,Bergslags,Risinge,Risinge,TRUE,österg. 1.,569,https://runeberg.org/statskal/1931/0569.html
1931,Linköpings,Bergslags,Vånga,Vånga,TRUE,österg. 1.,570,https://runeberg.org/statskal/1931/0570.html
1931,Linköpings,Bergslags,Hällestad,Hällestad,TRUE,österg. 1.,570,https://runeberg.org/statskal/1931/0570.html
1931,Linköpings,Bergslags,Skedevi,Skedevi,TRUE,österg. 1.,570,https://runeberg.org/statskal/1931/0570.html
1931,Linköpings,Bergslags,Regna,Regna,TRUE,österg. 1.,570,https://runeberg.org/statskal/1931/0570.html
1931,Linköpings,Bergslags,Tjällmo,Tjällmo,TRUE,österg. 1.,570,https://runeberg.org/statskal/1931/0570.html
1931,Linköpings,Bergslags,Godegård,Godegård,TRUE,österg. 1.,570,https://runeberg.org/statskal/1931/0570.html
1931,Linköpings,Norra Tjusts,Lofta,Lofta,TRUE,Kalm. 1.,570,https://runeberg.org/statskal/1931/0570.html
1931,Linköpings,Norra Tjusts,Loftahammar,Loftahammar,TRUE,Kalm. 1.,570,https://runeberg.org/statskal/1931/0570.html
1931,Linköpings,Norra Tjusts,Västra Ed o. Östra Ed,Västra Ed,TRUE,Kalm. 1.,570,https://runeberg.org/statskal/1931/0570.html
1931,Linköpings,Norra Tjusts,Västra Ed o. Östra Ed,Östra Ed,FALSE,Kalm. 1.,570,https://runeberg.org/statskal/1931/0570.html
1931,Linköpings,Norra Tjusts,Gärdserum,Gärdserum,TRUE,Kalm. 1.,570,https://runeberg.org/statskal/1931/0570.html
1931,Linköpings,Norra Tjusts,Ukna,Ukna,TRUE,Kalm. 1.,570,https://runeberg.org/statskal/1931/0570.html
1931,Linköpings,Norra Tjusts,Dalhem,Dalhem,TRUE,Kalm. 1.,570,https://runeberg.org/statskal/1931/0570.html
1931,Linköpings,Norra Tjusts,Tryserum o. Hannäs,Tryserum,TRUE,Kalm. 1.,570,https://runeberg.org/statskal/1931/0570.html
1931,Linköpings,Norra Tjusts,Tryserum o. Hannäs,Hannäs,FALSE,Kalm. 1.,570,https://runeberg.org/statskal/1931/0570.html
1931,Linköpings,Södra Tjusts,Västervik,Västervik,TRUE,Kalm. 1.,570,https://runeberg.org/statskal/1931/0570.html
1931,Linköpings,Södra Tjusts,Törnsfall,Törnsfall,TRUE,Kalm. 1.,570,https://runeberg.org/statskal/1931/0570.html
1931,Linköpings,Södra Tjusts,Odensvi,Odensvi,TRUE,Kalm. 1.,570,https://runeberg.org/statskal/1931/0570.html
1931,Linköpings,Södra Tjusts,Hjorted,Hjorted,TRUE,Kalm. 1.,570,https://runeberg.org/statskal/1931/0570.html
1931,Linköpings,Södra Tjusts,Locknevi o. Blackstad,Locknevi,TRUE,Kalm. 1.,570,https://runeberg.org/statskal/1931/0570.html
1931,Linköpings,Södra Tjusts,Locknevi o. Blackstad,Blackstad,FALSE,Kalm. 1.,570,https://runeberg.org/statskal/1931/0570.html
1931,Linköpings,Södra Tjusts,Hallingeberg,Hallingeberg,TRUE,Kalm. 1.,570,https://runeberg.org/statskal/1931/0570.html
1931,Linköpings,Södra Tjusts,Gamleby,Gamleby,TRUE,Kalm. 1.,570,https://runeberg.org/statskal/1931/0570.html
1931,Linköpings,Södra Tjusts,Gladhammar o. Västrum,Gladhammar,TRUE,Kalm. 1.,570,https://runeberg.org/statskal/1931/0570.html
1931,Linköpings,Södra Tjusts,Gladhammar o. Västrum,Västrum,FALSE,Kalm. 1.,570,https://runeberg.org/statskal/1931/0570.html
1931,Linköpings,Tunaläns och Sevede,"Vimmerby stadsförsamling, Vimmerby landsförsamling",Vimmerby stadsförsamling,TRUE,Jönk. o. Kalm. 1.,570,https://runeberg.org/statskal/1931/0570.html
1931,Linköpings,Tunaläns och Sevede,"Vimmerby stadsförsamling, Vimmerby landsförsamling",Vimmerby landsförsamling,FALSE,Jönk. o. Kalm. 1.,570,https://runeberg.org/statskal/1931/0570.html
1931,Linköpings,Aspelands,Mörlunda o. Tveta,Mörlunda,TRUE,Kalm. 1.,571,https://runeberg.org/statskal/1931/0571.html
1931,Linköpings,Aspelands,Mörlunda o. Tveta,Tveta,FALSE,Kalm. 1.,571,https://runeberg.org/statskal/1931/0571.html
1931,Linköpings,Aspelands,Virserum o. Järeda,Virserum,TRUE,Kalm. 1.,571,https://runeberg.org/statskal/1931/0571.html
1931,Linköpings,Aspelands,Virserum o. Järeda,Järeda,FALSE,Kalm. 1.,571,https://runeberg.org/statskal/1931/0571.html
1931,Linköpings,Aspelands,Målilla-Gårdveda,Målilla-Gårdveda,TRUE,Kalm. 1.,571,https://runeberg.org/statskal/1931/0571.html
1931,Linköpings,Aspelands,Lönneberga,Lönneberga,TRUE,Kalm. 1.,571,https://runeberg.org/statskal/1931/0571.html
1931,Linköpings,Kinds,Kättilstad o. Tjärstad,Kättilstad,TRUE,Österg. 1.,571,https://runeberg.org/statskal/1931/0571.html
1931,Linköpings,Kinds,Kättilstad o. Tjärstad,Tjärstad,FALSE,Österg. 1.,571,https://runeberg.org/statskal/1931/0571.html
1931,Linköpings,Kinds,Horn o. Hycklinge,Horn,TRUE,Österg. 1.,571,https://runeberg.org/statskal/1931/0571.html
1931,Linköpings,Kinds,Horn o. Hycklinge,Hycklinge,FALSE,Österg. 1.,571,https://runeberg.org/statskal/1931/0571.html
1931,Linköpings,Kinds,Vårdnäs,Vårdnäs,TRUE,Österg. 1.,571,https://runeberg.org/statskal/1931/0571.html
1931,Linköpings,Kinds,Västra Eneby o. Kisa,Västra Eneby,TRUE,Österg. 1.,571,https://runeberg.org/statskal/1931/0571.html
1931,Linköpings,Kinds,Västra Eneby o. Kisa,Kisa,FALSE,Österg. 1.,571,https://runeberg.org/statskal/1931/0571.html
1931,Linköpings,Kinds,Hägerstad o. Oppeby,Hägerstad,TRUE,Österg. 1.,571,https://runeberg.org/statskal/1931/0571.html
1931,Linköpings,Kinds,Hägerstad o. Oppeby,Oppeby,FALSE,Österg. 1.,571,https://runeberg.org/statskal/1931/0571.html
1931,Linköpings,Ydre,Västra Ryd o. Svinhult,Västra Ryd,TRUE,Österg. 1.,571,https://runeberg.org/statskal/1931/0571.html
1931,Linköpings,Ydre,Västra Ryd o. Svinhult,Svinhult,FALSE,Österg. 1.,571,https://runeberg.org/statskal/1931/0571.html
1931,Linköpings,Ydre,Asby,Asby,TRUE,Österg. 1.,571,https://runeberg.org/statskal/1931/0571.html
1931,Linköpings,Ydre,Sund,Sund,TRUE,Österg. 1.,571,https://runeberg.org/statskal/1931/0571.html
1931,Linköpings,Ydre,Torpa,Torpa,TRUE,Österg. 1.,571,https://runeberg.org/statskal/1931/0571.html
1931,Linköpings,Ydre,Norra Vi o. Tidersrum,Norra Vi,TRUE,Österg. 1.,571,https://runeberg.org/statskal/1931/0571.html
1931,Linköpings,Ydre,Norra Vi o. Tidersrum,Tidersrum,FALSE,Österg. 1.,571,https://runeberg.org/statskal/1931/0571.html
1931,Linköpings,Vifolka och Valkebo,Västra Harg,Västra Harg,TRUE,Österg. 1.,572,https://runeberg.org/statskal/1931/0572.html
1931,Linköpings,Vifolka och Valkebo,Östra Tollstad o. Sya,Östra Tollstad,TRUE,Österg. 1.,572,https://runeberg.org/statskal/1931/0572.html
1931,Linköpings,Vifolka och Valkebo,Östra Tollstad o. Sya,Sya,FALSE,Österg. 1.,572,https://runeberg.org/statskal/1931/0572.html
1931,Linköpings,Vifolka och Valkebo,Veta o. Viby,Veta,TRUE,Österg. 1.,572,https://runeberg.org/statskal/1931/0572.html
1931,Linköpings,Vifolka och Valkebo,Veta o. Viby,Viby,FALSE,Österg. 1.,572,https://runeberg.org/statskal/1931/0572.html
1931,Linköpings,Vifolka och Valkebo,Normlösa o. Herrberga,Normlösa,TRUE,Österg. 1.,572,https://runeberg.org/statskal/1931/0572.html
1931,Linköpings,Vifolka och Valkebo,Normlösa o. Herrberga,Herrberga,FALSE,Österg. 1.,572,https://runeberg.org/statskal/1931/0572.html
1931,Linköpings,Vifolka och Valkebo,Mjölby,Mjölby,TRUE,Österg. 1.,572,https://runeberg.org/statskal/1931/0572.html
1931,Linköpings,Vifolka och Valkebo,Nykil,Nykil,TRUE,Österg. 1.,572,https://runeberg.org/statskal/1931/0572.html
1931,Linköpings,Vifolka och Valkebo,Gammalkil,Gammalkil,TRUE,Österg. 1.,572,https://runeberg.org/statskal/1931/0572.html
1931,Linköpings,Vifolka och Valkebo,Rappestad o. Sjögestad,Rappestad,TRUE,Österg. 1.,572,https://runeberg.org/statskal/1931/0572.html
1931,Linköpings,Vifolka och Valkebo,Rappestad o. Sjögestad,Sjögestad,FALSE,Österg. 1.,572,https://runeberg.org/statskal/1931/0572.html
1931,Linköpings,Vifolka och Valkebo,Vikingstad,Vikingstad,TRUE,Österg. 1.,572,https://runeberg.org/statskal/1931/0572.html
1931,Linköpings,Vifolka och Valkebo,Ulrika,Ulrika,TRUE,Österg. 1.,572,https://runeberg.org/statskal/1931/0572.html
1931,Linköpings,Göstrings,"Skänninge, Allhelgona o. Bjälbo",Skänninge,TRUE,Österg. 1.,572,https://runeberg.org/statskal/1931/0572.html
1931,Linköpings,Göstrings,"Skänninge, Allhelgona o. Bjälbo",Allhelgona,FALSE,Österg. 1.,572,https://runeberg.org/statskal/1931/0572.html
1931,Linköpings,Göstrings,"Skänninge, Allhelgona o. Bjälbo",Bjälbo,FALSE,Österg. 1.,572,https://runeberg.org/statskal/1931/0572.html
1931,Linköpings,Göstrings,"Ekeby, Rinna o. Blåvik",Ekeby,TRUE,Österg. 1.,572,https://runeberg.org/statskal/1931/0572.html
1931,Linköpings,Göstrings,"Ekeby, Rinna o. Blåvik",Rinna,FALSE,Österg. 1.,572,https://runeberg.org/statskal/1931/0572.html
1931,Linköpings,Göstrings,"Ekeby, Rinna o. Blåvik",Blåvik,FALSE,Österg. 1.,572,https://runeberg.org/statskal/1931/0572.html
1931,Linköpings,Göstrings,Asbo,Asbo,TRUE,Österg. 1.,572,https://runeberg.org/statskal/1931/0572.html
1931,Linköpings,Göstrings,Högby o. Hogstad,Högby,TRUE,Österg. 1.,572,https://runeberg.org/statskal/1931/0572.html
1931,Linköpings,Göstrings,Högby o. Hogstad,Hogstad,FALSE,Österg. 1.,572,https://runeberg.org/statskal/1931/0572.html
1931,Linköpings,Göstrings,Väderstad,Väderstad,TRUE,Österg. 1.,572,https://runeberg.org/statskal/1931/0572.html
1931,Linköpings,Göstrings,Hov o. Appuna,Hov,TRUE,Österg. 1.,572,https://runeberg.org/statskal/1931/0572.html
1931,Linköpings,Göstrings,Hov o. Appuna,Appuna,FALSE,Österg. 1.,572,https://runeberg.org/statskal/1931/0572.html
1931,Linköpings,Göstrings,Malexander,Malexander,TRUE,Österg. 1.,572,https://runeberg.org/statskal/1931/0572.html
1931,Linköpings,Lysings,Stora Åby o. Ödeshög,Stora Åby,TRUE,österg. 1.,572,https://runeberg.org/statskal/1931/0572.html
1931,Linköpings,Lysings,Stora Åby o. Ödeshög,Ödeshög,FALSE,österg. 1.,572,https://runeberg.org/statskal/1931/0572.html
1931,Linköpings,Lysings,"Rök, Heda o. Västra Tollstad",Rök,TRUE,österg. 1.,572,https://runeberg.org/statskal/1931/0572.html
1931,Linköpings,Lysings,"Rök, Heda o. Västra Tollstad",Heda,FALSE,österg. 1.,572,https://runeberg.org/statskal/1931/0572.html
1931,Linköpings,Lysings,"Rök, Heda o. Västra Tollstad",Västra Tollstad,FALSE,österg. 1.,572,https://runeberg.org/statskal/1931/0572.html
1931,Linköpings,Lysings,Trehörna,Trehörna,TRUE,österg. 1.,572,https://runeberg.org/statskal/1931/0572.html
1931,Linköpings,Lysings,Svanshals o. Kumla,Svanshals,TRUE,österg. 1.,572,https://runeberg.org/statskal/1931/0572.html
1931,Linköpings,Lysings,Svanshals o. Kumla,Kumla,FALSE,österg. 1.,572,https://runeberg.org/statskal/1931/0572.html
1931,Linköpings,Norra Vedbo,Adelöv,Adelöv,TRUE,Jönk. 1.,572,https://runeberg.org/statskal/1931/0572.html
1931,Linköpings,Norra Vedbo,Vireda o. Haurida,Vireda,TRUE,Jönk. 1.,572,https://runeberg.org/statskal/1931/0572.html
1931,Linköpings,Norra Vedbo,Vireda o. Haurida,Haurida,FALSE,Jönk. 1.,572,https://runeberg.org/statskal/1931/0572.html
1931,Linköpings,Norra Vedbo,Lommaryd o. Bälaryd,Lommaryd,TRUE,Jönk. 1.,573,https://runeberg.org/statskal/1931/0573.html
1931,Linköpings,Norra Vedbo,Lommaryd o. Bälaryd,Bälaryd,FALSE,Jönk. 1.,573,https://runeberg.org/statskal/1931/0573.html
1931,Linköpings,Norra Vedbo,Askeryd o. Bredestad,Askeryd,TRUE,Jönk. 1.,573,https://runeberg.org/statskal/1931/0573.html
1931,Linköpings,Norra Vedbo,Askeryd o. Bredestad,Bredestad,FALSE,Jönk. 1.,573,https://runeberg.org/statskal/1931/0573.html
1931,Linköpings,Norra Vedbo,Marbäck,Marbäck,TRUE,Jönk. 1.,573,https://runeberg.org/statskal/1931/0573.html
1931,Linköpings,Norra Vedbo,"Linderås o."" Frinnaryd",Linderås,TRUE,Jönk. 1.,573,https://runeberg.org/statskal/1931/0573.html
1931,Linköpings,Norra Vedbo,"Linderås o."" Frinnaryd",Frinnaryd,FALSE,Jönk. 1.,573,https://runeberg.org/statskal/1931/0573.html
1931,Linköpings,Norra Vedbo,Säby,Säby,TRUE,Jönk. 1.,573,https://runeberg.org/statskal/1931/0573.html
1931,Linköpings,Södra Vedbo,"Eksjö stadsförsamling, Eksjö landsförsamling",Eksjö stadsförsamling,TRUE,Jönk. 1.,573,https://runeberg.org/statskal/1931/0573.html
1931,Linköpings,Södra Vedbo,"Eksjö stadsförsamling, Eksjö landsförsamling",Eksjö landsförsamling,FALSE,Jönk. 1.,573,https://runeberg.org/statskal/1931/0573.html
1931,Linköpings,Södra Vedbo,Höreda o. Mellby,Höreda,TRUE,Jönk. 1.,573,https://runeberg.org/statskal/1931/0573.html
1931,Linköpings,Södra Vedbo,Höreda o. Mellby,Mellby,FALSE,Jönk. 1.,573,https://runeberg.org/statskal/1931/0573.html
1931,Linköpings,Södra Vedbo,Hult o. Edshult,Hult,TRUE,Jönk. 1.,573,https://runeberg.org/statskal/1931/0573.html
1931,Linköpings,Södra Vedbo,Hult o. Edshult,Edshult,FALSE,Jönk. 1.,573,https://runeberg.org/statskal/1931/0573.html
1931,Linköpings,Södra Vedbo,Ingatorp o. Bällö,Ingatorp,TRUE,Jönk. 1.,573,https://runeberg.org/statskal/1931/0573.html
1931,Linköpings,Södra Vedbo,Ingatorp o. Bällö,Bällö,FALSE,Jönk. 1.,573,https://runeberg.org/statskal/1931/0573.html
1931,Linköpings,Södra Vedbo,Flisby o. Norra Solberga,Flisby,TRUE,Jönk. 1.,573,https://runeberg.org/statskal/1931/0573.html
1931,Linköpings,Södra Vedbo,Flisby o. Norra Solberga,Norra Solberga,FALSE,Jönk. 1.,573,https://runeberg.org/statskal/1931/0573.html
1931,Skara,Barne,"Lerene, Sparlösa, Long o. Slädene",Lerene,TRUE,Skarab. 1.,573,https://runeberg.org/statskal/1931/0573.html
1931,Skara,Barne,"Lerene, Sparlösa, Long o. Slädene",Sparlösa,FALSE,Skarab. 1.,573,https://runeberg.org/statskal/1931/0573.html
1931,Skara,Barne,"Lerene, Sparlösa, Long o. Slädene",Long,FALSE,Skarab. 1.,573,https://runeberg.org/statskal/1931/0573.html
1931,Skara,Barne,"Lerene, Sparlösa, Long o. Slädene",Slädene,FALSE,Skarab. 1.,573,https://runeberg.org/statskal/1931/0573.html
1931,Skara,Barne,"Saleby, Trässberg o. Härje vad",Saleby,TRUE,Skarab. 1.,574,https://runeberg.org/statskal/1931/0574.html
1931,Skara,Barne,"Saleby, Trässberg o. Härje vad",Trässberg,FALSE,Skarab. 1.,574,https://runeberg.org/statskal/1931/0574.html
1931,Skara,Barne,"Saleby, Trässberg o. Härje vad",Härje vad,FALSE,Skarab. 1.,574,https://runeberg.org/statskal/1931/0574.html
1931,Skara,Barne,"Järpås, Uvered o. Häggesled",Järpås,TRUE,Skarab. 1.,574,https://runeberg.org/statskal/1931/0574.html
1931,Skara,Barne,"Järpås, Uvered o. Häggesled",Uvered,FALSE,Skarab. 1.,574,https://runeberg.org/statskal/1931/0574.html
1931,Skara,Barne,"Järpås, Uvered o. Häggesled",Häggesled,FALSE,Skarab. 1.,574,https://runeberg.org/statskal/1931/0574.html
1931,Skara,Barne,"Ryda, Naum o. Södra Kedum",Ryda,TRUE,Skarab. 1.,574,https://runeberg.org/statskal/1931/0574.html
1931,Skara,Barne,"Ryda, Naum o. Södra Kedum",Naum,FALSE,Skarab. 1.,574,https://runeberg.org/statskal/1931/0574.html
1931,Skara,Barne,"Ryda, Naum o. Södra Kedum",Södra Kedum,FALSE,Skarab. 1.,574,https://runeberg.org/statskal/1931/0574.html
1931,Skara,Barne,"Vara, Skarstad, Önum o. Hällum",Vara,TRUE,Skarab. 1.,574,https://runeberg.org/statskal/1931/0574.html
1931,Skara,Barne,"Vara, Skarstad, Önum o. Hällum",Skarstad,FALSE,Skarab. 1.,574,https://runeberg.org/statskal/1931/0574.html
1931,Skara,Barne,"Vara, Skarstad, Önum o. Hällum",Önum,FALSE,Skarab. 1.,574,https://runeberg.org/statskal/1931/0574.html
1931,Skara,Barne,"Vara, Skarstad, Önum o. Hällum",Hällum,FALSE,Skarab. 1.,574,https://runeberg.org/statskal/1931/0574.html
1931,Skara,Barne,"Jung, Öttum o. Fyrunga",Jung,TRUE,Skarab. 1.,574,https://runeberg.org/statskal/1931/0574.html
1931,Skara,Barne,"Jung, Öttum o. Fyrunga",Öttum,FALSE,Skarab. 1.,574,https://runeberg.org/statskal/1931/0574.html
1931,Skara,Barne,"Jung, Öttum o. Fyrunga",Fyrunga,FALSE,Skarab. 1.,574,https://runeberg.org/statskal/1931/0574.html
1931,Skara,Väne,"Västra Tunhem, Gärdhem, Väne-Åsaka o. Norra",Västra Tunhem,TRUE,Älvsb. o. Skarab. 1.,574,https://runeberg.org/statskal/1931/0574.html
1931,Skara,Väne,"Västra Tunhem, Gärdhem, Väne-Åsaka o. Norra",Gärdhem,FALSE,Älvsb. o. Skarab. 1.,574,https://runeberg.org/statskal/1931/0574.html
1931,Skara,Väne,"Västra Tunhem, Gärdhem, Väne-Åsaka o. Norra",Väne-Åsaka,FALSE,Älvsb. o. Skarab. 1.,574,https://runeberg.org/statskal/1931/0574.html
1931,Skara,Väne,"Västra Tunhem, Gärdhem, Väne-Åsaka o. Norra",Norra,FALSE,Älvsb. o. Skarab. 1.,574,https://runeberg.org/statskal/1931/0574.html
1931,Skara,Väne,"Stora Mellby, Magra, Erska o. Lagmansered",Stora Mellby,TRUE,Älvsb. o. Skarab. 1.,574,https://runeberg.org/statskal/1931/0574.html
1931,Skara,Väne,"Stora Mellby, Magra, Erska o. Lagmansered",Magra,FALSE,Älvsb. o. Skarab. 1.,574,https://runeberg.org/statskal/1931/0574.html
1931,Skara,Väne,"Stora Mellby, Magra, Erska o. Lagmansered",Erska,FALSE,Älvsb. o. Skarab. 1.,574,https://runeberg.org/statskal/1931/0574.html
1931,Skara,Väne,"Stora Mellby, Magra, Erska o. Lagmansered",Lagmansered,FALSE,Älvsb. o. Skarab. 1.,574,https://runeberg.org/statskal/1931/0574.html
1931,Skara,Väne,"Särestad, Bjärby, Täng, Håle o. Flakeberg",Särestad,TRUE,Älvsb. o. Skarab. 1.,574,https://runeberg.org/statskal/1931/0574.html
1931,Skara,Väne,"Särestad, Bjärby, Täng, Håle o. Flakeberg",Bjärby,FALSE,Älvsb. o. Skarab. 1.,574,https://runeberg.org/statskal/1931/0574.html
1931,Skara,Väne,"Särestad, Bjärby, Täng, Håle o. Flakeberg",Täng,FALSE,Älvsb. o. Skarab. 1.,574,https://runeberg.org/statskal/1931/0574.html
1931,Skara,Väne,"Särestad, Bjärby, Täng, Håle o. Flakeberg",Håle,FALSE,Älvsb. o. Skarab. 1.,574,https://runeberg.org/statskal/1931/0574.html
1931,Skara,Väne,"Särestad, Bjärby, Täng, Håle o. Flakeberg",Flakeberg,FALSE,Älvsb. o. Skarab. 1.,574,https://runeberg.org/statskal/1931/0574.html
1931,Skara,Kinna,"Götene, Holmestad, Vättlösa o. Ledsjö",Götene,TRUE,Skarab. 1.,574,https://runeberg.org/statskal/1931/0574.html
1931,Skara,Kinna,"Götene, Holmestad, Vättlösa o. Ledsjö",Holmestad,FALSE,Skarab. 1.,574,https://runeberg.org/statskal/1931/0574.html
1931,Skara,Kinna,"Götene, Holmestad, Vättlösa o. Ledsjö",Vättlösa,FALSE,Skarab. 1.,574,https://runeberg.org/statskal/1931/0574.html
1931,Skara,Kinna,"Götene, Holmestad, Vättlösa o. Ledsjö",Ledsjö,FALSE,Skarab. 1.,574,https://runeberg.org/statskal/1931/0574.html
1931,Skara,Kinna,"Forshem, Kinne-Vedum o. Fullösa",Forshem,TRUE,Skarab. 1.,574,https://runeberg.org/statskal/1931/0574.html
1931,Skara,Kinna,"Forshem, Kinne-Vedum o. Fullösa",Kinne-Vedum,FALSE,Skarab. 1.,574,https://runeberg.org/statskal/1931/0574.html
1931,Skara,Kinna,"Forshem, Kinne-Vedum o. Fullösa",Fullösa,FALSE,Skarab. 1.,574,https://runeberg.org/statskal/1931/0574.html
1931,Skara,Kinna,"Björsäter, Lugnås o. Bredsäter",Björsäter,TRUE,Skarab. 1.,574,https://runeberg.org/statskal/1931/0574.html
1931,Skara,Kinna,"Björsäter, Lugnås o. Bredsäter",Lugnås,FALSE,Skarab. 1.,574,https://runeberg.org/statskal/1931/0574.html
1931,Skara,Kinna,"Björsäter, Lugnås o. Bredsäter",Bredsäter,FALSE,Skarab. 1.,574,https://runeberg.org/statskal/1931/0574.html
1931,Skara,Kinna,"Källby, Broby, Skeby o. Hangelösa",Källby,TRUE,Skarab. 1.,574,https://runeberg.org/statskal/1931/0574.html
1931,Skara,Kinna,"Källby, Broby, Skeby o. Hangelösa",Broby,FALSE,Skarab. 1.,574,https://runeberg.org/statskal/1931/0574.html
1931,Skara,Kinna,"Källby, Broby, Skeby o. Hangelösa",Skeby,FALSE,Skarab. 1.,574,https://runeberg.org/statskal/1931/0574.html
1931,Skara,Kinna,"Källby, Broby, Skeby o. Hangelösa",Hangelösa,FALSE,Skarab. 1.,574,https://runeberg.org/statskal/1931/0574.html
1931,Skara,Kinna,"Husaby, Skälvum, Ova, Kinne-Kleva o. Sil",Husaby,TRUE,Skarab. 1.,574,https://runeberg.org/statskal/1931/0574.html
1931,Skara,Kinna,"Husaby, Skälvum, Ova, Kinne-Kleva o. Sil",Skälvum,FALSE,Skarab. 1.,574,https://runeberg.org/statskal/1931/0574.html
1931,Skara,Kinna,"Husaby, Skälvum, Ova, Kinne-Kleva o. Sil",Ova,FALSE,Skarab. 1.,574,https://runeberg.org/statskal/1931/0574.html
1931,Skara,Kinna,"Husaby, Skälvum, Ova, Kinne-Kleva o. Sil",Kinne-Kleva,FALSE,Skarab. 1.,574,https://runeberg.org/statskal/1931/0574.html
1931,Skara,Kinna,"Husaby, Skälvum, Ova, Kinne-Kleva o. Sil",Sil,FALSE,Skarab. 1.,574,https://runeberg.org/statskal/1931/0574.html
1931,Skara,Kinna,Medelplana o. Västerplana,Medelplana,TRUE,Skarab. 1.,575,https://runeberg.org/statskal/1931/0575.html
1931,Skara,Kinna,Medelplana o. Västerplana,Västerplana,FALSE,Skarab. 1.,575,https://runeberg.org/statskal/1931/0575.html
1931,Skara,Kinna,Österplana o. Kestad,Österplana,TRUE,Skarab. 1.,575,https://runeberg.org/statskal/1931/0575.html
1931,Skara,Kinna,Österplana o. Kestad,Kestad,FALSE,Skarab. 1.,575,https://runeberg.org/statskal/1931/0575.html
1931,Skara,V ånga.,"Norra Vånga, Edsvära o. Kvänum",Norra Vånga,TRUE,Älvsb. o. Skarab. 1.,575,https://runeberg.org/statskal/1931/0575.html
1931,Skara,V ånga.,"Norra Vånga, Edsvära o. Kvänum",Edsvära,FALSE,Älvsb. o. Skarab. 1.,575,https://runeberg.org/statskal/1931/0575.html
1931,Skara,V ånga.,"Norra Vånga, Edsvära o. Kvänum",Kvänum,FALSE,Älvsb. o. Skarab. 1.,575,https://runeberg.org/statskal/1931/0575.html
1931,Skara,V ånga.,"Larv, Längjum, Travad o. Södra Lundby",Larv,TRUE,Älvsb. o. Skarab. 1.,575,https://runeberg.org/statskal/1931/0575.html
1931,Skara,V ånga.,"Larv, Längjum, Travad o. Södra Lundby",Längjum,FALSE,Älvsb. o. Skarab. 1.,575,https://runeberg.org/statskal/1931/0575.html
1931,Skara,V ånga.,"Larv, Längjum, Travad o. Södra Lundby",Travad,FALSE,Älvsb. o. Skarab. 1.,575,https://runeberg.org/statskal/1931/0575.html
1931,Skara,V ånga.,"Larv, Längjum, Travad o. Södra Lundby",Södra Lundby,FALSE,Älvsb. o. Skarab. 1.,575,https://runeberg.org/statskal/1931/0575.html
1931,Skara,Falköpings,"Falköpings stadsförsamling, Falköpings landsförsamling, Torbjörntorp, Friggeråker o. Luttra",Falköpings stadsförsamling,TRUE,Älvsb. o. Skarab. 1.,575,https://runeberg.org/statskal/1931/0575.html
1931,Skara,Falköpings,"Falköpings stadsförsamling, Falköpings landsförsamling, Torbjörntorp, Friggeråker o. Luttra",Falköpings landsförsamling,FALSE,Älvsb. o. Skarab. 1.,575,https://runeberg.org/statskal/1931/0575.html
1931,Skara,Falköpings,"Falköpings stadsförsamling, Falköpings landsförsamling, Torbjörntorp, Friggeråker o. Luttra",Torbjörntorp,FALSE,Älvsb. o. Skarab. 1.,575,https://runeberg.org/statskal/1931/0575.html
1931,Skara,Falköpings,"Falköpings stadsförsamling, Falköpings landsförsamling, Torbjörntorp, Friggeråker o. Luttra",Friggeråker,FALSE,Älvsb. o. Skarab. 1.,575,https://runeberg.org/statskal/1931/0575.html
1931,Skara,Falköpings,"Falköpings stadsförsamling, Falköpings landsförsamling, Torbjörntorp, Friggeråker o. Luttra",Luttra,FALSE,Älvsb. o. Skarab. 1.,575,https://runeberg.org/statskal/1931/0575.html
1931,Skara,Falköpings,"Gudhem, östra Tunhem o. Ugglum",Gudhem,TRUE,Älvsb. o. Skarab. 1.,575,https://runeberg.org/statskal/1931/0575.html
1931,Skara,Falköpings,"Gudhem, östra Tunhem o. Ugglum",östra Tunhem,FALSE,Älvsb. o. Skarab. 1.,575,https://runeberg.org/statskal/1931/0575.html
1931,Skara,Falköpings,"Gudhem, östra Tunhem o. Ugglum",Ugglum,FALSE,Älvsb. o. Skarab. 1.,575,https://runeberg.org/statskal/1931/0575.html
1931,Skara,Vartofta,"Slöta, Karleby, Åsle, Mularp o. Tiarp",Slöta,TRUE,Skarab. 1.,575,https://runeberg.org/statskal/1931/0575.html
1931,Skara,Vartofta,"Slöta, Karleby, Åsle, Mularp o. Tiarp",Karleby,FALSE,Skarab. 1.,575,https://runeberg.org/statskal/1931/0575.html
1931,Skara,Vartofta,"Slöta, Karleby, Åsle, Mularp o. Tiarp",Åsle,FALSE,Skarab. 1.,575,https://runeberg.org/statskal/1931/0575.html
1931,Skara,Vartofta,"Slöta, Karleby, Åsle, Mularp o. Tiarp",Mularp,FALSE,Skarab. 1.,575,https://runeberg.org/statskal/1931/0575.html
1931,Skara,Vartofta,"Slöta, Karleby, Åsle, Mularp o. Tiarp",Tiarp,FALSE,Skarab. 1.,575,https://runeberg.org/statskal/1931/0575.html
1931,Skara,Vartofta,"Valstad, Kymbo, Vättak o. Suntak",Valstad,TRUE,Skarab. 1.,575,https://runeberg.org/statskal/1931/0575.html
1931,Skara,Vartofta,"Valstad, Kymbo, Vättak o. Suntak",Kymbo,FALSE,Skarab. 1.,575,https://runeberg.org/statskal/1931/0575.html
1931,Skara,Vartofta,"Valstad, Kymbo, Vättak o. Suntak",Vättak,FALSE,Skarab. 1.,575,https://runeberg.org/statskal/1931/0575.html
1931,Skara,Vartofta,"Valstad, Kymbo, Vättak o. Suntak",Suntak,FALSE,Skarab. 1.,575,https://runeberg.org/statskal/1931/0575.html
1931,Skara,Vartofta,"Varv, Kungslena o. Hömb",Varv,TRUE,Skarab. 1.,575,https://runeberg.org/statskal/1931/0575.html
1931,Skara,Vartofta,"Varv, Kungslena o. Hömb",Kungslena,FALSE,Skarab. 1.,575,https://runeberg.org/statskal/1931/0575.html
1931,Skara,Vartofta,"Varv, Kungslena o. Hömb",Hömb,FALSE,Skarab. 1.,575,https://runeberg.org/statskal/1931/0575.html
1931,Skara,Vartofta,"Dimbo, Ottravad, Hångsdala, Skörstorp o. Östra Gerum",Dimbo,TRUE,Skarab. 1.,575,https://runeberg.org/statskal/1931/0575.html
1931,Skara,Vartofta,"Dimbo, Ottravad, Hångsdala, Skörstorp o. Östra Gerum",Ottravad,FALSE,Skarab. 1.,575,https://runeberg.org/statskal/1931/0575.html
1931,Skara,Vartofta,"Dimbo, Ottravad, Hångsdala, Skörstorp o. Östra Gerum",Hångsdala,FALSE,Skarab. 1.,575,https://runeberg.org/statskal/1931/0575.html
1931,Skara,Vartofta,"Dimbo, Ottravad, Hångsdala, Skörstorp o. Östra Gerum",Skörstorp,FALSE,Skarab. 1.,575,https://runeberg.org/statskal/1931/0575.html
1931,Skara,Vartofta,"Dimbo, Ottravad, Hångsdala, Skörstorp o. Östra Gerum",Östra Gerum,FALSE,Skarab. 1.,575,https://runeberg.org/statskal/1931/0575.html
1931,Skara,Vartofta,"Yllestad, Näs, Visttorp, Vartofta-Åsaka o. Kälvene",Yllestad,TRUE,Skarab. 1.,576,https://runeberg.org/statskal/1931/0576.html
1931,Skara,Vartofta,"Yllestad, Näs, Visttorp, Vartofta-Åsaka o. Kälvene",Näs,FALSE,Skarab. 1.,576,https://runeberg.org/statskal/1931/0576.html
1931,Skara,Vartofta,"Yllestad, Näs, Visttorp, Vartofta-Åsaka o. Kälvene",Visttorp,FALSE,Skarab. 1.,576,https://runeberg.org/statskal/1931/0576.html
1931,Skara,Vartofta,"Yllestad, Näs, Visttorp, Vartofta-Åsaka o. Kälvene",Vartofta-Åsaka,FALSE,Skarab. 1.,576,https://runeberg.org/statskal/1931/0576.html
1931,Skara,Vartofta,"Yllestad, Näs, Visttorp, Vartofta-Åsaka o. Kälvene",Kälvene,FALSE,Skarab. 1.,576,https://runeberg.org/statskal/1931/0576.html
1931,Skara,Kållands,Lidköping,Lidköping,TRUE,Skarab. 1.,576,https://runeberg.org/statskal/1931/0576.html
1931,Skara,Kållands,Norra Härene o. Hovby,Norra Härene,TRUE,Skarab. 1.,576,https://runeberg.org/statskal/1931/0576.html
1931,Skara,Kållands,Norra Härene o. Hovby,Hovby,FALSE,Skarab. 1.,576,https://runeberg.org/statskal/1931/0576.html
1931,Skara,Kållands,"Sunnersberg, Gösslunda o. Strö",Sunnersberg,TRUE,Skarab. 1.,576,https://runeberg.org/statskal/1931/0576.html
1931,Skara,Kållands,"Sunnersberg, Gösslunda o. Strö",Gösslunda,FALSE,Skarab. 1.,576,https://runeberg.org/statskal/1931/0576.html
1931,Skara,Kållands,"Sunnersberg, Gösslunda o. Strö",Strö,FALSE,Skarab. 1.,576,https://runeberg.org/statskal/1931/0576.html
1931,Skara,Kållands,"Örslösa, Söne, Väla o. Gillstad",Örslösa,TRUE,Skarab. 1.,576,https://runeberg.org/statskal/1931/0576.html
1931,Skara,Kållands,"Örslösa, Söne, Väla o. Gillstad",Söne,FALSE,Skarab. 1.,576,https://runeberg.org/statskal/1931/0576.html
1931,Skara,Kållands,"Örslösa, Söne, Väla o. Gillstad",Väla,FALSE,Skarab. 1.,576,https://runeberg.org/statskal/1931/0576.html
1931,Skara,Kållands,"Örslösa, Söne, Väla o. Gillstad",Gillstad,FALSE,Skarab. 1.,576,https://runeberg.org/statskal/1931/0576.html
1931,Skara,Kållands,"Råda, Kållands-Åsaka o. Mellby",Råda,TRUE,Skarab. 1.,576,https://runeberg.org/statskal/1931/0576.html
1931,Skara,Kållands,"Råda, Kållands-Åsaka o. Mellby",Kållands-Åsaka,FALSE,Skarab. 1.,576,https://runeberg.org/statskal/1931/0576.html
1931,Skara,Kållands,"Råda, Kållands-Åsaka o. Mellby",Mellby,FALSE,Skarab. 1.,576,https://runeberg.org/statskal/1931/0576.html
1931,Skara,Kållands,"Tådene, Lavad, Norra Kedum o. Tranum",Tådene,TRUE,Skarab. 1.,576,https://runeberg.org/statskal/1931/0576.html
1931,Skara,Kållands,"Tådene, Lavad, Norra Kedum o. Tranum",Lavad,FALSE,Skarab. 1.,576,https://runeberg.org/statskal/1931/0576.html
1931,Skara,Kållands,"Tådene, Lavad, Norra Kedum o. Tranum",Norra Kedum,FALSE,Skarab. 1.,576,https://runeberg.org/statskal/1931/0576.html
1931,Skara,Kållands,"Tådene, Lavad, Norra Kedum o. Tranum",Tranum,FALSE,Skarab. 1.,576,https://runeberg.org/statskal/1931/0576.html
1931,Skara,Kållands,"Tun, Friel o. Karaby",Tun,TRUE,Skarab. 1.,576,https://runeberg.org/statskal/1931/0576.html
1931,Skara,Kållands,"Tun, Friel o. Karaby",Friel,FALSE,Skarab. 1.,576,https://runeberg.org/statskal/1931/0576.html
1931,Skara,Kållands,"Tun, Friel o. Karaby",Karaby,FALSE,Skarab. 1.,576,https://runeberg.org/statskal/1931/0576.html
1931,Skara,Kållands,Otterstad,Otterstad,TRUE,Skarab. 1.,576,https://runeberg.org/statskal/1931/0576.html
1931,Skara,Kållands,Rackeby o. Skalunda,Rackeby,TRUE,Skarab. 1.,576,https://runeberg.org/statskal/1931/0576.html
1931,Skara,Kållands,Rackeby o. Skalunda,Skalunda,FALSE,Skarab. 1.,576,https://runeberg.org/statskal/1931/0576.html
1931,Skara,Kåkinds,Norra Pågelås o. Södra Pågelås,Norra Pågelås,TRUE,Skarab. 1.,576,https://runeberg.org/statskal/1931/0576.html
1931,Skara,Kåkinds,Norra Pågelås o. Södra Pågelås,Södra Pågelås,FALSE,Skarab. 1.,576,https://runeberg.org/statskal/1931/0576.html
1931,Skara,Kåkinds,"Hjo stadsförsamling, Hjo landsförsamling",Hjo stadsförsamling,TRUE,Skarab. 1.,576,https://runeberg.org/statskal/1931/0576.html
1931,Skara,Kåkinds,"Hjo stadsförsamling, Hjo landsförsamling",Hjo landsförsamling,FALSE,Skarab. 1.,576,https://runeberg.org/statskal/1931/0576.html
1931,Skara,Kåkinds,"Pröjered, Korsberga o. Pridene",Pröjered,TRUE,Skarab. 1.,576,https://runeberg.org/statskal/1931/0576.html
1931,Skara,Kåkinds,"Pröjered, Korsberga o. Pridene",Korsberga,FALSE,Skarab. 1.,576,https://runeberg.org/statskal/1931/0576.html
1931,Skara,Kåkinds,"Pröjered, Korsberga o. Pridene",Pridene,FALSE,Skarab. 1.,576,https://runeberg.org/statskal/1931/0576.html
1931,Skara,Kåkinds,"Varola, Värsås, Ljunghem o. Edåsa",Varola,TRUE,Skarab. 1.,576,https://runeberg.org/statskal/1931/0576.html
1931,Skara,Kåkinds,"Varola, Värsås, Ljunghem o. Edåsa",Värsås,FALSE,Skarab. 1.,576,https://runeberg.org/statskal/1931/0576.html
1931,Skara,Kåkinds,"Varola, Värsås, Ljunghem o. Edåsa",Ljunghem,FALSE,Skarab. 1.,576,https://runeberg.org/statskal/1931/0576.html
1931,Skara,Kåkinds,"Varola, Värsås, Ljunghem o. Edåsa",Edåsa,FALSE,Skarab. 1.,576,https://runeberg.org/statskal/1931/0576.html
1931,Skara,Kåkinds,Kyrkefalla o. Mofalla,Kyrkefalla,TRUE,Skarab. 1.,576,https://runeberg.org/statskal/1931/0576.html
1931,Skara,Kåkinds,Kyrkefalla o. Mofalla,Mofalla,FALSE,Skarab. 1.,576,https://runeberg.org/statskal/1931/0576.html
1931,Skara,Kåkinds,"Daretorp, Velinge o. Brandstorp",Daretorp,TRUE,Skarab. 1.,576,https://runeberg.org/statskal/1931/0576.html
1931,Skara,Kåkinds,"Daretorp, Velinge o. Brandstorp",Velinge,FALSE,Skarab. 1.,576,https://runeberg.org/statskal/1931/0576.html
1931,Skara,Kåkinds,"Daretorp, Velinge o. Brandstorp",Brandstorp,FALSE,Skarab. 1.,576,https://runeberg.org/statskal/1931/0576.html
1931,Skara,Kåkinds,"Tidaholm, Acklinga, Agnetorp o. Baltak",Tidaholm,TRUE,Skarab. 1.,576,https://runeberg.org/statskal/1931/0576.html
1931,Skara,Kåkinds,"Tidaholm, Acklinga, Agnetorp o. Baltak",Acklinga,FALSE,Skarab. 1.,576,https://runeberg.org/statskal/1931/0576.html
1931,Skara,Kåkinds,"Tidaholm, Acklinga, Agnetorp o. Baltak",Agnetorp,FALSE,Skarab. 1.,576,https://runeberg.org/statskal/1931/0576.html
1931,Skara,Kåkinds,"Tidaholm, Acklinga, Agnetorp o. Baltak",Baltak,FALSE,Skarab. 1.,576,https://runeberg.org/statskal/1931/0576.html
1931,Skara,Kåkinds,Grevbäck o. Bredvik,Grevbäck,TRUE,Skarab. 1.,576,https://runeberg.org/statskal/1931/0576.html
1931,Skara,Kåkinds,Grevbäck o. Bredvik,Bredvik,FALSE,Skarab. 1.,576,https://runeberg.org/statskal/1931/0576.html
1931,Skara,Norra Vadsbo,"Amnehärad o. Södra Råda, det senare tillhörande",Amnehärad,TRUE,Skarab. 1.,576,https://runeberg.org/statskal/1931/0576.html
1931,Skara,Norra Vadsbo,"Amnehärad o. Södra Råda, det senare tillhörande",Södra Råda,FALSE,Skarab. 1.,576,https://runeberg.org/statskal/1931/0576.html
1931,Skara,Norra Vadsbo,"Amnehärad o. Södra Råda, det senare tillhörande",det senare tillhörande,FALSE,Skarab. 1.,576,https://runeberg.org/statskal/1931/0576.html
1931,Skara,Norra Vadsbo,Finnerödja,Finnerödja,TRUE,Skarab. 1.,576,https://runeberg.org/statskal/1931/0576.html
1931,Skara,Norra Vadsbo,Hova o. Älgarås,Hova,TRUE,Skarab. 1.,576,https://runeberg.org/statskal/1931/0576.html
1931,Skara,Norra Vadsbo,Hova o. Älgarås,Älgarås,FALSE,Skarab. 1.,576,https://runeberg.org/statskal/1931/0576.html
1931,Skara,Norra Vadsbo,Lyrestad,Lyrestad,TRUE,Skarab. 1.,576,https://runeberg.org/statskal/1931/0576.html
1931,Skara,Norra Vadsbo,"Predsberg, Bäck o. Björkäng",Predsberg,TRUE,Skarab. 1.,576,https://runeberg.org/statskal/1931/0576.html
1931,Skara,Norra Vadsbo,"Predsberg, Bäck o. Björkäng",Bäck,FALSE,Skarab. 1.,576,https://runeberg.org/statskal/1931/0576.html
1931,Skara,Norra Vadsbo,"Predsberg, Bäck o. Björkäng",Björkäng,FALSE,Skarab. 1.,576,https://runeberg.org/statskal/1931/0576.html
1931,Skara,Norra Vadsbo,Tived,Tived,TRUE,Skarab. 1.,577,https://runeberg.org/statskal/1931/0577.html
1931,Skara,Södra Vadsbo,Fägre o. Trästena,Fägre,TRUE,Skarab. 1.,577,https://runeberg.org/statskal/1931/0577.html
1931,Skara,Södra Vadsbo,Fägre o. Trästena,Trästena,FALSE,Skarab. 1.,577,https://runeberg.org/statskal/1931/0577.html
1931,Skara,Södra Vadsbo,"Hjälstad, Vad, Svenneby o. Mo",Hjälstad,TRUE,Skarab. 1.,577,https://runeberg.org/statskal/1931/0577.html
1931,Skara,Södra Vadsbo,"Hjälstad, Vad, Svenneby o. Mo",Vad,FALSE,Skarab. 1.,577,https://runeberg.org/statskal/1931/0577.html
1931,Skara,Södra Vadsbo,"Hjälstad, Vad, Svenneby o. Mo",Svenneby,FALSE,Skarab. 1.,577,https://runeberg.org/statskal/1931/0577.html
1931,Skara,Södra Vadsbo,"Hjälstad, Vad, Svenneby o. Mo",Mo,FALSE,Skarab. 1.,577,https://runeberg.org/statskal/1931/0577.html
1931,Skara,Södra Vadsbo,Götlunda o. Flistad,Götlunda,TRUE,Skarab. 1.,577,https://runeberg.org/statskal/1931/0577.html
1931,Skara,Södra Vadsbo,Götlunda o. Flistad,Flistad,FALSE,Skarab. 1.,577,https://runeberg.org/statskal/1931/0577.html
1931,Skara,Södra Vadsbo,Väring o. Locketorp,Väring,TRUE,Skarab. 1.,577,https://runeberg.org/statskal/1931/0577.html
1931,Skara,Södra Vadsbo,Väring o. Locketorp,Locketorp,FALSE,Skarab. 1.,577,https://runeberg.org/statskal/1931/0577.html
1931,Skara,Södra Vadsbo,"Bällefors, Ekeskog o. Beateberg",Bällefors,TRUE,Skarab. 1.,577,https://runeberg.org/statskal/1931/0577.html
1931,Skara,Södra Vadsbo,"Bällefors, Ekeskog o. Beateberg",Ekeskog,FALSE,Skarab. 1.,577,https://runeberg.org/statskal/1931/0577.html
1931,Skara,Södra Vadsbo,"Bällefors, Ekeskog o. Beateberg",Beateberg,FALSE,Skarab. 1.,577,https://runeberg.org/statskal/1931/0577.html
1931,Skara,Södra Vadsbo,Ransberg o. Mölltorp,Ransberg,TRUE,Skarab. 1.,577,https://runeberg.org/statskal/1931/0577.html
1931,Skara,Södra Vadsbo,Ransberg o. Mölltorp,Mölltorp,FALSE,Skarab. 1.,577,https://runeberg.org/statskal/1931/0577.html
1931,Skara,Södra Vadsbo,Karlsborg,Karlsborg,TRUE,Skarab. 1.,577,https://runeberg.org/statskal/1931/0577.html
1931,Skara,Södra Vadsbo,Undenäs o. Halna,Undenäs,TRUE,Skarab. 1.,577,https://runeberg.org/statskal/1931/0577.html
1931,Skara,Södra Vadsbo,Undenäs o. Halna,Halna,FALSE,Skarab. 1.,577,https://runeberg.org/statskal/1931/0577.html
1931,Skara,Mariestads,Mariestad,Mariestad,TRUE,Skarab. 1.,577,https://runeberg.org/statskal/1931/0577.html
1931,Skara,Mariestads,Torsö,Torsö,TRUE,Skarab. 1.,577,https://runeberg.org/statskal/1931/0577.html
1931,Skara,Mariestads,"Hassle, Berga, Färe o. Enåsa",Hassle,TRUE,Skarab. 1.,577,https://runeberg.org/statskal/1931/0577.html
1931,Skara,Mariestads,"Hassle, Berga, Färe o. Enåsa",Berga,FALSE,Skarab. 1.,577,https://runeberg.org/statskal/1931/0577.html
1931,Skara,Mariestads,"Hassle, Berga, Färe o. Enåsa",Färe,FALSE,Skarab. 1.,577,https://runeberg.org/statskal/1931/0577.html
1931,Skara,Mariestads,"Hassle, Berga, Färe o. Enåsa",Enåsa,FALSE,Skarab. 1.,577,https://runeberg.org/statskal/1931/0577.html
1931,Skara,Mariestads,"Ullervad, Ek, Ekby o. Utby",Ullervad,TRUE,Skarab. 1.,577,https://runeberg.org/statskal/1931/0577.html
1931,Skara,Mariestads,"Ullervad, Ek, Ekby o. Utby",Ek,FALSE,Skarab. 1.,577,https://runeberg.org/statskal/1931/0577.html
1931,Skara,Mariestads,"Ullervad, Ek, Ekby o. Utby",Ekby,FALSE,Skarab. 1.,577,https://runeberg.org/statskal/1931/0577.html
1931,Skara,Mariestads,"Ullervad, Ek, Ekby o. Utby",Utby,FALSE,Skarab. 1.,577,https://runeberg.org/statskal/1931/0577.html
1931,Skara,Mariestads,Leksberg,Leksberg,TRUE,Skarab. 1.,577,https://runeberg.org/statskal/1931/0577.html
1931,Skara,Mariestads,"Odensåker, Tidavad, Låstad o. Binneberg",Odensåker,TRUE,Skarab. 1.,577,https://runeberg.org/statskal/1931/0577.html
1931,Skara,Mariestads,"Odensåker, Tidavad, Låstad o. Binneberg",Tidavad,FALSE,Skarab. 1.,577,https://runeberg.org/statskal/1931/0577.html
1931,Skara,Mariestads,"Odensåker, Tidavad, Låstad o. Binneberg",Låstad,FALSE,Skarab. 1.,577,https://runeberg.org/statskal/1931/0577.html
1931,Skara,Mariestads,"Odensåker, Tidavad, Låstad o. Binneberg",Binneberg,FALSE,Skarab. 1.,577,https://runeberg.org/statskal/1931/0577.html
1931,Skara,Mariestads,"Horn, Frösve o. Säter",Horn,TRUE,Skarab. 1.,577,https://runeberg.org/statskal/1931/0577.html
1931,Skara,Mariestads,"Horn, Frösve o. Säter",Frösve,FALSE,Skarab. 1.,577,https://runeberg.org/statskal/1931/0577.html
1931,Skara,Mariestads,"Horn, Frösve o. Säter",Säter,FALSE,Skarab. 1.,577,https://runeberg.org/statskal/1931/0577.html
1931,Skara,Billings,"Skövde, Öm, Ryd, Hagelberg, Norra Kyrketorp",Skövde,TRUE,Skarab. 1.,577,https://runeberg.org/statskal/1931/0577.html
1931,Skara,Billings,"Skövde, Öm, Ryd, Hagelberg, Norra Kyrketorp",Öm,FALSE,Skarab. 1.,577,https://runeberg.org/statskal/1931/0577.html
1931,Skara,Billings,"Skövde, Öm, Ryd, Hagelberg, Norra Kyrketorp",Ryd,FALSE,Skarab. 1.,577,https://runeberg.org/statskal/1931/0577.html
1931,Skara,Billings,"Skövde, Öm, Ryd, Hagelberg, Norra Kyrketorp",Hagelberg,FALSE,Skarab. 1.,577,https://runeberg.org/statskal/1931/0577.html
1931,Skara,Billings,"Skövde, Öm, Ryd, Hagelberg, Norra Kyrketorp",Norra Kyrketorp,FALSE,Skarab. 1.,577,https://runeberg.org/statskal/1931/0577.html
1931,Skara,Billings,Sventorp o. Forsby,Sventorp,TRUE,Skarab. 1.,577,https://runeberg.org/statskal/1931/0577.html
1931,Skara,Billings,Sventorp o. Forsby,Forsby,FALSE,Skarab. 1.,577,https://runeberg.org/statskal/1931/0577.html
1931,Skara,Billings,"Varnhem, Istrum, Eggby, Öglunda o. Norra",Varnhem,TRUE,Skarab. 1.,577,https://runeberg.org/statskal/1931/0577.html
1931,Skara,Billings,"Varnhem, Istrum, Eggby, Öglunda o. Norra",Istrum,FALSE,Skarab. 1.,577,https://runeberg.org/statskal/1931/0577.html
1931,Skara,Billings,"Varnhem, Istrum, Eggby, Öglunda o. Norra",Eggby,FALSE,Skarab. 1.,577,https://runeberg.org/statskal/1931/0577.html
1931,Skara,Billings,"Varnhem, Istrum, Eggby, Öglunda o. Norra",Öglunda,FALSE,Skarab. 1.,577,https://runeberg.org/statskal/1931/0577.html
1931,Skara,Billings,"Varnhem, Istrum, Eggby, Öglunda o. Norra",Norra,FALSE,Skarab. 1.,577,https://runeberg.org/statskal/1931/0577.html
1931,Skara,Billings,Lundby,Lundby,TRUE,Skarab. 1.,577,https://runeberg.org/statskal/1931/0577.html
1931,Skara,Billings,"Berg, Lerdala, Timmersdala o. Böja",Berg,TRUE,Skarab. 1.,577,https://runeberg.org/statskal/1931/0577.html
1931,Skara,Billings,"Berg, Lerdala, Timmersdala o. Böja",Lerdala,FALSE,Skarab. 1.,577,https://runeberg.org/statskal/1931/0577.html
1931,Skara,Billings,"Berg, Lerdala, Timmersdala o. Böja",Timmersdala,FALSE,Skarab. 1.,577,https://runeberg.org/statskal/1931/0577.html
1931,Skara,Billings,"Berg, Lerdala, Timmersdala o. Böja",Böja,FALSE,Skarab. 1.,577,https://runeberg.org/statskal/1931/0577.html
1931,Skara,Billings,"Sjogerstad, Rådene o. Häggum",Sjogerstad,TRUE,Skarab. 1.,578,https://runeberg.org/statskal/1931/0578.html
1931,Skara,Billings,"Sjogerstad, Rådene o. Häggum",Rådene,FALSE,Skarab. 1.,578,https://runeberg.org/statskal/1931/0578.html
1931,Skara,Billings,"Sjogerstad, Rådene o. Häggum",Häggum,FALSE,Skarab. 1.,578,https://runeberg.org/statskal/1931/0578.html
1931,Skara,Billings,"Broddetorp, Hornborga, Sätuna o. Bolum",Broddetorp,TRUE,Skarab. 1.,578,https://runeberg.org/statskal/1931/0578.html
1931,Skara,Billings,"Broddetorp, Hornborga, Sätuna o. Bolum",Hornborga,FALSE,Skarab. 1.,578,https://runeberg.org/statskal/1931/0578.html
1931,Skara,Billings,"Broddetorp, Hornborga, Sätuna o. Bolum",Sätuna,FALSE,Skarab. 1.,578,https://runeberg.org/statskal/1931/0578.html
1931,Skara,Billings,"Broddetorp, Hornborga, Sätuna o. Bolum",Bolum,FALSE,Skarab. 1.,578,https://runeberg.org/statskal/1931/0578.html
1931,Skara,Redvägs,"Böne, Knätte, Liared, Pivlered o. Kölingared",Böne,TRUE,"Jönk., Älvsb. o. Skarab. 1.",578,https://runeberg.org/statskal/1931/0578.html
1931,Skara,Redvägs,"Böne, Knätte, Liared, Pivlered o. Kölingared",Knätte,FALSE,"Jönk., Älvsb. o. Skarab. 1.",578,https://runeberg.org/statskal/1931/0578.html
1931,Skara,Redvägs,"Böne, Knätte, Liared, Pivlered o. Kölingared",Liared,FALSE,"Jönk., Älvsb. o. Skarab. 1.",578,https://runeberg.org/statskal/1931/0578.html
1931,Skara,Redvägs,"Böne, Knätte, Liared, Pivlered o. Kölingared",Pivlered,FALSE,"Jönk., Älvsb. o. Skarab. 1.",578,https://runeberg.org/statskal/1931/0578.html
1931,Skara,Redvägs,"Böne, Knätte, Liared, Pivlered o. Kölingared",Kölingared,FALSE,"Jönk., Älvsb. o. Skarab. 1.",578,https://runeberg.org/statskal/1931/0578.html
1931,Skara,Ås,Borås o. Brämhult,Borås,TRUE,Älvsb. 1.,578,https://runeberg.org/statskal/1931/0578.html
1931,Skara,Ås,Borås o. Brämhult,Brämhult,FALSE,Älvsb. 1.,578,https://runeberg.org/statskal/1931/0578.html
1931,Skara,Ås,"Fristad, Borgstena o. Gingri",Fristad,TRUE,Älvsb. 1.,578,https://runeberg.org/statskal/1931/0578.html
1931,Skara,Ås,"Fristad, Borgstena o. Gingri",Borgstena,FALSE,Älvsb. 1.,578,https://runeberg.org/statskal/1931/0578.html
1931,Skara,Ås,"Fristad, Borgstena o. Gingri",Gingri,FALSE,Älvsb. 1.,578,https://runeberg.org/statskal/1931/0578.html
1931,Skara,Ås,"Rångedala, Toarp, Äspered, Tärby o. Varnum",Rångedala,TRUE,Älvsb. 1.,578,https://runeberg.org/statskal/1931/0578.html
1931,Skara,Ås,"Rångedala, Toarp, Äspered, Tärby o. Varnum",Toarp,FALSE,Älvsb. 1.,578,https://runeberg.org/statskal/1931/0578.html
1931,Skara,Ås,"Rångedala, Toarp, Äspered, Tärby o. Varnum",Äspered,FALSE,Älvsb. 1.,578,https://runeberg.org/statskal/1931/0578.html
1931,Skara,Ås,"Rångedala, Toarp, Äspered, Tärby o. Varnum",Tärby,FALSE,Älvsb. 1.,578,https://runeberg.org/statskal/1931/0578.html
1931,Skara,Ås,"Rångedala, Toarp, Äspered, Tärby o. Varnum",Varnum,FALSE,Älvsb. 1.,578,https://runeberg.org/statskal/1931/0578.html
1931,Skara,Ås,"Södra Ving, Härna, Pänneslunda o. Grovare",Södra Ving,TRUE,Älvsb. 1.,578,https://runeberg.org/statskal/1931/0578.html
1931,Skara,Ås,"Södra Ving, Härna, Pänneslunda o. Grovare",Härna,FALSE,Älvsb. 1.,578,https://runeberg.org/statskal/1931/0578.html
1931,Skara,Ås,"Södra Ving, Härna, Pänneslunda o. Grovare",Pänneslunda,FALSE,Älvsb. 1.,578,https://runeberg.org/statskal/1931/0578.html
1931,Skara,Ås,"Södra Ving, Härna, Pänneslunda o. Grovare",Grovare,FALSE,Älvsb. 1.,578,https://runeberg.org/statskal/1931/0578.html
1931,Skara,Ås,"Bredared, Tämta, Vänga o. Sandhult",Bredared,TRUE,Älvsb. 1.,578,https://runeberg.org/statskal/1931/0578.html
1931,Skara,Ås,"Bredared, Tämta, Vänga o. Sandhult",Tämta,FALSE,Älvsb. 1.,578,https://runeberg.org/statskal/1931/0578.html
1931,Skara,Ås,"Bredared, Tämta, Vänga o. Sandhult",Vänga,FALSE,Älvsb. 1.,578,https://runeberg.org/statskal/1931/0578.html
1931,Skara,Ås,"Bredared, Tämta, Vänga o. Sandhult",Sandhult,FALSE,Älvsb. 1.,578,https://runeberg.org/statskal/1931/0578.html
1931,Skara,Ås,"Od, Molla, Alboga o. Öra",Od,TRUE,Älvsb. 1.,578,https://runeberg.org/statskal/1931/0578.html
1931,Skara,Ås,"Od, Molla, Alboga o. Öra",Molla,FALSE,Älvsb. 1.,578,https://runeberg.org/statskal/1931/0578.html
1931,Skara,Ås,"Od, Molla, Alboga o. Öra",Alboga,FALSE,Älvsb. 1.,578,https://runeberg.org/statskal/1931/0578.html
1931,Skara,Ås,"Od, Molla, Alboga o. Öra",Öra,FALSE,Älvsb. 1.,578,https://runeberg.org/statskal/1931/0578.html
1931,Skara,Ås,"Hällstad, Murum, Södra Vånga o. Möne",Hällstad,TRUE,Älvsb. 1.,578,https://runeberg.org/statskal/1931/0578.html
1931,Skara,Ås,"Hällstad, Murum, Södra Vånga o. Möne",Murum,FALSE,Älvsb. 1.,578,https://runeberg.org/statskal/1931/0578.html
1931,Skara,Ås,"Hällstad, Murum, Södra Vånga o. Möne",Södra Vånga,FALSE,Älvsb. 1.,578,https://runeberg.org/statskal/1931/0578.html
1931,Skara,Ås,"Hällstad, Murum, Södra Vånga o. Möne",Möne,FALSE,Älvsb. 1.,578,https://runeberg.org/statskal/1931/0578.html
1931,Skara,Ås,"Skölvene, Norra Säm, Hov o. Källunga",Skölvene,TRUE,Älvsb. 1.,579,https://runeberg.org/statskal/1931/0579.html
1931,Skara,Ås,"Skölvene, Norra Säm, Hov o. Källunga",Norra Säm,FALSE,Älvsb. 1.,579,https://runeberg.org/statskal/1931/0579.html
1931,Skara,Ås,"Skölvene, Norra Säm, Hov o. Källunga",Hov,FALSE,Älvsb. 1.,579,https://runeberg.org/statskal/1931/0579.html
1931,Skara,Ås,"Skölvene, Norra Säm, Hov o. Källunga",Källunga,FALSE,Älvsb. 1.,579,https://runeberg.org/statskal/1931/0579.html
1931,Skara,Ås,"Eriksberg, Mjäldrunga o. Broddarp",Eriksberg,TRUE,Älvsb. 1.,579,https://runeberg.org/statskal/1931/0579.html
1931,Skara,Ås,"Eriksberg, Mjäldrunga o. Broddarp",Mjäldrunga,FALSE,Älvsb. 1.,579,https://runeberg.org/statskal/1931/0579.html
1931,Skara,Ås,"Eriksberg, Mjäldrunga o. Broddarp",Broddarp,FALSE,Älvsb. 1.,579,https://runeberg.org/statskal/1931/0579.html
1931,Skara,Kullings,"Alingsås stadsförsamling, Alingsås landsförsamling, Rödene, Bälinge, Ödenäs o. Hemsjö",Alingsås stadsförsamling,TRUE,Älvsb. 1.,579,https://runeberg.org/statskal/1931/0579.html
1931,Skara,Kullings,"Alingsås stadsförsamling, Alingsås landsförsamling, Rödene, Bälinge, Ödenäs o. Hemsjö",Alingsås landsförsamling,FALSE,Älvsb. 1.,579,https://runeberg.org/statskal/1931/0579.html
1931,Skara,Kullings,"Alingsås stadsförsamling, Alingsås landsförsamling, Rödene, Bälinge, Ödenäs o. Hemsjö",Rödene,FALSE,Älvsb. 1.,579,https://runeberg.org/statskal/1931/0579.html
1931,Skara,Kullings,"Alingsås stadsförsamling, Alingsås landsförsamling, Rödene, Bälinge, Ödenäs o. Hemsjö",Bälinge,FALSE,Älvsb. 1.,579,https://runeberg.org/statskal/1931/0579.html
1931,Skara,Kullings,"Alingsås stadsförsamling, Alingsås landsförsamling, Rödene, Bälinge, Ödenäs o. Hemsjö",Ödenäs,FALSE,Älvsb. 1.,579,https://runeberg.org/statskal/1931/0579.html
1931,Skara,Kullings,"Alingsås stadsförsamling, Alingsås landsförsamling, Rödene, Bälinge, Ödenäs o. Hemsjö",Hemsjö,FALSE,Älvsb. 1.,579,https://runeberg.org/statskal/1931/0579.html
1931,Skara,Kullings,"Lena, Bergstena o. Fullestad",Lena,TRUE,Älvsb. 1.,579,https://runeberg.org/statskal/1931/0579.html
1931,Skara,Kullings,"Lena, Bergstena o. Fullestad",Bergstena,FALSE,Älvsb. 1.,579,https://runeberg.org/statskal/1931/0579.html
1931,Skara,Kullings,"Lena, Bergstena o. Fullestad",Fullestad,FALSE,Älvsb. 1.,579,https://runeberg.org/statskal/1931/0579.html
1931,Skara,Kullings,Långared,Långared,TRUE,Älvsb. 1.,579,https://runeberg.org/statskal/1931/0579.html
1931,Skara,Kullings,"Nårunga, Skogsbygden, Ljur, Ornunga, Kvinnestad o. Asklanda",Nårunga,TRUE,Älvsb. 1.,579,https://runeberg.org/statskal/1931/0579.html
1931,Skara,Kullings,"Nårunga, Skogsbygden, Ljur, Ornunga, Kvinnestad o. Asklanda",Skogsbygden,FALSE,Älvsb. 1.,579,https://runeberg.org/statskal/1931/0579.html
1931,Skara,Kullings,"Nårunga, Skogsbygden, Ljur, Ornunga, Kvinnestad o. Asklanda",Ljur,FALSE,Älvsb. 1.,579,https://runeberg.org/statskal/1931/0579.html
1931,Skara,Kullings,"Nårunga, Skogsbygden, Ljur, Ornunga, Kvinnestad o. Asklanda",Ornunga,FALSE,Älvsb. 1.,579,https://runeberg.org/statskal/1931/0579.html
1931,Skara,Kullings,"Nårunga, Skogsbygden, Ljur, Ornunga, Kvinnestad o. Asklanda",Kvinnestad,FALSE,Älvsb. 1.,579,https://runeberg.org/statskal/1931/0579.html
1931,Skara,Kullings,"Nårunga, Skogsbygden, Ljur, Ornunga, Kvinnestad o. Asklanda",Asklanda,FALSE,Älvsb. 1.,579,https://runeberg.org/statskal/1931/0579.html
1931,Skara,Kullings,"Södra Björke, Vesene, Grude, Jällby o. Hudene",Södra Björke,TRUE,Älvsb. 1.,579,https://runeberg.org/statskal/1931/0579.html
1931,Skara,Kullings,"Södra Björke, Vesene, Grude, Jällby o. Hudene",Vesene,FALSE,Älvsb. 1.,579,https://runeberg.org/statskal/1931/0579.html
1931,Skara,Kullings,"Södra Björke, Vesene, Grude, Jällby o. Hudene",Grude,FALSE,Älvsb. 1.,579,https://runeberg.org/statskal/1931/0579.html
1931,Skara,Kullings,"Södra Björke, Vesene, Grude, Jällby o. Hudene",Jällby,FALSE,Älvsb. 1.,579,https://runeberg.org/statskal/1931/0579.html
1931,Skara,Kullings,"Södra Björke, Vesene, Grude, Jällby o. Hudene",Hudene,FALSE,Älvsb. 1.,579,https://runeberg.org/statskal/1931/0579.html
1931,Skara,Kullings,"Algutstorp, Kullings-Skövde, Tumberg, Södra",Algutstorp,TRUE,Älvsb. 1.,579,https://runeberg.org/statskal/1931/0579.html
1931,Skara,Kullings,"Algutstorp, Kullings-Skövde, Tumberg, Södra",Kullings-Skövde,FALSE,Älvsb. 1.,579,https://runeberg.org/statskal/1931/0579.html
1931,Skara,Kullings,"Algutstorp, Kullings-Skövde, Tumberg, Södra",Tumberg,FALSE,Älvsb. 1.,579,https://runeberg.org/statskal/1931/0579.html
1931,Skara,Kullings,"Algutstorp, Kullings-Skövde, Tumberg, Södra",Södra,FALSE,Älvsb. 1.,579,https://runeberg.org/statskal/1931/0579.html
1931,Skara,Kullings,"Härene, Bråttensby o. Landa",Härene,TRUE,Älvsb. 1.,579,https://runeberg.org/statskal/1931/0579.html
1931,Skara,Kullings,"Härene, Bråttensby o. Landa",Bråttensby,FALSE,Älvsb. 1.,579,https://runeberg.org/statskal/1931/0579.html
1931,Skara,Kullings,"Härene, Bråttensby o. Landa",Landa,FALSE,Älvsb. 1.,579,https://runeberg.org/statskal/1931/0579.html
1931,Skara,Kullings,"Herrljunga, Tarsled, Remmene, Fölene o. Eggvena",Herrljunga,TRUE,Älvsb. 1.,579,https://runeberg.org/statskal/1931/0579.html
1931,Skara,Kullings,"Herrljunga, Tarsled, Remmene, Fölene o. Eggvena",Tarsled,FALSE,Älvsb. 1.,579,https://runeberg.org/statskal/1931/0579.html
1931,Skara,Kullings,"Herrljunga, Tarsled, Remmene, Fölene o. Eggvena",Remmene,FALSE,Älvsb. 1.,579,https://runeberg.org/statskal/1931/0579.html
1931,Skara,Kullings,"Herrljunga, Tarsled, Remmene, Fölene o. Eggvena",Fölene,FALSE,Älvsb. 1.,579,https://runeberg.org/statskal/1931/0579.html
1931,Skara,Kullings,"Herrljunga, Tarsled, Remmene, Fölene o. Eggvena",Eggvena,FALSE,Älvsb. 1.,579,https://runeberg.org/statskal/1931/0579.html
1931,Skara,Kullings,"Hol, Siene o. Horla",Hol,TRUE,Älvsb. 1.,579,https://runeberg.org/statskal/1931/0579.html
1931,Skara,Kullings,"Hol, Siene o. Horla",Siene,FALSE,Älvsb. 1.,579,https://runeberg.org/statskal/1931/0579.html
1931,Skara,Kullings,"Hol, Siene o. Horla",Horla,FALSE,Älvsb. 1.,579,https://runeberg.org/statskal/1931/0579.html
1931,Strängnäs,Villåttinge,"Dunker, Lilla Malma o. Malmköping",Dunker,TRUE,Söderm. 1.,580,https://runeberg.org/statskal/1931/0580.html
1931,Strängnäs,Villåttinge,"Dunker, Lilla Malma o. Malmköping",Lilla Malma,FALSE,Söderm. 1.,580,https://runeberg.org/statskal/1931/0580.html
1931,Strängnäs,Villåttinge,"Dunker, Lilla Malma o. Malmköping",Malmköping,FALSE,Söderm. 1.,580,https://runeberg.org/statskal/1931/0580.html
1931,Strängnäs,Villåttinge,Helgesta o. Hyltinge,Helgesta,TRUE,Söderm. 1.,580,https://runeberg.org/statskal/1931/0580.html
1931,Strängnäs,Villåttinge,Helgesta o. Hyltinge,Hyltinge,FALSE,Söderm. 1.,580,https://runeberg.org/statskal/1931/0580.html
1931,Strängnäs,Villåttinge,Lilla Mellösa o. Flen,Lilla Mellösa,TRUE,Söderm. 1.,580,https://runeberg.org/statskal/1931/0580.html
1931,Strängnäs,Villåttinge,Lilla Mellösa o. Flen,Flen,FALSE,Söderm. 1.,580,https://runeberg.org/statskal/1931/0580.html
1931,Strängnäs,Villåttinge,Årdala o. Forssa,Årdala,TRUE,Söderm. 1.,580,https://runeberg.org/statskal/1931/0580.html
1931,Strängnäs,Villåttinge,Årdala o. Forssa,Forssa,FALSE,Söderm. 1.,580,https://runeberg.org/statskal/1931/0580.html
1931,Strängnäs,Oppunda östra,Beitna,Beitna,TRUE,Söderm. 1.,580,https://runeberg.org/statskal/1931/0580.html
1931,Strängnäs,Oppunda östra,Vadsbro o. Blacksta,Vadsbro,TRUE,Söderm. 1.,580,https://runeberg.org/statskal/1931/0580.html
1931,Strängnäs,Oppunda östra,Vadsbro o. Blacksta,Blacksta,FALSE,Söderm. 1.,580,https://runeberg.org/statskal/1931/0580.html
1931,Strängnäs,Oppunda östra,Floda,Floda,TRUE,Söderm. 1.,580,https://runeberg.org/statskal/1931/0580.html
1931,Strängnäs,Oppunda östra,Husby-Oppunda,Husby-Oppunda,TRUE,Söderm. 1.,580,https://runeberg.org/statskal/1931/0580.html
1931,Strängnäs,Oppunda östra,Lerbo,Lerbo,TRUE,Söderm. 1.,580,https://runeberg.org/statskal/1931/0580.html
1931,Strängnäs,Oppunda östra,Sköldinge,Sköldinge,TRUE,Söderm. 1.,580,https://runeberg.org/statskal/1931/0580.html
1931,Strängnäs,Oppunda västra,Julita,Julita,TRUE,Söderm. 1.,580,https://runeberg.org/statskal/1931/0580.html
1931,Strängnäs,Oppunda västra,Stora Malm,Stora Malm,TRUE,Söderm. 1.,580,https://runeberg.org/statskal/1931/0580.html
1931,Strängnäs,Oppunda västra,Västra Vingåker,Västra Vingåker,TRUE,Söderm. 1.,580,https://runeberg.org/statskal/1931/0580.html
1931,Strängnäs,Oppunda västra,Östra Vingåker,Östra Vingåker,TRUE,Söderm. 1.,580,https://runeberg.org/statskal/1931/0580.html
1931,Strängnäs,Oppunda västra,Österåker,Österåker,TRUE,Söderm. 1.,580,https://runeberg.org/statskal/1931/0580.html
1931,Strängnäs,Nyköpings västra,Nyköpings västra o. S:t Nikolai förs,Nyköpings västra,TRUE,Söderm. o. Österg. 1.,580,https://runeberg.org/statskal/1931/0580.html
1931,Strängnäs,Nyköpings västra,Nyköpings västra o. S:t Nikolai förs,S:t Nikolai förs,FALSE,Söderm. o. Österg. 1.,580,https://runeberg.org/statskal/1931/0580.html
1931,Strängnäs,Nyköpings östra,Bälinge o. Tystberga,Bälinge,TRUE,Söderm. 1.,581,https://runeberg.org/statskal/1931/0581.html
1931,Strängnäs,Nyköpings östra,Bälinge o. Tystberga,Tystberga,FALSE,Söderm. 1.,581,https://runeberg.org/statskal/1931/0581.html
1931,Strängnäs,Nyköpings östra,Ludgo o. Spelvik,Ludgo,TRUE,Söderm. 1.,581,https://runeberg.org/statskal/1931/0581.html
1931,Strängnäs,Nyköpings östra,Ludgo o. Spelvik,Spelvik,FALSE,Söderm. 1.,581,https://runeberg.org/statskal/1931/0581.html
1931,Strängnäs,Nyköpings östra,"Nyköpings östra, Allhelgona o. Svärta",Nyköpings östra,TRUE,Söderm. 1.,581,https://runeberg.org/statskal/1931/0581.html
1931,Strängnäs,Nyköpings östra,"Nyköpings östra, Allhelgona o. Svärta",Allhelgona,FALSE,Söderm. 1.,581,https://runeberg.org/statskal/1931/0581.html
1931,Strängnäs,Nyköpings östra,"Nyköpings östra, Allhelgona o. Svärta",Svärta,FALSE,Söderm. 1.,581,https://runeberg.org/statskal/1931/0581.html
1931,Strängnäs,Nyköpings östra,Ripsa o. Lid,Ripsa,TRUE,Söderm. 1.,581,https://runeberg.org/statskal/1931/0581.html
1931,Strängnäs,Nyköpings östra,Ripsa o. Lid,Lid,FALSE,Söderm. 1.,581,https://runeberg.org/statskal/1931/0581.html
1931,Strängnäs,Nyköpings östra,Runtuna,Runtuna,TRUE,Söderm. 1.,581,https://runeberg.org/statskal/1931/0581.html
1931,Strängnäs,Nyköpings östra,Sättersta o. Bogsta,Sättersta,TRUE,Söderm. 1.,581,https://runeberg.org/statskal/1931/0581.html
1931,Strängnäs,Nyköpings östra,Sättersta o. Bogsta,Bogsta,FALSE,Söderm. 1.,581,https://runeberg.org/statskal/1931/0581.html
1931,Strängnäs,Nyköpings östra,Torsåker o. Lästringe,Torsåker,TRUE,Söderm. 1.,581,https://runeberg.org/statskal/1931/0581.html
1931,Strängnäs,Nyköpings östra,Torsåker o. Lästringe,Lästringe,FALSE,Söderm. 1.,581,https://runeberg.org/statskal/1931/0581.html
1931,Strängnäs,Nyköpings östra,Björnlunda,Björnlunda,TRUE,Söderm. 1.,581,https://runeberg.org/statskal/1931/0581.html
1931,Strängnäs,Nyköpings östra,Prustuna o. Kattnäs,Prustuna,TRUE,Söderm. 1.,581,https://runeberg.org/statskal/1931/0581.html
1931,Strängnäs,Nyköpings östra,Prustuna o. Kattnäs,Kattnäs,FALSE,Söderm. 1.,581,https://runeberg.org/statskal/1931/0581.html
1931,Strängnäs,Nyköpings östra,Gryt,Gryt,TRUE,Söderm. 1.,581,https://runeberg.org/statskal/1931/0581.html
1931,Strängnäs,Nyköpings östra,Gåsinge o. Dillnäs,Gåsinge,TRUE,Söderm. 1.,581,https://runeberg.org/statskal/1931/0581.html
1931,Strängnäs,Nyköpings östra,Gåsinge o. Dillnäs,Dillnäs,FALSE,Söderm. 1.,581,https://runeberg.org/statskal/1931/0581.html
1931,Strängnäs,Nyköpings östra,Trosa-Vagnhärad o. Trosa stadsförs,Trosa-Vagnhärad,TRUE,Söderm. 1.,581,https://runeberg.org/statskal/1931/0581.html
1931,Strängnäs,Nyköpings östra,Trosa-Vagnhärad o. Trosa stadsförs,Trosa stadsförs,FALSE,Söderm. 1.,581,https://runeberg.org/statskal/1931/0581.html
1931,Strängnäs,Nyköpings östra,Västerljung,Västerljung,TRUE,Söderm. 1.,581,https://runeberg.org/statskal/1931/0581.html
1931,Strängnäs,Södertörns,Botkyrka o. Salem,Botkyrka,TRUE,Sthlms 1.,581,https://runeberg.org/statskal/1931/0581.html
1931,Strängnäs,Södertörns,Botkyrka o. Salem,Salem,FALSE,Sthlms 1.,581,https://runeberg.org/statskal/1931/0581.html
1931,Strängnäs,Södertörns,Grödinge,Grödinge,TRUE,Sthlms 1.,581,https://runeberg.org/statskal/1931/0581.html
1931,Strängnäs,Södertörns,Huddinge,Huddinge,TRUE,Sthlms 1.,581,https://runeberg.org/statskal/1931/0581.html
1931,Strängnäs,Södertörns,Nacka,Nacka,TRUE,Sthlms 1.,581,https://runeberg.org/statskal/1931/0581.html
1931,Strängnäs,Södertörns,Saltsjöbaden o. Tyresö,Saltsjöbaden,TRUE,Sthlms 1.,581,https://runeberg.org/statskal/1931/0581.html
1931,Strängnäs,Södertörns,Saltsjöbaden o. Tyresö,Tyresö,FALSE,Sthlms 1.,581,https://runeberg.org/statskal/1931/0581.html
1931,Strängnäs,Södertörns,Sorunda o. Torö,Sorunda,TRUE,Sthlms 1.,581,https://runeberg.org/statskal/1931/0581.html
1931,Strängnäs,Södertörns,Sorunda o. Torö,Torö,FALSE,Sthlms 1.,581,https://runeberg.org/statskal/1931/0581.html
1931,Strängnäs,Södertörns,"Dalarö, Ornö o. Utö",Dalarö,TRUE,Sthlms 1.,581,https://runeberg.org/statskal/1931/0581.html
1931,Strängnäs,Södertörns,"Dalarö, Ornö o. Utö",Ornö,FALSE,Sthlms 1.,581,https://runeberg.org/statskal/1931/0581.html
1931,Strängnäs,Södertörns,"Dalarö, Ornö o. Utö",Utö,FALSE,Sthlms 1.,581,https://runeberg.org/statskal/1931/0581.html
1931,Strängnäs,Södertörns,Västerhaninge o. Muskö,Västerhaninge,TRUE,Sthlms 1.,582,https://runeberg.org/statskal/1931/0582.html
1931,Strängnäs,Södertörns,Västerhaninge o. Muskö,Muskö,FALSE,Sthlms 1.,582,https://runeberg.org/statskal/1931/0582.html
1931,Strängnäs,Södertörns,Ösmo,Ösmo,TRUE,Sthlms 1.,582,https://runeberg.org/statskal/1931/0582.html
1931,Strängnäs,Södertörns,Österhaninge,Österhaninge,TRUE,Sthlms 1.,582,https://runeberg.org/statskal/1931/0582.html
1931,Strängnäs,Södertälje,"Södertälje stadsförsamling, Södertälje landsförsamling",Södertälje stadsförsamling,TRUE,Sthlms o. Söderm. 1.,582,https://runeberg.org/statskal/1931/0582.html
1931,Strängnäs,Södertälje,"Södertälje stadsförsamling, Södertälje landsförsamling",Södertälje landsförsamling,FALSE,Sthlms o. Söderm. 1.,582,https://runeberg.org/statskal/1931/0582.html
1931,Strängnäs,Västerrekarne,Eskilstuna-Fors o. Eskilstuna-Kloster,Eskilstuna-Fors,TRUE,Söderm. o. Västm. 1.,582,https://runeberg.org/statskal/1931/0582.html
1931,Strängnäs,Västerrekarne,Eskilstuna-Fors o. Eskilstuna-Kloster,Eskilstuna-Kloster,FALSE,Söderm. o. Västm. 1.,582,https://runeberg.org/statskal/1931/0582.html
1931,Strängnäs,Västerrekarne,"Torshälla stadsförsamling, Torshälla landsförsamling",Torshälla stadsförsamling,TRUE,Söderm. o. Västm. 1.,582,https://runeberg.org/statskal/1931/0582.html
1931,Strängnäs,Västerrekarne,"Torshälla stadsförsamling, Torshälla landsförsamling",Torshälla landsförsamling,FALSE,Söderm. o. Västm. 1.,582,https://runeberg.org/statskal/1931/0582.html
1931,Strängnäs,Österrekarne,Husby-Rekarne,Husby-Rekarne,TRUE,Söderm. 1.,582,https://runeberg.org/statskal/1931/0582.html
1931,Strängnäs,Österrekarne,Jäder o. Barva,Jäder,TRUE,Söderm. 1.,582,https://runeberg.org/statskal/1931/0582.html
1931,Strängnäs,Österrekarne,Jäder o. Barva,Barva,FALSE,Söderm. 1.,582,https://runeberg.org/statskal/1931/0582.html
1931,Strängnäs,Österrekarne,Näshulta,Näshulta,TRUE,Söderm. 1.,582,https://runeberg.org/statskal/1931/0582.html
1931,Strängnäs,Österrekarne,Stenkvista o. Ärla,Stenkvista,TRUE,Söderm. 1.,582,https://runeberg.org/statskal/1931/0582.html
1931,Strängnäs,Österrekarne,Stenkvista o. Ärla,Ärla,FALSE,Söderm. 1.,582,https://runeberg.org/statskal/1931/0582.html
1931,Strängnäs,Österrekarne,"Kjula, Sundby, Vallby o. Hammarby",Kjula,TRUE,Söderm. 1.,582,https://runeberg.org/statskal/1931/0582.html
1931,Strängnäs,Österrekarne,"Kjula, Sundby, Vallby o. Hammarby",Sundby,FALSE,Söderm. 1.,582,https://runeberg.org/statskal/1931/0582.html
1931,Strängnäs,Österrekarne,"Kjula, Sundby, Vallby o. Hammarby",Vallby,FALSE,Söderm. 1.,582,https://runeberg.org/statskal/1931/0582.html
1931,Strängnäs,Österrekarne,"Kjula, Sundby, Vallby o. Hammarby",Hammarby,FALSE,Söderm. 1.,582,https://runeberg.org/statskal/1931/0582.html
1931,Strängnäs,Örebro,Almby,Almby,TRUE,Örebro 1.,583,https://runeberg.org/statskal/1931/0583.html
1931,Strängnäs,Örebro,Mosjö o. Täby,Mosjö,TRUE,Örebro 1.,583,https://runeberg.org/statskal/1931/0583.html
1931,Strängnäs,Örebro,Mosjö o. Täby,Täby,FALSE,Örebro 1.,583,https://runeberg.org/statskal/1931/0583.html
1931,Strängnäs,Örebro,Vintrosa o. Tysslinge,Vintrosa,TRUE,Örebro 1.,583,https://runeberg.org/statskal/1931/0583.html
1931,Strängnäs,Örebro,Vintrosa o. Tysslinge,Tysslinge,FALSE,Örebro 1.,583,https://runeberg.org/statskal/1931/0583.html
1931,Strängnäs,Örebro,"Ånsta, Längbro o. Eker",Ånsta,TRUE,Örebro 1.,583,https://runeberg.org/statskal/1931/0583.html
1931,Strängnäs,Örebro,"Ånsta, Längbro o. Eker",Längbro,FALSE,Örebro 1.,583,https://runeberg.org/statskal/1931/0583.html
1931,Strängnäs,Örebro,"Ånsta, Längbro o. Eker",Eker,FALSE,Örebro 1.,583,https://runeberg.org/statskal/1931/0583.html
1931,Strängnäs,Örebro,Örebro Nikolai förs,Örebro Nikolai förs,TRUE,Örebro 1.,583,https://runeberg.org/statskal/1931/0583.html
1931,Strängnäs,Örebro,Örebro Olaus Petri förs,Örebro Olaus Petri förs,TRUE,Örebro 1.,583,https://runeberg.org/statskal/1931/0583.html
1931,Strängnäs,Askers,Asker,Asker,TRUE,Örebro 1.,583,https://runeberg.org/statskal/1931/0583.html
1931,Strängnäs,Askers,Bo,Bo,TRUE,Örebro 1.,583,https://runeberg.org/statskal/1931/0583.html
1931,Strängnäs,Askers,Ekeby o. Gällersta,Ekeby,TRUE,Örebro 1.,583,https://runeberg.org/statskal/1931/0583.html
1931,Strängnäs,Askers,Ekeby o. Gällersta,Gällersta,FALSE,Örebro 1.,583,https://runeberg.org/statskal/1931/0583.html
1931,Strängnäs,Askers,Lännäs,Lännäs,TRUE,Örebro 1.,583,https://runeberg.org/statskal/1931/0583.html
1931,Strängnäs,Askers,Sköllersta,Sköllersta,TRUE,Örebro 1.,583,https://runeberg.org/statskal/1931/0583.html
1931,Strängnäs,Askers,Stora Mellösa o. Norrbyås,Stora Mellösa,TRUE,Örebro 1.,583,https://runeberg.org/statskal/1931/0583.html
1931,Strängnäs,Askers,Stora Mellösa o. Norrbyås,Norrbyås,FALSE,Örebro 1.,583,https://runeberg.org/statskal/1931/0583.html
1931,Strängnäs,Askers,Svennevad,Svennevad,TRUE,Örebro 1.,583,https://runeberg.org/statskal/1931/0583.html
1931,Strängnäs,Glanshammars,Axberg o. Hovsta,Axberg,TRUE,Örebro 1.,583,https://runeberg.org/statskal/1931/0583.html
1931,Strängnäs,Glanshammars,Axberg o. Hovsta,Hovsta,FALSE,Örebro 1.,583,https://runeberg.org/statskal/1931/0583.html
1931,Strängnäs,Glanshammars,Glanshammar o. Rinkaby,Glanshammar,TRUE,Örebro 1.,583,https://runeberg.org/statskal/1931/0583.html
1931,Strängnäs,Glanshammars,Glanshammar o. Rinkaby,Rinkaby,FALSE,Örebro 1.,583,https://runeberg.org/statskal/1931/0583.html
1931,Strängnäs,Glanshammars,Götlunda,Götlunda,TRUE,Örebro 1.,583,https://runeberg.org/statskal/1931/0583.html
1931,Strängnäs,Glanshammars,Kil o. Gräve,Kil,TRUE,Örebro 1.,583,https://runeberg.org/statskal/1931/0583.html
1931,Strängnäs,Glanshammars,Kil o. Gräve,Gräve,FALSE,Örebro 1.,583,https://runeberg.org/statskal/1931/0583.html
1931,Strängnäs,Glanshammars,Lillkyrka o. Ödeby,Lillkyrka,TRUE,Örebro 1.,583,https://runeberg.org/statskal/1931/0583.html
1931,Strängnäs,Glanshammars,Lillkyrka o. Ödeby,Ödeby,FALSE,Örebro 1.,583,https://runeberg.org/statskal/1931/0583.html
1931,Strängnäs,Kumla,Askersunds stad,Askersunds stad,TRUE,Örebro 1.,583,https://runeberg.org/statskal/1931/0583.html
1931,Strängnäs,Kumla,Askersunds landsförs,Askersunds landsförs,TRUE,Örebro 1.,583,https://runeberg.org/statskal/1931/0583.html
1931,Strängnäs,Kumla,Hallsberg,Hallsberg,TRUE,Örebro 1.,583,https://runeberg.org/statskal/1931/0583.html
1931,Strängnäs,Kumla,Hammar,Hammar,TRUE,Örebro 1.,583,https://runeberg.org/statskal/1931/0583.html
1931,Strängnäs,Kumla,Hardemo,Hardemo,TRUE,Örebro 1.,583,https://runeberg.org/statskal/1931/0583.html
1931,Strängnäs,Kumla,Kumla,Kumla,TRUE,Örebro 1.,583,https://runeberg.org/statskal/1931/0583.html
1931,Strängnäs,Kumla,Lerbäck,Lerbäck,TRUE,Örebro 1.,584,https://runeberg.org/statskal/1931/0584.html
1931,Strängnäs,Kumla,Snavlunda,Snavlunda,TRUE,Örebro 1.,584,https://runeberg.org/statskal/1931/0584.html
1931,Strängnäs,Edsbergs,Ramundeboda,Ramundeboda,TRUE,Örebro 1.,584,https://runeberg.org/statskal/1931/0584.html
1931,Strängnäs,Edsbergs,Edsberg o. Hackvad,Edsberg,TRUE,Örebro 1.,584,https://runeberg.org/statskal/1931/0584.html
1931,Strängnäs,Edsbergs,Edsberg o. Hackvad,Hackvad,FALSE,Örebro 1.,584,https://runeberg.org/statskal/1931/0584.html
1931,Strängnäs,Edsbergs,Knista o. Hidinge,Knista,TRUE,Örebro 1.,584,https://runeberg.org/statskal/1931/0584.html
1931,Strängnäs,Edsbergs,Knista o. Hidinge,Hidinge,FALSE,Örebro 1.,584,https://runeberg.org/statskal/1931/0584.html
1931,Strängnäs,Edsbergs,Kräklinge,Kräklinge,TRUE,Örebro 1.,584,https://runeberg.org/statskal/1931/0584.html
1931,Strängnäs,Edsbergs,Kvistbro,Kvistbro,TRUE,Örebro 1.,584,https://runeberg.org/statskal/1931/0584.html
1931,Strängnäs,Edsbergs,Skagershult,Skagershult,TRUE,Örebro 1.,584,https://runeberg.org/statskal/1931/0584.html
1931,Strängnäs,Edsbergs,Viby o. Tångeråsa,Viby,TRUE,Örebro 1.,584,https://runeberg.org/statskal/1931/0584.html
1931,Strängnäs,Edsbergs,Viby o. Tångeråsa,Tångeråsa,FALSE,Örebro 1.,584,https://runeberg.org/statskal/1931/0584.html
1931,Västerås,Munktorps,Munktorp,Munktorp,TRUE,Västm. 1.,585,https://runeberg.org/statskal/1931/0585.html
1931,Västerås,Munktorps,Svedvi,Svedvi,TRUE,Västm. 1.,585,https://runeberg.org/statskal/1931/0585.html
1931,Västerås,Munktorps,Ramnäs,Ramnäs,TRUE,Västm. 1.,585,https://runeberg.org/statskal/1931/0585.html
1931,Västerås,Munktorps,Sura,Sura,TRUE,Västm. 1.,585,https://runeberg.org/statskal/1931/0585.html
1931,Västerås,Munktorps,Kolbäck o. Säby,Kolbäck,TRUE,Västm. 1.,585,https://runeberg.org/statskal/1931/0585.html
1931,Västerås,Munktorps,Kolbäck o. Säby,Säby,FALSE,Västm. 1.,585,https://runeberg.org/statskal/1931/0585.html
1931,Västerås,Munktorps,Rytterne,Rytterne,TRUE,Västm. 1.,585,https://runeberg.org/statskal/1931/0585.html
1931,Västerås,Munktorps,Berg,Berg,TRUE,Västm. 1.,585,https://runeberg.org/statskal/1931/0585.html
1931,Västerås,Munktorps,Lillhärad,Lillhärad,TRUE,Västm. 1.,585,https://runeberg.org/statskal/1931/0585.html
1931,Västerås,Köpings,Köping,Köping,TRUE,Västm. 1.,585,https://runeberg.org/statskal/1931/0585.html
1931,Västerås,Köpings,Björskog o. Kungs-Barkarö,Björskog,TRUE,Västm. 1.,585,https://runeberg.org/statskal/1931/0585.html
1931,Västerås,Köpings,Björskog o. Kungs-Barkarö,Kungs-Barkarö,FALSE,Västm. 1.,585,https://runeberg.org/statskal/1931/0585.html
1931,Västerås,Köpings,Odensvi,Odensvi,TRUE,Västm. 1.,585,https://runeberg.org/statskal/1931/0585.html
1931,Västerås,Köpings,Skinnskatteberg,Skinnskatteberg,TRUE,Västm. 1.,585,https://runeberg.org/statskal/1931/0585.html
1931,Västerås,Köpings,Bro,Bro,TRUE,Västm. 1.,585,https://runeberg.org/statskal/1931/0585.html
1931,Västerås,Arboga,"Arboga stadsförsamling, Arboga landsförsamling",Arboga stadsförsamling,TRUE,Västm. 1.,585,https://runeberg.org/statskal/1931/0585.html
1931,Västerås,Arboga,"Arboga stadsförsamling, Arboga landsförsamling",Arboga landsförsamling,FALSE,Västm. 1.,585,https://runeberg.org/statskal/1931/0585.html
1931,Västerås,Arboga,Säterbo,Säterbo,TRUE,Västm. 1.,585,https://runeberg.org/statskal/1931/0585.html
1931,Västerås,Arboga,Medåker o. Himmeta,Medåker,TRUE,Västm. 1.,585,https://runeberg.org/statskal/1931/0585.html
1931,Västerås,Arboga,Medåker o. Himmeta,Himmeta,FALSE,Västm. 1.,585,https://runeberg.org/statskal/1931/0585.html
1931,Västerås,Arboga,Västra Skedvi,Västra Skedvi,TRUE,Västm. 1.,585,https://runeberg.org/statskal/1931/0585.html
1931,Västerås,Fellingsbro,Fellingsbro o. Fellingsbro norra församling,Fellingsbro,TRUE,Örebro 1.,585,https://runeberg.org/statskal/1931/0585.html
1931,Västerås,Fellingsbro,Fellingsbro o. Fellingsbro norra församling,Fellingsbro norra församling,FALSE,Örebro 1.,585,https://runeberg.org/statskal/1931/0585.html
1931,Västerås,Fellingsbro,Lindesberg o. Linde,Lindesberg,TRUE,Örebro 1.,585,https://runeberg.org/statskal/1931/0585.html
1931,Västerås,Fellingsbro,Lindesberg o. Linde,Linde,FALSE,Örebro 1.,585,https://runeberg.org/statskal/1931/0585.html
1931,Västerås,Fellingsbro,Guldsmedshyttan,Guldsmedshyttan,TRUE,Örebro 1.,585,https://runeberg.org/statskal/1931/0585.html
1931,Västerås,Fellingsbro,Näsby o. Ervalla,Näsby,TRUE,Örebro 1.,585,https://runeberg.org/statskal/1931/0585.html
1931,Västerås,Fellingsbro,Näsby o. Ervalla,Ervalla,FALSE,Örebro 1.,585,https://runeberg.org/statskal/1931/0585.html
1931,Västerås,Fellingsbro,Ramsberg,Ramsberg,TRUE,Örebro 1.,586,https://runeberg.org/statskal/1931/0586.html
1931,Västerås,Nora,Nora städs- o. bergsförsamlingar samt Viker,Nora städs-,TRUE,Örebro 1.,586,https://runeberg.org/statskal/1931/0586.html
1931,Västerås,Nora,Nora städs- o. bergsförsamlingar samt Viker,bergsförsamlingar samt Viker,FALSE,Örebro 1.,586,https://runeberg.org/statskal/1931/0586.html
1931,Västerås,Nora,Järnboås,Järnboås,TRUE,Örebro 1.,586,https://runeberg.org/statskal/1931/0586.html
1931,Västerås,Nora,Hjulsjö,Hjulsjö,TRUE,Örebro 1.,586,https://runeberg.org/statskal/1931/0586.html
1931,Västerås,Nora,Ljusnarsberg,Ljusnarsberg,TRUE,Örebro 1.,586,https://runeberg.org/statskal/1931/0586.html
1931,Västerås,Nora,Grythyttan,Grythyttan,TRUE,Örebro 1.,586,https://runeberg.org/statskal/1931/0586.html
1931,Västerås,Nora,Hällefors,Hällefors,TRUE,Örebro 1.,586,https://runeberg.org/statskal/1931/0586.html
1931,Västerås,Nora,Norrbärke,Norrbärke,TRUE,Örebro 1.,586,https://runeberg.org/statskal/1931/0586.html
1931,Västerås,Nora,Söderbärke,Söderbärke,TRUE,Örebro 1.,586,https://runeberg.org/statskal/1931/0586.html
1931,Västerås,Nora,Malingsbo,Malingsbo,TRUE,Örebro 1.,586,https://runeberg.org/statskal/1931/0586.html
1931,Västerås,Nora,Grangärde o. Grängesberg,Grangärde,TRUE,Örebro 1.,586,https://runeberg.org/statskal/1931/0586.html
1931,Västerås,Nora,Grangärde o. Grängesberg,Grängesberg,FALSE,Örebro 1.,586,https://runeberg.org/statskal/1931/0586.html
1931,Västerås,Nora,Ludvika,Ludvika,TRUE,Örebro 1.,586,https://runeberg.org/statskal/1931/0586.html
1931,Västerås,Nora,Säfsnäs,Säfsnäs,TRUE,Örebro 1.,586,https://runeberg.org/statskal/1931/0586.html
1931,Västerås,Västerdals,Floda,Floda,TRUE,Kopparb. 1.,586,https://runeberg.org/statskal/1931/0586.html
1931,Västerås,Västerdals,Nås,Nås,TRUE,Kopparb. 1.,586,https://runeberg.org/statskal/1931/0586.html
1931,Västerås,Västerdals,Järna,Järna,TRUE,Kopparb. 1.,586,https://runeberg.org/statskal/1931/0586.html
1931,Västerås,Västerdals,Äppelbo,Äppelbo,TRUE,Kopparb. 1.,586,https://runeberg.org/statskal/1931/0586.html
1931,Västerås,Västerdals,Malung o. Tyngsjö,Malung,TRUE,Kopparb. 1.,586,https://runeberg.org/statskal/1931/0586.html
1931,Västerås,Västerdals,Malung o. Tyngsjö,Tyngsjö,FALSE,Kopparb. 1.,586,https://runeberg.org/statskal/1931/0586.html
1931,Västerås,Västerdals,Lima,Lima,TRUE,Kopparb. 1.,586,https://runeberg.org/statskal/1931/0586.html
1931,Västerås,Västerdals,Transtrand,Transtrand,TRUE,Kopparb. 1.,586,https://runeberg.org/statskal/1931/0586.html
1931,Västerås,Leksands,Leksand o. Djura,Leksand,TRUE,Kopparb. 1.,586,https://runeberg.org/statskal/1931/0586.html
1931,Västerås,Leksands,Leksand o. Djura,Djura,FALSE,Kopparb. 1.,586,https://runeberg.org/statskal/1931/0586.html
1931,Västerås,Leksands,Siljansnäs,Siljansnäs,TRUE,Kopparb. 1.,587,https://runeberg.org/statskal/1931/0587.html
1931,Västerås,Leksands,Gagnef o. Mockfjärd,Gagnef,TRUE,Kopparb. 1.,587,https://runeberg.org/statskal/1931/0587.html
1931,Västerås,Leksands,Gagnef o. Mockfjärd,Mockfjärd,FALSE,Kopparb. 1.,587,https://runeberg.org/statskal/1931/0587.html
1931,Västerås,Leksands,Ål,Ål,TRUE,Kopparb. 1.,587,https://runeberg.org/statskal/1931/0587.html
1931,Västerås,Leksands,Bjursås,Bjursås,TRUE,Kopparb. 1.,587,https://runeberg.org/statskal/1931/0587.html
1931,Västerås,Rättviks,Rättvik o. Bingsjö-Dådran,Rättvik,TRUE,Kopparb. 1.,587,https://runeberg.org/statskal/1931/0587.html
1931,Västerås,Rättviks,Rättvik o. Bingsjö-Dådran,Bingsjö-Dådran,FALSE,Kopparb. 1.,587,https://runeberg.org/statskal/1931/0587.html
1931,Västerås,Rättviks,Böda,Böda,TRUE,Kopparb. 1.,587,https://runeberg.org/statskal/1931/0587.html
1931,Västerås,Rättviks,Orsa o. Skattunge,Orsa,TRUE,Kopparb. 1.,587,https://runeberg.org/statskal/1931/0587.html
1931,Västerås,Rättviks,Orsa o. Skattunge,Skattunge,FALSE,Kopparb. 1.,587,https://runeberg.org/statskal/1931/0587.html
1931,Västerås,Rättviks,Ore,Ore,TRUE,Kopparb. 1.,587,https://runeberg.org/statskal/1931/0587.html
1931,Västerås,Mora,Mora,Mora,TRUE,Kopparb. 1.,587,https://runeberg.org/statskal/1931/0587.html
1931,Västerås,Mora,Våmhus,Våmhus,TRUE,Kopparb. 1.,587,https://runeberg.org/statskal/1931/0587.html
1931,Västerås,Mora,Älvdalen,Älvdalen,TRUE,Kopparb. 1.,587,https://runeberg.org/statskal/1931/0587.html
1931,Västerås,Mora,Sollerön,Sollerön,TRUE,Kopparb. 1.,587,https://runeberg.org/statskal/1931/0587.html
1931,Västerås,Mora,Venjan,Venjan,TRUE,Kopparb. 1.,587,https://runeberg.org/statskal/1931/0587.html
1931,Västerås,Mora,Särna,Särna,TRUE,Kopparb. 1.,587,https://runeberg.org/statskal/1931/0587.html
1931,Västerås,Mora,Idre,Idre,TRUE,Kopparb. 1.,587,https://runeberg.org/statskal/1931/0587.html
1931,Västerås,Stora Tuna,Stora Tuna o. Amsberg,Stora Tuna,TRUE,Kopparb. 1.,587,https://runeberg.org/statskal/1931/0587.html
1931,Västerås,Stora Tuna,Stora Tuna o. Amsberg,Amsberg,FALSE,Kopparb. 1.,587,https://runeberg.org/statskal/1931/0587.html
1931,Västerås,Stora Tuna,Silvberg,Silvberg,TRUE,Kopparb. 1.,587,https://runeberg.org/statskal/1931/0587.html
1931,Västerås,Stora Tuna,"Säters stadsförsamling, Säters landsförsamling",Säters stadsförsamling,TRUE,Kopparb. 1.,587,https://runeberg.org/statskal/1931/0587.html
1931,Västerås,Stora Tuna,"Säters stadsförsamling, Säters landsförsamling",Säters landsförsamling,FALSE,Kopparb. 1.,587,https://runeberg.org/statskal/1931/0587.html
1931,Västerås,Stora Tuna,Gustafs,Gustafs,TRUE,Kopparb. 1.,587,https://runeberg.org/statskal/1931/0587.html
1931,Västerås,Falu,Falun o. Kopparberg,Falun,TRUE,Kopparb. 1.,588,https://runeberg.org/statskal/1931/0588.html
1931,Västerås,Falu,Falun o. Kopparberg,Kopparberg,FALSE,Kopparb. 1.,588,https://runeberg.org/statskal/1931/0588.html
1931,Västerås,Falu,Stora Skedvi,Stora Skedvi,TRUE,Kopparb. 1.,588,https://runeberg.org/statskal/1931/0588.html
1931,Västerås,Falu,Svärdsjö o. Svartnäs,Svärdsjö,TRUE,Kopparb. 1.,588,https://runeberg.org/statskal/1931/0588.html
1931,Västerås,Falu,Svärdsjö o. Svartnäs,Svartnäs,FALSE,Kopparb. 1.,588,https://runeberg.org/statskal/1931/0588.html
1931,Västerås,Falu,Enviken,Enviken,TRUE,Kopparb. 1.,588,https://runeberg.org/statskal/1931/0588.html
1931,Västerås,Falu,Sundborn,Sundborn,TRUE,Kopparb. 1.,588,https://runeberg.org/statskal/1931/0588.html
1931,Västerås,Falu,Torsång,Torsång,TRUE,Kopparb. 1.,588,https://runeberg.org/statskal/1931/0588.html
1931,Västerås,Falu,Aspeboda,Aspeboda,TRUE,Kopparb. 1.,588,https://runeberg.org/statskal/1931/0588.html
1931,Västerås,Falu,Vika o. Hosjö,Vika,TRUE,Kopparb. 1.,588,https://runeberg.org/statskal/1931/0588.html
1931,Västerås,Falu,Vika o. Hosjö,Hosjö,FALSE,Kopparb. 1.,588,https://runeberg.org/statskal/1931/0588.html
1931,Västerås,Hedemora,"Hedemora stadsförsamling, Hedemora landsförsamling",Hedemora stadsförsamling,TRUE,Kopparb. 1.,588,https://runeberg.org/statskal/1931/0588.html
1931,Västerås,Hedemora,"Hedemora stadsförsamling, Hedemora landsförsamling",Hedemora landsförsamling,FALSE,Kopparb. 1.,588,https://runeberg.org/statskal/1931/0588.html
1931,Västerås,Hedemora,Husby o. Stjärnsund,Husby,TRUE,Kopparb. 1.,588,https://runeberg.org/statskal/1931/0588.html
1931,Västerås,Hedemora,Husby o. Stjärnsund,Stjärnsund,FALSE,Kopparb. 1.,588,https://runeberg.org/statskal/1931/0588.html
1931,Västerås,V aster färnebo,Västerfärnebo,Västerfärnebo,TRUE,Västm. 1.,588,https://runeberg.org/statskal/1931/0588.html
1931,Västerås,V aster färnebo,Norberg,Norberg,TRUE,Västm. 1.,588,https://runeberg.org/statskal/1931/0588.html
1931,Västerås,V aster färnebo,Västanfors,Västanfors,TRUE,Västm. 1.,588,https://runeberg.org/statskal/1931/0588.html
1931,Västerås,V aster färnebo,Romfartuna,Romfartuna,TRUE,Västm. 1.,588,https://runeberg.org/statskal/1931/0588.html
1931,Västerås,V aster färnebo,Haraker,Haraker,TRUE,Västm. 1.,588,https://runeberg.org/statskal/1931/0588.html
1931,Västerås,V aster färnebo,Fläckebo,Fläckebo,TRUE,Västm. 1.,588,https://runeberg.org/statskal/1931/0588.html
1931,Västerås,V aster färnebo,Västervåla,Västervåla,TRUE,Västm. 1.,588,https://runeberg.org/statskal/1931/0588.html
1931,Västerås,Sala,Sala stad,Sala stad,TRUE,Västm. 1.,589,https://runeberg.org/statskal/1931/0589.html
1931,Västerås,Sala,Sala landsförsamling,Sala landsförsamling,TRUE,Västm. 1.,589,https://runeberg.org/statskal/1931/0589.html
1931,Västerås,Sala,Möklinta,Möklinta,TRUE,Västm. 1.,589,https://runeberg.org/statskal/1931/0589.html
1931,Västerås,Sala,Kila,Kila,TRUE,Västm. 1.,589,https://runeberg.org/statskal/1931/0589.html
1931,Västerås,Sala,Kumla o. Tärna,Kumla,TRUE,Västm. 1.,589,https://runeberg.org/statskal/1931/0589.html
1931,Västerås,Sala,Kumla o. Tärna,Tärna,FALSE,Västm. 1.,589,https://runeberg.org/statskal/1931/0589.html
1931,Västerås,Sala,Björksta,Björksta,TRUE,Västm. 1.,589,https://runeberg.org/statskal/1931/0589.html
1931,Västerås,Sala,Tortuna o. Sevalla,Tortuna,TRUE,Västm. 1.,589,https://runeberg.org/statskal/1931/0589.html
1931,Västerås,Sala,Tortuna o. Sevalla,Sevalla,FALSE,Västm. 1.,589,https://runeberg.org/statskal/1931/0589.html
1931,Växjö,Kinnevalds,"Växjö stadsförsamling, Växjö landsförsamling Öjaby",Växjö stadsförsamling,TRUE,Kronob. 1.,589,https://runeberg.org/statskal/1931/0589.html
1931,Växjö,Kinnevalds,"Växjö stadsförsamling, Växjö landsförsamling Öjaby",Växjö landsförsamling Öjaby,FALSE,Kronob. 1.,589,https://runeberg.org/statskal/1931/0589.html
1931,Växjö,Kinnevalds,Bergunda o. Öja,Bergunda,TRUE,Kronob. 1.,589,https://runeberg.org/statskal/1931/0589.html
1931,Växjö,Kinnevalds,Bergunda o. Öja,Öja,FALSE,Kronob. 1.,589,https://runeberg.org/statskal/1931/0589.html
1931,Växjö,Kinnevalds,Urshult,Urshult,TRUE,Kronob. 1.,589,https://runeberg.org/statskal/1931/0589.html
1931,Växjö,Kinnevalds,Almundsryd,Almundsryd,TRUE,Kronob. 1.,589,https://runeberg.org/statskal/1931/0589.html
1931,Växjö,Kinnevalds,Kalvsvik o. Jät,Kalvsvik,TRUE,Kronob. 1.,589,https://runeberg.org/statskal/1931/0589.html
1931,Växjö,Kinnevalds,Kalvsvik o. Jät,Jät,FALSE,Kronob. 1.,589,https://runeberg.org/statskal/1931/0589.html
1931,Växjö,Kinnevalds,Tävelsås,Tävelsås,TRUE,Kronob. 1.,589,https://runeberg.org/statskal/1931/0589.html
1931,Växjö,Kinnevalds,Vederslöv o. Dänningelanda,Vederslöv,TRUE,Kronob. 1.,589,https://runeberg.org/statskal/1931/0589.html
1931,Växjö,Kinnevalds,Vederslöv o. Dänningelanda,Dänningelanda,FALSE,Kronob. 1.,589,https://runeberg.org/statskal/1931/0589.html
1931,Växjö,Allbo,Skatelöv,Skatelöv,TRUE,Kronob. 1.,589,https://runeberg.org/statskal/1931/0589.html
1931,Växjö,Allbo,Västra Torsås o. Härlunda,Västra Torsås,TRUE,Kronob. 1.,589,https://runeberg.org/statskal/1931/0589.html
1931,Växjö,Allbo,Västra Torsås o. Härlunda,Härlunda,FALSE,Kronob. 1.,589,https://runeberg.org/statskal/1931/0589.html
1931,Växjö,Allbo,Virestad,Virestad,TRUE,Kronob. 1.,589,https://runeberg.org/statskal/1931/0589.html
1931,Växjö,Allbo,"Moheda, Ör o. Aneboda",Moheda,TRUE,Kronob. 1.,589,https://runeberg.org/statskal/1931/0589.html
1931,Växjö,Allbo,"Moheda, Ör o. Aneboda",Ör,FALSE,Kronob. 1.,589,https://runeberg.org/statskal/1931/0589.html
1931,Växjö,Allbo,"Moheda, Ör o. Aneboda",Aneboda,FALSE,Kronob. 1.,589,https://runeberg.org/statskal/1931/0589.html
1931,Växjö,Allbo,"Aringsås, Lekaryd o. Härlöv",Aringsås,TRUE,Kronob. 1.,589,https://runeberg.org/statskal/1931/0589.html
1931,Växjö,Allbo,"Aringsås, Lekaryd o. Härlöv",Lekaryd,FALSE,Kronob. 1.,589,https://runeberg.org/statskal/1931/0589.html
1931,Växjö,Allbo,"Aringsås, Lekaryd o. Härlöv",Härlöv,FALSE,Kronob. 1.,589,https://runeberg.org/statskal/1931/0589.html
1931,Växjö,Allbo,Hjortsberga o. Kvenneberga,Hjortsberga,TRUE,Kronob. 1.,590,https://runeberg.org/statskal/1931/0590.html
1931,Växjö,Allbo,Hjortsberga o. Kvenneberga,Kvenneberga,FALSE,Kronob. 1.,590,https://runeberg.org/statskal/1931/0590.html
1931,Växjö,Allbo,Slätthög o. Mistelås,Slätthög,TRUE,Kronob. 1.,590,https://runeberg.org/statskal/1931/0590.html
1931,Växjö,Allbo,Slätthög o. Mistelås,Mistelås,FALSE,Kronob. 1.,590,https://runeberg.org/statskal/1931/0590.html
1931,Växjö,Allbo,Vislanda o. Blädinge,Vislanda,TRUE,Kronob. 1.,590,https://runeberg.org/statskal/1931/0590.html
1931,Växjö,Allbo,Vislanda o. Blädinge,Blädinge,FALSE,Kronob. 1.,590,https://runeberg.org/statskal/1931/0590.html
1931,Växjö,Allbo,Stenbrohult o. Älmhult,Stenbrohult,TRUE,Kronob. 1.,590,https://runeberg.org/statskal/1931/0590.html
1931,Växjö,Allbo,Stenbrohult o. Älmhult,Älmhult,FALSE,Kronob. 1.,590,https://runeberg.org/statskal/1931/0590.html
1931,Växjö,Sunnerbo,Agunnaryd,Agunnaryd,TRUE,Kronob. 1.,590,https://runeberg.org/statskal/1931/0590.html
1931,Växjö,Sunnerbo,Pjätteryd,Pjätteryd,TRUE,Kronob. 1.,590,https://runeberg.org/statskal/1931/0590.html
1931,Växjö,Sunnerbo,Hallaryd,Hallaryd,TRUE,Kronob. 1.,590,https://runeberg.org/statskal/1931/0590.html
1931,Växjö,Sunnerbo,Göteryd,Göteryd,TRUE,Kronob. 1.,590,https://runeberg.org/statskal/1931/0590.html
1931,Växjö,Sunnerbo,Traryd,Traryd,TRUE,Kronob. 1.,590,https://runeberg.org/statskal/1931/0590.html
1931,Växjö,Sunnerbo,Markaryd,Markaryd,TRUE,Kronob. 1.,590,https://runeberg.org/statskal/1931/0590.html
1931,Växjö,Sunnerbo,Hinneryd,Hinneryd,TRUE,Kronob. 1.,590,https://runeberg.org/statskal/1931/0590.html
1931,Växjö,Sunnerbo,"Befga, Vittaryd o. Dörarp",Befga,TRUE,Kronob. 1.,590,https://runeberg.org/statskal/1931/0590.html
1931,Växjö,Sunnerbo,"Befga, Vittaryd o. Dörarp",Vittaryd,FALSE,Kronob. 1.,590,https://runeberg.org/statskal/1931/0590.html
1931,Växjö,Sunnerbo,"Befga, Vittaryd o. Dörarp",Dörarp,FALSE,Kronob. 1.,590,https://runeberg.org/statskal/1931/0590.html
1931,Växjö,Sunnerbo,Ryssby o. Tutaryd,Ryssby,TRUE,Kronob. 1.,590,https://runeberg.org/statskal/1931/0590.html
1931,Växjö,Sunnerbo,Ryssby o. Tutaryd,Tutaryd,FALSE,Kronob. 1.,590,https://runeberg.org/statskal/1931/0590.html
1931,Växjö,Sunnerbo,Södra Ljunga o. Hamneda,Södra Ljunga,TRUE,Kronob. 1.,590,https://runeberg.org/statskal/1931/0590.html
1931,Växjö,Sunnerbo,Södra Ljunga o. Hamneda,Hamneda,FALSE,Kronob. 1.,590,https://runeberg.org/statskal/1931/0590.html
1931,Växjö,Sunnerbo,"Annerstad, Nöttja o. Torpa",Annerstad,TRUE,Kronob. 1.,590,https://runeberg.org/statskal/1931/0590.html
1931,Växjö,Sunnerbo,"Annerstad, Nöttja o. Torpa",Nöttja,FALSE,Kronob. 1.,590,https://runeberg.org/statskal/1931/0590.html
1931,Växjö,Sunnerbo,"Annerstad, Nöttja o. Torpa",Torpa,FALSE,Kronob. 1.,590,https://runeberg.org/statskal/1931/0590.html
1931,Växjö,Sunnerbo,"Ljungby, Angelstad o. Kånna",Ljungby,TRUE,Kronob. 1.,590,https://runeberg.org/statskal/1931/0590.html
1931,Växjö,Sunnerbo,"Ljungby, Angelstad o. Kånna",Angelstad,FALSE,Kronob. 1.,590,https://runeberg.org/statskal/1931/0590.html
1931,Växjö,Sunnerbo,"Ljungby, Angelstad o. Kånna",Kånna,FALSE,Kronob. 1.,590,https://runeberg.org/statskal/1931/0590.html
1931,Växjö,Sunnerbo,"Odensjö, Lidhult o. Vrå",Odensjö,TRUE,Kronob. 1.,590,https://runeberg.org/statskal/1931/0590.html
1931,Växjö,Sunnerbo,"Odensjö, Lidhult o. Vrå",Lidhult,FALSE,Kronob. 1.,590,https://runeberg.org/statskal/1931/0590.html
1931,Växjö,Sunnerbo,"Odensjö, Lidhult o. Vrå",Vrå,FALSE,Kronob. 1.,590,https://runeberg.org/statskal/1931/0590.html
1931,Växjö,Konga,Väckelsång o. Uråsa,Väckelsång,TRUE,Kronob. 1.,590,https://runeberg.org/statskal/1931/0590.html
1931,Växjö,Konga,Väckelsång o. Uråsa,Uråsa,FALSE,Kronob. 1.,590,https://runeberg.org/statskal/1931/0590.html
1931,Växjö,Konga,Tingsås,Tingsås,TRUE,Kronob. 1.,590,https://runeberg.org/statskal/1931/0590.html
1931,Växjö,Konga,Linneryd,Linneryd,TRUE,Kronob. 1.,590,https://runeberg.org/statskal/1931/0590.html
1931,Växjö,Konga,Södra Sandsjö,Södra Sandsjö,TRUE,Kronob. 1.,590,https://runeberg.org/statskal/1931/0590.html
1931,Växjö,Konga,Älmeboda,Älmeboda,TRUE,Kronob. 1.,590,https://runeberg.org/statskal/1931/0590.html
1931,Växjö,Konga,Långasjö,Långasjö,TRUE,Kronob. 1.,590,https://runeberg.org/statskal/1931/0590.html
1931,Växjö,Konga,Ljuder,Ljuder,TRUE,Kronob. 1.,590,https://runeberg.org/statskal/1931/0590.html
1931,Växjö,Konga,Nöbbele o. Östra Torsås,Nöbbele,TRUE,Kronob. 1.,591,https://runeberg.org/statskal/1931/0591.html
1931,Växjö,Konga,Nöbbele o. Östra Torsås,Östra Torsås,FALSE,Kronob. 1.,591,https://runeberg.org/statskal/1931/0591.html
1931,Växjö,Konga,Hovmantorp o. Furuby,Hovmantorp,TRUE,Kronob. 1.,591,https://runeberg.org/statskal/1931/0591.html
1931,Växjö,Konga,Hovmantorp o. Furuby,Furuby,FALSE,Kronob. 1.,591,https://runeberg.org/statskal/1931/0591.html
1931,Växjö,Konga,Hemmesjö,Hemmesjö,TRUE,Kronob. 1.,591,https://runeberg.org/statskal/1931/0591.html
1931,Växjö,Norrvidinge,"Tolg, Asa o. Tjureda",Tolg,TRUE,Kronob. 1.,591,https://runeberg.org/statskal/1931/0591.html
1931,Växjö,Norrvidinge,"Tolg, Asa o. Tjureda",Asa,FALSE,Kronob. 1.,591,https://runeberg.org/statskal/1931/0591.html
1931,Växjö,Norrvidinge,"Tolg, Asa o. Tjureda",Tjureda,FALSE,Kronob. 1.,591,https://runeberg.org/statskal/1931/0591.html
1931,Växjö,Norrvidinge,Berg o. Ormesberga,Berg,TRUE,Kronob. 1.,591,https://runeberg.org/statskal/1931/0591.html
1931,Växjö,Norrvidinge,Berg o. Ormesberga,Ormesberga,FALSE,Kronob. 1.,591,https://runeberg.org/statskal/1931/0591.html
1931,Växjö,Norrvidinge,Gårdsby o. Söraby,Gårdsby,TRUE,Kronob. 1.,591,https://runeberg.org/statskal/1931/0591.html
1931,Växjö,Norrvidinge,Gårdsby o. Söraby,Söraby,FALSE,Kronob. 1.,591,https://runeberg.org/statskal/1931/0591.html
1931,Växjö,Uppvidinge,Åseda,Åseda,TRUE,Kronob. 1.,591,https://runeberg.org/statskal/1931/0591.html
1931,Växjö,Uppvidinge,Algutsboda,Algutsboda,TRUE,Kronob. 1.,591,https://runeberg.org/statskal/1931/0591.html
1931,Växjö,Uppvidinge,Älghult,Älghult,TRUE,Kronob. 1.,591,https://runeberg.org/statskal/1931/0591.html
1931,Växjö,Uppvidinge,Hälleberga,Hälleberga,TRUE,Kronob. 1.,591,https://runeberg.org/statskal/1931/0591.html
1931,Växjö,Uppvidinge,Nottebäck,Nottebäck,TRUE,Kronob. 1.,591,https://runeberg.org/statskal/1931/0591.html
1931,Växjö,Uppvidinge,Lenhovda,Lenhovda,TRUE,Kronob. 1.,591,https://runeberg.org/statskal/1931/0591.html
1931,Växjö,Uppvidinge,Ekeberga,Ekeberga,TRUE,Kronob. 1.,591,https://runeberg.org/statskal/1931/0591.html
1931,Växjö,Uppvidinge,Dädesjö o. Herråkra,Dädesjö,TRUE,Kronob. 1.,591,https://runeberg.org/statskal/1931/0591.html
1931,Växjö,Uppvidinge,Dädesjö o. Herråkra,Herråkra,FALSE,Kronob. 1.,591,https://runeberg.org/statskal/1931/0591.html
1931,Växjö,Uppvidinge,"Sjösås, Drev o. Hornaryd",Sjösås,TRUE,Kronob. 1.,591,https://runeberg.org/statskal/1931/0591.html
1931,Växjö,Uppvidinge,"Sjösås, Drev o. Hornaryd",Drev,FALSE,Kronob. 1.,591,https://runeberg.org/statskal/1931/0591.html
1931,Växjö,Uppvidinge,"Sjösås, Drev o. Hornaryd",Hornaryd,FALSE,Kronob. 1.,591,https://runeberg.org/statskal/1931/0591.html
1931,Växjö,Tveta,Jönköpings Kristina o. Ljungarums,Jönköpings Kristina,TRUE,Jönk. 1.,591,https://runeberg.org/statskal/1931/0591.html
1931,Växjö,Tveta,Jönköpings Kristina o. Ljungarums,Ljungarums,FALSE,Jönk. 1.,591,https://runeberg.org/statskal/1931/0591.html
1931,Växjö,Tveta,Jönköpings Sofia förs,Jönköpings Sofia förs,TRUE,Jönk. 1.,591,https://runeberg.org/statskal/1931/0591.html
1931,Växjö,Tveta,Svarttorp o. Lekeryd,Svarttorp,TRUE,Jönk. 1.,591,https://runeberg.org/statskal/1931/0591.html
1931,Växjö,Tveta,Svarttorp o. Lekeryd,Lekeryd,FALSE,Jönk. 1.,591,https://runeberg.org/statskal/1931/0591.html
1931,Växjö,Tveta,Nässjö,Nässjö,TRUE,Jönk. 1.,591,https://runeberg.org/statskal/1931/0591.html
1931,Växjö,Tveta,Barkeryd o. Järsnäs,Barkeryd,TRUE,Jönk. 1.,591,https://runeberg.org/statskal/1931/0591.html
1931,Växjö,Tveta,Barkeryd o. Järsnäs,Järsnäs,FALSE,Jönk. 1.,591,https://runeberg.org/statskal/1931/0591.html
1931,Växjö,Tveta,Forserum,Forserum,TRUE,Jönk. 1.,591,https://runeberg.org/statskal/1931/0591.html
1931,Växjö,Tveta,Huskvarna och Hakarp,Huskvarna,TRUE,Jönk. 1.,591,https://runeberg.org/statskal/1931/0591.html
1931,Växjö,Tveta,Huskvarna och Hakarp,Hakarp,FALSE,Jönk. 1.,591,https://runeberg.org/statskal/1931/0591.html
1931,Växjö,Tveta,Rogberga o. Öggestorp,Rogberga,TRUE,Jönk. 1.,592,https://runeberg.org/statskal/1931/0592.html
1931,Växjö,Tveta,Rogberga o. Öggestorp,Öggestorp,FALSE,Jönk. 1.,592,https://runeberg.org/statskal/1931/0592.html
1931,Växjö,Tveta,Bankeryd och Järstorp,Bankeryd,TRUE,Jönk. 1.,592,https://runeberg.org/statskal/1931/0592.html
1931,Växjö,Tveta,Bankeryd och Järstorp,Järstorp,FALSE,Jönk. 1.,592,https://runeberg.org/statskal/1931/0592.html
1931,Växjö,Tveta,Sandseryd,Sandseryd,TRUE,Jönk. 1.,592,https://runeberg.org/statskal/1931/0592.html
1931,Växjö,Tveta,Barnarp o. Månsarp,Barnarp,TRUE,Jönk. 1.,592,https://runeberg.org/statskal/1931/0592.html
1931,Växjö,Tveta,Barnarp o. Månsarp,Månsarp,FALSE,Jönk. 1.,592,https://runeberg.org/statskal/1931/0592.html
1931,Växjö,Östbo,Rydaholm,Rydaholm,TRUE,Jönk. 1.,592,https://runeberg.org/statskal/1931/0592.html
1931,Växjö,Östbo,Gällaryd,Gällaryd,TRUE,Jönk. 1.,592,https://runeberg.org/statskal/1931/0592.html
1931,Växjö,Östbo,"Värnamo, Våxtorp o. Tånnö",Värnamo,TRUE,Jönk. 1.,592,https://runeberg.org/statskal/1931/0592.html
1931,Växjö,Östbo,"Värnamo, Våxtorp o. Tånnö",Våxtorp,FALSE,Jönk. 1.,592,https://runeberg.org/statskal/1931/0592.html
1931,Växjö,Östbo,"Värnamo, Våxtorp o. Tånnö",Tånnö,FALSE,Jönk. 1.,592,https://runeberg.org/statskal/1931/0592.html
1931,Växjö,Östbo,Kärda o. Hånger,Kärda,TRUE,Jönk. 1.,592,https://runeberg.org/statskal/1931/0592.html
1931,Växjö,Östbo,Kärda o. Hånger,Hånger,FALSE,Jönk. 1.,592,https://runeberg.org/statskal/1931/0592.html
1931,Växjö,Östbo,Fryele o. Hagshult,Fryele,TRUE,Jönk. 1.,592,https://runeberg.org/statskal/1931/0592.html
1931,Växjö,Östbo,Fryele o. Hagshult,Hagshult,FALSE,Jönk. 1.,592,https://runeberg.org/statskal/1931/0592.html
1931,Växjö,Östbo,Tofteryd,Tofteryd,TRUE,Jönk. 1.,592,https://runeberg.org/statskal/1931/0592.html
1931,Växjö,Östbo,Byarum o. Bondstorp,Byarum,TRUE,Jönk. 1.,592,https://runeberg.org/statskal/1931/0592.html
1931,Växjö,Östbo,Byarum o. Bondstorp,Bondstorp,FALSE,Jönk. 1.,592,https://runeberg.org/statskal/1931/0592.html
1931,Växjö,Östbo,Åker o. Kävsjö,Åker,TRUE,Jönk. 1.,592,https://runeberg.org/statskal/1931/0592.html
1931,Växjö,Östbo,Åker o. Kävsjö,Kävsjö,FALSE,Jönk. 1.,592,https://runeberg.org/statskal/1931/0592.html
1931,Växjö,Västbo,"Forsheda, Bredaryd o. Torskinge",Forsheda,TRUE,Jönk. 1.,592,https://runeberg.org/statskal/1931/0592.html
1931,Växjö,Västbo,"Forsheda, Bredaryd o. Torskinge",Bredaryd,FALSE,Jönk. 1.,592,https://runeberg.org/statskal/1931/0592.html
1931,Växjö,Västbo,"Forsheda, Bredaryd o. Torskinge",Torskinge,FALSE,Jönk. 1.,592,https://runeberg.org/statskal/1931/0592.html
1931,Växjö,Västbo,"Bolmsö, Dannäs o. Tannåker",Bolmsö,TRUE,Jönk. 1.,592,https://runeberg.org/statskal/1931/0592.html
1931,Växjö,Västbo,"Bolmsö, Dannäs o. Tannåker",Dannäs,FALSE,Jönk. 1.,592,https://runeberg.org/statskal/1931/0592.html
1931,Växjö,Västbo,"Bolmsö, Dannäs o. Tannåker",Tannåker,FALSE,Jönk. 1.,592,https://runeberg.org/statskal/1931/0592.html
1931,Växjö,Västbo,Södra Unnaryd o. Jälluntofta,Södra Unnaryd,TRUE,Jönk. 1.,592,https://runeberg.org/statskal/1931/0592.html
1931,Växjö,Västbo,Södra Unnaryd o. Jälluntofta,Jälluntofta,FALSE,Jönk. 1.,592,https://runeberg.org/statskal/1931/0592.html
1931,Växjö,Västbo,"Långaryd, Färgaryd o. Femsjö",Långaryd,TRUE,Jönk. 1.,592,https://runeberg.org/statskal/1931/0592.html
1931,Växjö,Västbo,"Långaryd, Färgaryd o. Femsjö",Färgaryd,FALSE,Jönk. 1.,592,https://runeberg.org/statskal/1931/0592.html
1931,Växjö,Västbo,"Långaryd, Färgaryd o. Femsjö",Femsjö,FALSE,Jönk. 1.,592,https://runeberg.org/statskal/1931/0592.html
1931,Växjö,Västbo,Södra Hestra o. Gryteryd,Södra Hestra,TRUE,Jönk. 1.,592,https://runeberg.org/statskal/1931/0592.html
1931,Växjö,Västbo,Södra Hestra o. Gryteryd,Gryteryd,FALSE,Jönk. 1.,592,https://runeberg.org/statskal/1931/0592.html
1931,Växjö,Västbo,Burseryd o. Sandvik,Burseryd,TRUE,Jönk. 1.,592,https://runeberg.org/statskal/1931/0592.html
1931,Växjö,Västbo,Burseryd o. Sandvik,Sandvik,FALSE,Jönk. 1.,592,https://runeberg.org/statskal/1931/0592.html
1931,Växjö,Västbo,Villstad,Villstad,TRUE,Jönk. 1.,592,https://runeberg.org/statskal/1931/0592.html
1931,Växjö,Västbo,"Båraryd, Våthult o. Bosebo",Båraryd,TRUE,Jönk. 1.,592,https://runeberg.org/statskal/1931/0592.html
1931,Växjö,Västbo,"Båraryd, Våthult o. Bosebo",Våthult,FALSE,Jönk. 1.,592,https://runeberg.org/statskal/1931/0592.html
1931,Växjö,Västbo,"Båraryd, Våthult o. Bosebo",Bosebo,FALSE,Jönk. 1.,592,https://runeberg.org/statskal/1931/0592.html
1931,Växjö,Västbo,Reftele o. Anderstorp,Reftele,TRUE,Jönk. 1.,593,https://runeberg.org/statskal/1931/0593.html
1931,Växjö,Västbo,Reftele o. Anderstorp,Anderstorp,FALSE,Jönk. 1.,593,https://runeberg.org/statskal/1931/0593.html
1931,Växjö,Västbo,Åsenhöga o. Källeryd,Åsenhöga,TRUE,Jönk. 1.,593,https://runeberg.org/statskal/1931/0593.html
1931,Växjö,Västbo,Åsenhöga o. Källeryd,Källeryd,FALSE,Jönk. 1.,593,https://runeberg.org/statskal/1931/0593.html
1931,Växjö,Västbo,Kulltorp o. Gnosjö,Kulltorp,TRUE,Jönk. 1.,593,https://runeberg.org/statskal/1931/0593.html
1931,Växjö,Västbo,Kulltorp o. Gnosjö,Gnosjö,FALSE,Jönk. 1.,593,https://runeberg.org/statskal/1931/0593.html
1931,Växjö,Västbo,Ås o. Kållerstad,Ås,TRUE,Jönk. 1.,593,https://runeberg.org/statskal/1931/0593.html
1931,Växjö,Västbo,Ås o. Kållerstad,Kållerstad,FALSE,Jönk. 1.,593,https://runeberg.org/statskal/1931/0593.html
1931,Växjö,Västra härads,"Malmbäck, Ödestugu o. Almesåkra",Malmbäck,TRUE,Jönk. 1.,593,https://runeberg.org/statskal/1931/0593.html
1931,Växjö,Västra härads,"Malmbäck, Ödestugu o. Almesåkra",Ödestugu,FALSE,Jönk. 1.,593,https://runeberg.org/statskal/1931/0593.html
1931,Växjö,Västra härads,"Malmbäck, Ödestugu o. Almesåkra",Almesåkra,FALSE,Jönk. 1.,593,https://runeberg.org/statskal/1931/0593.html
1931,Växjö,Västra härads,"Vrigstad, Svenarum o. Nydala",Vrigstad,TRUE,Jönk. 1.,593,https://runeberg.org/statskal/1931/0593.html
1931,Växjö,Västra härads,"Vrigstad, Svenarum o. Nydala",Svenarum,FALSE,Jönk. 1.,593,https://runeberg.org/statskal/1931/0593.html
1931,Växjö,Västra härads,"Vrigstad, Svenarum o. Nydala",Nydala,FALSE,Jönk. 1.,593,https://runeberg.org/statskal/1931/0593.html
1931,Växjö,Västra härads,Hjälmseryd o. Stockaryd,Hjälmseryd,TRUE,Jönk. 1.,593,https://runeberg.org/statskal/1931/0593.html
1931,Växjö,Västra härads,Hjälmseryd o. Stockaryd,Stockaryd,FALSE,Jönk. 1.,593,https://runeberg.org/statskal/1931/0593.html
1931,Växjö,Västra härads,Norra Sandsjö o. Vallsjö,Norra Sandsjö,TRUE,Jönk. 1.,593,https://runeberg.org/statskal/1931/0593.html
1931,Växjö,Västra härads,Norra Sandsjö o. Vallsjö,Vallsjö,FALSE,Jönk. 1.,593,https://runeberg.org/statskal/1931/0593.html
1931,Växjö,Västra härads,"Bringetofta, Norra Ljunga o. Hylletofta",Bringetofta,TRUE,Jönk. 1.,593,https://runeberg.org/statskal/1931/0593.html
1931,Växjö,Västra härads,"Bringetofta, Norra Ljunga o. Hylletofta",Norra Ljunga,FALSE,Jönk. 1.,593,https://runeberg.org/statskal/1931/0593.html
1931,Växjö,Västra härads,"Bringetofta, Norra Ljunga o. Hylletofta",Hylletofta,FALSE,Jönk. 1.,593,https://runeberg.org/statskal/1931/0593.html
1931,Växjö,Västra härads,"Hultsjö, Skepperstad o. Hj ärt lan da",Hultsjö,TRUE,Jönk. 1.,593,https://runeberg.org/statskal/1931/0593.html
1931,Växjö,Västra härads,"Hultsjö, Skepperstad o. Hj ärt lan da",Skepperstad,FALSE,Jönk. 1.,593,https://runeberg.org/statskal/1931/0593.html
1931,Växjö,Västra härads,"Hultsjö, Skepperstad o. Hj ärt lan da",Hj ärt lan da,FALSE,Jönk. 1.,593,https://runeberg.org/statskal/1931/0593.html
1931,Växjö,Västra härads,"Fröderyd, Ramkvilla o. Bäckaby",Fröderyd,TRUE,Jönk. 1.,593,https://runeberg.org/statskal/1931/0593.html
1931,Växjö,Västra härads,"Fröderyd, Ramkvilla o. Bäckaby",Ramkvilla,FALSE,Jönk. 1.,593,https://runeberg.org/statskal/1931/0593.html
1931,Växjö,Västra härads,"Fröderyd, Ramkvilla o. Bäckaby",Bäckaby,FALSE,Jönk. 1.,593,https://runeberg.org/statskal/1931/0593.html
1931,Växjö,Östra härads,"Alseda, Skede o. Ökna",Alseda,TRUE,Jönk. 1.,593,https://runeberg.org/statskal/1931/0593.html
1931,Växjö,Östra härads,"Alseda, Skede o. Ökna",Skede,FALSE,Jönk. 1.,593,https://runeberg.org/statskal/1931/0593.html
1931,Växjö,Östra härads,"Alseda, Skede o. Ökna",Ökna,FALSE,Jönk. 1.,593,https://runeberg.org/statskal/1931/0593.html
1931,Växjö,Östra härads,"Korsberga, Lemnhult o. Södra Solberga",Korsberga,TRUE,Jönk. 1.,593,https://runeberg.org/statskal/1931/0593.html
1931,Växjö,Östra härads,"Korsberga, Lemnhult o. Södra Solberga",Lemnhult,FALSE,Jönk. 1.,593,https://runeberg.org/statskal/1931/0593.html
1931,Växjö,Östra härads,"Korsberga, Lemnhult o. Södra Solberga",Södra Solberga,FALSE,Jönk. 1.,593,https://runeberg.org/statskal/1931/0593.html
1931,Växjö,Östra härads,Vetlanda,Vetlanda,TRUE,Jönk. 1.,593,https://runeberg.org/statskal/1931/0593.html
1931,Växjö,Östra härads,Skirö o. Nye,Skirö,TRUE,Jönk. 1.,593,https://runeberg.org/statskal/1931/0593.html
1931,Växjö,Östra härads,Skirö o. Nye,Nye,FALSE,Jönk. 1.,593,https://runeberg.org/statskal/1931/0593.html
1931,Växjö,Östra härads,Näshult o. Stenberga,Näshult,TRUE,Jönk. 1.,593,https://runeberg.org/statskal/1931/0593.html
1931,Växjö,Östra härads,Näshult o. Stenberga,Stenberga,FALSE,Jönk. 1.,593,https://runeberg.org/statskal/1931/0593.html
1931,Växjö,Östra härads,Karlstorp o. Kråkshult,Karlstorp,TRUE,Jönk. 1.,593,https://runeberg.org/statskal/1931/0593.html
1931,Växjö,Östra härads,Karlstorp o. Kråkshult,Kråkshult,FALSE,Jönk. 1.,593,https://runeberg.org/statskal/1931/0593.html
1931,Växjö,Östra härads,Björkö o. Nävelsjö,Björkö,TRUE,Jönk. 1.,593,https://runeberg.org/statskal/1931/0593.html
1931,Växjö,Östra härads,Björkö o. Nävelsjö,Nävelsjö,FALSE,Jönk. 1.,593,https://runeberg.org/statskal/1931/0593.html
1931,Växjö,Östra härads,Bäckseda o. Näsby,Bäckseda,TRUE,Jönk. 1.,593,https://runeberg.org/statskal/1931/0593.html
1931,Växjö,Östra härads,Bäckseda o. Näsby,Näsby,FALSE,Jönk. 1.,593,https://runeberg.org/statskal/1931/0593.html
1931,Växjö,Östra härads,Myresjö o. Lannaskede,Myresjö,TRUE,Jönk. 1.,594,https://runeberg.org/statskal/1931/0594.html
1931,Växjö,Östra härads,Myresjö o. Lannaskede,Lannaskede,FALSE,Jönk. 1.,594,https://runeberg.org/statskal/1931/0594.html
1931,Växjö,Vista,"Gränna stadsförsamling, Gränna landsförsamling",Gränna stadsförsamling,TRUE,Jönk. 1.,594,https://runeberg.org/statskal/1931/0594.html
1931,Växjö,Vista,"Gränna stadsförsamling, Gränna landsförsamling",Gränna landsförsamling,FALSE,Jönk. 1.,594,https://runeberg.org/statskal/1931/0594.html
1931,Växjö,Vista,Visingsö,Visingsö,TRUE,Jönk. 1.,594,https://runeberg.org/statskal/1931/0594.html
1931,Växjö,Vista,Skärstad,Skärstad,TRUE,Jönk. 1.,594,https://runeberg.org/statskal/1931/0594.html
1931,Växjö,Vista,Ölmstad,Ölmstad,TRUE,Jönk. 1.,594,https://runeberg.org/statskal/1931/0594.html
1931,Växjö,Norra Möre,Kalmar,Kalmar,TRUE,Kalm. 1.,594,https://runeberg.org/statskal/1931/0594.html
1931,Växjö,Norra Möre,Dörby o. Kläckeberga,Dörby,TRUE,Kalm. 1.,594,https://runeberg.org/statskal/1931/0594.html
1931,Växjö,Norra Möre,Dörby o. Kläckeberga,Kläckeberga,FALSE,Kalm. 1.,594,https://runeberg.org/statskal/1931/0594.html
1931,Växjö,Norra Möre,Ryssby,Ryssby,TRUE,Kalm. 1.,594,https://runeberg.org/statskal/1931/0594.html
1931,Växjö,Norra Möre,Åby o. Bäckebo,Åby,TRUE,Kalm. 1.,594,https://runeberg.org/statskal/1931/0594.html
1931,Växjö,Norra Möre,Åby o. Bäckebo,Bäckebo,FALSE,Kalm. 1.,594,https://runeberg.org/statskal/1931/0594.html
1931,Växjö,Norra Möre,Förlösa,Förlösa,TRUE,Kalm. 1.,594,https://runeberg.org/statskal/1931/0594.html
1931,Växjö,Norra Möre,Kristvalla,Kristvalla,TRUE,Kalm. 1.,594,https://runeberg.org/statskal/1931/0594.html
1931,Växjö,Stranda,Ålem,Ålem,TRUE,Kalm. 1.,594,https://runeberg.org/statskal/1931/0594.html
1931,Växjö,Stranda,Mönsterås,Mönsterås,TRUE,Kalm. 1.,594,https://runeberg.org/statskal/1931/0594.html
1931,Växjö,Stranda,Döderhult,Döderhult,TRUE,Kalm. 1.,594,https://runeberg.org/statskal/1931/0594.html
1931,Växjö,Stranda,Oskarshamn,Oskarshamn,TRUE,Kalm. 1.,594,https://runeberg.org/statskal/1931/0594.html
1931,Växjö,Handbörds,Högsby o. Fågelfors,Högsby,TRUE,Kalm. 1.,594,https://runeberg.org/statskal/1931/0594.html
1931,Växjö,Handbörds,Högsby o. Fågelfors,Fågelfors,FALSE,Kalm. 1.,594,https://runeberg.org/statskal/1931/0594.html
1931,Växjö,Handbörds,Långemåla,Långemåla,TRUE,Kalm. 1.,594,https://runeberg.org/statskal/1931/0594.html
1931,Växjö,Handbörds,Fagerhult,Fagerhult,TRUE,Kalm. 1.,594,https://runeberg.org/statskal/1931/0594.html
1931,Växjö,Handbörds,Kråksmåla,Kråksmåla,TRUE,Kalm. 1.,594,https://runeberg.org/statskal/1931/0594.html
1931,Växjö,Handbörds,Fliseryd,Fliseryd,TRUE,Kalm. 1.,594,https://runeberg.org/statskal/1931/0594.html
1931,Växjö,Södra Möre,"Ljungby, Hossmo o. S:t Sigfrid",Ljungby,TRUE,Kalm. 1.,594,https://runeberg.org/statskal/1931/0594.html
1931,Växjö,Södra Möre,"Ljungby, Hossmo o. S:t Sigfrid",Hossmo,FALSE,Kalm. 1.,594,https://runeberg.org/statskal/1931/0594.html
1931,Växjö,Södra Möre,"Ljungby, Hossmo o. S:t Sigfrid",S:t Sigfrid,FALSE,Kalm. 1.,594,https://runeberg.org/statskal/1931/0594.html
1931,Växjö,Södra Möre,Mortorp o. Oskar,Mortorp,TRUE,Kalm. 1.,595,https://runeberg.org/statskal/1931/0595.html
1931,Växjö,Södra Möre,Mortorp o. Oskar,Oskar,FALSE,Kalm. 1.,595,https://runeberg.org/statskal/1931/0595.html
1931,Växjö,Södra Möre,"Arby, Hagby o. Karlslunda",Arby,TRUE,Kalm. 1.,595,https://runeberg.org/statskal/1931/0595.html
1931,Växjö,Södra Möre,"Arby, Hagby o. Karlslunda",Hagby,FALSE,Kalm. 1.,595,https://runeberg.org/statskal/1931/0595.html
1931,Växjö,Södra Möre,"Arby, Hagby o. Karlslunda",Karlslunda,FALSE,Kalm. 1.,595,https://runeberg.org/statskal/1931/0595.html
1931,Växjö,Södra Möre,Halltorp o. Våxtorp,Halltorp,TRUE,Kalm. 1.,595,https://runeberg.org/statskal/1931/0595.html
1931,Växjö,Södra Möre,Halltorp o. Våxtorp,Våxtorp,FALSE,Kalm. 1.,595,https://runeberg.org/statskal/1931/0595.html
1931,Växjö,Södra Möre,Söderåkra,Söderåkra,TRUE,Kalm. 1.,595,https://runeberg.org/statskal/1931/0595.html
1931,Växjö,Södra Möre,Torsås,Torsås,TRUE,Kalm. 1.,595,https://runeberg.org/statskal/1931/0595.html
1931,Växjö,Södra Möre,Gullabo,Gullabo,TRUE,Kalm. 1.,595,https://runeberg.org/statskal/1931/0595.html
1931,Växjö,Södra Möre,Vissefjärda,Vissefjärda,TRUE,Kalm. 1.,595,https://runeberg.org/statskal/1931/0595.html
1931,Växjö,Södra Möre,Madesjö o. Örsjö,Madesjö,TRUE,Kalm. 1.,595,https://runeberg.org/statskal/1931/0595.html
1931,Växjö,Södra Möre,Madesjö o. Örsjö,Örsjö,FALSE,Kalm. 1.,595,https://runeberg.org/statskal/1931/0595.html
1931,Växjö,Ölands norra,Böda,Böda,TRUE,Kalm. 1.,595,https://runeberg.org/statskal/1931/0595.html
1931,Växjö,Ölands norra,Högby o. Källa,Högby,TRUE,Kalm. 1.,595,https://runeberg.org/statskal/1931/0595.html
1931,Växjö,Ölands norra,Högby o. Källa,Källa,FALSE,Kalm. 1.,595,https://runeberg.org/statskal/1931/0595.html
1931,Växjö,Ölands norra,Persnäs o. Föra,Persnäs,TRUE,Kalm. 1.,595,https://runeberg.org/statskal/1931/0595.html
1931,Växjö,Ölands norra,Persnäs o. Föra,Föra,FALSE,Kalm. 1.,595,https://runeberg.org/statskal/1931/0595.html
1931,Växjö,Ölands norra,Löt o. Alböke,Löt,TRUE,Kalm. 1.,595,https://runeberg.org/statskal/1931/0595.html
1931,Växjö,Ölands norra,Löt o. Alböke,Alböke,FALSE,Kalm. 1.,595,https://runeberg.org/statskal/1931/0595.html
1931,Växjö,Ölands norra,Köping o. Ekby,Köping,TRUE,Kalm. 1.,595,https://runeberg.org/statskal/1931/0595.html
1931,Växjö,Ölands norra,Köping o. Ekby,Ekby,FALSE,Kalm. 1.,595,https://runeberg.org/statskal/1931/0595.html
1931,Växjö,Ölands norra,Borgholm,Borgholm,TRUE,Kalm. 1.,595,https://runeberg.org/statskal/1931/0595.html
1931,Växjö,Ölands norra,Räpplinge o. Högsrum,Räpplinge,TRUE,Kalm. 1.,595,https://runeberg.org/statskal/1931/0595.html
1931,Växjö,Ölands norra,Räpplinge o. Högsrum,Högsrum,FALSE,Kalm. 1.,595,https://runeberg.org/statskal/1931/0595.html
1931,Växjö,Ölands norra,Gärdslösa o. Bredsätra,Gärdslösa,TRUE,Kalm. 1.,595,https://runeberg.org/statskal/1931/0595.html
1931,Växjö,Ölands norra,Gärdslösa o. Bredsätra,Bredsätra,FALSE,Kalm. 1.,595,https://runeberg.org/statskal/1931/0595.html
1931,Växjö,Ölands norra,Runsten o. Långlöt,Runsten,TRUE,Kalm. 1.,595,https://runeberg.org/statskal/1931/0595.html
1931,Växjö,Ölands norra,Runsten o. Långlöt,Långlöt,FALSE,Kalm. 1.,595,https://runeberg.org/statskal/1931/0595.html
1931,Växjö,Ölands norra,Torslunda,Torslunda,TRUE,Kalm. 1.,595,https://runeberg.org/statskal/1931/0595.html
1931,Växjö,Ölands norra,Glömminge o. Algutsrum,Glömminge,TRUE,Kalm. 1.,595,https://runeberg.org/statskal/1931/0595.html
1931,Växjö,Ölands norra,Glömminge o. Algutsrum,Algutsrum,FALSE,Kalm. 1.,595,https://runeberg.org/statskal/1931/0595.html
1931,Växjö,Ölands norra,"Sandby, Gårdby o. Norra Möckleby",Sandby,TRUE,Kalm. 1.,595,https://runeberg.org/statskal/1931/0595.html
1931,Växjö,Ölands norra,"Sandby, Gårdby o. Norra Möckleby",Gårdby,FALSE,Kalm. 1.,595,https://runeberg.org/statskal/1931/0595.html
1931,Växjö,Ölands norra,"Sandby, Gårdby o. Norra Möckleby",Norra Möckleby,FALSE,Kalm. 1.,595,https://runeberg.org/statskal/1931/0595.html
1931,Växjö,Ölands norra,Vickleby,Vickleby,TRUE,Kalm. 1.,595,https://runeberg.org/statskal/1931/0595.html
1931,Växjö,Ölands södra,Resmo o. Mörbylånga,Resmo,TRUE,Kalm. 1.,595,https://runeberg.org/statskal/1931/0595.html
1931,Växjö,Ölands södra,Resmo o. Mörbylånga,Mörbylånga,FALSE,Kalm. 1.,595,https://runeberg.org/statskal/1931/0595.html
1931,Växjö,Ölands södra,Kastlösa,Kastlösa,TRUE,Kalm. 1.,595,https://runeberg.org/statskal/1931/0595.html
1931,Växjö,Ölands södra,Hulterstad o. Stenåsa,Hulterstad,TRUE,Kalm. 1.,596,https://runeberg.org/statskal/1931/0596.html
1931,Växjö,Ölands södra,Hulterstad o. Stenåsa,Stenåsa,FALSE,Kalm. 1.,596,https://runeberg.org/statskal/1931/0596.html
1931,Växjö,Ölands södra,Smedby o. Södra Möckleby,Smedby,TRUE,Kalm. 1.,596,https://runeberg.org/statskal/1931/0596.html
1931,Växjö,Ölands södra,Smedby o. Södra Möckleby,Södra Möckleby,FALSE,Kalm. 1.,596,https://runeberg.org/statskal/1931/0596.html
1931,Växjö,Ölands södra,Gräsgård o. Segerstad,Gräsgård,TRUE,Kalm. 1.,596,https://runeberg.org/statskal/1931/0596.html
1931,Växjö,Ölands södra,Gräsgård o. Segerstad,Segerstad,FALSE,Kalm. 1.,596,https://runeberg.org/statskal/1931/0596.html
1931,Växjö,Ölands södra,Ås o. Ventlinge,Ås,TRUE,Kalm. 1.,596,https://runeberg.org/statskal/1931/0596.html
1931,Växjö,Ölands södra,Ås o. Ventlinge,Ventlinge,FALSE,Kalm. 1.,596,https://runeberg.org/statskal/1931/0596.html
1931,Lunds,Oxie,Malmö S:t Petri förs,Malmö S:t Petri förs,TRUE,Malm. 1.,596,https://runeberg.org/statskal/1931/0596.html
1931,Lunds,Oxie,Malmö Caroli förs,Malmö Caroli förs,TRUE,Malm. 1.,596,https://runeberg.org/statskal/1931/0596.html
1931,Lunds,Oxie,Malmö S:t Pauli förs,Malmö S:t Pauli förs,TRUE,Malm. 1.,596,https://runeberg.org/statskal/1931/0596.html
1931,Lunds,Oxie,Malmö S:t Johannes förs,Malmö S:t Johannes förs,TRUE,Malm. 1.,596,https://runeberg.org/statskal/1931/0596.html
1931,Lunds,Oxie,Limhamn,Limhamn,TRUE,Malm. 1.,596,https://runeberg.org/statskal/1931/0596.html
1931,Lunds,Oxie,Västra Skrävlinge,Västra Skrävlinge,TRUE,Malm. 1.,596,https://runeberg.org/statskal/1931/0596.html
1931,Lunds,Oxie,Bunkeflo o. Glostorp,Bunkeflo,TRUE,Malm. 1.,596,https://runeberg.org/statskal/1931/0596.html
1931,Lunds,Oxie,Bunkeflo o. Glostorp,Glostorp,FALSE,Malm. 1.,596,https://runeberg.org/statskal/1931/0596.html
1931,Lunds,Oxie,"Gässie, Eskilstorp, Arrie o. Hököpinge",Gässie,TRUE,Malm. 1.,596,https://runeberg.org/statskal/1931/0596.html
1931,Lunds,Oxie,"Gässie, Eskilstorp, Arrie o. Hököpinge",Eskilstorp,FALSE,Malm. 1.,596,https://runeberg.org/statskal/1931/0596.html
1931,Lunds,Oxie,"Gässie, Eskilstorp, Arrie o. Hököpinge",Arrie,FALSE,Malm. 1.,596,https://runeberg.org/statskal/1931/0596.html
1931,Lunds,Oxie,"Gässie, Eskilstorp, Arrie o. Hököpinge",Hököpinge,FALSE,Malm. 1.,596,https://runeberg.org/statskal/1931/0596.html
1931,Lunds,Oxie,"Västra Ingelstad, Östra Grevie, Mellan-Grevie",Västra Ingelstad,TRUE,Malm. 1.,596,https://runeberg.org/statskal/1931/0596.html
1931,Lunds,Oxie,"Västra Ingelstad, Östra Grevie, Mellan-Grevie",Östra Grevie,FALSE,Malm. 1.,596,https://runeberg.org/statskal/1931/0596.html
1931,Lunds,Oxie,"Västra Ingelstad, Östra Grevie, Mellan-Grevie",Mellan-Grevie,FALSE,Malm. 1.,596,https://runeberg.org/statskal/1931/0596.html
1931,Lunds,Oxie,Fosie o. Lockarp,Fosie,TRUE,Malm. 1.,596,https://runeberg.org/statskal/1931/0596.html
1931,Lunds,Oxie,Fosie o. Lockarp,Lockarp,FALSE,Malm. 1.,596,https://runeberg.org/statskal/1931/0596.html
1931,Lunds,Oxie,"Södra Sallerup, Husie, Bjärshög o. Oxie",Södra Sallerup,TRUE,Malm. 1.,596,https://runeberg.org/statskal/1931/0596.html
1931,Lunds,Oxie,"Södra Sallerup, Husie, Bjärshög o. Oxie",Husie,FALSE,Malm. 1.,596,https://runeberg.org/statskal/1931/0596.html
1931,Lunds,Oxie,"Södra Sallerup, Husie, Bjärshög o. Oxie",Bjärshög,FALSE,Malm. 1.,596,https://runeberg.org/statskal/1931/0596.html
1931,Lunds,Oxie,"Södra Sallerup, Husie, Bjärshög o. Oxie",Oxie,FALSE,Malm. 1.,596,https://runeberg.org/statskal/1931/0596.html
1931,Lunds,Oxie,Tygelsjö o. Västra Klagstorp,Tygelsjö,TRUE,Malm. 1.,597,https://runeberg.org/statskal/1931/0597.html
1931,Lunds,Oxie,Tygelsjö o. Västra Klagstorp,Västra Klagstorp,FALSE,Malm. 1.,597,https://runeberg.org/statskal/1931/0597.html
1931,Lunds,Skytts,Vellinge o. Fuglie,Vellinge,TRUE,Malm. 1.,597,https://runeberg.org/statskal/1931/0597.html
1931,Lunds,Skytts,Vellinge o. Fuglie,Fuglie,FALSE,Malm. 1.,597,https://runeberg.org/statskal/1931/0597.html
1931,Lunds,Skytts,Trälleborg o. Maglarp,Trälleborg,TRUE,Malm. 1.,597,https://runeberg.org/statskal/1931/0597.html
1931,Lunds,Skytts,Trälleborg o. Maglarp,Maglarp,FALSE,Malm. 1.,597,https://runeberg.org/statskal/1931/0597.html
1931,Lunds,Skytts,Räng o. Stora Hammar,Räng,TRUE,Malm. 1.,597,https://runeberg.org/statskal/1931/0597.html
1931,Lunds,Skytts,Räng o. Stora Hammar,Stora Hammar,FALSE,Malm. 1.,597,https://runeberg.org/statskal/1931/0597.html
1931,Lunds,Skytts,"Håslöv, Bodarp, Västra Tommarp o. Skegrie",Håslöv,TRUE,Malm. 1.,597,https://runeberg.org/statskal/1931/0597.html
1931,Lunds,Skytts,"Håslöv, Bodarp, Västra Tommarp o. Skegrie",Bodarp,FALSE,Malm. 1.,597,https://runeberg.org/statskal/1931/0597.html
1931,Lunds,Skytts,"Håslöv, Bodarp, Västra Tommarp o. Skegrie",Västra Tommarp,FALSE,Malm. 1.,597,https://runeberg.org/statskal/1931/0597.html
1931,Lunds,Skytts,"Håslöv, Bodarp, Västra Tommarp o. Skegrie",Skegrie,FALSE,Malm. 1.,597,https://runeberg.org/statskal/1931/0597.html
1931,Lunds,Skytts,"Västra Alstad, Fru Alstad, Stora Slågarp o. Lilla Slågarp",Västra Alstad,TRUE,Malm. 1.,597,https://runeberg.org/statskal/1931/0597.html
1931,Lunds,Skytts,"Västra Alstad, Fru Alstad, Stora Slågarp o. Lilla Slågarp",Fru Alstad,FALSE,Malm. 1.,597,https://runeberg.org/statskal/1931/0597.html
1931,Lunds,Skytts,"Västra Alstad, Fru Alstad, Stora Slågarp o. Lilla Slågarp",Stora Slågarp,FALSE,Malm. 1.,597,https://runeberg.org/statskal/1931/0597.html
1931,Lunds,Skytts,"Västra Alstad, Fru Alstad, Stora Slågarp o. Lilla Slågarp",Lilla Slågarp,FALSE,Malm. 1.,597,https://runeberg.org/statskal/1931/0597.html
1931,Lunds,Skytts,"Dalköpinge, Gislöv, Bösarp o. Simlinge",Dalköpinge,TRUE,Malm. 1.,597,https://runeberg.org/statskal/1931/0597.html
1931,Lunds,Skytts,"Dalköpinge, Gislöv, Bösarp o. Simlinge",Gislöv,FALSE,Malm. 1.,597,https://runeberg.org/statskal/1931/0597.html
1931,Lunds,Skytts,"Dalköpinge, Gislöv, Bösarp o. Simlinge",Bösarp,FALSE,Malm. 1.,597,https://runeberg.org/statskal/1931/0597.html
1931,Lunds,Skytts,"Dalköpinge, Gislöv, Bösarp o. Simlinge",Simlinge,FALSE,Malm. 1.,597,https://runeberg.org/statskal/1931/0597.html
1931,Lunds,Skytts,"Hammarlöv, Västra Vemmerlöv, Gylle o. Kyrkoköpinge",Hammarlöv,TRUE,Malm. 1.,597,https://runeberg.org/statskal/1931/0597.html
1931,Lunds,Skytts,"Hammarlöv, Västra Vemmerlöv, Gylle o. Kyrkoköpinge",Västra Vemmerlöv,FALSE,Malm. 1.,597,https://runeberg.org/statskal/1931/0597.html
1931,Lunds,Skytts,"Hammarlöv, Västra Vemmerlöv, Gylle o. Kyrkoköpinge",Gylle,FALSE,Malm. 1.,597,https://runeberg.org/statskal/1931/0597.html
1931,Lunds,Skytts,"Hammarlöv, Västra Vemmerlöv, Gylle o. Kyrkoköpinge",Kyrkoköpinge,FALSE,Malm. 1.,597,https://runeberg.org/statskal/1931/0597.html
1931,Lunds,Skytts,Skanör o. Falsterbo,Skanör,TRUE,Malm. 1.,597,https://runeberg.org/statskal/1931/0597.html
1931,Lunds,Skytts,Skanör o. Falsterbo,Falsterbo,FALSE,Malm. 1.,597,https://runeberg.org/statskal/1931/0597.html
1931,Lunds,Torna,Silvåkra o. Revinge,Silvåkra,TRUE,Malm. 1.,597,https://runeberg.org/statskal/1931/0597.html
1931,Lunds,Torna,Silvåkra o. Revinge,Revinge,FALSE,Malm. 1.,597,https://runeberg.org/statskal/1931/0597.html
1931,Lunds,Torna,"Dalby, Hällestad, Bonderup o. Gödelöv",Dalby,TRUE,Malm. 1.,597,https://runeberg.org/statskal/1931/0597.html
1931,Lunds,Torna,"Dalby, Hällestad, Bonderup o. Gödelöv",Hällestad,FALSE,Malm. 1.,597,https://runeberg.org/statskal/1931/0597.html
1931,Lunds,Torna,"Dalby, Hällestad, Bonderup o. Gödelöv",Bonderup,FALSE,Malm. 1.,597,https://runeberg.org/statskal/1931/0597.html
1931,Lunds,Torna,"Dalby, Hällestad, Bonderup o. Gödelöv",Gödelöv,FALSE,Malm. 1.,597,https://runeberg.org/statskal/1931/0597.html
1931,Lunds,Torna,Everlöv o. Slimminge,Everlöv,TRUE,Malm. 1.,597,https://runeberg.org/statskal/1931/0597.html
1931,Lunds,Torna,Everlöv o. Slimminge,Slimminge,FALSE,Malm. 1.,597,https://runeberg.org/statskal/1931/0597.html
1931,Lunds,Torna,Hardeberga o. Södra Sandby,Hardeberga,TRUE,Malm. 1.,597,https://runeberg.org/statskal/1931/0597.html
1931,Lunds,Torna,Hardeberga o. Södra Sandby,Södra Sandby,FALSE,Malm. 1.,597,https://runeberg.org/statskal/1931/0597.html
1931,Lunds,Torna,Igelösa o. Västra Odarslöv,Igelösa,TRUE,Malm. 1.,597,https://runeberg.org/statskal/1931/0597.html
1931,Lunds,Torna,Igelösa o. Västra Odarslöv,Västra Odarslöv,FALSE,Malm. 1.,597,https://runeberg.org/statskal/1931/0597.html
1931,Lunds,Torna,Västra Hoby o. Håstad,Västra Hoby,TRUE,Malm. 1.,597,https://runeberg.org/statskal/1931/0597.html
1931,Lunds,Torna,Västra Hoby o. Håstad,Håstad,FALSE,Malm. 1.,597,https://runeberg.org/statskal/1931/0597.html
1931,Lunds,Torna,Stävie o. Lackalänga,Stävie,TRUE,Malm. 1.,597,https://runeberg.org/statskal/1931/0597.html
1931,Lunds,Torna,Stävie o. Lackalänga,Lackalänga,FALSE,Malm. 1.,597,https://runeberg.org/statskal/1931/0597.html
1931,Lunds,Torna,Stångby o. Vallkärra,Stångby,TRUE,Malm. 1.,597,https://runeberg.org/statskal/1931/0597.html
1931,Lunds,Torna,Stångby o. Vallkärra,Vallkärra,FALSE,Malm. 1.,597,https://runeberg.org/statskal/1931/0597.html
1931,Lunds,Torna,S:t Peters Kloster o. Norra Nöbbelöv,S:t Peters Kloster,TRUE,Malm. 1.,597,https://runeberg.org/statskal/1931/0597.html
1931,Lunds,Torna,S:t Peters Kloster o. Norra Nöbbelöv,Norra Nöbbelöv,FALSE,Malm. 1.,597,https://runeberg.org/statskal/1931/0597.html
1931,Lunds,Torna,Borgeby o. Löddeköpinge,Borgeby,TRUE,Malm. 1.,597,https://runeberg.org/statskal/1931/0597.html
1931,Lunds,Torna,Borgeby o. Löddeköpinge,Löddeköpinge,FALSE,Malm. 1.,597,https://runeberg.org/statskal/1931/0597.html
1931,Lunds,Torna,Bjällerup o. Stora Råby,Bjällerup,TRUE,Malm. 1.,597,https://runeberg.org/statskal/1931/0597.html
1931,Lunds,Torna,Bjällerup o. Stora Råby,Stora Råby,FALSE,Malm. 1.,597,https://runeberg.org/statskal/1931/0597.html
1931,Lunds,Torna,Fjälie o. Flädie,Fjälie,TRUE,Malm. 1.,597,https://runeberg.org/statskal/1931/0597.html
1931,Lunds,Torna,Fjälie o. Flädie,Flädie,FALSE,Malm. 1.,597,https://runeberg.org/statskal/1931/0597.html
1931,Lunds,Torna,"Lunds stadsförsamling, Lunds landsförsamling",Lunds stadsförsamling,TRUE,Malm. 1.,597,https://runeberg.org/statskal/1931/0597.html
1931,Lunds,Torna,"Lunds stadsförsamling, Lunds landsförsamling",Lunds landsförsamling,FALSE,Malm. 1.,597,https://runeberg.org/statskal/1931/0597.html
1931,Lunds,Bara,Lyngby o. Genarp,Lyngby,TRUE,Malm. 1.,597,https://runeberg.org/statskal/1931/0597.html
1931,Lunds,Bara,Lyngby o. Genarp,Genarp,FALSE,Malm. 1.,597,https://runeberg.org/statskal/1931/0597.html
1931,Lunds,Bara,Svedala o. Västra Kärrstorp,Svedala,TRUE,Malm. 1.,597,https://runeberg.org/statskal/1931/0597.html
1931,Lunds,Bara,Svedala o. Västra Kärrstorp,Västra Kärrstorp,FALSE,Malm. 1.,597,https://runeberg.org/statskal/1931/0597.html
1931,Lunds,Bara,Hyby,Hyby,TRUE,Malm. 1.,598,https://runeberg.org/statskal/1931/0598.html
1931,Lunds,Bara,Skabersjö o. Törringe,Skabersjö,TRUE,Malm. 1.,598,https://runeberg.org/statskal/1931/0598.html
1931,Lunds,Bara,Skabersjö o. Törringe,Törringe,FALSE,Malm. 1.,598,https://runeberg.org/statskal/1931/0598.html
1931,Lunds,Bara,Bara o. Mölleberga,Bara,TRUE,Malm. 1.,598,https://runeberg.org/statskal/1931/0598.html
1931,Lunds,Bara,Bara o. Mölleberga,Mölleberga,FALSE,Malm. 1.,598,https://runeberg.org/statskal/1931/0598.html
1931,Lunds,Bara,Kyrkheddinge o. Esarp,Kyrkheddinge,TRUE,Malm. 1.,598,https://runeberg.org/statskal/1931/0598.html
1931,Lunds,Bara,Kyrkheddinge o. Esarp,Esarp,FALSE,Malm. 1.,598,https://runeberg.org/statskal/1931/0598.html
1931,Lunds,Bara,Knästorp o. Tottarp,Knästorp,TRUE,Malm. 1.,598,https://runeberg.org/statskal/1931/0598.html
1931,Lunds,Bara,Knästorp o. Tottarp,Tottarp,FALSE,Malm. 1.,598,https://runeberg.org/statskal/1931/0598.html
1931,Lunds,Bara,Görslöv o. Särslöv,Görslöv,TRUE,Malm. 1.,598,https://runeberg.org/statskal/1931/0598.html
1931,Lunds,Bara,Görslöv o. Särslöv,Särslöv,FALSE,Malm. 1.,598,https://runeberg.org/statskal/1931/0598.html
1931,Lunds,Bara,Burlöv,Burlöv,TRUE,Malm. 1.,598,https://runeberg.org/statskal/1931/0598.html
1931,Lunds,Bara,Stora Uppåkra o. Flackarp,Stora Uppåkra,TRUE,Malm. 1.,598,https://runeberg.org/statskal/1931/0598.html
1931,Lunds,Bara,Stora Uppåkra o. Flackarp,Flackarp,FALSE,Malm. 1.,598,https://runeberg.org/statskal/1931/0598.html
1931,Lunds,Bara,Brågarp o. Nevishög,Brågarp,TRUE,Malm. 1.,598,https://runeberg.org/statskal/1931/0598.html
1931,Lunds,Bara,Brågarp o. Nevishög,Nevishög,FALSE,Malm. 1.,598,https://runeberg.org/statskal/1931/0598.html
1931,Lunds,Bara,Lomma,Lomma,TRUE,Malm. 1.,598,https://runeberg.org/statskal/1931/0598.html
1931,Lunds,Vemmenhögs,"Källstorp, Lilla Bedinge, Aspö o. östra",Källstorp,TRUE,Malm. 1.,598,https://runeberg.org/statskal/1931/0598.html
1931,Lunds,Vemmenhögs,"Källstorp, Lilla Bedinge, Aspö o. östra",Lilla Bedinge,FALSE,Malm. 1.,598,https://runeberg.org/statskal/1931/0598.html
1931,Lunds,Vemmenhögs,"Källstorp, Lilla Bedinge, Aspö o. östra",Aspö,FALSE,Malm. 1.,598,https://runeberg.org/statskal/1931/0598.html
1931,Lunds,Vemmenhögs,"Källstorp, Lilla Bedinge, Aspö o. östra",östra,FALSE,Malm. 1.,598,https://runeberg.org/statskal/1931/0598.html
1931,Lunds,Vemmenhögs,Klagstorp,Klagstorp,TRUE,Malm. 1.,598,https://runeberg.org/statskal/1931/0598.html
1931,Lunds,Vemmenhögs,Anderslöv o. Grönby,Anderslöv,TRUE,Malm. 1.,598,https://runeberg.org/statskal/1931/0598.html
1931,Lunds,Vemmenhögs,Anderslöv o. Grönby,Grönby,FALSE,Malm. 1.,598,https://runeberg.org/statskal/1931/0598.html
1931,Lunds,Vemmenhögs,Gärdslöv o. önnarp,Gärdslöv,TRUE,Malm. 1.,598,https://runeberg.org/statskal/1931/0598.html
1931,Lunds,Vemmenhögs,Gärdslöv o. önnarp,önnarp,FALSE,Malm. 1.,598,https://runeberg.org/statskal/1931/0598.html
1931,Lunds,Vemmenhögs,Solberga o. Hassle-Bösarp,Solberga,TRUE,Malm. 1.,598,https://runeberg.org/statskal/1931/0598.html
1931,Lunds,Vemmenhögs,Solberga o. Hassle-Bösarp,Hassle-Bösarp,FALSE,Malm. 1.,598,https://runeberg.org/statskal/1931/0598.html
1931,Lunds,Vemmenhögs,Östra Torp o. Lilla Isie,Östra Torp,TRUE,Malm. 1.,598,https://runeberg.org/statskal/1931/0598.html
1931,Lunds,Vemmenhögs,Östra Torp o. Lilla Isie,Lilla Isie,FALSE,Malm. 1.,598,https://runeberg.org/statskal/1931/0598.html
1931,Lunds,Vemmenhögs,Gustav,Gustav,TRUE,Malm. 1.,598,https://runeberg.org/statskal/1931/0598.html
1931,Lunds,Vemmenhögs,Hemmesdynge o. Södra Åby,Hemmesdynge,TRUE,Malm. 1.,598,https://runeberg.org/statskal/1931/0598.html
1931,Lunds,Vemmenhögs,Hemmesdynge o. Södra Åby,Södra Åby,FALSE,Malm. 1.,598,https://runeberg.org/statskal/1931/0598.html
1931,Lunds,Vemmenhögs,Skurup,Skurup,TRUE,Malm. 1.,598,https://runeberg.org/statskal/1931/0598.html
1931,Lunds,Ljunits och Herrestads,Villie o. Örsjö,Villie,TRUE,Malm. 1.,598,https://runeberg.org/statskal/1931/0598.html
1931,Lunds,Ljunits och Herrestads,Villie o. Örsjö,Örsjö,FALSE,Malm. 1.,598,https://runeberg.org/statskal/1931/0598.html
1931,Lunds,Ljunits och Herrestads,Västra Nöbbelöv o. Skivarp,Västra Nöbbelöv,TRUE,Malm. 1.,598,https://runeberg.org/statskal/1931/0598.html
1931,Lunds,Ljunits och Herrestads,Västra Nöbbelöv o. Skivarp,Skivarp,FALSE,Malm. 1.,598,https://runeberg.org/statskal/1931/0598.html
1931,Lunds,Ljunits och Herrestads,"Balkåkra, Snårestad o. Skårby",Balkåkra,TRUE,Malm. 1.,598,https://runeberg.org/statskal/1931/0598.html
1931,Lunds,Ljunits och Herrestads,"Balkåkra, Snårestad o. Skårby",Snårestad,FALSE,Malm. 1.,598,https://runeberg.org/statskal/1931/0598.html
1931,Lunds,Ljunits och Herrestads,"Balkåkra, Snårestad o. Skårby",Skårby,FALSE,Malm. 1.,598,https://runeberg.org/statskal/1931/0598.html
1931,Lunds,Ljunits och Herrestads,Sjörup o. Katslösa,Sjörup,TRUE,Malm. 1.,598,https://runeberg.org/statskal/1931/0598.html
1931,Lunds,Ljunits och Herrestads,Sjörup o. Katslösa,Katslösa,FALSE,Malm. 1.,598,https://runeberg.org/statskal/1931/0598.html
1931,Lunds,Ljunits och Herrestads,Ystad,Ystad,TRUE,Malm. 1.,598,https://runeberg.org/statskal/1931/0598.html
1931,Lunds,Ljunits och Herrestads,"Sövestad, Bromma, Bjäresjö o. Hedeskoga",Sövestad,TRUE,Malm. 1.,598,https://runeberg.org/statskal/1931/0598.html
1931,Lunds,Ljunits och Herrestads,"Sövestad, Bromma, Bjäresjö o. Hedeskoga",Bromma,FALSE,Malm. 1.,598,https://runeberg.org/statskal/1931/0598.html
1931,Lunds,Ljunits och Herrestads,"Sövestad, Bromma, Bjäresjö o. Hedeskoga",Bjäresjö,FALSE,Malm. 1.,598,https://runeberg.org/statskal/1931/0598.html
1931,Lunds,Ljunits och Herrestads,"Sövestad, Bromma, Bjäresjö o. Hedeskoga",Hedeskoga,FALSE,Malm. 1.,598,https://runeberg.org/statskal/1931/0598.html
1931,Lunds,Ljunits och Herrestads,"Stora Herrestad, Borrie o. Öja",Stora Herrestad,TRUE,Malm. 1.,599,https://runeberg.org/statskal/1931/0599.html
1931,Lunds,Ljunits och Herrestads,"Stora Herrestad, Borrie o. Öja",Borrie,FALSE,Malm. 1.,599,https://runeberg.org/statskal/1931/0599.html
1931,Lunds,Ljunits och Herrestads,"Stora Herrestad, Borrie o. Öja",Öja,FALSE,Malm. 1.,599,https://runeberg.org/statskal/1931/0599.html
1931,Lunds,Ljunits och Herrestads,Högestad o. Baldringe,Högestad,TRUE,Malm. 1.,599,https://runeberg.org/statskal/1931/0599.html
1931,Lunds,Ljunits och Herrestads,Högestad o. Baldringe,Baldringe,FALSE,Malm. 1.,599,https://runeberg.org/statskal/1931/0599.html
1931,Lunds,Frosta,"Östra Strö, Skarhult, Borlunda o. Skeglinge",Östra Strö,TRUE,Krist. o. Malm. 1.,599,https://runeberg.org/statskal/1931/0599.html
1931,Lunds,Frosta,"Östra Strö, Skarhult, Borlunda o. Skeglinge",Skarhult,FALSE,Krist. o. Malm. 1.,599,https://runeberg.org/statskal/1931/0599.html
1931,Lunds,Frosta,"Östra Strö, Skarhult, Borlunda o. Skeglinge",Borlunda,FALSE,Krist. o. Malm. 1.,599,https://runeberg.org/statskal/1931/0599.html
1931,Lunds,Frosta,"Östra Strö, Skarhult, Borlunda o. Skeglinge",Skeglinge,FALSE,Krist. o. Malm. 1.,599,https://runeberg.org/statskal/1931/0599.html
1931,Lunds,Onsjö,Stehag,Stehag,TRUE,Malm. 1.,599,https://runeberg.org/statskal/1931/0599.html
1931,Lunds,Onsjö,Torrlösa o. Norra Skrävlinge,Torrlösa,TRUE,Malm. 1.,599,https://runeberg.org/statskal/1931/0599.html
1931,Lunds,Onsjö,Torrlösa o. Norra Skrävlinge,Norra Skrävlinge,FALSE,Malm. 1.,599,https://runeberg.org/statskal/1931/0599.html
1931,Lunds,Onsjö,Reslöv o. Östra Karaby,Reslöv,TRUE,Malm. 1.,599,https://runeberg.org/statskal/1931/0599.html
1931,Lunds,Onsjö,Reslöv o. Östra Karaby,Östra Karaby,FALSE,Malm. 1.,599,https://runeberg.org/statskal/1931/0599.html
1931,Lunds,Onsjö,Bosarp o. Västra Strö,Bosarp,TRUE,Malm. 1.,599,https://runeberg.org/statskal/1931/0599.html
1931,Lunds,Onsjö,Bosarp o. Västra Strö,Västra Strö,FALSE,Malm. 1.,599,https://runeberg.org/statskal/1931/0599.html
1931,Lunds,Onsjö,Trollenäs,Trollenäs,TRUE,Malm. 1.,599,https://runeberg.org/statskal/1931/0599.html
1931,Lunds,Onsjö,Konga o. Ask,Konga,TRUE,Malm. 1.,600,https://runeberg.org/statskal/1931/0600.html
1931,Lunds,Onsjö,Konga o. Ask,Ask,FALSE,Malm. 1.,600,https://runeberg.org/statskal/1931/0600.html
1931,Lunds,Onsjö,Billinge o. Röstånga,Billinge,TRUE,Malm. 1.,600,https://runeberg.org/statskal/1931/0600.html
1931,Lunds,Onsjö,Billinge o. Röstånga,Röstånga,FALSE,Malm. 1.,600,https://runeberg.org/statskal/1931/0600.html
1931,Lunds,Har jagers,Västra Karaby o. Saxtorp,Västra Karaby,TRUE,Malm. 1.,600,https://runeberg.org/statskal/1931/0600.html
1931,Lunds,Har jagers,Västra Karaby o. Saxtorp,Saxtorp,FALSE,Malm. 1.,600,https://runeberg.org/statskal/1931/0600.html
1931,Lunds,Har jagers,Västra Sallerup o. Remmarlöv,Västra Sallerup,TRUE,Malm. 1.,600,https://runeberg.org/statskal/1931/0600.html
1931,Lunds,Har jagers,Västra Sallerup o. Remmarlöv,Remmarlöv,FALSE,Malm. 1.,600,https://runeberg.org/statskal/1931/0600.html
1931,Lunds,Har jagers,Barsebäck o. Hofterup,Barsebäck,TRUE,Malm. 1.,600,https://runeberg.org/statskal/1931/0600.html
1931,Lunds,Har jagers,Barsebäck o. Hofterup,Hofterup,FALSE,Malm. 1.,600,https://runeberg.org/statskal/1931/0600.html
1931,Lunds,Har jagers,Kävlinge o. Hög,Kävlinge,TRUE,Malm. 1.,600,https://runeberg.org/statskal/1931/0600.html
1931,Lunds,Har jagers,Kävlinge o. Hög,Hög,FALSE,Malm. 1.,600,https://runeberg.org/statskal/1931/0600.html
1931,Lunds,Har jagers,Stora Harrie o. Virke,Stora Harrie,TRUE,Malm. 1.,600,https://runeberg.org/statskal/1931/0600.html
1931,Lunds,Har jagers,Stora Harrie o. Virke,Virke,FALSE,Malm. 1.,600,https://runeberg.org/statskal/1931/0600.html
1931,Lunds,Har jagers,"Södervidinge, Annelöv, Norrvidinge o. Dagstorp",Södervidinge,TRUE,Malm. 1.,600,https://runeberg.org/statskal/1931/0600.html
1931,Lunds,Har jagers,"Södervidinge, Annelöv, Norrvidinge o. Dagstorp",Annelöv,FALSE,Malm. 1.,600,https://runeberg.org/statskal/1931/0600.html
1931,Lunds,Har jagers,"Södervidinge, Annelöv, Norrvidinge o. Dagstorp",Norrvidinge,FALSE,Malm. 1.,600,https://runeberg.org/statskal/1931/0600.html
1931,Lunds,Har jagers,"Södervidinge, Annelöv, Norrvidinge o. Dagstorp",Dagstorp,FALSE,Malm. 1.,600,https://runeberg.org/statskal/1931/0600.html
1931,Lunds,JRönnebergs,Landskrona,Landskrona,TRUE,Malm. 1.,600,https://runeberg.org/statskal/1931/0600.html
1931,Lunds,JRönnebergs,Asmundtorp o. Tofta,Asmundtorp,TRUE,Malm. 1.,600,https://runeberg.org/statskal/1931/0600.html
1931,Lunds,JRönnebergs,Asmundtorp o. Tofta,Tofta,FALSE,Malm. 1.,600,https://runeberg.org/statskal/1931/0600.html
1931,Lunds,JRönnebergs,Vadensjö o. örja,Vadensjö,TRUE,Malm. 1.,600,https://runeberg.org/statskal/1931/0600.html
1931,Lunds,JRönnebergs,Vadensjö o. örja,örja,FALSE,Malm. 1.,600,https://runeberg.org/statskal/1931/0600.html
1931,Lunds,JRönnebergs,Herslöv o. Säby,Herslöv,TRUE,Malm. 1.,600,https://runeberg.org/statskal/1931/0600.html
1931,Lunds,JRönnebergs,Herslöv o. Säby,Säby,FALSE,Malm. 1.,600,https://runeberg.org/statskal/1931/0600.html
1931,Lunds,JRönnebergs,Billeberga o. Tirup,Billeberga,TRUE,Malm. 1.,600,https://runeberg.org/statskal/1931/0600.html
1931,Lunds,JRönnebergs,Billeberga o. Tirup,Tirup,FALSE,Malm. 1.,600,https://runeberg.org/statskal/1931/0600.html
1931,Lunds,JRönnebergs,"Svalöv, Kells-Nöbbelöv o. Pelestad",Svalöv,TRUE,Malm. 1.,600,https://runeberg.org/statskal/1931/0600.html
1931,Lunds,JRönnebergs,"Svalöv, Kells-Nöbbelöv o. Pelestad",Kells-Nöbbelöv,FALSE,Malm. 1.,600,https://runeberg.org/statskal/1931/0600.html
1931,Lunds,JRönnebergs,"Svalöv, Kells-Nöbbelöv o. Pelestad",Pelestad,FALSE,Malm. 1.,600,https://runeberg.org/statskal/1931/0600.html
1931,Lunds,JRönnebergs,Kvistofta o. Glumslöv,Kvistofta,TRUE,Malm. 1.,600,https://runeberg.org/statskal/1931/0600.html
1931,Lunds,JRönnebergs,Kvistofta o. Glumslöv,Glumslöv,FALSE,Malm. 1.,600,https://runeberg.org/statskal/1931/0600.html
1931,Lunds,JRönnebergs,S:t Ibb ,S:t Ibb,TRUE,Malm. 1.,600,https://runeberg.org/statskal/1931/0600.html
1931,Lunds,Luggude norra,Allerum o. Fleninge,Allerum,TRUE,Malm. 1.,600,https://runeberg.org/statskal/1931/0600.html
1931,Lunds,Luggude norra,Allerum o. Fleninge,Fleninge,FALSE,Malm. 1.,600,https://runeberg.org/statskal/1931/0600.html
1931,Lunds,Luggude norra,Väsby o. Viken,Väsby,TRUE,Malm. 1.,600,https://runeberg.org/statskal/1931/0600.html
1931,Lunds,Luggude norra,Väsby o. Viken,Viken,FALSE,Malm. 1.,600,https://runeberg.org/statskal/1931/0600.html
1931,Lunds,Luggude norra,Höganäs,Höganäs,TRUE,Malm. 1.,600,https://runeberg.org/statskal/1931/0600.html
1931,Lunds,Luggude norra,Brunnby,Brunnby,TRUE,Malm. 1.,600,https://runeberg.org/statskal/1931/0600.html
1931,Lunds,Luggude norra,Farhult o. Jonstorp,Farhult,TRUE,Malm. 1.,600,https://runeberg.org/statskal/1931/0600.html
1931,Lunds,Luggude norra,Farhult o. Jonstorp,Jonstorp,FALSE,Malm. 1.,600,https://runeberg.org/statskal/1931/0600.html
1931,Lunds,Luggude norra,Välinge o. Kattarp,Välinge,TRUE,Malm. 1.,600,https://runeberg.org/statskal/1931/0600.html
1931,Lunds,Luggude norra,Välinge o. Kattarp,Kattarp,FALSE,Malm. 1.,600,https://runeberg.org/statskal/1931/0600.html
1931,Lunds,Luggude norra,Kropp o. Mörarp,Kropp,TRUE,Malm. 1.,600,https://runeberg.org/statskal/1931/0600.html
1931,Lunds,Luggude norra,Kropp o. Mörarp,Mörarp,FALSE,Malm. 1.,600,https://runeberg.org/statskal/1931/0600.html
1931,Lunds,Luggude norra,Norra Vram o. Bjuv,Norra Vram,TRUE,Malm. 1.,600,https://runeberg.org/statskal/1931/0600.html
1931,Lunds,Luggude norra,Norra Vram o. Bjuv,Bjuv,FALSE,Malm. 1.,600,https://runeberg.org/statskal/1931/0600.html
1931,Lunds,Luggude södra,"Bårslöv, Fjärestad, Frillestad o. Välluv",Bårslöv,TRUE,Krist. o. Malm. 1.,601,https://runeberg.org/statskal/1931/0601.html
1931,Lunds,Luggude södra,"Bårslöv, Fjärestad, Frillestad o. Välluv",Fjärestad,FALSE,Krist. o. Malm. 1.,601,https://runeberg.org/statskal/1931/0601.html
1931,Lunds,Luggude södra,"Bårslöv, Fjärestad, Frillestad o. Välluv",Frillestad,FALSE,Krist. o. Malm. 1.,601,https://runeberg.org/statskal/1931/0601.html
1931,Lunds,Luggude södra,"Bårslöv, Fjärestad, Frillestad o. Välluv",Välluv,FALSE,Krist. o. Malm. 1.,601,https://runeberg.org/statskal/1931/0601.html
1931,Lunds,Albo och Järrestads,Ravlunda o. Brösarp,Ravlunda,TRUE,Krist. 1.,601,https://runeberg.org/statskal/1931/0601.html
1931,Lunds,Albo och Järrestads,Ravlunda o. Brösarp,Brösarp,FALSE,Krist. 1.,601,https://runeberg.org/statskal/1931/0601.html
1931,Lunds,Albo och Järrestads,Andrarum o. Eljaröd,Andrarum,TRUE,Krist. 1.,601,https://runeberg.org/statskal/1931/0601.html
1931,Lunds,Albo och Järrestads,Andrarum o. Eljaröd,Eljaröd,FALSE,Krist. 1.,601,https://runeberg.org/statskal/1931/0601.html
1931,Lunds,Albo och Järrestads,Södra Mellby o. Vitaby,Södra Mellby,TRUE,Krist. 1.,601,https://runeberg.org/statskal/1931/0601.html
1931,Lunds,Albo och Järrestads,Södra Mellby o. Vitaby,Vitaby,FALSE,Krist. 1.,601,https://runeberg.org/statskal/1931/0601.html
1931,Lunds,Albo och Järrestads,Stiby o. östra Vemmerlöv,Stiby,TRUE,Krist. 1.,601,https://runeberg.org/statskal/1931/0601.html
1931,Lunds,Albo och Järrestads,Stiby o. östra Vemmerlöv,östra Vemmerlöv,FALSE,Krist. 1.,601,https://runeberg.org/statskal/1931/0601.html
1931,Lunds,Albo och Järrestads,Simrishamn o. Järrestad,Simrishamn,TRUE,Krist. 1.,601,https://runeberg.org/statskal/1931/0601.html
1931,Lunds,Albo och Järrestads,Simrishamn o. Järrestad,Järrestad,FALSE,Krist. 1.,601,https://runeberg.org/statskal/1931/0601.html
1931,Lunds,Albo och Järrestads,Gladsax o. östra Tommarp,Gladsax,TRUE,Krist. 1.,601,https://runeberg.org/statskal/1931/0601.html
1931,Lunds,Albo och Järrestads,Gladsax o. östra Tommarp,östra Tommarp,FALSE,Krist. 1.,601,https://runeberg.org/statskal/1931/0601.html
1931,Lunds,Albo och Järrestads,Simris o. östra Nöbbelöv,Simris,TRUE,Krist. 1.,601,https://runeberg.org/statskal/1931/0601.html
1931,Lunds,Albo och Järrestads,Simris o. östra Nöbbelöv,östra Nöbbelöv,FALSE,Krist. 1.,601,https://runeberg.org/statskal/1931/0601.html
1931,Lunds,Albo och Järrestads,S:t Olof o. Rörum,S:t Olof,TRUE,Krist. 1.,601,https://runeberg.org/statskal/1931/0601.html
1931,Lunds,Albo och Järrestads,S:t Olof o. Rörum,Rörum,FALSE,Krist. 1.,601,https://runeberg.org/statskal/1931/0601.html
1931,Lunds,Albo och Järrestads,Borrby,Borrby,TRUE,Krist. 1.,601,https://runeberg.org/statskal/1931/0601.html
1931,Lunds,Södra Åsbo,Björnekulla o. Västra Broby,Björnekulla,TRUE,Krist. 1.,602,https://runeberg.org/statskal/1931/0602.html
1931,Lunds,Södra Åsbo,Björnekulla o. Västra Broby,Västra Broby,FALSE,Krist. 1.,602,https://runeberg.org/statskal/1931/0602.html
1931,Lunds,Södra Åsbo,Kvidinge o. Västra Sönnarslöv,Kvidinge,TRUE,Krist. 1.,602,https://runeberg.org/statskal/1931/0602.html
1931,Lunds,Södra Åsbo,Kvidinge o. Västra Sönnarslöv,Västra Sönnarslöv,FALSE,Krist. 1.,602,https://runeberg.org/statskal/1931/0602.html
1931,Lunds,Södra Åsbo,Höja o. Starby,Höja,TRUE,Krist. 1.,602,https://runeberg.org/statskal/1931/0602.html
1931,Lunds,Södra Åsbo,Höja o. Starby,Starby,FALSE,Krist. 1.,602,https://runeberg.org/statskal/1931/0602.html
1931,Lunds,Södra Åsbo,Ausås,Ausås,TRUE,Krist. 1.,602,https://runeberg.org/statskal/1931/0602.html
1931,Lunds,Södra Åsbo,Strövelstorp,Strövelstorp,TRUE,Krist. 1.,602,https://runeberg.org/statskal/1931/0602.html
1931,Lunds,Norra Åsbo,Gråmanstorp o. Vedby,Gråmanstorp,TRUE,Krist. 1.,602,https://runeberg.org/statskal/1931/0602.html
1931,Lunds,Norra Åsbo,Gråmanstorp o. Vedby,Vedby,FALSE,Krist. 1.,602,https://runeberg.org/statskal/1931/0602.html
1931,Lunds,Norra Åsbo,Riseberga o. Päringtofta,Riseberga,TRUE,Krist. 1.,602,https://runeberg.org/statskal/1931/0602.html
1931,Lunds,Norra Åsbo,Riseberga o. Päringtofta,Päringtofta,FALSE,Krist. 1.,602,https://runeberg.org/statskal/1931/0602.html
1931,Lunds,Norra Åsbo,Oderljunga o. Perstorp,Oderljunga,TRUE,Krist. 1.,602,https://runeberg.org/statskal/1931/0602.html
1931,Lunds,Norra Åsbo,Oderljunga o. Perstorp,Perstorp,FALSE,Krist. 1.,602,https://runeberg.org/statskal/1931/0602.html
1931,Lunds,Norra Åsbo,Össjö o. Tosjö,Össjö,TRUE,Krist. 1.,602,https://runeberg.org/statskal/1931/0602.html
1931,Lunds,Norra Åsbo,Össjö o. Tosjö,Tosjö,FALSE,Krist. 1.,602,https://runeberg.org/statskal/1931/0602.html
1931,Lunds,Norra Åsbo,Munka-Ljungby o. Ängelholm,Munka-Ljungby,TRUE,Krist. 1.,602,https://runeberg.org/statskal/1931/0602.html
1931,Lunds,Norra Åsbo,Munka-Ljungby o. Ängelholm,Ängelholm,FALSE,Krist. 1.,602,https://runeberg.org/statskal/1931/0602.html
1931,Lunds,Bjäre,Västra Karup o. Torekov,Västra Karup,TRUE,Krist. 1.,602,https://runeberg.org/statskal/1931/0602.html
1931,Lunds,Bjäre,Västra Karup o. Torekov,Torekov,FALSE,Krist. 1.,602,https://runeberg.org/statskal/1931/0602.html
1931,Lunds,Bjäre,Förslöv o. Grevie,Förslöv,TRUE,Krist. 1.,602,https://runeberg.org/statskal/1931/0602.html
1931,Lunds,Bjäre,Förslöv o. Grevie,Grevie,FALSE,Krist. 1.,602,https://runeberg.org/statskal/1931/0602.html
1931,Lunds,Bjäre,Barkåkra o. Rebbelberga,Barkåkra,TRUE,Krist. 1.,602,https://runeberg.org/statskal/1931/0602.html
1931,Lunds,Bjäre,Barkåkra o. Rebbelberga,Rebbelberga,FALSE,Krist. 1.,602,https://runeberg.org/statskal/1931/0602.html
1931,Lunds,Bjäre,Hjärnarp o. Tostarp,Hjärnarp,TRUE,Krist. 1.,602,https://runeberg.org/statskal/1931/0602.html
1931,Lunds,Bjäre,Hjärnarp o. Tostarp,Tostarp,FALSE,Krist. 1.,602,https://runeberg.org/statskal/1931/0602.html
1931,Lunds,Bjäre,Båstad o. Hov,Båstad,TRUE,Krist. 1.,602,https://runeberg.org/statskal/1931/0602.html
1931,Lunds,Bjäre,Båstad o. Hov,Hov,FALSE,Krist. 1.,602,https://runeberg.org/statskal/1931/0602.html
1931,Lunds,Västra Göinge,Vinslöv o. Nävlinge,Vinslöv,TRUE,Krist. 1.,602,https://runeberg.org/statskal/1931/0602.html
1931,Lunds,Västra Göinge,Vinslöv o. Nävlinge,Nävlinge,FALSE,Krist. 1.,602,https://runeberg.org/statskal/1931/0602.html
1931,Lunds,Västra Göinge,Norra Mellby o. Tjörnarp,Norra Mellby,TRUE,Krist. 1.,602,https://runeberg.org/statskal/1931/0602.html
1931,Lunds,Västra Göinge,Norra Mellby o. Tjörnarp,Tjörnarp,FALSE,Krist. 1.,602,https://runeberg.org/statskal/1931/0602.html
1931,Lunds,Västra Göinge,Brönnestad o. Matteröd,Brönnestad,TRUE,Krist. 1.,602,https://runeberg.org/statskal/1931/0602.html
1931,Lunds,Västra Göinge,Brönnestad o. Matteröd,Matteröd,FALSE,Krist. 1.,602,https://runeberg.org/statskal/1931/0602.html
1931,Lunds,Västra Göinge,Finja o. Hörja,Finja,TRUE,Krist. 1.,602,https://runeberg.org/statskal/1931/0602.html
1931,Lunds,Västra Göinge,Finja o. Hörja,Hörja,FALSE,Krist. 1.,602,https://runeberg.org/statskal/1931/0602.html
1931,Lunds,Västra Göinge,Röke o. Västra Torup,Röke,TRUE,Krist. 1.,603,https://runeberg.org/statskal/1931/0603.html
1931,Lunds,Västra Göinge,Röke o. Västra Torup,Västra Torup,FALSE,Krist. 1.,603,https://runeberg.org/statskal/1931/0603.html
1931,Lunds,Västra Göinge,Vankiva o. Ignaberga,Vankiva,TRUE,Krist. 1.,603,https://runeberg.org/statskal/1931/0603.html
1931,Lunds,Västra Göinge,Vankiva o. Ignaberga,Ignaberga,FALSE,Krist. 1.,603,https://runeberg.org/statskal/1931/0603.html
1931,Lunds,Västra Göinge,Norra Åkarp o. Vittsjö,Norra Åkarp,TRUE,Krist. 1.,603,https://runeberg.org/statskal/1931/0603.html
1931,Lunds,Västra Göinge,Norra Åkarp o. Vittsjö,Vittsjö,FALSE,Krist. 1.,603,https://runeberg.org/statskal/1931/0603.html
1931,Lunds,Västra Göinge,Visseltofta o. Verum,Visseltofta,TRUE,Krist. 1.,603,https://runeberg.org/statskal/1931/0603.html
1931,Lunds,Västra Göinge,Visseltofta o. Verum,Verum,FALSE,Krist. 1.,603,https://runeberg.org/statskal/1931/0603.html
1931,Lunds,Västra Göinge,"Stoby, Norra Sandby o. Hässleholm",Stoby,TRUE,Krist. 1.,603,https://runeberg.org/statskal/1931/0603.html
1931,Lunds,Västra Göinge,"Stoby, Norra Sandby o. Hässleholm",Norra Sandby,FALSE,Krist. 1.,603,https://runeberg.org/statskal/1931/0603.html
1931,Lunds,Västra Göinge,"Stoby, Norra Sandby o. Hässleholm",Hässleholm,FALSE,Krist. 1.,603,https://runeberg.org/statskal/1931/0603.html
1931,Lunds,Västra Göinge,Sorby o. Gumlösa,Sorby,TRUE,Krist. 1.,603,https://runeberg.org/statskal/1931/0603.html
1931,Lunds,Västra Göinge,Sorby o. Gumlösa,Gumlösa,FALSE,Krist. 1.,603,https://runeberg.org/statskal/1931/0603.html
1931,Lunds,Östra Göinge,Hästveda o. Parstorp,Hästveda,TRUE,Krist. 1.,603,https://runeberg.org/statskal/1931/0603.html
1931,Lunds,Östra Göinge,Hästveda o. Parstorp,Parstorp,FALSE,Krist. 1.,603,https://runeberg.org/statskal/1931/0603.html
1931,Lunds,Östra Göinge,Östra Broby o. Emislöv,Östra Broby,TRUE,Krist. 1.,603,https://runeberg.org/statskal/1931/0603.html
1931,Lunds,Östra Göinge,Östra Broby o. Emislöv,Emislöv,FALSE,Krist. 1.,603,https://runeberg.org/statskal/1931/0603.html
1931,Lunds,Östra Göinge,Glimåkra,Glimåkra,TRUE,Krist. 1.,603,https://runeberg.org/statskal/1931/0603.html
1931,Lunds,Östra Göinge,Osby,Osby,TRUE,Krist. 1.,603,https://runeberg.org/statskal/1931/0603.html
1931,Lunds,Östra Göinge,Loshult,Loshult,TRUE,Krist. 1.,603,https://runeberg.org/statskal/1931/0603.html
1931,Lunds,Östra Göinge,Hj är sås o. Knisslinge,Hj är sås,TRUE,Krist. 1.,603,https://runeberg.org/statskal/1931/0603.html
1931,Lunds,Östra Göinge,Hj är sås o. Knisslinge,Knisslinge,FALSE,Krist. 1.,603,https://runeberg.org/statskal/1931/0603.html
1931,Lunds,Östra Göinge,Kviinge o. Gryt,Kviinge,TRUE,Krist. 1.,603,https://runeberg.org/statskal/1931/0603.html
1931,Lunds,Östra Göinge,Kviinge o. Gryt,Gryt,FALSE,Krist. 1.,603,https://runeberg.org/statskal/1931/0603.html
1931,Lunds,Östra Göinge,Färlöv o. Norra Strö,Färlöv,TRUE,Krist. 1.,603,https://runeberg.org/statskal/1931/0603.html
1931,Lunds,Östra Göinge,Färlöv o. Norra Strö,Norra Strö,FALSE,Krist. 1.,603,https://runeberg.org/statskal/1931/0603.html
1931,Lunds,V ill ands,Kristianstad,Kristianstad,TRUE,Krist. 1.,603,https://runeberg.org/statskal/1931/0603.html
1931,Lunds,V ill ands,Ivetofta,Ivetofta,TRUE,Krist. 1.,603,https://runeberg.org/statskal/1931/0603.html
1931,Lunds,V ill ands,Trolle-Ljungby o. Gualöv,Trolle-Ljungby,TRUE,Krist. 1.,603,https://runeberg.org/statskal/1931/0603.html
1931,Lunds,V ill ands,Trolle-Ljungby o. Gualöv,Gualöv,FALSE,Krist. 1.,603,https://runeberg.org/statskal/1931/0603.html
1931,Lunds,V ill ands,Åhus,Åhus,TRUE,Krist. 1.,603,https://runeberg.org/statskal/1931/0603.html
1931,Lunds,V ill ands,Gustav Adolf o. Rinkaby,Gustav Adolf,TRUE,Krist. 1.,603,https://runeberg.org/statskal/1931/0603.html
1931,Lunds,V ill ands,Gustav Adolf o. Rinkaby,Rinkaby,FALSE,Krist. 1.,603,https://runeberg.org/statskal/1931/0603.html
1931,Lunds,V ill ands,Nosaby,Nosaby,TRUE,Krist. 1.,603,https://runeberg.org/statskal/1931/0603.html
1931,Lunds,V ill ands,Oppmanna o. Vånga,Oppmanna,TRUE,Krist. 1.,603,https://runeberg.org/statskal/1931/0603.html
1931,Lunds,V ill ands,Oppmanna o. Vånga,Vånga,FALSE,Krist. 1.,603,https://runeberg.org/statskal/1931/0603.html
1931,Lunds,V ill ands,Fjälkinge o. Nymö,Fjälkinge,TRUE,Krist. 1.,603,https://runeberg.org/statskal/1931/0603.html
1931,Lunds,V ill ands,Fjälkinge o. Nymö,Nymö,FALSE,Krist. 1.,603,https://runeberg.org/statskal/1931/0603.html
1931,Lunds,V ill ands,Fjälkestad,Fjälkestad,TRUE,Krist. 1.,603,https://runeberg.org/statskal/1931/0603.html
1931,Lunds,V ill ands,Österslöv,Österslöv,TRUE,Krist. 1.,603,https://runeberg.org/statskal/1931/0603.html
1931,Lunds,V ill ands,Ivö o. Kiaby,Ivö,TRUE,Krist. 1.,603,https://runeberg.org/statskal/1931/0603.html
1931,Lunds,V ill ands,Ivö o. Kiaby,Kiaby,FALSE,Krist. 1.,603,https://runeberg.org/statskal/1931/0603.html
1931,Lunds,V ill ands,Näsum,Näsum,TRUE,Krist. 1.,603,https://runeberg.org/statskal/1931/0603.html
1931,Lunds,Östra,Karlskrona amiralitetsförsamling,Karlskrona amiralitetsförsamling,TRUE,Blek. 1.,604,https://runeberg.org/statskal/1931/0604.html
1931,Lunds,Östra,Karlskrona stadsförsamling,Karlskrona stadsförsamling,TRUE,Blek. 1.,604,https://runeberg.org/statskal/1931/0604.html
1931,Lunds,Östra,Ramdala o. Jämjö,Ramdala,TRUE,Blek. 1.,604,https://runeberg.org/statskal/1931/0604.html
1931,Lunds,Östra,Ramdala o. Jämjö,Jämjö,FALSE,Blek. 1.,604,https://runeberg.org/statskal/1931/0604.html
1931,Lunds,Östra,"Lösen, Augerum o. Plymens kapell",Lösen,TRUE,Blek. 1.,604,https://runeberg.org/statskal/1931/0604.html
1931,Lunds,Östra,"Lösen, Augerum o. Plymens kapell",Augerum,FALSE,Blek. 1.,604,https://runeberg.org/statskal/1931/0604.html
1931,Lunds,Östra,"Lösen, Augerum o. Plymens kapell",Plymens kapell,FALSE,Blek. 1.,604,https://runeberg.org/statskal/1931/0604.html
1931,Lunds,Östra,Torhamn,Torhamn,TRUE,Blek. 1.,604,https://runeberg.org/statskal/1931/0604.html
1931,Lunds,Östra,Sturkö o. Tjurkö,Sturkö,TRUE,Blek. 1.,604,https://runeberg.org/statskal/1931/0604.html
1931,Lunds,Östra,Sturkö o. Tjurkö,Tjurkö,FALSE,Blek. 1.,604,https://runeberg.org/statskal/1931/0604.html
1931,Lunds,Medelstads,Ronneby,Ronneby,TRUE,Blek. 1.,604,https://runeberg.org/statskal/1931/0604.html
1931,Lunds,Medelstads,Backaryd,Backaryd,TRUE,Blek. 1.,604,https://runeberg.org/statskal/1931/0604.html
1931,Lunds,Medelstads,Hjortsberga o. Edestad,Hjortsberga,TRUE,Blek. 1.,604,https://runeberg.org/statskal/1931/0604.html
1931,Lunds,Medelstads,Hjortsberga o. Edestad,Edestad,FALSE,Blek. 1.,604,https://runeberg.org/statskal/1931/0604.html
1931,Lunds,Medelstads,Tving,Tving,TRUE,Blek. 1.,604,https://runeberg.org/statskal/1931/0604.html
1931,Lunds,Medelstads,Eringsboda,Eringsboda,TRUE,Blek. 1.,604,https://runeberg.org/statskal/1931/0604.html
1931,Lunds,Medelstads,"Nättraby, Aspö o. Hasslö",Nättraby,TRUE,Blek. 1.,604,https://runeberg.org/statskal/1931/0604.html
1931,Lunds,Medelstads,"Nättraby, Aspö o. Hasslö",Aspö,FALSE,Blek. 1.,604,https://runeberg.org/statskal/1931/0604.html
1931,Lunds,Medelstads,"Nättraby, Aspö o. Hasslö",Hasslö,FALSE,Blek. 1.,604,https://runeberg.org/statskal/1931/0604.html
1931,Lunds,Medelstads,Listerby o. Förkärla,Listerby,TRUE,Blek. 1.,604,https://runeberg.org/statskal/1931/0604.html
1931,Lunds,Medelstads,Listerby o. Förkärla,Förkärla,FALSE,Blek. 1.,604,https://runeberg.org/statskal/1931/0604.html
1931,Lunds,Medelstads,Fridlevstad o. Sillhövda,Fridlevstad,TRUE,Blek. 1.,604,https://runeberg.org/statskal/1931/0604.html
1931,Lunds,Medelstads,Fridlevstad o. Sillhövda,Sillhövda,FALSE,Blek. 1.,604,https://runeberg.org/statskal/1931/0604.html
1931,Lunds,Medelstads,Rödeby,Rödeby,TRUE,Blek. 1.,604,https://runeberg.org/statskal/1931/0604.html
1931,Lunds,Listers och Bräkne,Karlshamn,Karlshamn,TRUE,Blek. 1.,604,https://runeberg.org/statskal/1931/0604.html
1931,Lunds,Listers och Bräkne,Asarum o. Ringamåla,Asarum,TRUE,Blek. 1.,605,https://runeberg.org/statskal/1931/0605.html
1931,Lunds,Listers och Bräkne,Asarum o. Ringamåla,Ringamåla,FALSE,Blek. 1.,605,https://runeberg.org/statskal/1931/0605.html
1931,Lunds,Listers och Bräkne,Hällaryd o. Åryd,Hällaryd,TRUE,Blek. 1.,605,https://runeberg.org/statskal/1931/0605.html
1931,Lunds,Listers och Bräkne,Hällaryd o. Åryd,Åryd,FALSE,Blek. 1.,605,https://runeberg.org/statskal/1931/0605.html
1931,Lunds,Listers och Bräkne,Bräkne-Hoby o. Öljehult,Bräkne-Hoby,TRUE,Blek. 1.,605,https://runeberg.org/statskal/1931/0605.html
1931,Lunds,Listers och Bräkne,Bräkne-Hoby o. Öljehult,Öljehult,FALSE,Blek. 1.,605,https://runeberg.org/statskal/1931/0605.html
1931,Lunds,Listers och Bräkne,Mörrum o. Elleholm,Mörrum,TRUE,Blek. 1.,605,https://runeberg.org/statskal/1931/0605.html
1931,Lunds,Listers och Bräkne,Mörrum o. Elleholm,Elleholm,FALSE,Blek. 1.,605,https://runeberg.org/statskal/1931/0605.html
1931,Lunds,Listers och Bräkne,Mjällby,Mjällby,TRUE,Blek. 1.,605,https://runeberg.org/statskal/1931/0605.html
1931,Lunds,Listers och Bräkne,Gammalstorp o. Ysane,Gammalstorp,TRUE,Blek. 1.,605,https://runeberg.org/statskal/1931/0605.html
1931,Lunds,Listers och Bräkne,Gammalstorp o. Ysane,Ysane,FALSE,Blek. 1.,605,https://runeberg.org/statskal/1931/0605.html
1931,Lunds,Listers och Bräkne,Jämshög,Jämshög,TRUE,Blek. 1.,605,https://runeberg.org/statskal/1931/0605.html
1931,Lunds,Listers och Bräkne,Kyrkhult,Kyrkhult,TRUE,Blek. 1.,605,https://runeberg.org/statskal/1931/0605.html
1931,Lunds,Listers och Bräkne,"Sölvesborgs stadsförsamling, Sölvesborgs landsförsamling",Sölvesborgs stadsförsamling,TRUE,Blek. 1.,605,https://runeberg.org/statskal/1931/0605.html
1931,Lunds,Listers och Bräkne,"Sölvesborgs stadsförsamling, Sölvesborgs landsförsamling",Sölvesborgs landsförsamling,FALSE,Blek. 1.,605,https://runeberg.org/statskal/1931/0605.html
1931,Göteborgs,Domprosteriets södra,Göteborgs Gustavi eller domkyrkoförsamling,Göteborgs Gustavi eller domkyrkoförsamling,TRUE,Göteb. o. B. 1.,605,https://runeberg.org/statskal/1931/0605.html
1931,Göteborgs,Domprosteriets södra,Göteborgs Kristine församling,Göteborgs Kristine församling,TRUE,Göteb. o. B. 1.,605,https://runeberg.org/statskal/1931/0605.html
1931,Göteborgs,Domprosteriets södra,Göteborgs Tyska församling,Göteborgs Tyska församling,TRUE,Göteb. o. B. 1.,605,https://runeberg.org/statskal/1931/0605.html
1931,Göteborgs,Domprosteriets södra,Göteborgs Gamlestads församling,Göteborgs Gamlestads församling,TRUE,Göteb. o. B. 1.,605,https://runeberg.org/statskal/1931/0605.html
1931,Göteborgs,Domprosteriets södra,Göteborgs Vasa församling,Göteborgs Vasa församling,TRUE,Göteb. o. B. 1.,605,https://runeberg.org/statskal/1931/0605.html
1931,Göteborgs,Domprosteriets södra,Göteborgs Johannebergs församling,Göteborgs Johannebergs församling,TRUE,Göteb. o. B. 1.,605,https://runeberg.org/statskal/1931/0605.html
1931,Göteborgs,Domprosteriets södra,Göteborgs Haga församling,Göteborgs Haga församling,TRUE,Göteb. o. B. 1.,605,https://runeberg.org/statskal/1931/0605.html
1931,Göteborgs,Domprosteriets södra,Göteborgs Annedals församling,Göteborgs Annedals församling,TRUE,Göteb. o. B. 1.,606,https://runeberg.org/statskal/1931/0606.html
1931,Göteborgs,Domprosteriets södra,Göteborgs Masthuggs församling,Göteborgs Masthuggs församling,TRUE,Göteb. o. B. 1.,606,https://runeberg.org/statskal/1931/0606.html
1931,Göteborgs,Domprosteriets södra,Göteborgs Oscar Fredriks församling,Göteborgs Oscar Fredriks församling,TRUE,Göteb. o. B. 1.,606,https://runeberg.org/statskal/1931/0606.html
1931,Göteborgs,Domprosteriets södra,Göteborgs Karl Johans församling,Göteborgs Karl Johans församling,TRUE,Göteb. o. B. 1.,606,https://runeberg.org/statskal/1931/0606.html
1931,Göteborgs,Domprosteriets södra,Lundby,Lundby,TRUE,Göteb. o. B. 1.,606,https://runeberg.org/statskal/1931/0606.html
1931,Göteborgs,Domprosteriets södra,Landvetter o. Härryda,Landvetter,TRUE,Göteb. o. B. 1.,606,https://runeberg.org/statskal/1931/0606.html
1931,Göteborgs,Domprosteriets södra,Landvetter o. Härryda,Härryda,FALSE,Göteb. o. B. 1.,606,https://runeberg.org/statskal/1931/0606.html
1931,Göteborgs,Domprosteriets södra,Partille,Partille,TRUE,Göteb. o. B. 1.,606,https://runeberg.org/statskal/1931/0606.html
1931,Göteborgs,Domprosteriets södra,"Mölndal, Kållered o. Råda",Mölndal,TRUE,Göteb. o. B. 1.,606,https://runeberg.org/statskal/1931/0606.html
1931,Göteborgs,Domprosteriets södra,"Mölndal, Kållered o. Råda",Kållered,FALSE,Göteb. o. B. 1.,606,https://runeberg.org/statskal/1931/0606.html
1931,Göteborgs,Domprosteriets södra,"Mölndal, Kållered o. Råda",Råda,FALSE,Göteb. o. B. 1.,606,https://runeberg.org/statskal/1931/0606.html
1931,Göteborgs,Domprosteriets södra,Västra Frölunda o. Askim,Västra Frölunda,TRUE,Göteb. o. B. 1.,606,https://runeberg.org/statskal/1931/0606.html
1931,Göteborgs,Domprosteriets södra,Västra Frölunda o. Askim,Askim,FALSE,Göteb. o. B. 1.,606,https://runeberg.org/statskal/1931/0606.html
1931,Göteborgs,Domprosteriets södra,Styrsö,Styrsö,TRUE,Göteb. o. B. 1.,606,https://runeberg.org/statskal/1931/0606.html
1931,Göteborgs,Ålvsyssels södra,Öckerö,Öckerö,TRUE,Göteb. o. B. 1.,606,https://runeberg.org/statskal/1931/0606.html
1931,Göteborgs,Ålvsyssels södra,"Säve, Björlanda o. Torslanda",Säve,TRUE,Göteb. o. B. 1.,606,https://runeberg.org/statskal/1931/0606.html
1931,Göteborgs,Ålvsyssels södra,"Säve, Björlanda o. Torslanda",Björlanda,FALSE,Göteb. o. B. 1.,606,https://runeberg.org/statskal/1931/0606.html
1931,Göteborgs,Ålvsyssels södra,"Säve, Björlanda o. Torslanda",Torslanda,FALSE,Göteb. o. B. 1.,606,https://runeberg.org/statskal/1931/0606.html
1931,Göteborgs,Ålvsyssels södra,Backa o. Tuve,Backa,TRUE,Göteb. o. B. 1.,606,https://runeberg.org/statskal/1931/0606.html
1931,Göteborgs,Ålvsyssels södra,Backa o. Tuve,Tuve,FALSE,Göteb. o. B. 1.,606,https://runeberg.org/statskal/1931/0606.html
1931,Göteborgs,Ålvsyssels södra,"Kungälv, Rödbo o. Ytterby",Kungälv,TRUE,Göteb. o. B. 1.,606,https://runeberg.org/statskal/1931/0606.html
1931,Göteborgs,Ålvsyssels södra,"Kungälv, Rödbo o. Ytterby",Rödbo,FALSE,Göteb. o. B. 1.,606,https://runeberg.org/statskal/1931/0606.html
1931,Göteborgs,Ålvsyssels södra,"Kungälv, Rödbo o. Ytterby",Ytterby,FALSE,Göteb. o. B. 1.,606,https://runeberg.org/statskal/1931/0606.html
1931,Göteborgs,Ålvsyssels södra,Kareby o. Romelanda,Kareby,TRUE,Göteb. o. B. 1.,606,https://runeberg.org/statskal/1931/0606.html
1931,Göteborgs,Ålvsyssels södra,Kareby o. Romelanda,Romelanda,FALSE,Göteb. o. B. 1.,606,https://runeberg.org/statskal/1931/0606.html
1931,Göteborgs,Ålvsyssels södra,"Torsby, Harestad o. Lycke",Torsby,TRUE,Göteb. o. B. 1.,606,https://runeberg.org/statskal/1931/0606.html
1931,Göteborgs,Ålvsyssels södra,"Torsby, Harestad o. Lycke",Harestad,FALSE,Göteb. o. B. 1.,606,https://runeberg.org/statskal/1931/0606.html
1931,Göteborgs,Ålvsyssels södra,"Torsby, Harestad o. Lycke",Lycke,FALSE,Göteb. o. B. 1.,606,https://runeberg.org/statskal/1931/0606.html
1931,Göteborgs,Ålvsyssels södra,Marstrand,Marstrand,TRUE,Göteb. o. B. 1.,606,https://runeberg.org/statskal/1931/0606.html
1931,Göteborgs,Ålvsyssels södra,"Solberga, Jörlanda o. Hålta",Solberga,TRUE,Göteb. o. B. 1.,606,https://runeberg.org/statskal/1931/0606.html
1931,Göteborgs,Ålvsyssels södra,"Solberga, Jörlanda o. Hålta",Jörlanda,FALSE,Göteb. o. B. 1.,606,https://runeberg.org/statskal/1931/0606.html
1931,Göteborgs,Ålvsyssels södra,"Solberga, Jörlanda o. Hålta",Hålta,FALSE,Göteb. o. B. 1.,606,https://runeberg.org/statskal/1931/0606.html
1931,Göteborgs,Ålvsyssels södra,Spekeröd o. Ucklum,Spekeröd,TRUE,Göteb. o. B. 1.,606,https://runeberg.org/statskal/1931/0606.html
1931,Göteborgs,Ålvsyssels södra,Spekeröd o. Ucklum,Ucklum,FALSE,Göteb. o. B. 1.,606,https://runeberg.org/statskal/1931/0606.html
1931,Göteborgs,Ålvsyssels södra,Hjärtum o. Västerlanda,Hjärtum,TRUE,Göteb. o. B. 1.,606,https://runeberg.org/statskal/1931/0606.html
1931,Göteborgs,Ålvsyssels södra,Hjärtum o. Västerlanda,Västerlanda,FALSE,Göteb. o. B. 1.,606,https://runeberg.org/statskal/1931/0606.html
1931,Göteborgs,Älvsyssels norra,Ödsmål o. Norum,Ödsmål,TRUE,Göteb. o. B. 1.,607,https://runeberg.org/statskal/1931/0607.html
1931,Göteborgs,Älvsyssels norra,Ödsmål o. Norum,Norum,FALSE,Göteb. o. B. 1.,607,https://runeberg.org/statskal/1931/0607.html
1931,Göteborgs,Älvsyssels norra,"Porshälla, Resteröd, Ljung o. Grinneröd",Porshälla,TRUE,Göteb. o. B. 1.,607,https://runeberg.org/statskal/1931/0607.html
1931,Göteborgs,Älvsyssels norra,"Porshälla, Resteröd, Ljung o. Grinneröd",Resteröd,FALSE,Göteb. o. B. 1.,607,https://runeberg.org/statskal/1931/0607.html
1931,Göteborgs,Älvsyssels norra,"Porshälla, Resteröd, Ljung o. Grinneröd",Ljung,FALSE,Göteb. o. B. 1.,607,https://runeberg.org/statskal/1931/0607.html
1931,Göteborgs,Älvsyssels norra,"Porshälla, Resteröd, Ljung o. Grinneröd",Grinneröd,FALSE,Göteb. o. B. 1.,607,https://runeberg.org/statskal/1931/0607.html
1931,Göteborgs,Älvsyssels norra,"Uddevalla, Bäve o. Lane-Ryr",Uddevalla,TRUE,Göteb. o. B. 1.,607,https://runeberg.org/statskal/1931/0607.html
1931,Göteborgs,Älvsyssels norra,"Uddevalla, Bäve o. Lane-Ryr",Bäve,FALSE,Göteb. o. B. 1.,607,https://runeberg.org/statskal/1931/0607.html
1931,Göteborgs,Älvsyssels norra,"Uddevalla, Bäve o. Lane-Ryr",Lane-Ryr,FALSE,Göteb. o. B. 1.,607,https://runeberg.org/statskal/1931/0607.html
1931,Göteborgs,Älvsyssels norra,"Skredsvik, Herrestad o. Högås",Skredsvik,TRUE,Göteb. o. B. 1.,607,https://runeberg.org/statskal/1931/0607.html
1931,Göteborgs,Älvsyssels norra,"Skredsvik, Herrestad o. Högås",Herrestad,FALSE,Göteb. o. B. 1.,607,https://runeberg.org/statskal/1931/0607.html
1931,Göteborgs,Älvsyssels norra,"Skredsvik, Herrestad o. Högås",Högås,FALSE,Göteb. o. B. 1.,607,https://runeberg.org/statskal/1931/0607.html
1931,Göteborgs,Älvsyssels norra,Bokenäs o. Dragsmark,Bokenäs,TRUE,Göteb. o. B. 1.,607,https://runeberg.org/statskal/1931/0607.html
1931,Göteborgs,Älvsyssels norra,Bokenäs o. Dragsmark,Dragsmark,FALSE,Göteb. o. B. 1.,607,https://runeberg.org/statskal/1931/0607.html
1931,Göteborgs,Orusts och Tjörns,"Stenkyrka, Klövedal o. Valla",Stenkyrka,TRUE,Göteb. o. B. 1.,607,https://runeberg.org/statskal/1931/0607.html
1931,Göteborgs,Orusts och Tjörns,"Stenkyrka, Klövedal o. Valla",Klövedal,FALSE,Göteb. o. B. 1.,607,https://runeberg.org/statskal/1931/0607.html
1931,Göteborgs,Orusts och Tjörns,"Stenkyrka, Klövedal o. Valla",Valla,FALSE,Göteb. o. B. 1.,607,https://runeberg.org/statskal/1931/0607.html
1931,Göteborgs,Orusts och Tjörns,Rönnäng o. Klädesholmen,Rönnäng,TRUE,Göteb. o. B. 1.,607,https://runeberg.org/statskal/1931/0607.html
1931,Göteborgs,Orusts och Tjörns,Rönnäng o. Klädesholmen,Klädesholmen,FALSE,Göteb. o. B. 1.,607,https://runeberg.org/statskal/1931/0607.html
1931,Göteborgs,Orusts och Tjörns,"Morlanda, Käringön, Mollösund o. Gullholmen",Morlanda,TRUE,Göteb. o. B. 1.,607,https://runeberg.org/statskal/1931/0607.html
1931,Göteborgs,Orusts och Tjörns,"Morlanda, Käringön, Mollösund o. Gullholmen",Käringön,FALSE,Göteb. o. B. 1.,607,https://runeberg.org/statskal/1931/0607.html
1931,Göteborgs,Orusts och Tjörns,"Morlanda, Käringön, Mollösund o. Gullholmen",Mollösund,FALSE,Göteb. o. B. 1.,607,https://runeberg.org/statskal/1931/0607.html
1931,Göteborgs,Orusts och Tjörns,"Morlanda, Käringön, Mollösund o. Gullholmen",Gullholmen,FALSE,Göteb. o. B. 1.,607,https://runeberg.org/statskal/1931/0607.html
1931,Göteborgs,Orusts och Tjörns,Skaftö,Skaftö,TRUE,Göteb. o. B. 1.,607,https://runeberg.org/statskal/1931/0607.html
1931,Göteborgs,Orusts och Tjörns,"Tegneby, Röra o. Stala",Tegneby,TRUE,Göteb. o. B. 1.,607,https://runeberg.org/statskal/1931/0607.html
1931,Göteborgs,Orusts och Tjörns,"Tegneby, Röra o. Stala",Röra,FALSE,Göteb. o. B. 1.,607,https://runeberg.org/statskal/1931/0607.html
1931,Göteborgs,Orusts och Tjörns,"Tegneby, Röra o. Stala",Stala,FALSE,Göteb. o. B. 1.,607,https://runeberg.org/statskal/1931/0607.html
1931,Göteborgs,Orusts och Tjörns,"Myckleby, Långelanda o. Torp",Myckleby,TRUE,Göteb. o. B. 1.,607,https://runeberg.org/statskal/1931/0607.html
1931,Göteborgs,Orusts och Tjörns,"Myckleby, Långelanda o. Torp",Långelanda,FALSE,Göteb. o. B. 1.,607,https://runeberg.org/statskal/1931/0607.html
1931,Göteborgs,Orusts och Tjörns,"Myckleby, Långelanda o. Torp",Torp,FALSE,Göteb. o. B. 1.,607,https://runeberg.org/statskal/1931/0607.html
1931,Göteborgs,Vikornas södra,Foss o. Håby,Foss,TRUE,Göteb. o. B. 1.,607,https://runeberg.org/statskal/1931/0607.html
1931,Göteborgs,Vikornas södra,Foss o. Håby,Håby,FALSE,Göteb. o. B. 1.,607,https://runeberg.org/statskal/1931/0607.html
1931,Göteborgs,Vikornas södra,Svarteborg,Svarteborg,TRUE,Göteb. o. B. 1.,607,https://runeberg.org/statskal/1931/0607.html
1931,Göteborgs,Vikornas södra,Bro o. Brastad,Bro,TRUE,Göteb. o. B. 1.,607,https://runeberg.org/statskal/1931/0607.html
1931,Göteborgs,Vikornas södra,Bro o. Brastad,Brastad,FALSE,Göteb. o. B. 1.,607,https://runeberg.org/statskal/1931/0607.html
1931,Göteborgs,Vikornas södra,Lyse,Lyse,TRUE,Göteb. o. B. 1.,607,https://runeberg.org/statskal/1931/0607.html
1931,Göteborgs,Vikornas södra,Lysekil,Lysekil,TRUE,Göteb. o. B. 1.,607,https://runeberg.org/statskal/1931/0607.html
1931,Göteborgs,Vikornas södra,"Tossene, Bärfendal o. Hunnebostrand",Tossene,TRUE,Göteb. o. B. 1.,607,https://runeberg.org/statskal/1931/0607.html
1931,Göteborgs,Vikornas södra,"Tossene, Bärfendal o. Hunnebostrand",Bärfendal,FALSE,Göteb. o. B. 1.,607,https://runeberg.org/statskal/1931/0607.html
1931,Göteborgs,Vikornas södra,"Tossene, Bärfendal o. Hunnebostrand",Hunnebostrand,FALSE,Göteb. o. B. 1.,607,https://runeberg.org/statskal/1931/0607.html
1931,Göteborgs,Vikornas södra,"Kungshamn, Smögen, Askum o. Malmön",Kungshamn,TRUE,Göteb. o. B. 1.,607,https://runeberg.org/statskal/1931/0607.html
1931,Göteborgs,Vikornas södra,"Kungshamn, Smögen, Askum o. Malmön",Smögen,FALSE,Göteb. o. B. 1.,607,https://runeberg.org/statskal/1931/0607.html
1931,Göteborgs,Vikornas södra,"Kungshamn, Smögen, Askum o. Malmön",Askum,FALSE,Göteb. o. B. 1.,607,https://runeberg.org/statskal/1931/0607.html
1931,Göteborgs,Vikornas södra,"Kungshamn, Smögen, Askum o. Malmön",Malmön,FALSE,Göteb. o. B. 1.,607,https://runeberg.org/statskal/1931/0607.html
1931,Göteborgs,Vikornas södra,"K ville, Bottna, Svenneby o. Fjällbacka",K ville,TRUE,Göteb. o. B. 1.,608,https://runeberg.org/statskal/1931/0608.html
1931,Göteborgs,Vikornas södra,"K ville, Bottna, Svenneby o. Fjällbacka",Bottna,FALSE,Göteb. o. B. 1.,608,https://runeberg.org/statskal/1931/0608.html
1931,Göteborgs,Vikornas södra,"K ville, Bottna, Svenneby o. Fjällbacka",Svenneby,FALSE,Göteb. o. B. 1.,608,https://runeberg.org/statskal/1931/0608.html
1931,Göteborgs,Vikornas södra,"K ville, Bottna, Svenneby o. Fjällbacka",Fjällbacka,FALSE,Göteb. o. B. 1.,608,https://runeberg.org/statskal/1931/0608.html
1931,Göteborgs,Vikornas södra,"Krokstad, Hede o. Sanne",Krokstad,TRUE,Göteb. o. B. 1.,608,https://runeberg.org/statskal/1931/0608.html
1931,Göteborgs,Vikornas södra,"Krokstad, Hede o. Sanne",Hede,FALSE,Göteb. o. B. 1.,608,https://runeberg.org/statskal/1931/0608.html
1931,Göteborgs,Vikornas södra,"Krokstad, Hede o. Sanne",Sanne,FALSE,Göteb. o. B. 1.,608,https://runeberg.org/statskal/1931/0608.html
1931,Göteborgs,Vikornas norra,Tanum o. Lur,Tanum,TRUE,Göteb. o. B. I.,608,https://runeberg.org/statskal/1931/0608.html
1931,Göteborgs,Vikornas norra,Tanum o. Lur,Lur,FALSE,Göteb. o. B. I.,608,https://runeberg.org/statskal/1931/0608.html
1931,Göteborgs,Vikornas norra,Skee o. Tjärnö,Skee,TRUE,Göteb. o. B. I.,608,https://runeberg.org/statskal/1931/0608.html
1931,Göteborgs,Vikornas norra,Skee o. Tjärnö,Tjärnö,FALSE,Göteb. o. B. I.,608,https://runeberg.org/statskal/1931/0608.html
1931,Göteborgs,Vikornas norra,Strömstad,Strömstad,TRUE,Göteb. o. B. I.,608,https://runeberg.org/statskal/1931/0608.html
1931,Göteborgs,Vikornas norra,"Näsinge, Högdal o. Lommeland",Näsinge,TRUE,Göteb. o. B. I.,608,https://runeberg.org/statskal/1931/0608.html
1931,Göteborgs,Vikornas norra,"Näsinge, Högdal o. Lommeland",Högdal,FALSE,Göteb. o. B. I.,608,https://runeberg.org/statskal/1931/0608.html
1931,Göteborgs,Vikornas norra,"Näsinge, Högdal o. Lommeland",Lommeland,FALSE,Göteb. o. B. I.,608,https://runeberg.org/statskal/1931/0608.html
1931,Göteborgs,Vikornas norra,Naverstad o. Mo,Naverstad,TRUE,Göteb. o. B. I.,608,https://runeberg.org/statskal/1931/0608.html
1931,Göteborgs,Vikornas norra,Naverstad o. Mo,Mo,FALSE,Göteb. o. B. I.,608,https://runeberg.org/statskal/1931/0608.html
1931,Göteborgs,Domprosteriets norra,Stora Lundby o. Skallsjö,Stora Lundby,TRUE,Älvsb. 1.,608,https://runeberg.org/statskal/1931/0608.html
1931,Göteborgs,Domprosteriets norra,Stora Lundby o. Skallsjö,Skallsjö,FALSE,Älvsb. 1.,608,https://runeberg.org/statskal/1931/0608.html
1931,Göteborgs,Domprosteriets norra,Lerum,Lerum,TRUE,Älvsb. 1.,608,https://runeberg.org/statskal/1931/0608.html
1931,Göteborgs,Domprosteriets norra,Angered o. Bergum,Angered,TRUE,Älvsb. 1.,608,https://runeberg.org/statskal/1931/0608.html
1931,Göteborgs,Domprosteriets norra,Angered o. Bergum,Bergum,FALSE,Älvsb. 1.,608,https://runeberg.org/statskal/1931/0608.html
1931,Göteborgs,Domprosteriets norra,"Starrkärr, Kilanda o. Nödinge",Starrkärr,TRUE,Älvsb. 1.,608,https://runeberg.org/statskal/1931/0608.html
1931,Göteborgs,Domprosteriets norra,"Starrkärr, Kilanda o. Nödinge",Kilanda,FALSE,Älvsb. 1.,608,https://runeberg.org/statskal/1931/0608.html
1931,Göteborgs,Domprosteriets norra,"Starrkärr, Kilanda o. Nödinge",Nödinge,FALSE,Älvsb. 1.,608,https://runeberg.org/statskal/1931/0608.html
1931,Göteborgs,Domprosteriets norra,Östad,Östad,TRUE,Älvsb. 1.,608,https://runeberg.org/statskal/1931/0608.html
1931,Göteborgs,Domprosteriets norra,"Skepplanda, S:t Peter o. Tunge",Skepplanda,TRUE,Älvsb. 1.,608,https://runeberg.org/statskal/1931/0608.html
1931,Göteborgs,Domprosteriets norra,"Skepplanda, S:t Peter o. Tunge",S:t Peter,FALSE,Älvsb. 1.,608,https://runeberg.org/statskal/1931/0608.html
1931,Göteborgs,Domprosteriets norra,"Skepplanda, S:t Peter o. Tunge",Tunge,FALSE,Älvsb. 1.,608,https://runeberg.org/statskal/1931/0608.html
1931,Göteborgs,Domprosteriets norra,Ale-Skövde o. Hålanda,Ale-Skövde,TRUE,Älvsb. 1.,608,https://runeberg.org/statskal/1931/0608.html
1931,Göteborgs,Domprosteriets norra,Ale-Skövde o. Hålanda,Hålanda,FALSE,Älvsb. 1.,608,https://runeberg.org/statskal/1931/0608.html
1931,Göteborgs,Domprosteriets norra,"Rommele, Fors, Upphärad o. Åsbräcka",Rommele,TRUE,Älvsb. 1.,608,https://runeberg.org/statskal/1931/0608.html
1931,Göteborgs,Domprosteriets norra,"Rommele, Fors, Upphärad o. Åsbräcka",Fors,FALSE,Älvsb. 1.,608,https://runeberg.org/statskal/1931/0608.html
1931,Göteborgs,Domprosteriets norra,"Rommele, Fors, Upphärad o. Åsbräcka",Upphärad,FALSE,Älvsb. 1.,608,https://runeberg.org/statskal/1931/0608.html
1931,Göteborgs,Domprosteriets norra,"Rommele, Fors, Upphärad o. Åsbräcka",Åsbräcka,FALSE,Älvsb. 1.,608,https://runeberg.org/statskal/1931/0608.html
1931,Göteborgs,Domprosteriets norra,Fuxerna,Fuxerna,TRUE,Älvsb. 1.,608,https://runeberg.org/statskal/1931/0608.html
1931,Göteborgs,Marks och Bollebygds,Sätila o. Hyssna,Sätila,TRUE,Älvsb. 1.,608,https://runeberg.org/statskal/1931/0608.html
1931,Göteborgs,Marks och Bollebygds,Sätila o. Hyssna,Hyssna,FALSE,Älvsb. 1.,608,https://runeberg.org/statskal/1931/0608.html
1931,Göteborgs,Marks och Bollebygds,"Seglora, Fritsla, Kinnarumma o. Skepphult",Seglora,TRUE,Älvsb. 1.,608,https://runeberg.org/statskal/1931/0608.html
1931,Göteborgs,Marks och Bollebygds,"Seglora, Fritsla, Kinnarumma o. Skepphult",Fritsla,FALSE,Älvsb. 1.,608,https://runeberg.org/statskal/1931/0608.html
1931,Göteborgs,Marks och Bollebygds,"Seglora, Fritsla, Kinnarumma o. Skepphult",Kinnarumma,FALSE,Älvsb. 1.,608,https://runeberg.org/statskal/1931/0608.html
1931,Göteborgs,Marks och Bollebygds,"Seglora, Fritsla, Kinnarumma o. Skepphult",Skepphult,FALSE,Älvsb. 1.,608,https://runeberg.org/statskal/1931/0608.html
1931,Göteborgs,Marks och Bollebygds,Örby o. Kinna,Örby,TRUE,Älvsb. 1.,608,https://runeberg.org/statskal/1931/0608.html
1931,Göteborgs,Marks och Bollebygds,Örby o. Kinna,Kinna,FALSE,Älvsb. 1.,608,https://runeberg.org/statskal/1931/0608.html
1931,Göteborgs,Marks och Bollebygds,Berghem o. Hajom,Berghem,TRUE,Älvsb. 1.,609,https://runeberg.org/statskal/1931/0609.html
1931,Göteborgs,Marks och Bollebygds,Berghem o. Hajom,Hajom,FALSE,Älvsb. 1.,609,https://runeberg.org/statskal/1931/0609.html
1931,Göteborgs,Marks och Bollebygds,"Surteby-Kattunga, Potskäl o. Tostared",Surteby-Kattunga,TRUE,Älvsb. 1.,609,https://runeberg.org/statskal/1931/0609.html
1931,Göteborgs,Marks och Bollebygds,"Surteby-Kattunga, Potskäl o. Tostared",Potskäl,FALSE,Älvsb. 1.,609,https://runeberg.org/statskal/1931/0609.html
1931,Göteborgs,Marks och Bollebygds,"Surteby-Kattunga, Potskäl o. Tostared",Tostared,FALSE,Älvsb. 1.,609,https://runeberg.org/statskal/1931/0609.html
1931,Göteborgs,Marks och Bollebygds,"Istorp, Öxnevalla o. Horred",Istorp,TRUE,Älvsb. 1.,609,https://runeberg.org/statskal/1931/0609.html
1931,Göteborgs,Marks och Bollebygds,"Istorp, Öxnevalla o. Horred",Öxnevalla,FALSE,Älvsb. 1.,609,https://runeberg.org/statskal/1931/0609.html
1931,Göteborgs,Marks och Bollebygds,"Istorp, Öxnevalla o. Horred",Horred,FALSE,Älvsb. 1.,609,https://runeberg.org/statskal/1931/0609.html
1931,Göteborgs,Marks och Bollebygds,"Kungsäter, Gunnarsjö, Grimmared o. Karl",Kungsäter,TRUE,Älvsb. 1.,609,https://runeberg.org/statskal/1931/0609.html
1931,Göteborgs,Marks och Bollebygds,"Kungsäter, Gunnarsjö, Grimmared o. Karl",Gunnarsjö,FALSE,Älvsb. 1.,609,https://runeberg.org/statskal/1931/0609.html
1931,Göteborgs,Marks och Bollebygds,"Kungsäter, Gunnarsjö, Grimmared o. Karl",Grimmared,FALSE,Älvsb. 1.,609,https://runeberg.org/statskal/1931/0609.html
1931,Göteborgs,Marks och Bollebygds,"Kungsäter, Gunnarsjö, Grimmared o. Karl",Karl,FALSE,Älvsb. 1.,609,https://runeberg.org/statskal/1931/0609.html
1931,Göteborgs,Marks och Bollebygds,Gustav,Gustav,TRUE,Älvsb. 1.,609,https://runeberg.org/statskal/1931/0609.html
1931,Göteborgs,Marks och Bollebygds,"Torestorp, Öxabäck o. Älekulla",Torestorp,TRUE,Älvsb. 1.,609,https://runeberg.org/statskal/1931/0609.html
1931,Göteborgs,Marks och Bollebygds,"Torestorp, Öxabäck o. Älekulla",Öxabäck,FALSE,Älvsb. 1.,609,https://runeberg.org/statskal/1931/0609.html
1931,Göteborgs,Marks och Bollebygds,"Torestorp, Öxabäck o. Älekulla",Älekulla,FALSE,Älvsb. 1.,609,https://runeberg.org/statskal/1931/0609.html
1931,Göteborgs,Marks och Bollebygds,"Bollebygd, Björketorp o. Töllsjö",Bollebygd,TRUE,Älvsb. 1.,609,https://runeberg.org/statskal/1931/0609.html
1931,Göteborgs,Marks och Bollebygds,"Bollebygd, Björketorp o. Töllsjö",Björketorp,FALSE,Älvsb. 1.,609,https://runeberg.org/statskal/1931/0609.html
1931,Göteborgs,Marks och Bollebygds,"Bollebygd, Björketorp o. Töllsjö",Töllsjö,FALSE,Älvsb. 1.,609,https://runeberg.org/statskal/1931/0609.html
1931,Göteborgs,Kinds,"Mjöbäck, Älvsered o. Holsljunga",Mjöbäck,TRUE,Älvsb. 1.,609,https://runeberg.org/statskal/1931/0609.html
1931,Göteborgs,Kinds,"Mjöbäck, Älvsered o. Holsljunga",Älvsered,FALSE,Älvsb. 1.,609,https://runeberg.org/statskal/1931/0609.html
1931,Göteborgs,Kinds,"Mjöbäck, Älvsered o. Holsljunga",Holsljunga,FALSE,Älvsb. 1.,609,https://runeberg.org/statskal/1931/0609.html
1931,Göteborgs,Kinds,"Svenljunga, örsås, Revesjö, Redslared o. Ullasjö",Svenljunga,TRUE,Älvsb. 1.,609,https://runeberg.org/statskal/1931/0609.html
1931,Göteborgs,Kinds,"Svenljunga, örsås, Revesjö, Redslared o. Ullasjö",örsås,FALSE,Älvsb. 1.,609,https://runeberg.org/statskal/1931/0609.html
1931,Göteborgs,Kinds,"Svenljunga, örsås, Revesjö, Redslared o. Ullasjö",Revesjö,FALSE,Älvsb. 1.,609,https://runeberg.org/statskal/1931/0609.html
1931,Göteborgs,Kinds,"Svenljunga, örsås, Revesjö, Redslared o. Ullasjö",Redslared,FALSE,Älvsb. 1.,609,https://runeberg.org/statskal/1931/0609.html
1931,Göteborgs,Kinds,"Svenljunga, örsås, Revesjö, Redslared o. Ullasjö",Ullasjö,FALSE,Älvsb. 1.,609,https://runeberg.org/statskal/1931/0609.html
1931,Göteborgs,Kinds,"Sexdrega, Roasjö, Ljushult o. Hill ar ed",Sexdrega,TRUE,Älvsb. 1.,609,https://runeberg.org/statskal/1931/0609.html
1931,Göteborgs,Kinds,"Sexdrega, Roasjö, Ljushult o. Hill ar ed",Roasjö,FALSE,Älvsb. 1.,609,https://runeberg.org/statskal/1931/0609.html
1931,Göteborgs,Kinds,"Sexdrega, Roasjö, Ljushult o. Hill ar ed",Ljushult,FALSE,Älvsb. 1.,609,https://runeberg.org/statskal/1931/0609.html
1931,Göteborgs,Kinds,"Sexdrega, Roasjö, Ljushult o. Hill ar ed",Hill ar ed,FALSE,Älvsb. 1.,609,https://runeberg.org/statskal/1931/0609.html
1931,Göteborgs,Kinds,"Länghem, Dannike, Månstad o. Södra Åsarp",Länghem,TRUE,Älvsb. 1.,609,https://runeberg.org/statskal/1931/0609.html
1931,Göteborgs,Kinds,"Länghem, Dannike, Månstad o. Södra Åsarp",Dannike,FALSE,Älvsb. 1.,609,https://runeberg.org/statskal/1931/0609.html
1931,Göteborgs,Kinds,"Länghem, Dannike, Månstad o. Södra Åsarp",Månstad,FALSE,Älvsb. 1.,609,https://runeberg.org/statskal/1931/0609.html
1931,Göteborgs,Kinds,"Länghem, Dannike, Månstad o. Södra Åsarp",Södra Åsarp,FALSE,Älvsb. 1.,609,https://runeberg.org/statskal/1931/0609.html
1931,Göteborgs,Kinds,"Gällstad, Södra Säm o. Grönahög",Gällstad,TRUE,Älvsb. 1.,609,https://runeberg.org/statskal/1931/0609.html
1931,Göteborgs,Kinds,"Gällstad, Södra Säm o. Grönahög",Södra Säm,FALSE,Älvsb. 1.,609,https://runeberg.org/statskal/1931/0609.html
1931,Göteborgs,Kinds,"Gällstad, Södra Säm o. Grönahög",Grönahög,FALSE,Älvsb. 1.,609,https://runeberg.org/statskal/1931/0609.html
1931,Göteborgs,Kinds,"Tvärred, Marbäck o. Finnekumla",Tvärred,TRUE,Älvsb. 1.,609,https://runeberg.org/statskal/1931/0609.html
1931,Göteborgs,Kinds,"Tvärred, Marbäck o. Finnekumla",Marbäck,FALSE,Älvsb. 1.,609,https://runeberg.org/statskal/1931/0609.html
1931,Göteborgs,Kinds,"Tvärred, Marbäck o. Finnekumla",Finnekumla,FALSE,Älvsb. 1.,609,https://runeberg.org/statskal/1931/0609.html
1931,Göteborgs,Kinds,"Dalstorp, Hulared, Nittorp, Ölsremma",Dalstorp,TRUE,Älvsb. 1.,609,https://runeberg.org/statskal/1931/0609.html
1931,Göteborgs,Kinds,"Dalstorp, Hulared, Nittorp, Ölsremma",Hulared,FALSE,Älvsb. 1.,609,https://runeberg.org/statskal/1931/0609.html
1931,Göteborgs,Kinds,"Dalstorp, Hulared, Nittorp, Ölsremma",Nittorp,FALSE,Älvsb. 1.,609,https://runeberg.org/statskal/1931/0609.html
1931,Göteborgs,Kinds,"Dalstorp, Hulared, Nittorp, Ölsremma",Ölsremma,FALSE,Älvsb. 1.,609,https://runeberg.org/statskal/1931/0609.html
1931,Göteborgs,Kinds,"Tranemo, Mossebo, Ambjörnarp o. Sjötofta",Tranemo,TRUE,Älvsb. 1.,609,https://runeberg.org/statskal/1931/0609.html
1931,Göteborgs,Kinds,"Tranemo, Mossebo, Ambjörnarp o. Sjötofta",Mossebo,FALSE,Älvsb. 1.,609,https://runeberg.org/statskal/1931/0609.html
1931,Göteborgs,Kinds,"Tranemo, Mossebo, Ambjörnarp o. Sjötofta",Ambjörnarp,FALSE,Älvsb. 1.,609,https://runeberg.org/statskal/1931/0609.html
1931,Göteborgs,Kinds,"Tranemo, Mossebo, Ambjörnarp o. Sjötofta",Sjötofta,FALSE,Älvsb. 1.,609,https://runeberg.org/statskal/1931/0609.html
1931,Göteborgs,Kinds,"Kalv, Håcksvik, Mårdaklev o. Östra",Kalv,TRUE,Älvsb. 1.,609,https://runeberg.org/statskal/1931/0609.html
1931,Göteborgs,Kinds,"Kalv, Håcksvik, Mårdaklev o. Östra",Håcksvik,FALSE,Älvsb. 1.,609,https://runeberg.org/statskal/1931/0609.html
1931,Göteborgs,Kinds,"Kalv, Håcksvik, Mårdaklev o. Östra",Mårdaklev,FALSE,Älvsb. 1.,609,https://runeberg.org/statskal/1931/0609.html
1931,Göteborgs,Kinds,"Kalv, Håcksvik, Mårdaklev o. Östra",Östra,FALSE,Älvsb. 1.,609,https://runeberg.org/statskal/1931/0609.html
1931,Göteborgs,Kinds,Frölunda,Frölunda,TRUE,Älvsb. 1.,609,https://runeberg.org/statskal/1931/0609.html
1931,Göteborgs,Fjäre och V i ske,"Tölö, Lindome o. Ålvsåker",Tölö,TRUE,Hall. 1.,609,https://runeberg.org/statskal/1931/0609.html
1931,Göteborgs,Fjäre och V i ske,"Tölö, Lindome o. Ålvsåker",Lindome,FALSE,Hall. 1.,609,https://runeberg.org/statskal/1931/0609.html
1931,Göteborgs,Fjäre och V i ske,"Tölö, Lindome o. Ålvsåker",Ålvsåker,FALSE,Hall. 1.,609,https://runeberg.org/statskal/1931/0609.html
1931,Göteborgs,Fjäre och V i ske,Valida o. Släp,Valida,TRUE,Hall. 1.,609,https://runeberg.org/statskal/1931/0609.html
1931,Göteborgs,Fjäre och V i ske,Valida o. Släp,Släp,FALSE,Hall. 1.,609,https://runeberg.org/statskal/1931/0609.html
1931,Göteborgs,Fjäre och V i ske,Onsala,Onsala,TRUE,Hall. 1.,609,https://runeberg.org/statskal/1931/0609.html
1931,Göteborgs,Fjäre och V i ske,Kungsbacka o. Hanhals,Kungsbacka,TRUE,Hall. 1.,609,https://runeberg.org/statskal/1931/0609.html
1931,Göteborgs,Fjäre och V i ske,Kungsbacka o. Hanhals,Hanhals,FALSE,Hall. 1.,609,https://runeberg.org/statskal/1931/0609.html
1931,Göteborgs,Fjäre och V i ske,Fjärås o. Förlanda,Fjärås,TRUE,Hall. 1.,609,https://runeberg.org/statskal/1931/0609.html
1931,Göteborgs,Fjäre och V i ske,Fjärås o. Förlanda,Förlanda,FALSE,Hall. 1.,609,https://runeberg.org/statskal/1931/0609.html
1931,Göteborgs,Fjäre och V i ske,Ölmevalla o. Landa,Ölmevalla,TRUE,Hall. 1.,610,https://runeberg.org/statskal/1931/0610.html
1931,Göteborgs,Fjäre och V i ske,Ölmevalla o. Landa,Landa,FALSE,Hall. 1.,610,https://runeberg.org/statskal/1931/0610.html
1931,Göteborgs,Fjäre och V i ske,"Frillesås, Gällinge o. Idala",Frillesås,TRUE,Hall. 1.,610,https://runeberg.org/statskal/1931/0610.html
1931,Göteborgs,Fjäre och V i ske,"Frillesås, Gällinge o. Idala",Gällinge,FALSE,Hall. 1.,610,https://runeberg.org/statskal/1931/0610.html
1931,Göteborgs,Fjäre och V i ske,"Frillesås, Gällinge o. Idala",Idala,FALSE,Hall. 1.,610,https://runeberg.org/statskal/1931/0610.html
1931,Göteborgs,Fjäre och V i ske,Värö o. Stråvalla,Värö,TRUE,Hall. 1.,610,https://runeberg.org/statskal/1931/0610.html
1931,Göteborgs,Fjäre och V i ske,Värö o. Stråvalla,Stråvalla,FALSE,Hall. 1.,610,https://runeberg.org/statskal/1931/0610.html
1931,Göteborgs,Fjäre och V i ske,"Veddige, Ås o. Sällstorp",Veddige,TRUE,Hall. 1.,610,https://runeberg.org/statskal/1931/0610.html
1931,Göteborgs,Fjäre och V i ske,"Veddige, Ås o. Sällstorp",Ås,FALSE,Hall. 1.,610,https://runeberg.org/statskal/1931/0610.html
1931,Göteborgs,Fjäre och V i ske,"Veddige, Ås o. Sällstorp",Sällstorp,FALSE,Hall. 1.,610,https://runeberg.org/statskal/1931/0610.html
1931,Göteborgs,Varbergs,"Valinge, Stamnared, Skällinge o. Nöss-linge",Valinge,TRUE,Hall. 1.,610,https://runeberg.org/statskal/1931/0610.html
1931,Göteborgs,Varbergs,"Valinge, Stamnared, Skällinge o. Nöss-linge",Stamnared,FALSE,Hall. 1.,610,https://runeberg.org/statskal/1931/0610.html
1931,Göteborgs,Varbergs,"Valinge, Stamnared, Skällinge o. Nöss-linge",Skällinge,FALSE,Hall. 1.,610,https://runeberg.org/statskal/1931/0610.html
1931,Göteborgs,Varbergs,"Valinge, Stamnared, Skällinge o. Nöss-linge",Nöss-linge,FALSE,Hall. 1.,610,https://runeberg.org/statskal/1931/0610.html
1931,Göteborgs,Varbergs,Varberg,Varberg,TRUE,Hall. 1.,610,https://runeberg.org/statskal/1931/0610.html
1931,Göteborgs,Varbergs,Lindberg o. Torpa,Lindberg,TRUE,Hall. 1.,610,https://runeberg.org/statskal/1931/0610.html
1931,Göteborgs,Varbergs,Lindberg o. Torpa,Torpa,FALSE,Hall. 1.,610,https://runeberg.org/statskal/1931/0610.html
1931,Göteborgs,Varbergs,Träslöv,Träslöv,TRUE,Hall. 1.,610,https://runeberg.org/statskal/1931/0610.html
1931,Göteborgs,Varbergs,Hunnestad o. Gödestad,Hunnestad,TRUE,Hall. 1.,610,https://runeberg.org/statskal/1931/0610.html
1931,Göteborgs,Varbergs,Hunnestad o. Gödestad,Gödestad,FALSE,Hall. 1.,610,https://runeberg.org/statskal/1931/0610.html
1931,Göteborgs,Varbergs,Grimeton o. Rolfstorp,Grimeton,TRUE,Hall. 1.,610,https://runeberg.org/statskal/1931/0610.html
1931,Göteborgs,Varbergs,Grimeton o. Rolfstorp,Rolfstorp,FALSE,Hall. 1.,610,https://runeberg.org/statskal/1931/0610.html
1931,Göteborgs,Varbergs,Tvååker o. Spannarp,Tvååker,TRUE,Hall. 1.,610,https://runeberg.org/statskal/1931/0610.html
1931,Göteborgs,Varbergs,Tvååker o. Spannarp,Spannarp,FALSE,Hall. 1.,610,https://runeberg.org/statskal/1931/0610.html
1931,Göteborgs,Falkenbergs,Morup,Morup,TRUE,Hall. 1.,610,https://runeberg.org/statskal/1931/0610.html
1931,Göteborgs,Falkenbergs,Falkenberg o. Skrea,Falkenberg,TRUE,Hall. 1.,610,https://runeberg.org/statskal/1931/0610.html
1931,Göteborgs,Falkenbergs,Falkenberg o. Skrea,Skrea,FALSE,Hall. 1.,610,https://runeberg.org/statskal/1931/0610.html
1931,Göteborgs,Falkenbergs,Vinberg o. Stafsinge,Vinberg,TRUE,Hall. 1.,610,https://runeberg.org/statskal/1931/0610.html
1931,Göteborgs,Falkenbergs,Vinberg o. Stafsinge,Stafsinge,FALSE,Hall. 1.,610,https://runeberg.org/statskal/1931/0610.html
1931,Göteborgs,Falkenbergs,Ljungby o. Alfshög,Ljungby,TRUE,Hall. 1.,610,https://runeberg.org/statskal/1931/0610.html
1931,Göteborgs,Falkenbergs,Ljungby o. Alfshög,Alfshög,FALSE,Hall. 1.,610,https://runeberg.org/statskal/1931/0610.html
1931,Göteborgs,Falkenbergs,Sibbarp o. Dagsås,Sibbarp,TRUE,Hall. 1.,610,https://runeberg.org/statskal/1931/0610.html
1931,Göteborgs,Falkenbergs,Sibbarp o. Dagsås,Dagsås,FALSE,Hall. 1.,610,https://runeberg.org/statskal/1931/0610.html
1931,Göteborgs,Falkenbergs,"Okome, Köinge o. Svartrå",Okome,TRUE,Hall. 1.,610,https://runeberg.org/statskal/1931/0610.html
1931,Göteborgs,Falkenbergs,"Okome, Köinge o. Svartrå",Köinge,FALSE,Hall. 1.,610,https://runeberg.org/statskal/1931/0610.html
1931,Göteborgs,Falkenbergs,"Okome, Köinge o. Svartrå",Svartrå,FALSE,Hall. 1.,610,https://runeberg.org/statskal/1931/0610.html
1931,Göteborgs,Falkenbergs,"Fagered, Källsjö o. Ullared",Fagered,TRUE,Hall. 1.,610,https://runeberg.org/statskal/1931/0610.html
1931,Göteborgs,Falkenbergs,"Fagered, Källsjö o. Ullared",Källsjö,FALSE,Hall. 1.,610,https://runeberg.org/statskal/1931/0610.html
1931,Göteborgs,Falkenbergs,"Fagered, Källsjö o. Ullared",Ullared,FALSE,Hall. 1.,610,https://runeberg.org/statskal/1931/0610.html
1931,Göteborgs,Falkenbergs,Gunnarp o. Gällared,Gunnarp,TRUE,Hall. 1.,610,https://runeberg.org/statskal/1931/0610.html
1931,Göteborgs,Falkenbergs,Gunnarp o. Gällared,Gällared,FALSE,Hall. 1.,610,https://runeberg.org/statskal/1931/0610.html
1931,Göteborgs,Halmstads,Drängsered o. Krogsered,Drängsered,TRUE,Hall. 1.,610,https://runeberg.org/statskal/1931/0610.html
1931,Göteborgs,Halmstads,Drängsered o. Krogsered,Krogsered,FALSE,Hall. 1.,610,https://runeberg.org/statskal/1931/0610.html
1931,Göteborgs,Halmstads,Vessige o. Askome,Vessige,TRUE,Hall. 1.,610,https://runeberg.org/statskal/1931/0610.html
1931,Göteborgs,Halmstads,Vessige o. Askome,Askome,FALSE,Hall. 1.,610,https://runeberg.org/statskal/1931/0610.html
1931,Göteborgs,Halmstads,Abild,Abild,TRUE,Hall. 1.,610,https://runeberg.org/statskal/1931/0610.html
1931,Göteborgs,Halmstads,Årstad o. Asige,Årstad,TRUE,Hall. 1.,610,https://runeberg.org/statskal/1931/0610.html
1931,Göteborgs,Halmstads,Årstad o. Asige,Asige,FALSE,Hall. 1.,610,https://runeberg.org/statskal/1931/0610.html
1931,Göteborgs,Halmstads,Slöinge o. Eftra,Slöinge,TRUE,Hall. 1.,610,https://runeberg.org/statskal/1931/0610.html
1931,Göteborgs,Halmstads,Slöinge o. Eftra,Eftra,FALSE,Hall. 1.,610,https://runeberg.org/statskal/1931/0610.html
1931,Göteborgs,Halmstads,Getinge o. Rävinge,Getinge,TRUE,Hall. 1.,610,https://runeberg.org/statskal/1931/0610.html
1931,Göteborgs,Halmstads,Getinge o. Rävinge,Rävinge,FALSE,Hall. 1.,610,https://runeberg.org/statskal/1931/0610.html
1931,Göteborgs,Halmstads,Harplinge o. Steninge,Harplinge,TRUE,Hall. 1.,610,https://runeberg.org/statskal/1931/0610.html
1931,Göteborgs,Halmstads,Harplinge o. Steninge,Steninge,FALSE,Hall. 1.,610,https://runeberg.org/statskal/1931/0610.html
1931,Göteborgs,Halmstads,Söndrum o. Vapnö,Söndrum,TRUE,Hall. 1.,610,https://runeberg.org/statskal/1931/0610.html
1931,Göteborgs,Halmstads,Söndrum o. Vapnö,Vapnö,FALSE,Hall. 1.,610,https://runeberg.org/statskal/1931/0610.html
1931,Göteborgs,Halmstads,"Halmstad, Övraby o. Holm",Halmstad,TRUE,Hall. 1.,611,https://runeberg.org/statskal/1931/0611.html
1931,Göteborgs,Halmstads,"Halmstad, Övraby o. Holm",Övraby,FALSE,Hall. 1.,611,https://runeberg.org/statskal/1931/0611.html
1931,Göteborgs,Halmstads,"Halmstad, Övraby o. Holm",Holm,FALSE,Hall. 1.,611,https://runeberg.org/statskal/1931/0611.html
1931,Göteborgs,Halmstads,Slättåkra o. Kvibille,Slättåkra,TRUE,Hall. 1.,611,https://runeberg.org/statskal/1931/0611.html
1931,Göteborgs,Halmstads,Slättåkra o. Kvibille,Kvibille,FALSE,Hall. 1.,611,https://runeberg.org/statskal/1931/0611.html
1931,Göteborgs,Halmstads,Torup o. Kinnared,Torup,TRUE,Hall. 1.,611,https://runeberg.org/statskal/1931/0611.html
1931,Göteborgs,Halmstads,Torup o. Kinnared,Kinnared,FALSE,Hall. 1.,611,https://runeberg.org/statskal/1931/0611.html
1931,Göteborgs,Laholms,Breared,Breared,TRUE,Hall. 1.,611,https://runeberg.org/statskal/1931/0611.html
1931,Göteborgs,Laholms,Enslöv,Enslöv,TRUE,Hall. 1.,611,https://runeberg.org/statskal/1931/0611.html
1931,Göteborgs,Laholms,Snöstorp o. Trönninge,Snöstorp,TRUE,Hall. 1.,611,https://runeberg.org/statskal/1931/0611.html
1931,Göteborgs,Laholms,Snöstorp o. Trönninge,Trönninge,FALSE,Hall. 1.,611,https://runeberg.org/statskal/1931/0611.html
1931,Göteborgs,Laholms,Eldsberga o. Tönnersjö,Eldsberga,TRUE,Hall. 1.,611,https://runeberg.org/statskal/1931/0611.html
1931,Göteborgs,Laholms,Eldsberga o. Tönnersjö,Tönnersjö,FALSE,Hall. 1.,611,https://runeberg.org/statskal/1931/0611.html
1931,Göteborgs,Laholms,"Laholms stadsförsamling, Laholms landsförsamling",Laholms stadsförsamling,TRUE,Hall. 1.,611,https://runeberg.org/statskal/1931/0611.html
1931,Göteborgs,Laholms,"Laholms stadsförsamling, Laholms landsförsamling",Laholms landsförsamling,FALSE,Hall. 1.,611,https://runeberg.org/statskal/1931/0611.html
1931,Göteborgs,Laholms,Veinge o. Tjärby,Veinge,TRUE,Hall. 1.,611,https://runeberg.org/statskal/1931/0611.html
1931,Göteborgs,Laholms,Veinge o. Tjärby,Tjärby,FALSE,Hall. 1.,611,https://runeberg.org/statskal/1931/0611.html
1931,Göteborgs,Laholms,Knäred,Knäred,TRUE,Hall. 1.,611,https://runeberg.org/statskal/1931/0611.html
1931,Göteborgs,Laholms,Ränneslöv o. Ysby,Ränneslöv,TRUE,Hall. 1.,611,https://runeberg.org/statskal/1931/0611.html
1931,Göteborgs,Laholms,Ränneslöv o. Ysby,Ysby,FALSE,Hall. 1.,611,https://runeberg.org/statskal/1931/0611.html
1931,Göteborgs,Laholms,Hasslöv o. Våxtorp,Hasslöv,TRUE,Hall. 1.,611,https://runeberg.org/statskal/1931/0611.html
1931,Göteborgs,Laholms,Hasslöv o. Våxtorp,Våxtorp,FALSE,Hall. 1.,611,https://runeberg.org/statskal/1931/0611.html
1931,Karlstads,Kils,"Karlstads stadsförsamling, Karlstads landsförsamling",Karlstads stadsförsamling,TRUE,Värml. 1.,611,https://runeberg.org/statskal/1931/0611.html
1931,Karlstads,Kils,"Karlstads stadsförsamling, Karlstads landsförsamling",Karlstads landsförsamling,FALSE,Värml. 1.,611,https://runeberg.org/statskal/1931/0611.html
1931,Karlstads,Kils,Stora Kil o. Frykerud,Stora Kil,TRUE,Värml. 1.,611,https://runeberg.org/statskal/1931/0611.html
1931,Karlstads,Kils,Stora Kil o. Frykerud,Frykerud,FALSE,Värml. 1.,611,https://runeberg.org/statskal/1931/0611.html
1931,Karlstads,Älvdals,Ekshärad,Ekshärad,TRUE,Värml. 1.,612,https://runeberg.org/statskal/1931/0612.html
1931,Karlstads,Älvdals,"Norra Råda, Hagfors, Sunnemo o. Gustav",Norra Råda,TRUE,Värml. 1.,612,https://runeberg.org/statskal/1931/0612.html
1931,Karlstads,Älvdals,"Norra Råda, Hagfors, Sunnemo o. Gustav",Hagfors,FALSE,Värml. 1.,612,https://runeberg.org/statskal/1931/0612.html
1931,Karlstads,Älvdals,"Norra Råda, Hagfors, Sunnemo o. Gustav",Sunnemo,FALSE,Värml. 1.,612,https://runeberg.org/statskal/1931/0612.html
1931,Karlstads,Älvdals,"Norra Råda, Hagfors, Sunnemo o. Gustav",Gustav,FALSE,Värml. 1.,612,https://runeberg.org/statskal/1931/0612.html
1931,Karlstads,Älvdals,Adolf,Adolf,TRUE,Värml. 1.,612,https://runeberg.org/statskal/1931/0612.html
1931,Karlstads,Älvdals,Norra Ny o. Nyskoga,Norra Ny,TRUE,Värml. 1.,612,https://runeberg.org/statskal/1931/0612.html
1931,Karlstads,Älvdals,Norra Ny o. Nyskoga,Nyskoga,FALSE,Värml. 1.,612,https://runeberg.org/statskal/1931/0612.html
1931,Karlstads,Älvdals,Dalby,Dalby,TRUE,Värml. 1.,612,https://runeberg.org/statskal/1931/0612.html
1931,Karlstads,Älvdals,Södra Finnskoga,Södra Finnskoga,TRUE,Värml. 1.,612,https://runeberg.org/statskal/1931/0612.html
1931,Karlstads,Älvdals,Norra Finnskoga,Norra Finnskoga,TRUE,Värml. 1.,612,https://runeberg.org/statskal/1931/0612.html
1931,Karlstads,Nyeds,Filipstad o. Färnebo,Filipstad,TRUE,Värml. 1.,612,https://runeberg.org/statskal/1931/0612.html
1931,Karlstads,Nyeds,Filipstad o. Färnebo,Färnebo,FALSE,Värml. 1.,612,https://runeberg.org/statskal/1931/0612.html
1931,Karlstads,Nyeds,Nordmark,Nordmark,TRUE,Värml. 1.,612,https://runeberg.org/statskal/1931/0612.html
1931,Karlstads,Nyeds,Rämen,Rämen,TRUE,Värml. 1.,612,https://runeberg.org/statskal/1931/0612.html
1931,Karlstads,Nyeds,Gåsborn,Gåsborn,TRUE,Värml. 1.,612,https://runeberg.org/statskal/1931/0612.html
1931,Karlstads,Nyeds,Brattfors,Brattfors,TRUE,Värml. 1.,613,https://runeberg.org/statskal/1931/0613.html
1931,Karlstads,Nyeds,Väse o. Östra Fågelvik,Väse,TRUE,Värml. 1.,613,https://runeberg.org/statskal/1931/0613.html
1931,Karlstads,Nyeds,Väse o. Östra Fågelvik,Östra Fågelvik,FALSE,Värml. 1.,613,https://runeberg.org/statskal/1931/0613.html
1931,Karlstads,Nyeds,Alster,Alster,TRUE,Värml. 1.,613,https://runeberg.org/statskal/1931/0613.html
1931,Karlstads,Nyeds,Nyed o. Älvsbacka,Nyed,TRUE,Värml. 1.,613,https://runeberg.org/statskal/1931/0613.html
1931,Karlstads,Nyeds,Nyed o. Älvsbacka,Älvsbacka,FALSE,Värml. 1.,613,https://runeberg.org/statskal/1931/0613.html
1931,Karlstads,Nyeds,Ölme,Ölme,TRUE,Värml. 1.,613,https://runeberg.org/statskal/1931/0613.html
1931,Karlstads,Nyeds,Kroppa o. Lungsund,Kroppa,TRUE,Värml. 1.,613,https://runeberg.org/statskal/1931/0613.html
1931,Karlstads,Nyeds,Kroppa o. Lungsund,Lungsund,FALSE,Värml. 1.,613,https://runeberg.org/statskal/1931/0613.html
1931,Karlstads,Fryksdals,Sunne,Sunne,TRUE,Värml. 1.,613,https://runeberg.org/statskal/1931/0613.html
1931,Karlstads,Fryksdals,Gräsmark,Gräsmark,TRUE,Värml. 1.,613,https://runeberg.org/statskal/1931/0613.html
1931,Karlstads,Fryksdals,Östra Ämtervik,Östra Ämtervik,TRUE,Värml. 1.,613,https://runeberg.org/statskal/1931/0613.html
1931,Karlstads,Fryksdals,Västra Ämtervik,Västra Ämtervik,TRUE,Värml. 1.,613,https://runeberg.org/statskal/1931/0613.html
1931,Karlstads,Fryksdals,Fryksände o. Lekvattnet,Fryksände,TRUE,Värml. 1.,613,https://runeberg.org/statskal/1931/0613.html
1931,Karlstads,Fryksdals,Fryksände o. Lekvattnet,Lekvattnet,FALSE,Värml. 1.,613,https://runeberg.org/statskal/1931/0613.html
1931,Karlstads,Fryksdals,Vitsand,Vitsand,TRUE,Värml. 1.,613,https://runeberg.org/statskal/1931/0613.html
1931,Karlstads,Fryksdals,Lysvik,Lysvik,TRUE,Värml. 1.,613,https://runeberg.org/statskal/1931/0613.html
1931,Karlstads,Fryksdals,Östmark,Östmark,TRUE,Värml. 1.,613,https://runeberg.org/statskal/1931/0613.html
1931,Karlstads,Jösse,"Arvika landsförsamling, Älgå o. Ny",Arvika landsförsamling,TRUE,Värml. 1.,613,https://runeberg.org/statskal/1931/0613.html
1931,Karlstads,Jösse,"Arvika landsförsamling, Älgå o. Ny",Älgå,FALSE,Värml. 1.,613,https://runeberg.org/statskal/1931/0613.html
1931,Karlstads,Jösse,"Arvika landsförsamling, Älgå o. Ny",Ny,FALSE,Värml. 1.,613,https://runeberg.org/statskal/1931/0613.html
1931,Karlstads,Jösse,Arvika stadsförsamling,Arvika stadsförsamling,TRUE,Värml. 1.,613,https://runeberg.org/statskal/1931/0613.html
1931,Karlstads,Jösse,Gunnarskog o. Bogen,Gunnarskog,TRUE,Värml. 1.,613,https://runeberg.org/statskal/1931/0613.html
1931,Karlstads,Jösse,Gunnarskog o. Bogen,Bogen,FALSE,Värml. 1.,613,https://runeberg.org/statskal/1931/0613.html
1931,Karlstads,Jösse,"Köla, Järnskog o. Skillingmark",Köla,TRUE,Värml. 1.,613,https://runeberg.org/statskal/1931/0613.html
1931,Karlstads,Jösse,"Köla, Järnskog o. Skillingmark",Järnskog,FALSE,Värml. 1.,613,https://runeberg.org/statskal/1931/0613.html
1931,Karlstads,Jösse,"Köla, Järnskog o. Skillingmark",Skillingmark,FALSE,Värml. 1.,613,https://runeberg.org/statskal/1931/0613.html
1931,Karlstads,Jösse,Eda,Eda,TRUE,Värml. 1.,613,https://runeberg.org/statskal/1931/0613.html
1931,Karlstads,Jösse,"Brunskog, Böda o. Mangskog",Brunskog,TRUE,Värml. 1.,613,https://runeberg.org/statskal/1931/0613.html
1931,Karlstads,Jösse,"Brunskog, Böda o. Mangskog",Böda,FALSE,Värml. 1.,613,https://runeberg.org/statskal/1931/0613.html
1931,Karlstads,Jösse,"Brunskog, Böda o. Mangskog",Mangskog,FALSE,Värml. 1.,613,https://runeberg.org/statskal/1931/0613.html
1931,Karlstads,Nordmarks,"Töcksmark, Östervallskog o. Västra",Töcksmark,TRUE,Älvsb.o. Värml. 1.,614,https://runeberg.org/statskal/1931/0614.html
1931,Karlstads,Nordmarks,"Töcksmark, Östervallskog o. Västra",Östervallskog,FALSE,Älvsb.o. Värml. 1.,614,https://runeberg.org/statskal/1931/0614.html
1931,Karlstads,Nordmarks,"Töcksmark, Östervallskog o. Västra",Västra,FALSE,Älvsb.o. Värml. 1.,614,https://runeberg.org/statskal/1931/0614.html
1931,Karlstads,Gillbergs,Gillberga o. Långserud,Gillberga,TRUE,Värml. 1.,614,https://runeberg.org/statskal/1931/0614.html
1931,Karlstads,Gillbergs,Gillberga o. Långserud,Långserud,FALSE,Värml. 1.,614,https://runeberg.org/statskal/1931/0614.html
1931,Karlstads,Gillbergs,"Kila, Tveta o. Svanskog",Kila,TRUE,Värml. 1.,614,https://runeberg.org/statskal/1931/0614.html
1931,Karlstads,Gillbergs,"Kila, Tveta o. Svanskog",Tveta,FALSE,Värml. 1.,614,https://runeberg.org/statskal/1931/0614.html
1931,Karlstads,Gillbergs,"Kila, Tveta o. Svanskog",Svanskog,FALSE,Värml. 1.,614,https://runeberg.org/statskal/1931/0614.html
1931,Karlstads,Gillbergs,"Stavnäs, Värmskog o. Högerud",Stavnäs,TRUE,Värml. 1.,614,https://runeberg.org/statskal/1931/0614.html
1931,Karlstads,Gillbergs,"Stavnäs, Värmskog o. Högerud",Värmskog,FALSE,Värml. 1.,614,https://runeberg.org/statskal/1931/0614.html
1931,Karlstads,Gillbergs,"Stavnäs, Värmskog o. Högerud",Högerud,FALSE,Värml. 1.,614,https://runeberg.org/statskal/1931/0614.html
1931,Karlstads,Gillbergs,Glava,Glava,TRUE,Värml. 1.,614,https://runeberg.org/statskal/1931/0614.html
1931,Karlstads,Nors,Nor o. Segerstad,Nor,TRUE,Värml. 1.,614,https://runeberg.org/statskal/1931/0614.html
1931,Karlstads,Nors,Nor o. Segerstad,Segerstad,FALSE,Värml. 1.,614,https://runeberg.org/statskal/1931/0614.html
1931,Karlstads,Nors,Grums,Grums,TRUE,Värml. 1.,614,https://runeberg.org/statskal/1931/0614.html
1931,Karlstads,Nors,Ed o. Borgvik,Ed,TRUE,Värml. 1.,614,https://runeberg.org/statskal/1931/0614.html
1931,Karlstads,Nors,Ed o. Borgvik,Borgvik,FALSE,Värml. 1.,614,https://runeberg.org/statskal/1931/0614.html
1931,Karlstads,Nors,"By, Säffle, Bro, Södra Ny o. Huggenäs",By,TRUE,Värml. 1.,614,https://runeberg.org/statskal/1931/0614.html
1931,Karlstads,Nors,"By, Säffle, Bro, Södra Ny o. Huggenäs",Säffle,FALSE,Värml. 1.,614,https://runeberg.org/statskal/1931/0614.html
1931,Karlstads,Nors,"By, Säffle, Bro, Södra Ny o. Huggenäs",Bro,FALSE,Värml. 1.,614,https://runeberg.org/statskal/1931/0614.html
1931,Karlstads,Nors,"By, Säffle, Bro, Södra Ny o. Huggenäs",Södra Ny,FALSE,Värml. 1.,614,https://runeberg.org/statskal/1931/0614.html
1931,Karlstads,Nors,"By, Säffle, Bro, Södra Ny o. Huggenäs",Huggenäs,FALSE,Värml. 1.,614,https://runeberg.org/statskal/1931/0614.html
1931,Karlstads,Nors,"Millesvik, Botilsäter, Eskilsäter o. Ölserud",Millesvik,TRUE,Värml. 1.,614,https://runeberg.org/statskal/1931/0614.html
1931,Karlstads,Nors,"Millesvik, Botilsäter, Eskilsäter o. Ölserud",Botilsäter,FALSE,Värml. 1.,614,https://runeberg.org/statskal/1931/0614.html
1931,Karlstads,Nors,"Millesvik, Botilsäter, Eskilsäter o. Ölserud",Eskilsäter,FALSE,Värml. 1.,614,https://runeberg.org/statskal/1931/0614.html
1931,Karlstads,Nors,"Millesvik, Botilsäter, Eskilsäter o. Ölserud",Ölserud,FALSE,Värml. 1.,614,https://runeberg.org/statskal/1931/0614.html
1931,Karlstads,Norra Dals,"Steneby, Tisselskog, Bäcke o. Ödskölt",Steneby,TRUE,Älvsb. 1.,614,https://runeberg.org/statskal/1931/0614.html
1931,Karlstads,Norra Dals,"Steneby, Tisselskog, Bäcke o. Ödskölt",Tisselskog,FALSE,Älvsb. 1.,614,https://runeberg.org/statskal/1931/0614.html
1931,Karlstads,Norra Dals,"Steneby, Tisselskog, Bäcke o. Ödskölt",Bäcke,FALSE,Älvsb. 1.,614,https://runeberg.org/statskal/1931/0614.html
1931,Karlstads,Norra Dals,"Steneby, Tisselskog, Bäcke o. Ödskölt",Ödskölt,FALSE,Älvsb. 1.,614,https://runeberg.org/statskal/1931/0614.html
1931,Karlstads,Norra Dals,Ärtemark,Ärtemark,TRUE,Älvsb. 1.,614,https://runeberg.org/statskal/1931/0614.html
1931,Karlstads,Norra Dals,"Edsleskog, Mo o. Fröskog",Edsleskog,TRUE,Älvsb. 1.,614,https://runeberg.org/statskal/1931/0614.html
1931,Karlstads,Norra Dals,"Edsleskog, Mo o. Fröskog",Mo,FALSE,Älvsb. 1.,614,https://runeberg.org/statskal/1931/0614.html
1931,Karlstads,Norra Dals,"Edsleskog, Mo o. Fröskog",Fröskog,FALSE,Älvsb. 1.,614,https://runeberg.org/statskal/1931/0614.html
1931,Karlstads,Norra Dals,Laxarby,Laxarby,TRUE,Älvsb. 1.,614,https://runeberg.org/statskal/1931/0614.html
1931,Karlstads,Norra Dals,Tösse o. Tydje,Tösse,TRUE,Älvsb. 1.,615,https://runeberg.org/statskal/1931/0615.html
1931,Karlstads,Norra Dals,Tösse o. Tydje,Tydje,FALSE,Älvsb. 1.,615,https://runeberg.org/statskal/1931/0615.html
1931,Karlstads,Norra Dals,Ånimskog,Ånimskog,TRUE,Älvsb. 1.,615,https://runeberg.org/statskal/1931/0615.html
1931,Karlstads,Norra Dals,"Åmåls stadsförsamling, Åmåls landsförsamling",Åmåls stadsförsamling,TRUE,Älvsb. 1.,615,https://runeberg.org/statskal/1931/0615.html
1931,Karlstads,Norra Dals,"Åmåls stadsförsamling, Åmåls landsförsamling",Åmåls landsförsamling,FALSE,Älvsb. 1.,615,https://runeberg.org/statskal/1931/0615.html
1931,Karlstads,Södra Dals,"Holm, Skållerud o. Järn",Holm,TRUE,Älvsb. 1.,615,https://runeberg.org/statskal/1931/0615.html
1931,Karlstads,Södra Dals,"Holm, Skållerud o. Järn",Skållerud,FALSE,Älvsb. 1.,615,https://runeberg.org/statskal/1931/0615.html
1931,Karlstads,Södra Dals,"Holm, Skållerud o. Järn",Järn,FALSE,Älvsb. 1.,615,https://runeberg.org/statskal/1931/0615.html
1931,Karlstads,Södra Dals,"Bolstad, Grinstad, Gestad o. Erikstad",Bolstad,TRUE,Älvsb. 1.,615,https://runeberg.org/statskal/1931/0615.html
1931,Karlstads,Södra Dals,"Bolstad, Grinstad, Gestad o. Erikstad",Grinstad,FALSE,Älvsb. 1.,615,https://runeberg.org/statskal/1931/0615.html
1931,Karlstads,Södra Dals,"Bolstad, Grinstad, Gestad o. Erikstad",Gestad,FALSE,Älvsb. 1.,615,https://runeberg.org/statskal/1931/0615.html
1931,Karlstads,Södra Dals,"Bolstad, Grinstad, Gestad o. Erikstad",Erikstad,FALSE,Älvsb. 1.,615,https://runeberg.org/statskal/1931/0615.html
1931,Karlstads,Södra Dals,"Frändefors, Brålanda o. Sundals Ryr",Frändefors,TRUE,Älvsb. 1.,615,https://runeberg.org/statskal/1931/0615.html
1931,Karlstads,Södra Dals,"Frändefors, Brålanda o. Sundals Ryr",Brålanda,FALSE,Älvsb. 1.,615,https://runeberg.org/statskal/1931/0615.html
1931,Karlstads,Södra Dals,"Frändefors, Brålanda o. Sundals Ryr",Sundals Ryr,FALSE,Älvsb. 1.,615,https://runeberg.org/statskal/1931/0615.html
1931,Karlstads,Västra Dals,"Högsäter, Järbo, Rännelanda, Lerdal o. Råggärd",Högsäter,TRUE,Älvsb. 1.,615,https://runeberg.org/statskal/1931/0615.html
1931,Karlstads,Västra Dals,"Högsäter, Järbo, Rännelanda, Lerdal o. Råggärd",Järbo,FALSE,Älvsb. 1.,615,https://runeberg.org/statskal/1931/0615.html
1931,Karlstads,Västra Dals,"Högsäter, Järbo, Rännelanda, Lerdal o. Råggärd",Rännelanda,FALSE,Älvsb. 1.,615,https://runeberg.org/statskal/1931/0615.html
1931,Karlstads,Västra Dals,"Högsäter, Järbo, Rännelanda, Lerdal o. Råggärd",Lerdal,FALSE,Älvsb. 1.,615,https://runeberg.org/statskal/1931/0615.html
1931,Karlstads,Västra Dals,"Högsäter, Järbo, Rännelanda, Lerdal o. Råggärd",Råggärd,FALSE,Älvsb. 1.,615,https://runeberg.org/statskal/1931/0615.html
1931,Karlstads,Västra Dals,"Dals-Ed, Nössemark, Håbol o. Töftedal",Dals-Ed,TRUE,Älvsb. 1.,615,https://runeberg.org/statskal/1931/0615.html
1931,Karlstads,Västra Dals,"Dals-Ed, Nössemark, Håbol o. Töftedal",Nössemark,FALSE,Älvsb. 1.,615,https://runeberg.org/statskal/1931/0615.html
1931,Karlstads,Västra Dals,"Dals-Ed, Nössemark, Håbol o. Töftedal",Håbol,FALSE,Älvsb. 1.,615,https://runeberg.org/statskal/1931/0615.html
1931,Karlstads,Västra Dals,"Dals-Ed, Nössemark, Håbol o. Töftedal",Töftedal,FALSE,Älvsb. 1.,615,https://runeberg.org/statskal/1931/0615.html
1931,Karlstads,Västra Dals,Färgelanda o. Ödeborg,Färgelanda,TRUE,Älvsb. 1.,615,https://runeberg.org/statskal/1931/0615.html
1931,Karlstads,Västra Dals,Färgelanda o. Ödeborg,Ödeborg,FALSE,Älvsb. 1.,615,https://runeberg.org/statskal/1931/0615.html
1931,Karlstads,Västra Dals,Rölanda o. Gesäter,Rölanda,TRUE,Älvsb. 1.,615,https://runeberg.org/statskal/1931/0615.html
1931,Karlstads,Västra Dals,Rölanda o. Gesäter,Gesäter,FALSE,Älvsb. 1.,615,https://runeberg.org/statskal/1931/0615.html
1931,Karlstads,Västra Dals,Torp o. Valbo-Ryr,Torp,TRUE,Älvsb. 1.,615,https://runeberg.org/statskal/1931/0615.html
1931,Karlstads,Västra Dals,Torp o. Valbo-Ryr,Valbo-Ryr,FALSE,Älvsb. 1.,615,https://runeberg.org/statskal/1931/0615.html
1931,Härnösands,Ådalens,Nordingrå,Nordingrå,TRUE,Västern. 1.,616,https://runeberg.org/statskal/1931/0616.html
1931,Härnösands,Ådalens,Ullånger,Ullånger,TRUE,Västern. 1.,616,https://runeberg.org/statskal/1931/0616.html
1931,Härnösands,Ådalens,Vibyggerå,Vibyggerå,TRUE,Västern. 1.,616,https://runeberg.org/statskal/1931/0616.html
1931,Härnösands,Ådalens,Nora o. Skog,Nora,TRUE,Västern. 1.,616,https://runeberg.org/statskal/1931/0616.html
1931,Härnösands,Ådalens,Nora o. Skog,Skog,FALSE,Västern. 1.,616,https://runeberg.org/statskal/1931/0616.html
1931,Härnösands,Ådalens,Bjärtrå,Bjärtrå,TRUE,Västern. 1.,616,https://runeberg.org/statskal/1931/0616.html
1931,Härnösands,Ådalens,Gudmundrå,Gudmundrå,TRUE,Västern. 1.,616,https://runeberg.org/statskal/1931/0616.html
1931,Härnösands,Ådalens,Högsjö o. Hemsö,Högsjö,TRUE,Västern. 1.,616,https://runeberg.org/statskal/1931/0616.html
1931,Härnösands,Ådalens,Högsjö o. Hemsö,Hemsö,FALSE,Västern. 1.,616,https://runeberg.org/statskal/1931/0616.html
1931,Härnösands,Ådalens,Torsåker o. Dal,Torsåker,TRUE,Västern. 1.,616,https://runeberg.org/statskal/1931/0616.html
1931,Härnösands,Ådalens,Torsåker o. Dal,Dal,FALSE,Västern. 1.,616,https://runeberg.org/statskal/1931/0616.html
1931,Härnösands,Ådalens,Ytterlännäs,Ytterlännäs,TRUE,Västern. 1.,616,https://runeberg.org/statskal/1931/0616.html
1931,Härnösands,Ramsele,Ådals-Liden,Ådals-Liden,TRUE,Västern. 1.,616,https://runeberg.org/statskal/1931/0616.html
1931,Härnösands,Ramsele,Junsele,Junsele,TRUE,Västern. 1.,616,https://runeberg.org/statskal/1931/0616.html
1931,Härnösands,Ramsele,Ramsele,Ramsele,TRUE,Västern. 1.,616,https://runeberg.org/statskal/1931/0616.html
1931,Härnösands,Ramsele,Edsele,Edsele,TRUE,Västern. 1.,616,https://runeberg.org/statskal/1931/0616.html
1931,Härnösands,Ramsele,Bodum,Bodum,TRUE,Västern. 1.,616,https://runeberg.org/statskal/1931/0616.html
1931,Härnösands,Ramsele,Fjällsjö,Fjällsjö,TRUE,Västern. 1.,616,https://runeberg.org/statskal/1931/0616.html
1931,Härnösands,Ramsele,Tåsjö,Tåsjö,TRUE,Västern. 1.,616,https://runeberg.org/statskal/1931/0616.html
1931,Härnösands,Sollefteå,Sollefteå o. Multrå,Sollefteå,TRUE,Västern. 1.,616,https://runeberg.org/statskal/1931/0616.html
1931,Härnösands,Sollefteå,Sollefteå o. Multrå,Multrå,FALSE,Västern. 1.,616,https://runeberg.org/statskal/1931/0616.html
1931,Härnösands,Sollefteå,Ed,Ed,TRUE,Västern. 1.,616,https://runeberg.org/statskal/1931/0616.html
1931,Härnösands,Sollefteå,Långsele,Långsele,TRUE,Västern. 1.,616,https://runeberg.org/statskal/1931/0616.html
1931,Härnösands,Sollefteå,Graninge,Graninge,TRUE,Västern. 1.,616,https://runeberg.org/statskal/1931/0616.html
1931,Härnösands,Sollefteå,Boteå o. Styrnäs,Boteå,TRUE,Västern. 1.,616,https://runeberg.org/statskal/1931/0616.html
1931,Härnösands,Sollefteå,Boteå o. Styrnäs,Styrnäs,FALSE,Västern. 1.,616,https://runeberg.org/statskal/1931/0616.html
1931,Härnösands,Sollefteå,Överlännäs o. Sånga,Överlännäs,TRUE,Västern. 1.,616,https://runeberg.org/statskal/1931/0616.html
1931,Härnösands,Sollefteå,Överlännäs o. Sånga,Sånga,FALSE,Västern. 1.,616,https://runeberg.org/statskal/1931/0616.html
1931,Härnösands,Sollefteå,Resele,Resele,TRUE,Västern. 1.,616,https://runeberg.org/statskal/1931/0616.html
1931,Härnösands,Sollefteå,Helgum,Helgum,TRUE,Västern. 1.,617,https://runeberg.org/statskal/1931/0617.html
1931,Härnösands,Nätra,Nätra,Nätra,TRUE,Västern. 1.,617,https://runeberg.org/statskal/1931/0617.html
1931,Härnösands,Nätra,Sidensjö,Sidensjö,TRUE,Västern. 1.,617,https://runeberg.org/statskal/1931/0617.html
1931,Härnösands,Nätra,Skorped,Skorped,TRUE,Västern. 1.,617,https://runeberg.org/statskal/1931/0617.html
1931,Härnösands,Nätra,Anundsjö,Anundsjö,TRUE,Västern. 1.,617,https://runeberg.org/statskal/1931/0617.html
1931,Härnösands,Nätra,Mo,Mo,TRUE,Västern. 1.,617,https://runeberg.org/statskal/1931/0617.html
1931,Härnösands,Nätra,B jör na,B jör na,TRUE,Västern. 1.,617,https://runeberg.org/statskal/1931/0617.html
1931,Härnösands,Nätra,Själevad,Själevad,TRUE,Västern. 1.,617,https://runeberg.org/statskal/1931/0617.html
1931,Härnösands,Nätra,Örnsköldsvik,Örnsköldsvik,TRUE,Västern. 1.,617,https://runeberg.org/statskal/1931/0617.html
1931,Härnösands,Nätra,Arnäs,Arnäs,TRUE,Västern. 1.,617,https://runeberg.org/statskal/1931/0617.html
1931,Härnösands,Nätra,Gideå,Gideå,TRUE,Västern. 1.,617,https://runeberg.org/statskal/1931/0617.html
1931,Härnösands,Nätra,Trehörningsjö,Trehörningsjö,TRUE,Västern. 1.,617,https://runeberg.org/statskal/1931/0617.html
1931,Härnösands,Nätra,Grundsunda,Grundsunda,TRUE,Västern. 1.,617,https://runeberg.org/statskal/1931/0617.html
1931,Härnösands,Sundsvalls,Ljustorp,Ljustorp,TRUE,Västern. 1.,617,https://runeberg.org/statskal/1931/0617.html
1931,Härnösands,Sundsvalls,Hässjö o. Tynderö,Hässjö,TRUE,Västern. 1.,617,https://runeberg.org/statskal/1931/0617.html
1931,Härnösands,Sundsvalls,Hässjö o. Tynderö,Tynderö,FALSE,Västern. 1.,617,https://runeberg.org/statskal/1931/0617.html
1931,Härnösands,Sundsvalls,Skön o. Skönsmon,Skön,TRUE,Västern. 1.,617,https://runeberg.org/statskal/1931/0617.html
1931,Härnösands,Sundsvalls,Skön o. Skönsmon,Skönsmon,FALSE,Västern. 1.,617,https://runeberg.org/statskal/1931/0617.html
1931,Härnösands,Sundsvalls,Alnö,Alnö,TRUE,Västern. 1.,617,https://runeberg.org/statskal/1931/0617.html
1931,Härnösands,Sundsvalls,Timrå,Timrå,TRUE,Västern. 1.,617,https://runeberg.org/statskal/1931/0617.html
1931,Härnösands,Sundsvalls,Sundsvall,Sundsvall,TRUE,Västern. 1.,617,https://runeberg.org/statskal/1931/0617.html
1931,Härnösands,Sundsvalls,Indal,Indal,TRUE,Västern. 1.,617,https://runeberg.org/statskal/1931/0617.html
1931,Härnösands,Sundsvalls,Indals«Liden o. Holm,Indals Liden,TRUE,Västern. 1.,617,https://runeberg.org/statskal/1931/0617.html
1931,Härnösands,Sundsvalls,Indals«Liden o. Holm,Holm,FALSE,Västern. 1.,617,https://runeberg.org/statskal/1931/0617.html
1931,Härnösands,Sundsvalls,Njurunda,Njurunda,TRUE,Västern. 1.,617,https://runeberg.org/statskal/1931/0617.html
1931,Härnösands,Ljunga,Selånger,Selånger,TRUE,Västern. 1.,618,https://runeberg.org/statskal/1931/0618.html
1931,Härnösands,Ljunga,Sättna,Sättna,TRUE,Västern. 1.,618,https://runeberg.org/statskal/1931/0618.html
1931,Härnösands,Ljunga,Torp,Torp,TRUE,Västern. 1.,618,https://runeberg.org/statskal/1931/0618.html
1931,Härnösands,Ljunga,Borgsjö,Borgsjö,TRUE,Västern. 1.,618,https://runeberg.org/statskal/1931/0618.html
1931,Härnösands,Ljunga,Stode,Stode,TRUE,Västern. 1.,618,https://runeberg.org/statskal/1931/0618.html
1931,Härnösands,Ljunga,Tuna,Tuna,TRUE,Västern. 1.,618,https://runeberg.org/statskal/1931/0618.html
1931,Härnösands,Ljunga,Attmar,Attmar,TRUE,Västern. 1.,618,https://runeberg.org/statskal/1931/0618.html
1931,Härnösands,Ljunga,Haverö,Haverö,TRUE,Västern. 1.,618,https://runeberg.org/statskal/1931/0618.html
1931,Härnösands,Ströms,Hammerdal o. Gåxsjö,Hammerdal,TRUE,Jämtl. 1.,618,https://runeberg.org/statskal/1931/0618.html
1931,Härnösands,Ströms,Hammerdal o. Gåxsjö,Gåxsjö,FALSE,Jämtl. 1.,618,https://runeberg.org/statskal/1931/0618.html
1931,Härnösands,Ströms,Ström,Ström,TRUE,Jämtl. 1.,618,https://runeberg.org/statskal/1931/0618.html
1931,Härnösands,Ströms,Alanäs,Alanäs,TRUE,Jämtl. 1.,618,https://runeberg.org/statskal/1931/0618.html
1931,Härnösands,Ströms,Lit o. Kyrkås,Lit,TRUE,Jämtl. 1.,618,https://runeberg.org/statskal/1931/0618.html
1931,Härnösands,Ströms,Lit o. Kyrkås,Kyrkås,FALSE,Jämtl. 1.,618,https://runeberg.org/statskal/1931/0618.html
1931,Härnösands,Ströms,Häggenås,Häggenås,TRUE,Jämtl. 1.,618,https://runeberg.org/statskal/1931/0618.html
1931,Härnösands,Ströms,"Rödön, Näskott, Aspås o. Ås",Rödön,TRUE,Jämtl. 1.,618,https://runeberg.org/statskal/1931/0618.html
1931,Härnösands,Ströms,"Rödön, Näskott, Aspås o. Ås",Näskott,FALSE,Jämtl. 1.,618,https://runeberg.org/statskal/1931/0618.html
1931,Härnösands,Ströms,"Rödön, Näskott, Aspås o. Ås",Aspås,FALSE,Jämtl. 1.,618,https://runeberg.org/statskal/1931/0618.html
1931,Härnösands,Ströms,"Rödön, Näskott, Aspås o. Ås",Ås,FALSE,Jämtl. 1.,618,https://runeberg.org/statskal/1931/0618.html
1931,Härnösands,Ströms,"Föllinge, Laxsjö o. Hotagen",Föllinge,TRUE,Jämtl. 1.,618,https://runeberg.org/statskal/1931/0618.html
1931,Härnösands,Ströms,"Föllinge, Laxsjö o. Hotagen",Laxsjö,FALSE,Jämtl. 1.,618,https://runeberg.org/statskal/1931/0618.html
1931,Härnösands,Ströms,"Föllinge, Laxsjö o. Hotagen",Hotagen,FALSE,Jämtl. 1.,618,https://runeberg.org/statskal/1931/0618.html
1931,Härnösands,Ströms,Frostviken,Frostviken,TRUE,Jämtl. 1.,618,https://runeberg.org/statskal/1931/0618.html
1931,Härnösands,Östersunds,"Revsund, Sundsjö o. Bodsjö",Revsund,TRUE,Jämtl. 1.,618,https://runeberg.org/statskal/1931/0618.html
1931,Härnösands,Östersunds,"Revsund, Sundsjö o. Bodsjö",Sundsjö,FALSE,Jämtl. 1.,618,https://runeberg.org/statskal/1931/0618.html
1931,Härnösands,Östersunds,"Revsund, Sundsjö o. Bodsjö",Bodsjö,FALSE,Jämtl. 1.,618,https://runeberg.org/statskal/1931/0618.html
1931,Härnösands,Östersunds,Bräcke o. Nyhem,Bräcke,TRUE,Jämtl. 1.,618,https://runeberg.org/statskal/1931/0618.html
1931,Härnösands,Östersunds,Bräcke o. Nyhem,Nyhem,FALSE,Jämtl. 1.,618,https://runeberg.org/statskal/1931/0618.html
1931,Härnösands,Östersunds,"Brunflo, Marieby o. Lockne",Brunflo,TRUE,Jämtl. 1.,618,https://runeberg.org/statskal/1931/0618.html
1931,Härnösands,Östersunds,"Brunflo, Marieby o. Lockne",Marieby,FALSE,Jämtl. 1.,618,https://runeberg.org/statskal/1931/0618.html
1931,Härnösands,Östersunds,"Brunflo, Marieby o. Lockne",Lockne,FALSE,Jämtl. 1.,618,https://runeberg.org/statskal/1931/0618.html
1931,Härnösands,Östersunds,Östersund. «,Östersund,TRUE,Jämtl. 1.,618,https://runeberg.org/statskal/1931/0618.html
1931,Härnösands,Östersunds,"Näs, Hackås o. Gillhov",Näs,TRUE,Jämtl. 1.,619,https://runeberg.org/statskal/1931/0619.html
1931,Härnösands,Östersunds,"Näs, Hackås o. Gillhov",Hackås,FALSE,Jämtl. 1.,619,https://runeberg.org/statskal/1931/0619.html
1931,Härnösands,Östersunds,"Näs, Hackås o. Gillhov",Gillhov,FALSE,Jämtl. 1.,619,https://runeberg.org/statskal/1931/0619.html
1931,Härnösands,Östersunds,Sunne o. Norderön,Sunne,TRUE,Jämtl. 1.,619,https://runeberg.org/statskal/1931/0619.html
1931,Härnösands,Östersunds,Sunne o. Norderön,Norderön,FALSE,Jämtl. 1.,619,https://runeberg.org/statskal/1931/0619.html
1931,Härnösands,Östersunds,Frösön,Frösön,TRUE,Jämtl. 1.,619,https://runeberg.org/statskal/1931/0619.html
1931,Härnösands,Östersunds,Ragunda,Ragunda,TRUE,Jämtl. 1.,619,https://runeberg.org/statskal/1931/0619.html
1931,Härnösands,Östersunds,Hällesjö o. Håsjö,Hällesjö,TRUE,Jämtl. 1.,619,https://runeberg.org/statskal/1931/0619.html
1931,Härnösands,Östersunds,Hällesjö o. Håsjö,Håsjö,FALSE,Jämtl. 1.,619,https://runeberg.org/statskal/1931/0619.html
1931,Härnösands,Östersunds,Fors,Fors,TRUE,Jämtl. 1.,619,https://runeberg.org/statskal/1931/0619.html
1931,Härnösands,Östersunds,Stugun o. Borgvattnet,Stugun,TRUE,Jämtl. 1.,619,https://runeberg.org/statskal/1931/0619.html
1931,Härnösands,Östersunds,Stugun o. Borgvattnet,Borgvattnet,FALSE,Jämtl. 1.,619,https://runeberg.org/statskal/1931/0619.html
1931,Härnösands,Härjedalens,Berg o. Åsarne,Berg,TRUE,Jämtl. 1.,619,https://runeberg.org/statskal/1931/0619.html
1931,Härnösands,Härjedalens,Berg o. Åsarne,Åsarne,FALSE,Jämtl. 1.,619,https://runeberg.org/statskal/1931/0619.html
1931,Härnösands,Härjedalens,Rätan o. Klövsjö,Rätan,TRUE,Jämtl. 1.,619,https://runeberg.org/statskal/1931/0619.html
1931,Härnösands,Härjedalens,Rätan o. Klövsjö,Klövsjö,FALSE,Jämtl. 1.,619,https://runeberg.org/statskal/1931/0619.html
1931,Härnösands,Härjedalens,"Sveg, Älvros o. Linsäll",Sveg,TRUE,Jämtl. 1.,619,https://runeberg.org/statskal/1931/0619.html
1931,Härnösands,Härjedalens,"Sveg, Älvros o. Linsäll",Älvros,FALSE,Jämtl. 1.,619,https://runeberg.org/statskal/1931/0619.html
1931,Härnösands,Härjedalens,"Sveg, Älvros o. Linsäll",Linsäll,FALSE,Jämtl. 1.,619,https://runeberg.org/statskal/1931/0619.html
1931,Härnösands,Härjedalens,"Hede, Vemdalen o. Storsjö",Hede,TRUE,Jämtl. 1.,619,https://runeberg.org/statskal/1931/0619.html
1931,Härnösands,Härjedalens,"Hede, Vemdalen o. Storsjö",Vemdalen,FALSE,Jämtl. 1.,619,https://runeberg.org/statskal/1931/0619.html
1931,Härnösands,Härjedalens,"Hede, Vemdalen o. Storsjö",Storsjö,FALSE,Jämtl. 1.,619,https://runeberg.org/statskal/1931/0619.html
1931,Härnösands,Härjedalens,Tännäs o. Ljusnedal,Tännäs,TRUE,Jämtl. 1.,619,https://runeberg.org/statskal/1931/0619.html
1931,Härnösands,Härjedalens,Tännäs o. Ljusnedal,Ljusnedal,FALSE,Jämtl. 1.,619,https://runeberg.org/statskal/1931/0619.html
1931,Härnösands,Härjedalens,Lillhärdal,Lillhärdal,TRUE,Jämtl. 1.,619,https://runeberg.org/statskal/1931/0619.html
1931,Härnösands,Härjedalens,"Ytterhogdal, Överhogdal o. Ängersjö",Ytterhogdal,TRUE,Jämtl. 1.,619,https://runeberg.org/statskal/1931/0619.html
1931,Härnösands,Härjedalens,"Ytterhogdal, Överhogdal o. Ängersjö",Överhogdal,FALSE,Jämtl. 1.,619,https://runeberg.org/statskal/1931/0619.html
1931,Härnösands,Härjedalens,"Ytterhogdal, Överhogdal o. Ängersjö",Ängersjö,FALSE,Jämtl. 1.,619,https://runeberg.org/statskal/1931/0619.html
1931,Härnösands,Undersåkers,Oviken o. Myssjö,Oviken,TRUE,Jämtl. 1.,619,https://runeberg.org/statskal/1931/0619.html
1931,Härnösands,Undersåkers,Oviken o. Myssjö,Myssjö,FALSE,Jämtl. 1.,619,https://runeberg.org/statskal/1931/0619.html
1931,Härnösands,Undersåkers,Undersåker o. Mörsil,Undersåker,TRUE,Jämtl. 1.,619,https://runeberg.org/statskal/1931/0619.html
1931,Härnösands,Undersåkers,Undersåker o. Mörsil,Mörsil,FALSE,Jämtl. 1.,619,https://runeberg.org/statskal/1931/0619.html
1931,Härnösands,Undersåkers,Åre,Åre,TRUE,Jämtl. 1.,619,https://runeberg.org/statskal/1931/0619.html
1931,Härnösands,Undersåkers,Kall,Kall,TRUE,Jämtl. 1.,619,https://runeberg.org/statskal/1931/0619.html
1931,Härnösands,Undersåkers,Alsen o. Mattmar,Alsen,TRUE,Jämtl. 1.,619,https://runeberg.org/statskal/1931/0619.html
1931,Härnösands,Undersåkers,Alsen o. Mattmar,Mattmar,FALSE,Jämtl. 1.,619,https://runeberg.org/statskal/1931/0619.html
1931,Härnösands,Undersåkers,Offerdal,Offerdal,TRUE,Jämtl. 1.,619,https://runeberg.org/statskal/1931/0619.html
1931,Härnösands,Undersåkers,Hallen o. Marby,Hallen,TRUE,Jämtl. 1.,619,https://runeberg.org/statskal/1931/0619.html
1931,Härnösands,Undersåkers,Hallen o. Marby,Marby,FALSE,Jämtl. 1.,619,https://runeberg.org/statskal/1931/0619.html
1931,Luleå,Västerbottens södra,Nordmaling,Nordmaling,TRUE,Västerb. 1.,620,https://runeberg.org/statskal/1931/0620.html
1931,Luleå,Västerbottens södra,Hörnefors,Hörnefors,TRUE,Västerb. 1.,620,https://runeberg.org/statskal/1931/0620.html
1931,Luleå,Västerbottens södra,Bjurholm,Bjurholm,TRUE,Västerb. 1.,620,https://runeberg.org/statskal/1931/0620.html
1931,Luleå,Västerbottens södra,Umeå stad,Umeå stad,TRUE,Västerb. 1.,620,https://runeberg.org/statskal/1931/0620.html
1931,Luleå,Västerbottens södra,Umeå landsförsamling,Umeå landsförsamling,TRUE,Västerb. 1.,620,https://runeberg.org/statskal/1931/0620.html
1931,Luleå,Västerbottens södra,Holmsund,Holmsund,TRUE,Västerb. 1.,620,https://runeberg.org/statskal/1931/0620.html
1931,Luleå,Västerbottens södra,Sävar o. Holmön,Sävar,TRUE,Västerb. 1.,620,https://runeberg.org/statskal/1931/0620.html
1931,Luleå,Västerbottens södra,Sävar o. Holmön,Holmön,FALSE,Västerb. 1.,620,https://runeberg.org/statskal/1931/0620.html
1931,Luleå,Västerbottens södra,Vännäs,Vännäs,TRUE,Västerb. 1.,620,https://runeberg.org/statskal/1931/0620.html
1931,Luleå,Västerbottens södra,Degerfors,Degerfors,TRUE,Västerb. 1.,620,https://runeberg.org/statskal/1931/0620.html
1931,Luleå,Västerbottens södra,Bygdeå o. Robertsfors,Bygdeå,TRUE,Västerb. 1.,620,https://runeberg.org/statskal/1931/0620.html
1931,Luleå,Västerbottens södra,Bygdeå o. Robertsfors,Robertsfors,FALSE,Västerb. 1.,620,https://runeberg.org/statskal/1931/0620.html
1931,Luleå,Västerbottens norra,Nysätra,Nysätra,TRUE,Västerb. 1.,620,https://runeberg.org/statskal/1931/0620.html
1931,Luleå,Västerbottens norra,Lövånger,Lövånger,TRUE,Västerb. 1.,620,https://runeberg.org/statskal/1931/0620.html
1931,Luleå,Västerbottens norra,Skellefteå landsförsamling,Skellefteå landsförsamling,TRUE,Västerb. 1.,620,https://runeberg.org/statskal/1931/0620.html
1931,Luleå,Västerbottens norra,Bureå,Bureå,TRUE,Västerb. 1.,620,https://runeberg.org/statskal/1931/0620.html
1931,Luleå,Västerbottens norra,Skellefteå stad,Skellefteå stad,TRUE,Västerb. 1.,620,https://runeberg.org/statskal/1931/0620.html
1931,Luleå,Västerbottens norra,Byske o. Fällfors,Byske,TRUE,Västerb. 1.,620,https://runeberg.org/statskal/1931/0620.html
1931,Luleå,Västerbottens norra,Byske o. Fällfors,Fällfors,FALSE,Västerb. 1.,620,https://runeberg.org/statskal/1931/0620.html
1931,Luleå,Västerbottens norra,Norsjö,Norsjö,TRUE,Västerb. 1.,620,https://runeberg.org/statskal/1931/0620.html
1931,Luleå,Västerbottens norra,Jörn,Jörn,TRUE,Västerb. 1.,621,https://runeberg.org/statskal/1931/0621.html
1931,Luleå,Västerbottens norra,Burträsk o. Kalvträsk,Burträsk,TRUE,Västerb. 1.,621,https://runeberg.org/statskal/1931/0621.html
1931,Luleå,Västerbottens norra,Burträsk o. Kalvträsk,Kalvträsk,FALSE,Västerb. 1.,621,https://runeberg.org/statskal/1931/0621.html
1931,Luleå,Norrbottens södra,Piteå landsförsamling,Piteå landsförsamling,TRUE,Norrb. 1.,621,https://runeberg.org/statskal/1931/0621.html
1931,Luleå,Norrbottens södra,Norrfjärden,Norrfjärden,TRUE,Norrb. 1.,621,https://runeberg.org/statskal/1931/0621.html
1931,Luleå,Norrbottens södra,Hortlax,Hortlax,TRUE,Norrb. 1.,621,https://runeberg.org/statskal/1931/0621.html
1931,Luleå,Norrbottens södra,Piteå stad,Piteå stad,TRUE,Norrb. 1.,621,https://runeberg.org/statskal/1931/0621.html
1931,Luleå,Norrbottens södra,Älvsby,Älvsby,TRUE,Norrb. 1.,621,https://runeberg.org/statskal/1931/0621.html
1931,Luleå,Norrbottens södra,Nederluleå,Nederluleå,TRUE,Norrb. 1.,621,https://runeberg.org/statskal/1931/0621.html
1931,Luleå,Norrbottens södra,Luleå stad,Luleå stad,TRUE,Norrb. 1.,621,https://runeberg.org/statskal/1931/0621.html
1931,Luleå,Norrbottens södra,Nederkalix,Nederkalix,TRUE,Norrb. 1.,621,https://runeberg.org/statskal/1931/0621.html
1931,Luleå,Norrbottens södra,Töre,Töre,TRUE,Norrb. 1.,621,https://runeberg.org/statskal/1931/0621.html
1931,Luleå,Norrbottens södra,Överluleå,Överluleå,TRUE,Norrb. 1.,621,https://runeberg.org/statskal/1931/0621.html
1931,Luleå,Norrbottens södra,Edefors,Edefors,TRUE,Norrb. 1.,621,https://runeberg.org/statskal/1931/0621.html
1931,Luleå,Norrbottens södra,Råneå,Råneå,TRUE,Norrb. 1.,621,https://runeberg.org/statskal/1931/0621.html
1931,Luleå,Norrbottens norra,Överkalix,Överkalix,TRUE,Norrb. 1.,621,https://runeberg.org/statskal/1931/0621.html
1931,Luleå,Norrbottens norra,Övertorneå,Övertorneå,TRUE,Norrb. 1.,621,https://runeberg.org/statskal/1931/0621.html
1931,Luleå,Norrbottens norra,Korpilombolo,Korpilombolo,TRUE,Norrb. 1.,621,https://runeberg.org/statskal/1931/0621.html
1931,Luleå,Norrbottens norra,Hietaniemi,Hietaniemi,TRUE,Norrb. 1.,621,https://runeberg.org/statskal/1931/0621.html
1931,Luleå,Norrbottens norra,Nedertorneå-Haparanda,Nedertorneå-Haparanda,TRUE,Norrb. 1.,622,https://runeberg.org/statskal/1931/0622.html
1931,Luleå,Norrbottens norra,"Paj al a, Junosuando o. Muonionalusta",Paj al a,TRUE,Norrb. 1.,622,https://runeberg.org/statskal/1931/0622.html
1931,Luleå,Norrbottens norra,"Paj al a, Junosuando o. Muonionalusta",Junosuando,FALSE,Norrb. 1.,622,https://runeberg.org/statskal/1931/0622.html
1931,Luleå,Norrbottens norra,"Paj al a, Junosuando o. Muonionalusta",Muonionalusta,FALSE,Norrb. 1.,622,https://runeberg.org/statskal/1931/0622.html
1931,Luleå,Norrbottens norra,Tärendö,Tärendö,TRUE,Norrb. 1.,622,https://runeberg.org/statskal/1931/0622.html
1931,Luleå,Norrbottens norra,Karl Gustav,Karl Gustav,TRUE,Norrb. 1.,622,https://runeberg.org/statskal/1931/0622.html
1931,Luleå,Lappmarkens första,Lycksele,Lycksele,TRUE,Västerb. 1.,622,https://runeberg.org/statskal/1931/0622.html
1931,Luleå,Lappmarkens första,Örträsk,Örträsk,TRUE,Västerb. 1.,622,https://runeberg.org/statskal/1931/0622.html
1931,Luleå,Lappmarkens första,Fredrika,Fredrika,TRUE,Västerb. 1.,622,https://runeberg.org/statskal/1931/0622.html
1931,Luleå,Lappmarkens första,Åsele,Åsele,TRUE,Västerb. 1.,622,https://runeberg.org/statskal/1931/0622.html
1931,Luleå,Lappmarkens första,Dorotea o. Risbäck,Dorotea,TRUE,Västerb. 1.,622,https://runeberg.org/statskal/1931/0622.html
1931,Luleå,Lappmarkens första,Dorotea o. Risbäck,Risbäck,FALSE,Västerb. 1.,622,https://runeberg.org/statskal/1931/0622.html
1931,Luleå,Lappmarkens första,Vilhelmina,Vilhelmina,TRUE,Västerb. 1.,622,https://runeberg.org/statskal/1931/0622.html
1931,Luleå,Lappmarkens tredje,Jokkmokk o. Kvikkjokk,Jokkmokk,TRUE,Norrb. 1.,623,https://runeberg.org/statskal/1931/0623.html
1931,Luleå,Lappmarkens tredje,Jokkmokk o. Kvikkjokk,Kvikkjokk,FALSE,Norrb. 1.,623,https://runeberg.org/statskal/1931/0623.html
1931,Luleå,Lappmarkens tredje,Gällivare,Gällivare,TRUE,Norrb. 1.,623,https://runeberg.org/statskal/1931/0623.html
1931,Luleå,Lappmarkens tredje,Jukkasjärvi o. Vittangi,Jukkasjärvi,TRUE,Norrb. 1.,623,https://runeberg.org/statskal/1931/0623.html
1931,Luleå,Lappmarkens tredje,Jukkasjärvi o. Vittangi,Vittangi,FALSE,Norrb. 1.,623,https://runeberg.org/statskal/1931/0623.html
1931,Luleå,Lappmarkens tredje,Karesuando,Karesuando,TRUE,Norrb. 1.,623,https://runeberg.org/statskal/1931/0623.html
