year,stift,kontrakt,pastorat,parish,is_mother,county_raw,page,url
1866,Upsala,Domprosteriet,Upsala stad,Upsala stad,TRUE,NA,339,https://runeberg.org/sonkal/1866/0339.html
1866,Upsala,Waksala,Waksala,Waksala,TRUE,NA,339,https://runeberg.org/sonkal/1866/0339.html
1866,Upsala,Waksala,Danmark,Danmark,TRUE,NA,339,https://runeberg.org/sonkal/1866/0339.html
1866,Upsala,Waksala,Gamla Upsala,Gamla Upsala,TRUE,NA,339,https://runeberg.org/sonkal/1866/0339.html
1866,Upsala,Waksala,Funbo,Funbo,TRUE,NA,339,https://runeberg.org/sonkal/1866/0339.html
1866,Upsala,Waksala,Lagga,Lagga,TRUE,NA,339,https://runeberg.org/sonkal/1866/0339.html
1866,Upsala,Närdinghundra,Almunge,Almunge,TRUE,NA,339,https://runeberg.org/sonkal/1866/0339.html
1866,Upsala,Närdinghundra,Knutby,Knutby,TRUE,NA,339,https://runeberg.org/sonkal/1866/0339.html
1866,Upsala,Närdinghundra,Ununge,Ununge,TRUE,NA,339,https://runeberg.org/sonkal/1866/0339.html
1866,Upsala,Närdinghundra,Edebo,Edebo,TRUE,NA,339,https://runeberg.org/sonkal/1866/0339.html
1866,Upsala,Närdinghundra,Häfverö,Häfverö,TRUE,NA,339,https://runeberg.org/sonkal/1866/0339.html
1866,Upsala,Olands och Frösåkers,Alunda,Alunda,TRUE,NA,339,https://runeberg.org/sonkal/1866/0339.html
1866,Upsala,Olands och Frösåkers,Tuna,Tuna,TRUE,NA,339,https://runeberg.org/sonkal/1866/0339.html
1866,Upsala,Olands och Frösåkers,Öregrund,Öregrund,TRUE,NA,339,https://runeberg.org/sonkal/1866/0339.html
1866,Upsala,Olands och Frösåkers,Harg,Harg,TRUE,NA,339,https://runeberg.org/sonkal/1866/0339.html
1866,Upsala,Olands och Frösåkers,Forsmark,Forsmark,TRUE,NA,339,https://runeberg.org/sonkal/1866/0339.html
1866,Upsala,Olands och Frösåkers,Hökhufvud,Hökhufvud,TRUE,NA,340,https://runeberg.org/sonkal/1866/0340.html
1866,Upsala,Olands och Frösåkers,Walo,Walo,TRUE,NA,340,https://runeberg.org/sonkal/1866/0340.html
1866,Upsala,Olands och Frösåkers,Ekeby,Ekeby,TRUE,NA,340,https://runeberg.org/sonkal/1866/0340.html
1866,Upsala,Lyhundra,Wäddö,Wäddö,TRUE,NA,340,https://runeberg.org/sonkal/1866/0340.html
1866,Upsala,Lyhundra,Söderby-Carls,Söderby-Carls,TRUE,NA,340,https://runeberg.org/sonkal/1866/0340.html
1866,Upsala,Lyhundra,Wätö,Wätö,TRUE,NA,340,https://runeberg.org/sonkal/1866/0340.html
1866,Upsala,Lyhundra,Bro,Bro,TRUE,NA,340,https://runeberg.org/sonkal/1866/0340.html
1866,Upsala,Lyhundra,Lohärad,Lohärad,TRUE,NA,340,https://runeberg.org/sonkal/1866/0340.html
1866,Upsala,Sjuhundra,Rimbo,Rimbo,TRUE,NA,340,https://runeberg.org/sonkal/1866/0340.html
1866,Upsala,Sjuhundra,Husby,Husby,TRUE,NA,340,https://runeberg.org/sonkal/1866/0340.html
1866,Upsala,Sjuhundra,Frötuna,Frötuna,TRUE,NA,340,https://runeberg.org/sonkal/1866/0340.html
1866,Upsala,Sjuhundra,Norrtelge stad,Norrtelge stad,TRUE,NA,340,https://runeberg.org/sonkal/1866/0340.html
1866,Upsala,Sjuhundra,Länna,Länna,TRUE,NA,340,https://runeberg.org/sonkal/1866/0340.html
1866,Upsala,Sjuhundra,Fasterna,Fasterna,TRUE,NA,340,https://runeberg.org/sonkal/1866/0340.html
1866,Upsala,Sjuhundra,Riala,Riala,TRUE,NA,340,https://runeberg.org/sonkal/1866/0340.html
1866,Upsala,Hagunda,Hagby,Hagby,TRUE,NA,340,https://runeberg.org/sonkal/1866/0340.html
1866,Upsala,Hagunda,Wester-Aker,Wester-Aker,TRUE,NA,340,https://runeberg.org/sonkal/1866/0340.html
1866,Upsala,Hagunda,Tibble,Tibble,TRUE,NA,340,https://runeberg.org/sonkal/1866/0340.html
1866,Upsala,Hagunda,Balingsta,Balingsta,TRUE,NA,340,https://runeberg.org/sonkal/1866/0340.html
1866,Upsala,Hagunda,Järlåsa,Järlåsa,TRUE,NA,340,https://runeberg.org/sonkal/1866/0340.html
1866,Upsala,Lagunda,Biskopskulla,Biskopskulla,TRUE,NA,340,https://runeberg.org/sonkal/1866/0340.html
1866,Upsala,Lagunda,Giresta,Giresta,TRUE,NA,340,https://runeberg.org/sonkal/1866/0340.html
1866,Upsala,Lagunda,Långtora,Långtora,TRUE,NA,340,https://runeberg.org/sonkal/1866/0340.html
1866,Upsala,Lagunda,Holm,Holm,TRUE,NA,340,https://runeberg.org/sonkal/1866/0340.html
1866,Upsala,Lagunda,Fitia,Fitia,TRUE,NA,340,https://runeberg.org/sonkal/1866/0340.html
1866,Upsala,Lagunda,Nysätra,Nysätra,TRUE,NA,340,https://runeberg.org/sonkal/1866/0340.html
1866,Upsala,Fjerdhundra Södra,Norrby,Norrby,TRUE,NA,340,https://runeberg.org/sonkal/1866/0340.html
1866,Upsala,Fjerdhundra Södra,Simtuna,Simtuna,TRUE,NA,340,https://runeberg.org/sonkal/1866/0340.html
1866,Upsala,Fjerdhundra Södra,Hvittinge,Hvittinge,TRUE,NA,340,https://runeberg.org/sonkal/1866/0340.html
1866,Upsala,Fjerdhundra Södra,Frösthult,Frösthult,TRUE,NA,340,https://runeberg.org/sonkal/1866/0340.html
1866,Upsala,Fjerdhundra Södra,Tärna,Tärna,TRUE,NA,340,https://runeberg.org/sonkal/1866/0340.html
1866,Upsala,Fjerdhundra Södra,Thorstuna,Thorstuna,TRUE,NA,340,https://runeberg.org/sonkal/1866/0340.html
1866,Upsala,Fjerdhundra Södra,Wester-Löfsta,Wester-Löfsta,TRUE,NA,340,https://runeberg.org/sonkal/1866/0340.html
1866,Upsala,Trögds,Weckholm,Weckholm,TRUE,NA,340,https://runeberg.org/sonkal/1866/0340.html
1866,Upsala,Trögds,Litslena,Litslena,TRUE,NA,341,https://runeberg.org/sonkal/1866/0341.html
1866,Upsala,Trögds,Hacksta,Hacksta,TRUE,NA,341,https://runeberg.org/sonkal/1866/0341.html
1866,Upsala,Trögds,Lillkyrka,Lillkyrka,TRUE,NA,341,https://runeberg.org/sonkal/1866/0341.html
1866,Upsala,Trögds,Husby-Sjutolft,Husby-Sjutolft,TRUE,NA,341,https://runeberg.org/sonkal/1866/0341.html
1866,Upsala,Trögds,Wallby,Wallby,TRUE,NA,341,https://runeberg.org/sonkal/1866/0341.html
1866,Upsala,Trögds,Willberga,Willberga,TRUE,NA,341,https://runeberg.org/sonkal/1866/0341.html
1866,Upsala,A sunda,Enköping,Enköping,TRUE,NA,341,https://runeberg.org/sonkal/1866/0341.html
1866,Upsala,A sunda,Tillinge,Tillinge,TRUE,NA,341,https://runeberg.org/sonkal/1866/0341.html
1866,Upsala,A sunda,Näs,Näs,TRUE,NA,341,https://runeberg.org/sonkal/1866/0341.html
1866,Upsala,A sunda,Teda,Teda,TRUE,NA,341,https://runeberg.org/sonkal/1866/0341.html
1866,Upsala,A sunda,Sparrsätra,Sparrsätra,TRUE,NA,341,https://runeberg.org/sonkal/1866/0341.html
1866,Upsala,Erlinghundra,Odensala,Odensala,TRUE,NA,341,https://runeberg.org/sonkal/1866/0341.html
1866,Upsala,Erlinghundra,Wassunda,Wassunda,TRUE,NA,341,https://runeberg.org/sonkal/1866/0341.html
1866,Upsala,Erlinghundra,Sigtuna,Sigtuna,TRUE,NA,341,https://runeberg.org/sonkal/1866/0341.html
1866,Upsala,Erlinghundra,Alsike,Alsike,TRUE,NA,341,https://runeberg.org/sonkal/1866/0341.html
1866,Upsala,Seminghundra,Närtuna,Närtuna,TRUE,NA,341,https://runeberg.org/sonkal/1866/0341.html
1866,Upsala,Seminghundra,Widbo,Widbo,TRUE,NA,341,https://runeberg.org/sonkal/1866/0341.html
1866,Upsala,Seminghundra,Frösunda,Frösunda,TRUE,NA,341,https://runeberg.org/sonkal/1866/0341.html
1866,Upsala,Seminghundra,Skeptuna,Skeptuna,TRUE,NA,341,https://runeberg.org/sonkal/1866/0341.html
1866,Upsala,Seminghundra,Markim,Markim,TRUE,NA,341,https://runeberg.org/sonkal/1866/0341.html
1866,Upsala,Seminghundra,Skånella,Skånella,TRUE,NA,341,https://runeberg.org/sonkal/1866/0341.html
1866,Upsala,Häbo,Öfver-Gran,Öfver-Gran,TRUE,NA,341,https://runeberg.org/sonkal/1866/0341.html
1866,Upsala,Häbo,Kallmar,Kallmar,TRUE,NA,341,https://runeberg.org/sonkal/1866/0341.html
1866,Upsala,Häbo,Vestra Ryd,Vestra Ryd,TRUE,NA,341,https://runeberg.org/sonkal/1866/0341.html
1866,Upsala,Häbo,Bro,Bro,TRUE,NA,341,https://runeberg.org/sonkal/1866/0341.html
1866,Upsala,Häbo,Häggeby,Häggeby,TRUE,NA,341,https://runeberg.org/sonkal/1866/0341.html
1866,Upsala,Häbo,Håtuna,Håtuna,TRUE,NA,341,https://runeberg.org/sonkal/1866/0341.html
1866,Upsala,Häbo,Skokloster,Skokloster,TRUE,NA,341,https://runeberg.org/sonkal/1866/0341.html
1866,Upsala,Boslags Westra,Ed,Ed,TRUE,NA,341,https://runeberg.org/sonkal/1866/0341.html
1866,Upsala,Boslags Westra,Wallentuna,Wallentuna,TRUE,NA,341,https://runeberg.org/sonkal/1866/0341.html
1866,Upsala,Boslags Westra,Bromma,Bromma,TRUE,NA,341,https://runeberg.org/sonkal/1866/0341.html
1866,Upsala,Boslags Westra,Spånga,Spånga,TRUE,NA,341,https://runeberg.org/sonkal/1866/0341.html
1866,Upsala,Boslags Westra,Fresta,Fresta,TRUE,NA,341,https://runeberg.org/sonkal/1866/0341.html
1866,Upsala,Boslags Westra,Wada,Wada,TRUE,NA,341,https://runeberg.org/sonkal/1866/0341.html
1866,Upsala,Boslags Westra,Össeby-Garn,Össeby-Garn,TRUE,NA,341,https://runeberg.org/sonkal/1866/0341.html
1866,Upsala,Svartsjö,Färentuna,Färentuna,TRUE,NA,341,https://runeberg.org/sonkal/1866/0341.html
1866,Upsala,Svartsjö,Ekerö,Ekerö,TRUE,NA,341,https://runeberg.org/sonkal/1866/0341.html
1866,Upsala,Svartsjö,Sånga,Sånga,TRUE,NA,341,https://runeberg.org/sonkal/1866/0341.html
1866,Upsala,Svartsjö,Adelsö,Adelsö,TRUE,NA,342,https://runeberg.org/sonkal/1866/0342.html
1866,Upsala,Svartsjö,Lofö,Lofö,TRUE,NA,342,https://runeberg.org/sonkal/1866/0342.html
1866,Upsala,Svartsjö,Munsö,Munsö,TRUE,NA,342,https://runeberg.org/sonkal/1866/0342.html
1866,Upsala,Boslags Östra,Täby,Täby,TRUE,NA,342,https://runeberg.org/sonkal/1866/0342.html
1866,Upsala,Boslags Östra,Danderyd,Danderyd,TRUE,NA,342,https://runeberg.org/sonkal/1866/0342.html
1866,Upsala,Boslags Östra,Östra Ryd,Östra Ryd,TRUE,NA,342,https://runeberg.org/sonkal/1866/0342.html
1866,Upsala,Boslags Östra,Öster-Åker,Öster-Åker,TRUE,NA,342,https://runeberg.org/sonkal/1866/0342.html
1866,Upsala,Boslags Östra,Waxholms stad,Waxholms stad,TRUE,NA,342,https://runeberg.org/sonkal/1866/0342.html
1866,Upsala,Boslags Östra,Solna,Solna,TRUE,NA,342,https://runeberg.org/sonkal/1866/0342.html
1866,Upsala,Boslags Östra,Wermdö,Wermdö,TRUE,NA,342,https://runeberg.org/sonkal/1866/0342.html
1866,Upsala,Ulleråkers,Bälinge,Bälinge,TRUE,NA,342,https://runeberg.org/sonkal/1866/0342.html
1866,Upsala,Ulleråkers,Börje,Börje,TRUE,NA,342,https://runeberg.org/sonkal/1866/0342.html
1866,Upsala,Ulleråkers,Näs,Näs,TRUE,NA,342,https://runeberg.org/sonkal/1866/0342.html
1866,Upsala,Ulleråkers,Wänge,Wänge,TRUE,NA,342,https://runeberg.org/sonkal/1866/0342.html
1866,Upsala,Ulleråkers,Åkerby,Åkerby,TRUE,NA,342,https://runeberg.org/sonkal/1866/0342.html
1866,Upsala,Ulleråkers,Skuttunge,Skuttunge,TRUE,NA,342,https://runeberg.org/sonkal/1866/0342.html
1866,Upsala,Norunda,Tensta,Tensta,TRUE,NA,342,https://runeberg.org/sonkal/1866/0342.html
1866,Upsala,Norunda,Björklinge,Björklinge,TRUE,NA,342,https://runeberg.org/sonkal/1866/0342.html
1866,Upsala,Norunda,Lena,Lena,TRUE,NA,342,https://runeberg.org/sonkal/1866/0342.html
1866,Upsala,Norunda,Erntuna,Erntuna,TRUE,NA,342,https://runeberg.org/sonkal/1866/0342.html
1866,Upsala,Norunda,Wiksta,Wiksta,TRUE,NA,342,https://runeberg.org/sonkal/1866/0342.html
1866,Upsala,Örbyhus,Tierp,Tierp,TRUE,NA,342,https://runeberg.org/sonkal/1866/0342.html
1866,Upsala,Örbyhus,Öster-Löfsta,Öster-Löfsta,TRUE,NA,342,https://runeberg.org/sonkal/1866/0342.html
1866,Upsala,Örbyhus,Elfkarleby,Elfkarleby,TRUE,NA,342,https://runeberg.org/sonkal/1866/0342.html
1866,Upsala,Örbyhus,Wessland,Wessland,TRUE,NA,342,https://runeberg.org/sonkal/1866/0342.html
1866,Upsala,Örbyhus,Tegelsmora,Tegelsmora,TRUE,NA,342,https://runeberg.org/sonkal/1866/0342.html
1866,Upsala,Örbyhus,Dannemora,Dannemora,TRUE,NA,342,https://runeberg.org/sonkal/1866/0342.html
1866,Upsala,Örbyhus,Film,Film,TRUE,NA,342,https://runeberg.org/sonkal/1866/0342.html
1866,Upsala,Örbyhus,Hållnäs,Hållnäs,TRUE,NA,342,https://runeberg.org/sonkal/1866/0342.html
1866,Upsala,Örbyhus,Wendel,Wendel,TRUE,NA,342,https://runeberg.org/sonkal/1866/0342.html
1866,Upsala,Örbyhus,Söderfors,Söderfors,TRUE,NA,342,https://runeberg.org/sonkal/1866/0342.html
1866,Upsala,Fjerdhundra Norra,Öster-Wåla,Öster-Wåla,TRUE,NA,342,https://runeberg.org/sonkal/1866/0342.html
1866,Upsala,Fjerdhundra Norra,Nora,Nora,TRUE,NA,342,https://runeberg.org/sonkal/1866/0342.html
1866,Upsala,Fjerdhundra Norra,Harbo,Harbo,TRUE,NA,342,https://runeberg.org/sonkal/1866/0342.html
1866,Upsala,Fjerdhundra Norra,Huddunge,Huddunge,TRUE,NA,342,https://runeberg.org/sonkal/1866/0342.html
1866,Upsala,Gefle,Gefle stad,Gefle stad,TRUE,NA,343,https://runeberg.org/sonkal/1866/0343.html
1866,Upsala,Gefle,Walbo,Walbo,TRUE,NA,343,https://runeberg.org/sonkal/1866/0343.html
1866,Upsala,Gefle,Hille,Hille,TRUE,NA,343,https://runeberg.org/sonkal/1866/0343.html
1866,Upsala,Gestriklands,Ugglebo,Ugglebo,TRUE,NA,343,https://runeberg.org/sonkal/1866/0343.html
1866,Upsala,Gestriklands,Hedesunda,Hedesunda,TRUE,NA,343,https://runeberg.org/sonkal/1866/0343.html
1866,Upsala,Gestriklands,Öster-Fernebo,Öster-Fernebo,TRUE,NA,343,https://runeberg.org/sonkal/1866/0343.html
1866,Upsala,Gestriklands,Arsunda,Arsunda,TRUE,NA,343,https://runeberg.org/sonkal/1866/0343.html
1866,Upsala,Gestriklands,Thorsåker,Thorsåker,TRUE,NA,343,https://runeberg.org/sonkal/1866/0343.html
1866,Upsala,Gestriklands,Ofvansjö,Ofvansjö,TRUE,NA,343,https://runeberg.org/sonkal/1866/0343.html
1866,Upsala,Gestriklands,Hamrånge,Hamrånge,TRUE,NA,343,https://runeberg.org/sonkal/1866/0343.html
1866,Upsala,Helsinglands Östra,Mo,Mo,TRUE,NA,343,https://runeberg.org/sonkal/1866/0343.html
1866,Upsala,Helsinglands Östra,Söderala,Söderala,TRUE,NA,343,https://runeberg.org/sonkal/1866/0343.html
1866,Upsala,Helsinglands Östra,Segersta,Segersta,TRUE,NA,343,https://runeberg.org/sonkal/1866/0343.html
1866,Upsala,Helsinglands Östra,Söderhamns stad,Söderhamns stad,TRUE,NA,343,https://runeberg.org/sonkal/1866/0343.html
1866,Upsala,Helsinglands Östra,Norrala,Norrala,TRUE,NA,343,https://runeberg.org/sonkal/1866/0343.html
1866,Upsala,Helsinglands Östra,Skog,Skog,TRUE,NA,343,https://runeberg.org/sonkal/1866/0343.html
1866,Upsala,Helsinglands Vestra Nedre,Bollnäs,Bollnäs,TRUE,NA,343,https://runeberg.org/sonkal/1866/0343.html
1866,Upsala,Helsinglands Vestra Nedre,Alfta,Alfta,TRUE,NA,343,https://runeberg.org/sonkal/1866/0343.html
1866,Upsala,Helsinglands Vestra Nedre,Arbrå,Arbrå,TRUE,NA,343,https://runeberg.org/sonkal/1866/0343.html
1866,Upsala,Helsinglands Vestra Nedre,Ofvanåker,Ofvanåker,TRUE,NA,343,https://runeberg.org/sonkal/1866/0343.html
1866,Upsala,Helsinglands Vestra Nedre,Woxna,Woxna,TRUE,NA,343,https://runeberg.org/sonkal/1866/0343.html
1866,Upsala,Helsinglands Vestra Öfre,Jerfsö,Jerfsö,TRUE,NA,343,https://runeberg.org/sonkal/1866/0343.html
1866,Upsala,Helsinglands Vestra Öfre,Ljusdal,Ljusdal,TRUE,NA,343,https://runeberg.org/sonkal/1866/0343.html
1866,Upsala,Helsinglands Vestra Öfre,Ramsjö,Ramsjö,TRUE,NA,343,https://runeberg.org/sonkal/1866/0343.html
1866,Upsala,Helsinglands Vestra Öfre,Färila,Färila,TRUE,NA,343,https://runeberg.org/sonkal/1866/0343.html
1866,Upsala,Helsinglands Vestra Öfre,Loos,Loos,TRUE,NA,343,https://runeberg.org/sonkal/1866/0343.html
1866,Upsala,Helsinglands Norra,Hudiksvall,Hudiksvall,TRUE,NA,343,https://runeberg.org/sonkal/1866/0343.html
1866,Upsala,Helsinglands Norra,Delsbo,Delsbo,TRUE,NA,343,https://runeberg.org/sonkal/1866/0343.html
1866,Upsala,Helsinglands Norra,Forsa,Forsa,TRUE,NA,343,https://runeberg.org/sonkal/1866/0343.html
1866,Upsala,Helsinglands Norra,Enånger,Enånger,TRUE,NA,343,https://runeberg.org/sonkal/1866/0343.html
1866,Upsala,Helsinglands Norra,Harmånger,Harmånger,TRUE,NA,343,https://runeberg.org/sonkal/1866/0343.html
1866,Upsala,Helsinglands Norra,Tuna,Tuna,TRUE,NA,343,https://runeberg.org/sonkal/1866/0343.html
1866,Upsala,Helsinglands Norra,Bergsjö,Bergsjö,TRUE,NA,343,https://runeberg.org/sonkal/1866/0343.html
1866,Upsala,Helsinglands Norra,Hassela,Hassela,TRUE,NA,343,https://runeberg.org/sonkal/1866/0343.html
1866,Upsala,Helsinglands Norra,Norrbo,Norrbo,TRUE,NA,343,https://runeberg.org/sonkal/1866/0343.html
1866,Upsala,Helsinglands Norra,Rogsta,Rogsta,TRUE,NA,343,https://runeberg.org/sonkal/1866/0343.html
1866,Upsala,Helsinglands Norra,Gnarp,Gnarp,TRUE,NA,343,https://runeberg.org/sonkal/1866/0343.html
1866,Upsala,Helsinglands Norra,Grafström,Grafström,TRUE,NA,344,https://runeberg.org/sonkal/1866/0344.html
1866,Linköpings,NA,Slaka,Slaka,TRUE,NA,344,https://runeberg.org/sonkal/1866/0344.html
1866,Linköpings,NA,Skeda,Skeda,TRUE,NA,344,https://runeberg.org/sonkal/1866/0344.html
1866,Linköpings,NA,Landeryd,Landeryd,TRUE,NA,344,https://runeberg.org/sonkal/1866/0344.html
1866,Linköpings,NA,W ist,W ist,TRUE,NA,344,https://runeberg.org/sonkal/1866/0344.html
1866,Linköpings,NA,Törnevalla,Törnevalla,TRUE,NA,344,https://runeberg.org/sonkal/1866/0344.html
1866,Linköpings,NA,Östra Harg,Östra Harg,TRUE,NA,344,https://runeberg.org/sonkal/1866/0344.html
1866,Linköpings,NA,Rystad,Rystad,TRUE,NA,344,https://runeberg.org/sonkal/1866/0344.html
1866,Linköpings,NA,Östra Skrukeby,Östra Skrukeby,TRUE,NA,344,https://runeberg.org/sonkal/1866/0344.html
1866,Linköpings,Gullbergs och Bobergs,Wreta Kloster,Wreta Kloster,TRUE,NA,344,https://runeberg.org/sonkal/1866/0344.html
1866,Linköpings,Gullbergs och Bobergs,Westerlösa,Westerlösa,TRUE,NA,344,https://runeberg.org/sonkal/1866/0344.html
1866,Linköpings,Gullbergs och Bobergs,Ljung,Ljung,TRUE,NA,344,https://runeberg.org/sonkal/1866/0344.html
1866,Linköpings,Gullbergs och Bobergs,Björkeberg,Björkeberg,TRUE,NA,344,https://runeberg.org/sonkal/1866/0344.html
1866,Linköpings,Gullbergs och Bobergs,Fornasa,Fornasa,TRUE,NA,344,https://runeberg.org/sonkal/1866/0344.html
1866,Linköpings,Gullbergs och Bobergs,Skepsås,Skepsås,TRUE,NA,344,https://runeberg.org/sonkal/1866/0344.html
1866,Linköpings,Gullbergs och Bobergs,Klockrike,Klockrike,TRUE,NA,344,https://runeberg.org/sonkal/1866/0344.html
1866,Linköpings,Gullbergs och Bobergs,Christberg,Christberg,TRUE,NA,344,https://runeberg.org/sonkal/1866/0344.html
1866,Linköpings,Gullbergs och Bobergs,Wallerstad,Wallerstad,TRUE,NA,344,https://runeberg.org/sonkal/1866/0344.html
1866,Linköpings,Aska,Ekebyborna,Ekebyborna,TRUE,NA,344,https://runeberg.org/sonkal/1866/0344.html
1866,Linköpings,Aska,Winnerstad,Winnerstad,TRUE,NA,345,https://runeberg.org/sonkal/1866/0345.html
1866,Linköpings,Aska,Westra Stenby,Westra Stenby,TRUE,NA,345,https://runeberg.org/sonkal/1866/0345.html
1866,Linköpings,Aska,Hagebyhöga,Hagebyhöga,TRUE,NA,345,https://runeberg.org/sonkal/1866/0345.html
1866,Linköpings,Aska,Westra Ny,Westra Ny,TRUE,NA,345,https://runeberg.org/sonkal/1866/0345.html
1866,Linköpings,Aska,Hvarf,Hvarf,TRUE,NA,345,https://runeberg.org/sonkal/1866/0345.html
1866,Linköpings,Dals,Wadstena,Wadstena,TRUE,NA,345,https://runeberg.org/sonkal/1866/0345.html
1866,Linköpings,Dals,Orlunda,Orlunda,TRUE,NA,345,https://runeberg.org/sonkal/1866/0345.html
1866,Linköpings,Dals,Herrestad,Herrestad,TRUE,NA,345,https://runeberg.org/sonkal/1866/0345.html
1866,Linköpings,Dals,Rogslösa,Rogslösa,TRUE,NA,345,https://runeberg.org/sonkal/1866/0345.html
1866,Linköpings,Dals,Orberga,Orberga,TRUE,NA,345,https://runeberg.org/sonkal/1866/0345.html
1866,Linköpings,Bankekinds,Atvid,Atvid,TRUE,NA,345,https://runeberg.org/sonkal/1866/0345.html
1866,Linköpings,Bankekinds,Grebo,Grebo,TRUE,NA,345,https://runeberg.org/sonkal/1866/0345.html
1866,Linköpings,Bankekinds,Svinstad,Svinstad,TRUE,NA,345,https://runeberg.org/sonkal/1866/0345.html
1866,Linköpings,Bankekinds,Wårdsberg,Wårdsberg,TRUE,NA,345,https://runeberg.org/sonkal/1866/0345.html
1866,Linköpings,Bankekinds,Askeby,Askeby,TRUE,NA,345,https://runeberg.org/sonkal/1866/0345.html
1866,Linköpings,Bankekinds,Ortomta,Ortomta,TRUE,NA,345,https://runeberg.org/sonkal/1866/0345.html
1866,Linköpings,Skärkinds,Björsäter,Björsäter,TRUE,NA,345,https://runeberg.org/sonkal/1866/0345.html
1866,Linköpings,Skärkinds,Gistad,Gistad,TRUE,NA,345,https://runeberg.org/sonkal/1866/0345.html
1866,Linköpings,Skärkinds,Gårdeby,Gårdeby,TRUE,NA,345,https://runeberg.org/sonkal/1866/0345.html
1866,Linköpings,Skärkinds,Östra Ryd,Östra Ryd,TRUE,NA,345,https://runeberg.org/sonkal/1866/0345.html
1866,Linköpings,"Norrköpings eller Lösings, Bråbo och Memmings",Dagsberg,Dagsberg,TRUE,NA,345,https://runeberg.org/sonkal/1866/0345.html
1866,Linköpings,"Norrköpings eller Lösings, Bråbo och Memmings",Tingstad,Tingstad,TRUE,NA,345,https://runeberg.org/sonkal/1866/0345.html
1866,Linköpings,"Norrköpings eller Lösings, Bråbo och Memmings",Styrestad,Styrestad,TRUE,NA,345,https://runeberg.org/sonkal/1866/0345.html
1866,Linköpings,"Norrköpings eller Lösings, Bråbo och Memmings",Furingstad,Furingstad,TRUE,NA,345,https://runeberg.org/sonkal/1866/0345.html
1866,Linköpings,"Norrköpings eller Lösings, Bråbo och Memmings",Östra Eneby,Östra Eneby,TRUE,NA,345,https://runeberg.org/sonkal/1866/0345.html
1866,Linköpings,"Norrköpings eller Lösings, Bråbo och Memmings",Kimstad,Kimstad,TRUE,NA,345,https://runeberg.org/sonkal/1866/0345.html
1866,Linköpings,"Norrköpings eller Lösings, Bråbo och Memmings",Kullerstad,Kullerstad,TRUE,NA,345,https://runeberg.org/sonkal/1866/0345.html
1866,Linköpings,"Norrköpings eller Lösings, Bråbo och Memmings",Borg o,Borg o,TRUE,NA,345,https://runeberg.org/sonkal/1866/0345.html
1866,Linköpings,Vikbolands eller Östkinds och Björkekinds,Östra Stenby,Östra Stenby,TRUE,NA,345,https://runeberg.org/sonkal/1866/0345.html
1866,Linköpings,Vikbolands eller Östkinds och Björkekinds,Östra Husby,Östra Husby,TRUE,NA,345,https://runeberg.org/sonkal/1866/0345.html
1866,Linköpings,Vikbolands eller Östkinds och Björkekinds,Häradshammar,Häradshammar,TRUE,NA,345,https://runeberg.org/sonkal/1866/0345.html
1866,Linköpings,Vikbolands eller Östkinds och Björkekinds,Östra Ny,Östra Ny,TRUE,NA,345,https://runeberg.org/sonkal/1866/0345.html
1866,Linköpings,Vikbolands eller Östkinds och Björkekinds,Tåby,Tåby,TRUE,NA,346,https://runeberg.org/sonkal/1866/0346.html
1866,Linköpings,Vikbolands eller Östkinds och Björkekinds,Konungsund,Konungsund,TRUE,NA,346,https://runeberg.org/sonkal/1866/0346.html
1866,Linköpings,Hammarkinds,Söderköping,Söderköping,TRUE,NA,346,https://runeberg.org/sonkal/1866/0346.html
1866,Linköpings,Hammarkinds,Mogata,Mogata,TRUE,NA,346,https://runeberg.org/sonkal/1866/0346.html
1866,Linköpings,Hammarkinds,Skällvik,Skällvik,TRUE,NA,346,https://runeberg.org/sonkal/1866/0346.html
1866,Linköpings,Hammarkinds,Gryt,Gryt,TRUE,NA,346,https://runeberg.org/sonkal/1866/0346.html
1866,Linköpings,Hammarkinds,Ringarum,Ringarum,TRUE,NA,346,https://runeberg.org/sonkal/1866/0346.html
1866,Linköpings,Hammarkinds,Drothem,Drothem,TRUE,NA,346,https://runeberg.org/sonkal/1866/0346.html
1866,Linköpings,Hammarkinds,Westra Husby,Westra Husby,TRUE,NA,346,https://runeberg.org/sonkal/1866/0346.html
1866,Linköpings,Bergslags,Risinge,Risinge,TRUE,NA,346,https://runeberg.org/sonkal/1866/0346.html
1866,Linköpings,Bergslags,Wånga,Wånga,TRUE,NA,346,https://runeberg.org/sonkal/1866/0346.html
1866,Linköpings,Bergslags,Hällestad,Hällestad,TRUE,NA,346,https://runeberg.org/sonkal/1866/0346.html
1866,Linköpings,Bergslags,Skedevi,Skedevi,TRUE,NA,346,https://runeberg.org/sonkal/1866/0346.html
1866,Linköpings,Bergslags,Regna,Regna,TRUE,NA,346,https://runeberg.org/sonkal/1866/0346.html
1866,Linköpings,Bergslags,Tjellmo,Tjellmo,TRUE,NA,346,https://runeberg.org/sonkal/1866/0346.html
1866,Linköpings,Bergslags,Godegård,Godegård,TRUE,NA,346,https://runeberg.org/sonkal/1866/0346.html
1866,Linköpings,Norra Tjusts,Lofta,Lofta,TRUE,NA,346,https://runeberg.org/sonkal/1866/0346.html
1866,Linköpings,Norra Tjusts,Loftahammar,Loftahammar,TRUE,NA,346,https://runeberg.org/sonkal/1866/0346.html
1866,Linköpings,Norra Tjusts,Ed,Ed,TRUE,NA,346,https://runeberg.org/sonkal/1866/0346.html
1866,Linköpings,Norra Tjusts,Gärdserum,Gärdserum,TRUE,NA,346,https://runeberg.org/sonkal/1866/0346.html
1866,Linköpings,Norra Tjusts,Ukna,Ukna,TRUE,NA,346,https://runeberg.org/sonkal/1866/0346.html
1866,Linköpings,Norra Tjusts,Dalhem,Dalhem,TRUE,NA,346,https://runeberg.org/sonkal/1866/0346.html
1866,Linköpings,Norra Tjusts,Tryserum,Tryserum,TRUE,NA,346,https://runeberg.org/sonkal/1866/0346.html
1866,Linköpings,Södra Tjusts,Westervik,Westervik,TRUE,NA,346,https://runeberg.org/sonkal/1866/0346.html
1866,Linköpings,Södra Tjusts,Odensvi,Odensvi,TRUE,NA,346,https://runeberg.org/sonkal/1866/0346.html
1866,Linköpings,Södra Tjusts,Hjorted,Hjorted,TRUE,NA,346,https://runeberg.org/sonkal/1866/0346.html
1866,Linköpings,Södra Tjusts,Locknevi,Locknevi,TRUE,NA,346,https://runeberg.org/sonkal/1866/0346.html
1866,Linköpings,Södra Tjusts,Hallingeberg,Hallingeberg,TRUE,NA,346,https://runeberg.org/sonkal/1866/0346.html
1866,Linköpings,Södra Tjusts,Gamleby,Gamleby,TRUE,NA,346,https://runeberg.org/sonkal/1866/0346.html
1866,Linköpings,Södra Tjusts,Gladhammar,Gladhammar,TRUE,NA,346,https://runeberg.org/sonkal/1866/0346.html
1866,Linköpings,Tiinaläns och Se f vedes,Wimmerby,Wimmerby,TRUE,NA,346,https://runeberg.org/sonkal/1866/0346.html
1866,Linköpings,Tiinaläns och Se f vedes,Frödinge,Frödinge,TRUE,NA,346,https://runeberg.org/sonkal/1866/0346.html
1866,Linköpings,Tiinaläns och Se f vedes,Hvena,Hvena,TRUE,NA,346,https://runeberg.org/sonkal/1866/0346.html
1866,Linköpings,Tiinaläns och Se f vedes,Rumskulla,Rumskulla,TRUE,NA,346,https://runeberg.org/sonkal/1866/0346.html
1866,Linköpings,Tiinaläns och Se f vedes,Misterhult,Misterhult,TRUE,NA,346,https://runeberg.org/sonkal/1866/0346.html
1866,Linköpings,Tiinaläns och Se f vedes,Tuna,Tuna,TRUE,NA,346,https://runeberg.org/sonkal/1866/0346.html
1866,Linköpings,Tiinaläns och Se f vedes,Christdala,Christdala,TRUE,NA,346,https://runeberg.org/sonkal/1866/0346.html
1866,Linköpings,Aspelands,Mörlunda,Mörlunda,TRUE,NA,346,https://runeberg.org/sonkal/1866/0346.html
1866,Linköpings,Aspelands,Wirserum,Wirserum,TRUE,NA,347,https://runeberg.org/sonkal/1866/0347.html
1866,Linköpings,Aspelands,Målilla,Målilla,TRUE,NA,347,https://runeberg.org/sonkal/1866/0347.html
1866,Linköpings,Aspelands,Lönnberga,Lönnberga,TRUE,NA,347,https://runeberg.org/sonkal/1866/0347.html
1866,Linköpings,Kinds,Kettilstad,Kettilstad,TRUE,NA,347,https://runeberg.org/sonkal/1866/0347.html
1866,Linköpings,Kinds,Horn,Horn,TRUE,NA,347,https://runeberg.org/sonkal/1866/0347.html
1866,Linköpings,Kinds,Wårdnäs,Wårdnäs,TRUE,NA,347,https://runeberg.org/sonkal/1866/0347.html
1866,Linköpings,Kinds,Westra Eneby,Westra Eneby,TRUE,NA,347,https://runeberg.org/sonkal/1866/0347.html
1866,Linköpings,Kinds,Hägerstad,Hägerstad,TRUE,NA,347,https://runeberg.org/sonkal/1866/0347.html
1866,Linköpings,Ydre,Westra Ryd,Westra Ryd,TRUE,NA,347,https://runeberg.org/sonkal/1866/0347.html
1866,Linköpings,Ydre,Asby,Asby,TRUE,NA,347,https://runeberg.org/sonkal/1866/0347.html
1866,Linköpings,Ydre,Sund,Sund,TRUE,NA,347,https://runeberg.org/sonkal/1866/0347.html
1866,Linköpings,Ydre,Torpa,Torpa,TRUE,NA,347,https://runeberg.org/sonkal/1866/0347.html
1866,Linköpings,Ydre,Malexander,Malexander,TRUE,NA,347,https://runeberg.org/sonkal/1866/0347.html
1866,Linköpings,Wifolka och Walkebo,Westra Harg,Westra Harg,TRUE,NA,347,https://runeberg.org/sonkal/1866/0347.html
1866,Linköpings,Wifolka och Walkebo,Ostra Tollstad,Ostra Tollstad,TRUE,NA,347,https://runeberg.org/sonkal/1866/0347.html
1866,Linköpings,Wifolka och Walkebo,Weta,Weta,TRUE,NA,347,https://runeberg.org/sonkal/1866/0347.html
1866,Linköpings,Wifolka och Walkebo,Normlösa,Normlösa,TRUE,NA,347,https://runeberg.org/sonkal/1866/0347.html
1866,Linköpings,Wifolka och Walkebo,Mjölby,Mjölby,TRUE,NA,347,https://runeberg.org/sonkal/1866/0347.html
1866,Linköpings,Wifolka och Walkebo,Nykil,Nykil,TRUE,NA,347,https://runeberg.org/sonkal/1866/0347.html
1866,Linköpings,Wifolka och Walkebo,Gammalkil,Gammalkil,TRUE,NA,347,https://runeberg.org/sonkal/1866/0347.html
1866,Linköpings,Wifolka och Walkebo,Rappestad,Rappestad,TRUE,NA,347,https://runeberg.org/sonkal/1866/0347.html
1866,Linköpings,Wifolka och Walkebo,Wikingstad,Wikingstad,TRUE,NA,347,https://runeberg.org/sonkal/1866/0347.html
1866,Linköpings,Wifolka och Walkebo,TJlrika,TJlrika,TRUE,NA,347,https://runeberg.org/sonkal/1866/0347.html
1866,Linköpings,Göstrings,Skeninge,Skeninge,TRUE,NA,347,https://runeberg.org/sonkal/1866/0347.html
1866,Linköpings,Göstrings,Ekeby,Ekeby,TRUE,NA,347,https://runeberg.org/sonkal/1866/0347.html
1866,Linköpings,Göstrings,Asbo,Asbo,TRUE,NA,347,https://runeberg.org/sonkal/1866/0347.html
1866,Linköpings,Göstrings,Högby,Högby,TRUE,NA,347,https://runeberg.org/sonkal/1866/0347.html
1866,Linköpings,Göstrings,Wäderstad,Wäderstad,TRUE,NA,347,https://runeberg.org/sonkal/1866/0347.html
1866,Linköpings,Göstrings,Hof,Hof,TRUE,NA,347,https://runeberg.org/sonkal/1866/0347.html
1866,Linköpings,Lysings,Stora Åby,Stora Åby,TRUE,NA,347,https://runeberg.org/sonkal/1866/0347.html
1866,Linköpings,Lysings,Rök,Rök,TRUE,NA,347,https://runeberg.org/sonkal/1866/0347.html
1866,Linköpings,Lysings,Westra Tollstad,Westra Tollstad,TRUE,NA,347,https://runeberg.org/sonkal/1866/0347.html
1866,Linköpings,Lysings,Trehörna,Trehörna,TRUE,NA,347,https://runeberg.org/sonkal/1866/0347.html
1866,Linköpings,Lysings,Svanshals,Svanshals,TRUE,NA,347,https://runeberg.org/sonkal/1866/0347.html
1866,Linköpings,Norra Wedbo,Adelöf,Adelöf,TRUE,NA,347,https://runeberg.org/sonkal/1866/0347.html
1866,Linköpings,Norra Wedbo,Wireda,Wireda,TRUE,NA,347,https://runeberg.org/sonkal/1866/0347.html
1866,Linköpings,Norra Wedbo,Lommaryd,Lommaryd,TRUE,NA,347,https://runeberg.org/sonkal/1866/0347.html
1866,Linköpings,Norra Wedbo,Askeryd,Askeryd,TRUE,NA,347,https://runeberg.org/sonkal/1866/0347.html
1866,Linköpings,Norra Wedbo,Marbäck,Marbäck,TRUE,NA,348,https://runeberg.org/sonkal/1866/0348.html
1866,Linköpings,Norra Wedbo,Frinnaryd,Frinnaryd,TRUE,NA,348,https://runeberg.org/sonkal/1866/0348.html
1866,Linköpings,Norra Wedbo,Linderås,Linderås,TRUE,NA,348,https://runeberg.org/sonkal/1866/0348.html
1866,Linköpings,Norra Wedbo,Säby,Säby,TRUE,NA,348,https://runeberg.org/sonkal/1866/0348.html
1866,Linköpings,Södra Wedbo,Eksjö stad,Eksjö stad,TRUE,NA,348,https://runeberg.org/sonkal/1866/0348.html
1866,Linköpings,Södra Wedbo,Höreda,Höreda,TRUE,NA,348,https://runeberg.org/sonkal/1866/0348.html
1866,Linköpings,Södra Wedbo,Hult,Hult,TRUE,NA,348,https://runeberg.org/sonkal/1866/0348.html
1866,Linköpings,Södra Wedbo,Ingatorp,Ingatorp,TRUE,NA,348,https://runeberg.org/sonkal/1866/0348.html
1866,Linköpings,Södra Wedbo,Flisby,Flisby,TRUE,NA,348,https://runeberg.org/sonkal/1866/0348.html
1866,Skara,Domprosteriet,Skara,Skara,TRUE,NA,348,https://runeberg.org/sonkal/1866/0348.html
1866,Skara,Domprosteriet,Lewene,Lewene,TRUE,NA,348,https://runeberg.org/sonkal/1866/0348.html
1866,Skara,Domprosteriet,Saleby,Saleby,TRUE,NA,348,https://runeberg.org/sonkal/1866/0348.html
1866,Skara,Domprosteriet,Hjerpås,Hjerpås,TRUE,NA,348,https://runeberg.org/sonkal/1866/0348.html
1866,Skara,Domprosteriet,Ryda,Ryda,TRUE,NA,348,https://runeberg.org/sonkal/1866/0348.html
1866,Skara,Domprosteriet,Synnerby,Synnerby,TRUE,NA,348,https://runeberg.org/sonkal/1866/0348.html
1866,Skara,Domprosteriet,Skarstad,Skarstad,TRUE,NA,348,https://runeberg.org/sonkal/1866/0348.html
1866,Skara,Domprosteriet,Jung,Jung,TRUE,NA,348,https://runeberg.org/sonkal/1866/0348.html
1866,Skara,Domprosteriet,Säfvared,Säfvared,TRUE,NA,348,https://runeberg.org/sonkal/1866/0348.html
1866,Skara,Väne,Wenersborg,Wenersborg,TRUE,NA,348,https://runeberg.org/sonkal/1866/0348.html
1866,Skara,Väne,Tunhem,Tunhem,TRUE,NA,348,https://runeberg.org/sonkal/1866/0348.html
1866,Skara,Väne,Trollhättan,Trollhättan,TRUE,NA,348,https://runeberg.org/sonkal/1866/0348.html
1866,Skara,Väne,Mellby,Mellby,TRUE,NA,348,https://runeberg.org/sonkal/1866/0348.html
1866,Skara,Väne,Tengened,Tengened,TRUE,NA,348,https://runeberg.org/sonkal/1866/0348.html
1866,Skara,Väne,Särestad,Särestad,TRUE,NA,348,https://runeberg.org/sonkal/1866/0348.html
1866,Skara,Väne,Flo,Flo,TRUE,NA,349,https://runeberg.org/sonkal/1866/0349.html
1866,Skara,Väne,Främmestad,Främmestad,TRUE,NA,349,https://runeberg.org/sonkal/1866/0349.html
1866,Skara,Väne,Näs,Näs,TRUE,NA,349,https://runeberg.org/sonkal/1866/0349.html
1866,Skara,Kinna,Götened,Götened,TRUE,NA,349,https://runeberg.org/sonkal/1866/0349.html
1866,Skara,Kinna,Forshem,Forshem,TRUE,NA,349,https://runeberg.org/sonkal/1866/0349.html
1866,Skara,Kinna,Björsäter,Björsäter,TRUE,NA,349,https://runeberg.org/sonkal/1866/0349.html
1866,Skara,Kinna,Källby,Källby,TRUE,NA,349,https://runeberg.org/sonkal/1866/0349.html
1866,Skara,Kinna,Husaby,Husaby,TRUE,NA,349,https://runeberg.org/sonkal/1866/0349.html
1866,Skara,Kinna,Medelplana,Medelplana,TRUE,NA,349,https://runeberg.org/sonkal/1866/0349.html
1866,Skara,Kinna,Österplana,Österplana,TRUE,NA,349,https://runeberg.org/sonkal/1866/0349.html
1866,Skara,Kinna,Kinne-Klefva,Kinne-Klefva,TRUE,NA,349,https://runeberg.org/sonkal/1866/0349.html
1866,Skara,Winköls,Wånga,Wånga,TRUE,NA,349,https://runeberg.org/sonkal/1866/0349.html
1866,Skara,Winköls,Gökhem,Gökhem,TRUE,NA,349,https://runeberg.org/sonkal/1866/0349.html
1866,Skara,Winköls,Broddetorp,Broddetorp,TRUE,NA,349,https://runeberg.org/sonkal/1866/0349.html
1866,Skara,Winköls,Wilske-Klefva,Wilske-Klefva,TRUE,NA,349,https://runeberg.org/sonkal/1866/0349.html
1866,Skara,Winköls,Gudhem,Gudhem,TRUE,NA,349,https://runeberg.org/sonkal/1866/0349.html
1866,Skara,Winköls,Wing,Wing,TRUE,NA,349,https://runeberg.org/sonkal/1866/0349.html
1866,Skara,Winköls,Segerstad,Segerstad,TRUE,NA,349,https://runeberg.org/sonkal/1866/0349.html
1866,Skara,Winköls,Winköl,Winköl,TRUE,NA,349,https://runeberg.org/sonkal/1866/0349.html
1866,Skara,Wilska,Falköping,Falköping,TRUE,NA,349,https://runeberg.org/sonkal/1866/0349.html
1866,Skara,Wilska,Larf,Larf,TRUE,NA,349,https://runeberg.org/sonkal/1866/0349.html
1866,Skara,Wilska,Floby,Floby,TRUE,NA,349,https://runeberg.org/sonkal/1866/0349.html
1866,Skara,Wilska,Bitterna,Bitterna,TRUE,NA,349,https://runeberg.org/sonkal/1866/0349.html
1866,Skara,Wilska,Lekåsa,Lekåsa,TRUE,NA,349,https://runeberg.org/sonkal/1866/0349.html
1866,Skara,Wilska,Kinne ved,Kinne ved,TRUE,NA,349,https://runeberg.org/sonkal/1866/0349.html
1866,Skara,Wilska,Börstig,Börstig,TRUE,NA,349,https://runeberg.org/sonkal/1866/0349.html
1866,Skara,Wilska,Grolanda,Grolanda,TRUE,NA,349,https://runeberg.org/sonkal/1866/0349.html
1866,Skara,Wartofta,Slöta,Slöta,TRUE,NA,349,https://runeberg.org/sonkal/1866/0349.html
1866,Skara,Wartofta,Hvalstad,Hvalstad,TRUE,NA,349,https://runeberg.org/sonkal/1866/0349.html
1866,Skara,Wartofta,Åsled,Åsled,TRUE,NA,349,https://runeberg.org/sonkal/1866/0349.html
1866,Skara,Wartofta,Hvarf,Hvarf,TRUE,NA,349,https://runeberg.org/sonkal/1866/0349.html
1866,Skara,Wartofta,Asaka,Asaka,TRUE,NA,349,https://runeberg.org/sonkal/1866/0349.html
1866,Skara,Wartofta,Hångsdala,Hångsdala,TRUE,NA,349,https://runeberg.org/sonkal/1866/0349.html
1866,Skara,Wartofta,Dimbo,Dimbo,TRUE,NA,349,https://runeberg.org/sonkal/1866/0349.html
1866,Skara,Kållands,Lidköping,Lidköping,TRUE,NA,349,https://runeberg.org/sonkal/1866/0349.html
1866,Skara,Kållands,Härened,Härened,TRUE,NA,349,https://runeberg.org/sonkal/1866/0349.html
1866,Skara,Kållands,Sunnersberg,Sunnersberg,TRUE,NA,349,https://runeberg.org/sonkal/1866/0349.html
1866,Skara,Kållands,Örslösa,Örslösa,TRUE,NA,349,https://runeberg.org/sonkal/1866/0349.html
1866,Skara,Kållands,Rada,Rada,TRUE,NA,349,https://runeberg.org/sonkal/1866/0349.html
1866,Skara,Kållands,Tådened,Tådened,TRUE,NA,349,https://runeberg.org/sonkal/1866/0349.html
1866,Skara,Kållands,Tun,Tun,TRUE,NA,349,https://runeberg.org/sonkal/1866/0349.html
1866,Skara,Kållands,Otterstad,Otterstad,TRUE,NA,350,https://runeberg.org/sonkal/1866/0350.html
1866,Skara,Kållands,Rackeby,Rackeby,TRUE,NA,350,https://runeberg.org/sonkal/1866/0350.html
1866,Skara,Kåkinds,Fogelås med Hjo,Fogelås med Hjo,TRUE,NA,350,https://runeberg.org/sonkal/1866/0350.html
1866,Skara,Kåkinds,Fr öj er ed,Fr öj er ed,TRUE,NA,350,https://runeberg.org/sonkal/1866/0350.html
1866,Skara,Kåkinds,Warola,Warola,TRUE,NA,350,https://runeberg.org/sonkal/1866/0350.html
1866,Skara,Kåkinds,Kyrkefalla,Kyrkefalla,TRUE,NA,350,https://runeberg.org/sonkal/1866/0350.html
1866,Skara,Kåkinds,Daretorp,Daretorp,TRUE,NA,350,https://runeberg.org/sonkal/1866/0350.html
1866,Skara,Kåkinds,Acklinga,Acklinga,TRUE,NA,350,https://runeberg.org/sonkal/1866/0350.html
1866,Skara,Kåkinds,Grefbäck,Grefbäck,TRUE,NA,350,https://runeberg.org/sonkal/1866/0350.html
1866,Skara,Södra Wadsbo,Mariestad,Mariestad,TRUE,NA,350,https://runeberg.org/sonkal/1866/0350.html
1866,Skara,Södra Wadsbo,Horn,Horn,TRUE,NA,350,https://runeberg.org/sonkal/1866/0350.html
1866,Skara,Södra Wadsbo,Odensåker,Odensåker,TRUE,NA,350,https://runeberg.org/sonkal/1866/0350.html
1866,Skara,Södra Wadsbo,Hjälstad,Hjälstad,TRUE,NA,350,https://runeberg.org/sonkal/1866/0350.html
1866,Skara,Södra Wadsbo,Flistad,Flistad,TRUE,NA,350,https://runeberg.org/sonkal/1866/0350.html
1866,Skara,Södra Wadsbo,Wäring,Wäring,TRUE,NA,350,https://runeberg.org/sonkal/1866/0350.html
1866,Skara,Södra Wadsbo,Ekby,Ekby,TRUE,NA,350,https://runeberg.org/sonkal/1866/0350.html
1866,Skara,Södra Wadsbo,Thorsö,Thorsö,TRUE,NA,350,https://runeberg.org/sonkal/1866/0350.html
1866,Skara,Södra Wadsbo,Leksberg,Leksberg,TRUE,NA,350,https://runeberg.org/sonkal/1866/0350.html
1866,Skara,Norra Wadsbo,Hofva,Hofva,TRUE,NA,350,https://runeberg.org/sonkal/1866/0350.html
1866,Skara,Norra Wadsbo,Finnerödja,Finnerödja,TRUE,NA,350,https://runeberg.org/sonkal/1866/0350.html
1866,Skara,Norra Wadsbo,Fredsberg,Fredsberg,TRUE,NA,350,https://runeberg.org/sonkal/1866/0350.html
1866,Skara,Norra Wadsbo,Hassled,Hassled,TRUE,NA,350,https://runeberg.org/sonkal/1866/0350.html
1866,Skara,Norra Wadsbo,Amnehärad,Amnehärad,TRUE,NA,350,https://runeberg.org/sonkal/1866/0350.html
1866,Skara,Norra Wadsbo,Fägred,Fägred,TRUE,NA,350,https://runeberg.org/sonkal/1866/0350.html
1866,Skara,Norra Wadsbo,Ransberg,Ransberg,TRUE,NA,350,https://runeberg.org/sonkal/1866/0350.html
1866,Skara,Norra Wadsbo,Undenäs,Undenäs,TRUE,NA,350,https://runeberg.org/sonkal/1866/0350.html
1866,Skara,Norra Wadsbo,Tived,Tived,TRUE,NA,350,https://runeberg.org/sonkal/1866/0350.html
1866,Skara,Norra Wadsbo,Bellefors,Bellefors,TRUE,NA,350,https://runeberg.org/sonkal/1866/0350.html
1866,Skara,Norra Wadsbo,Lyrestad,Lyrestad,TRUE,NA,350,https://runeberg.org/sonkal/1866/0350.html
1866,Skara,Billings,Sköfde,Sköfde,TRUE,NA,350,https://runeberg.org/sonkal/1866/0350.html
1866,Skara,Billings,Sventorp,Sventorp,TRUE,NA,350,https://runeberg.org/sonkal/1866/0350.html
1866,Skara,Billings,Warnhem,Warnhem,TRUE,NA,350,https://runeberg.org/sonkal/1866/0350.html
1866,Skara,Billings,Dala,Dala,TRUE,NA,350,https://runeberg.org/sonkal/1866/0350.html
1866,Skara,Billings,Berg,Berg,TRUE,NA,350,https://runeberg.org/sonkal/1866/0350.html
1866,Skara,Billings,Stenstorp,Stenstorp,TRUE,NA,350,https://runeberg.org/sonkal/1866/0350.html
1866,Skara,Billings,Sjögerstad,Sjögerstad,TRUE,NA,350,https://runeberg.org/sonkal/1866/0350.html
1866,Skara,Billings,Asaka,Asaka,TRUE,NA,350,https://runeberg.org/sonkal/1866/0350.html
1866,Skara,Billings,Häggum,Häggum,TRUE,NA,350,https://runeberg.org/sonkal/1866/0350.html
1866,Skara,Redvägs,B lie,B lie,TRUE,NA,350,https://runeberg.org/sonkal/1866/0350.html
1866,Skara,Redvägs,Buttnaryd,Buttnaryd,TRUE,NA,350,https://runeberg.org/sonkal/1866/0350.html
1866,Skara,Redvägs,Sandhem,Sandhem,TRUE,NA,350,https://runeberg.org/sonkal/1866/0350.html
1866,Skara,Redvägs,Ilabo,Ilabo,TRUE,NA,350,https://runeberg.org/sonkal/1866/0350.html
1866,Skara,Redvägs,Ulricehamn,Ulricehamn,TRUE,NA,351,https://runeberg.org/sonkal/1866/0351.html
1866,Skara,Redvägs,Stengårdshult,Stengårdshult,TRUE,NA,351,https://runeberg.org/sonkal/1866/0351.html
1866,Skara,Redvägs,Blidsberg,Blidsberg,TRUE,NA,351,https://runeberg.org/sonkal/1866/0351.html
1866,Skara,Redvägs,Hössna,Hössna,TRUE,NA,351,https://runeberg.org/sonkal/1866/0351.html
1866,Skara,Redvägs,Yllestad,Yllestad,TRUE,NA,351,https://runeberg.org/sonkal/1866/0351.html
1866,Skara,Ås,Borås,Borås,TRUE,NA,351,https://runeberg.org/sonkal/1866/0351.html
1866,Skara,Ås,Fristad,Fristad,TRUE,NA,351,https://runeberg.org/sonkal/1866/0351.html
1866,Skara,Ås,Bångedala,Bångedala,TRUE,NA,351,https://runeberg.org/sonkal/1866/0351.html
1866,Skara,Ås,Wing,Wing,TRUE,NA,351,https://runeberg.org/sonkal/1866/0351.html
1866,Skara,Ås,Bredared,Bredared,TRUE,NA,351,https://runeberg.org/sonkal/1866/0351.html
1866,Skara,Ås,Od,Od,TRUE,NA,351,https://runeberg.org/sonkal/1866/0351.html
1866,Skara,Ås,Hällstad,Hällstad,TRUE,NA,351,https://runeberg.org/sonkal/1866/0351.html
1866,Skara,Ås,Skölfvened,Skölfvened,TRUE,NA,351,https://runeberg.org/sonkal/1866/0351.html
1866,Skara,Ås,Eriksberg,Eriksberg,TRUE,NA,351,https://runeberg.org/sonkal/1866/0351.html
1866,Skara,Kullin g s eller Gräseneds,Alingsås,Alingsås,TRUE,NA,351,https://runeberg.org/sonkal/1866/0351.html
1866,Skara,Kullin g s eller Gräseneds,Lena,Lena,TRUE,NA,351,https://runeberg.org/sonkal/1866/0351.html
1866,Skara,Kullin g s eller Gräseneds,Norunga,Norunga,TRUE,NA,351,https://runeberg.org/sonkal/1866/0351.html
1866,Skara,Kullin g s eller Gräseneds,Björke,Björke,TRUE,NA,351,https://runeberg.org/sonkal/1866/0351.html
1866,Skara,Kullin g s eller Gräseneds,Algustorp,Algustorp,TRUE,NA,351,https://runeberg.org/sonkal/1866/0351.html
1866,Skara,Kullin g s eller Gräseneds,Herrljunga,Herrljunga,TRUE,NA,351,https://runeberg.org/sonkal/1866/0351.html
1866,Skara,Kullin g s eller Gräseneds,Hol (Hool),Hol,TRUE,NA,351,https://runeberg.org/sonkal/1866/0351.html
1866,Strengnäs,NA,Strengnäs,Strengnäs,TRUE,NA,351,https://runeberg.org/sonkal/1866/0351.html
1866,Strengnäs,NA,Dunker,Dunker,TRUE,NA,351,https://runeberg.org/sonkal/1866/0351.html
1866,Strengnäs,NA,Helgesta,Helgesta,TRUE,NA,351,https://runeberg.org/sonkal/1866/0351.html
1866,Strengnäs,NA,Lilla Mellösa,Lilla Mellösa,TRUE,NA,352,https://runeberg.org/sonkal/1866/0352.html
1866,Strengnäs,NA,Mariefred,Mariefred,TRUE,NA,352,https://runeberg.org/sonkal/1866/0352.html
1866,Strengnäs,NA,Thoresund,Thoresund,TRUE,NA,352,https://runeberg.org/sonkal/1866/0352.html
1866,Strengnäs,NA,Aker,Aker,TRUE,NA,352,https://runeberg.org/sonkal/1866/0352.html
1866,Strengnäs,Öfver-Selö,Aspö,Aspö,TRUE,NA,352,https://runeberg.org/sonkal/1866/0352.html
1866,Strengnäs,Öfver-Selö,Fogdö,Fogdö,TRUE,NA,352,https://runeberg.org/sonkal/1866/0352.html
1866,Strengnäs,Öfver-Selö,Wansö,Wansö,TRUE,NA,352,https://runeberg.org/sonkal/1866/0352.html
1866,Strengnäs,Öfver-Selö,Ytter-Selö,Ytter-Selö,TRUE,NA,352,https://runeberg.org/sonkal/1866/0352.html
1866,Strengnäs,Öfver-Selö,Öfver-Selö,Öfver-Selö,TRUE,NA,352,https://runeberg.org/sonkal/1866/0352.html
1866,Strengnäs,Oppunda Östra,Bettna,Bettna,TRUE,NA,352,https://runeberg.org/sonkal/1866/0352.html
1866,Strengnäs,Oppunda Östra,Blacksta,Blacksta,TRUE,NA,352,https://runeberg.org/sonkal/1866/0352.html
1866,Strengnäs,Oppunda Östra,Floda,Floda,TRUE,NA,352,https://runeberg.org/sonkal/1866/0352.html
1866,Strengnäs,Oppunda Östra,Husby-Oppunda,Husby-Oppunda,TRUE,NA,352,https://runeberg.org/sonkal/1866/0352.html
1866,Strengnäs,Oppunda Östra,Lerbo,Lerbo,TRUE,NA,352,https://runeberg.org/sonkal/1866/0352.html
1866,Strengnäs,Oppunda Östra,Sköldinge,Sköldinge,TRUE,NA,352,https://runeberg.org/sonkal/1866/0352.html
1866,Strengnäs,Oppunda Östra,Ardala,Ardala,TRUE,NA,352,https://runeberg.org/sonkal/1866/0352.html
1866,Strengnäs,Oppunda Westra,Julita,Julita,TRUE,NA,352,https://runeberg.org/sonkal/1866/0352.html
1866,Strengnäs,Oppunda Westra,Stora Malm,Stora Malm,TRUE,NA,352,https://runeberg.org/sonkal/1866/0352.html
1866,Strengnäs,Oppunda Westra,Westra Wingåker,Westra Wingåker,TRUE,NA,352,https://runeberg.org/sonkal/1866/0352.html
1866,Strengnäs,Oppunda Westra,Östra Wingåker,Östra Wingåker,TRUE,NA,352,https://runeberg.org/sonkal/1866/0352.html
1866,Strengnäs,Oppunda Westra,Österåker,Österåker,TRUE,NA,352,https://runeberg.org/sonkal/1866/0352.html
1866,Strengnäs,Nyköpings Westra,Björkvik,Björkvik,TRUE,NA,352,https://runeberg.org/sonkal/1866/0352.html
1866,Strengnäs,Nyköpings Westra,Halla,Halla,TRUE,NA,352,https://runeberg.org/sonkal/1866/0352.html
1866,Strengnäs,Nyköpings Westra,Lunda,Lunda,TRUE,NA,352,https://runeberg.org/sonkal/1866/0352.html
1866,Strengnäs,Nyköpings Westra,Baby,Baby,TRUE,NA,352,https://runeberg.org/sonkal/1866/0352.html
1866,Strengnäs,Nyköpings Westra,Stigtomta,Stigtomta,TRUE,NA,352,https://runeberg.org/sonkal/1866/0352.html
1866,Strengnäs,Nyköpings Westra,Tuna,Tuna,TRUE,NA,352,https://runeberg.org/sonkal/1866/0352.html
1866,Strengnäs,Nyköpings Östra,Bälinge,Bälinge,TRUE,NA,352,https://runeberg.org/sonkal/1866/0352.html
1866,Strengnäs,Nyköpings Östra,Ludgo,Ludgo,TRUE,NA,352,https://runeberg.org/sonkal/1866/0352.html
1866,Strengnäs,Nyköpings Östra,Bipsa,Bipsa,TRUE,NA,352,https://runeberg.org/sonkal/1866/0352.html
1866,Strengnäs,Nyköpings Östra,Runtuna,Runtuna,TRUE,NA,352,https://runeberg.org/sonkal/1866/0352.html
1866,Strengnäs,Nyköpings Östra,Settersta,Settersta,TRUE,NA,352,https://runeberg.org/sonkal/1866/0352.html
1866,Strengnäs,Nyköpings Östra,Thorsåker,Thorsåker,TRUE,NA,352,https://runeberg.org/sonkal/1866/0352.html
1866,Strengnäs,Daga,Björnlunda,Björnlunda,TRUE,NA,353,https://runeberg.org/sonkal/1866/0353.html
1866,Strengnäs,Daga,Frustuna,Frustuna,TRUE,NA,353,https://runeberg.org/sonkal/1866/0353.html
1866,Strengnäs,Daga,Gryt,Gryt,TRUE,NA,353,https://runeberg.org/sonkal/1866/0353.html
1866,Strengnäs,Daga,Gåsinge,Gåsinge,TRUE,NA,353,https://runeberg.org/sonkal/1866/0353.html
1866,Strengnäs,Daga,Trosa stad,Trosa stad,TRUE,NA,353,https://runeberg.org/sonkal/1866/0353.html
1866,Strengnäs,Daga,Westerljung,Westerljung,TRUE,NA,353,https://runeberg.org/sonkal/1866/0353.html
1866,Strengnäs,Södertörns,Botkyrka,Botkyrka,TRUE,NA,353,https://runeberg.org/sonkal/1866/0353.html
1866,Strengnäs,Södertörns,Grödinge,Grödinge,TRUE,NA,353,https://runeberg.org/sonkal/1866/0353.html
1866,Strengnäs,Södertörns,Huddinge,Huddinge,TRUE,NA,353,https://runeberg.org/sonkal/1866/0353.html
1866,Strengnäs,Södertörns,Sorunda,Sorunda,TRUE,NA,353,https://runeberg.org/sonkal/1866/0353.html
1866,Strengnäs,Södertörns,Tyresö,Tyresö,TRUE,NA,353,https://runeberg.org/sonkal/1866/0353.html
1866,Strengnäs,Södertörns,Westerhaninge,Westerhaninge,TRUE,NA,353,https://runeberg.org/sonkal/1866/0353.html
1866,Strengnäs,Södertörns,Ösmo,Ösmo,TRUE,NA,353,https://runeberg.org/sonkal/1866/0353.html
1866,Strengnäs,Södertörns,Österhaninge,Österhaninge,TRUE,NA,353,https://runeberg.org/sonkal/1866/0353.html
1866,Strengnäs,Södertelge,Öfver-Enhörna,Öfver-Enhörna,TRUE,NA,353,https://runeberg.org/sonkal/1866/0353.html
1866,Strengnäs,Södertelge,Hölö,Hölö,TRUE,NA,353,https://runeberg.org/sonkal/1866/0353.html
1866,Strengnäs,Södertelge,Öfver-Järna,Öfver-Järna,TRUE,NA,353,https://runeberg.org/sonkal/1866/0353.html
1866,Strengnäs,Södertelge,Mörkö,Mörkö,TRUE,NA,353,https://runeberg.org/sonkal/1866/0353.html
1866,Strengnäs,Södertelge,Södertelge,Södertelge,TRUE,NA,353,https://runeberg.org/sonkal/1866/0353.html
1866,Strengnäs,Södertelge,Turinge,Turinge,TRUE,NA,353,https://runeberg.org/sonkal/1866/0353.html
1866,Strengnäs,Södertelge,Wårdinge,Wårdinge,TRUE,NA,353,https://runeberg.org/sonkal/1866/0353.html
1866,Strengnäs,Wester-Bekarne,Carlskyrka,Carlskyrka,TRUE,NA,353,https://runeberg.org/sonkal/1866/0353.html
1866,Strengnäs,Wester-Bekarne,Eskilstuna,Eskilstuna,TRUE,NA,353,https://runeberg.org/sonkal/1866/0353.html
1866,Strengnäs,Wester-Bekarne,Gillberga,Gillberga,TRUE,NA,353,https://runeberg.org/sonkal/1866/0353.html
1866,Strengnäs,Wester-Bekarne,Thorshälla,Thorshälla,TRUE,NA,353,https://runeberg.org/sonkal/1866/0353.html
1866,Strengnäs,Wester-Bekarne,Tumbo,Tumbo,TRUE,NA,353,https://runeberg.org/sonkal/1866/0353.html
1866,Strengnäs,Wester-Bekarne,Öja,Öja,TRUE,NA,353,https://runeberg.org/sonkal/1866/0353.html
1866,Strengnäs,Öster-Rekarne,Husby-Rekarne,Husby-Rekarne,TRUE,NA,353,https://runeberg.org/sonkal/1866/0353.html
1866,Strengnäs,Öster-Rekarne,Jäder,Jäder,TRUE,NA,353,https://runeberg.org/sonkal/1866/0353.html
1866,Strengnäs,Öster-Rekarne,Näshulta,Näshulta,TRUE,NA,353,https://runeberg.org/sonkal/1866/0353.html
1866,Strengnäs,Öster-Rekarne,Stenqvista,Stenqvista,TRUE,NA,353,https://runeberg.org/sonkal/1866/0353.html
1866,Strengnäs,Öster-Rekarne,Kjula,Kjula,TRUE,NA,353,https://runeberg.org/sonkal/1866/0353.html
1866,Strengnäs,Öster-Rekarne,Wallby,Wallby,TRUE,NA,353,https://runeberg.org/sonkal/1866/0353.html
1866,Strengnäs,Örebro,Asker,Asker,TRUE,NA,353,https://runeberg.org/sonkal/1866/0353.html
1866,Strengnäs,Örebro,Ekeby,Ekeby,TRUE,NA,353,https://runeberg.org/sonkal/1866/0353.html
1866,Strengnäs,Örebro,Lennäs,Lennäs,TRUE,NA,353,https://runeberg.org/sonkal/1866/0353.html
1866,Strengnäs,Örebro,Mosjö,Mosjö,TRUE,NA,353,https://runeberg.org/sonkal/1866/0353.html
1866,Strengnäs,Örebro,Sköllersta,Sköllersta,TRUE,NA,353,https://runeberg.org/sonkal/1866/0353.html
1866,Strengnäs,Örebro,Stora Mellösa,Stora Mellösa,TRUE,NA,354,https://runeberg.org/sonkal/1866/0354.html
1866,Strengnäs,Örebro,Svennevad,Svennevad,TRUE,NA,354,https://runeberg.org/sonkal/1866/0354.html
1866,Strengnäs,Örebro,Wintrosa,Wintrosa,TRUE,NA,354,https://runeberg.org/sonkal/1866/0354.html
1866,Strengnäs,Örebro,Örebro,Örebro,TRUE,NA,354,https://runeberg.org/sonkal/1866/0354.html
1866,Strengnäs,Glanshammars,Axberg,Axberg,TRUE,NA,354,https://runeberg.org/sonkal/1866/0354.html
1866,Strengnäs,Glanshammars,Eker,Eker,TRUE,NA,354,https://runeberg.org/sonkal/1866/0354.html
1866,Strengnäs,Glanshammars,Glanshammar,Glanshammar,TRUE,NA,354,https://runeberg.org/sonkal/1866/0354.html
1866,Strengnäs,Glanshammars,Götlunda,Götlunda,TRUE,NA,354,https://runeberg.org/sonkal/1866/0354.html
1866,Strengnäs,Glanshammars,Kil,Kil,TRUE,NA,354,https://runeberg.org/sonkal/1866/0354.html
1866,Strengnäs,Glanshammars,Lillkyrka,Lillkyrka,TRUE,NA,354,https://runeberg.org/sonkal/1866/0354.html
1866,Strengnäs,Kumla,Askersunds stad,Askersunds stad,TRUE,NA,354,https://runeberg.org/sonkal/1866/0354.html
1866,Strengnäs,Kumla,Hammar,Hammar,TRUE,NA,354,https://runeberg.org/sonkal/1866/0354.html
1866,Strengnäs,Kumla,Hardemo,Hardemo,TRUE,NA,354,https://runeberg.org/sonkal/1866/0354.html
1866,Strengnäs,Kumla,Kumla,Kumla,TRUE,NA,354,https://runeberg.org/sonkal/1866/0354.html
1866,Strengnäs,Kumla,Hallsberg,Hallsberg,TRUE,NA,354,https://runeberg.org/sonkal/1866/0354.html
1866,Strengnäs,Kumla,Lerbäck,Lerbäck,TRUE,NA,354,https://runeberg.org/sonkal/1866/0354.html
1866,Strengnäs,Kumla,Snaflunda,Snaflunda,TRUE,NA,354,https://runeberg.org/sonkal/1866/0354.html
1866,Strengnäs,Edsbergs,Bodarne,Bodarne,TRUE,NA,354,https://runeberg.org/sonkal/1866/0354.html
1866,Strengnäs,Edsbergs,Edsberg,Edsberg,TRUE,NA,354,https://runeberg.org/sonkal/1866/0354.html
1866,Strengnäs,Edsbergs,Knista,Knista,TRUE,NA,354,https://runeberg.org/sonkal/1866/0354.html
1866,Strengnäs,Edsbergs,Kräklinge,Kräklinge,TRUE,NA,354,https://runeberg.org/sonkal/1866/0354.html
1866,Strengnäs,Edsbergs,Qvistbro,Qvistbro,TRUE,NA,354,https://runeberg.org/sonkal/1866/0354.html
1866,Strengnäs,Edsbergs,Skagershult,Skagershult,TRUE,NA,354,https://runeberg.org/sonkal/1866/0354.html
1866,Strengnäs,Edsbergs,Wiby,Wiby,TRUE,NA,354,https://runeberg.org/sonkal/1866/0354.html
1866,Westerås,Domprosteriet,Badelunda,Badelunda,TRUE,NA,355,https://runeberg.org/sonkal/1866/0355.html
1866,Westerås,Domprosteriet,Hubbo,Hubbo,TRUE,NA,355,https://runeberg.org/sonkal/1866/0355.html
1866,Westerås,Domprosteriet,Skerike,Skerike,TRUE,NA,355,https://runeberg.org/sonkal/1866/0355.html
1866,Westerås,Domprosteriet,Irsta,Irsta,TRUE,NA,355,https://runeberg.org/sonkal/1866/0355.html
1866,Westerås,Domprosteriet,Skultuna,Skultuna,TRUE,NA,355,https://runeberg.org/sonkal/1866/0355.html
1866,Westerås,Domprosteriet,Barkarö,Barkarö,TRUE,NA,355,https://runeberg.org/sonkal/1866/0355.html
1866,Westerås,Domprosteriet,Tillberga,Tillberga,TRUE,NA,355,https://runeberg.org/sonkal/1866/0355.html
1866,Westerås,Domprosteriet,Kungsåra,Kungsåra,TRUE,NA,355,https://runeberg.org/sonkal/1866/0355.html
1866,Westerås,Domprosteriet,Ängsö,Ängsö,TRUE,NA,355,https://runeberg.org/sonkal/1866/0355.html
1866,Westerås,Munktorps,Munktorp,Munktorp,TRUE,NA,355,https://runeberg.org/sonkal/1866/0355.html
1866,Westerås,Munktorps,Svedvi,Svedvi,TRUE,NA,355,https://runeberg.org/sonkal/1866/0355.html
1866,Westerås,Munktorps,Ramnäs,Ramnäs,TRUE,NA,355,https://runeberg.org/sonkal/1866/0355.html
1866,Westerås,Munktorps,Kolbäck,Kolbäck,TRUE,NA,355,https://runeberg.org/sonkal/1866/0355.html
1866,Westerås,Munktorps,Rytterne,Rytterne,TRUE,NA,355,https://runeberg.org/sonkal/1866/0355.html
1866,Westerås,Munktorps,Säby,Säby,TRUE,NA,355,https://runeberg.org/sonkal/1866/0355.html
1866,Westerås,Munktorps,Berg,Berg,TRUE,NA,355,https://runeberg.org/sonkal/1866/0355.html
1866,Westerås,Munktorps,Liilhärad,Liilhärad,TRUE,NA,355,https://runeberg.org/sonkal/1866/0355.html
1866,Westerås,Köpings,Köping,Köping,TRUE,NA,355,https://runeberg.org/sonkal/1866/0355.html
1866,Westerås,Köpings,Björskog,Björskog,TRUE,NA,355,https://runeberg.org/sonkal/1866/0355.html
1866,Westerås,Köpings,Odensvi,Odensvi,TRUE,NA,355,https://runeberg.org/sonkal/1866/0355.html
1866,Westerås,Köpings,Skinskatteberg,Skinskatteberg,TRUE,NA,355,https://runeberg.org/sonkal/1866/0355.html
1866,Westerås,Köpings,Bro,Bro,TRUE,NA,355,https://runeberg.org/sonkal/1866/0355.html
1866,Westerås,Köpings,Gunnilbo,Gunnilbo,TRUE,NA,355,https://runeberg.org/sonkal/1866/0355.html
1866,Westerås,Köpings,Hed,Hed,TRUE,NA,355,https://runeberg.org/sonkal/1866/0355.html
1866,Westerås,Köpings,Malma,Malma,TRUE,NA,355,https://runeberg.org/sonkal/1866/0355.html
1866,Westerås,Arboga,Arboga,Arboga,TRUE,NA,355,https://runeberg.org/sonkal/1866/0355.html
1866,Westerås,Arboga,Himmeta,Himmeta,TRUE,NA,355,https://runeberg.org/sonkal/1866/0355.html
1866,Westerås,Arboga,Medåker,Medåker,TRUE,NA,355,https://runeberg.org/sonkal/1866/0355.html
1866,Westerås,Arboga,Westra Schedvi,Westra Schedvi,TRUE,NA,355,https://runeberg.org/sonkal/1866/0355.html
1866,Westerås,Fellingsbro,Fellingsbro,Fellingsbro,TRUE,NA,355,https://runeberg.org/sonkal/1866/0355.html
1866,Westerås,Fellingsbro,Lindesberg,Lindesberg,TRUE,NA,355,https://runeberg.org/sonkal/1866/0355.html
1866,Westerås,Fellingsbro,Näsby,Näsby,TRUE,NA,355,https://runeberg.org/sonkal/1866/0355.html
1866,Westerås,Fellingsbro,Ramsberg,Ramsberg,TRUE,NA,355,https://runeberg.org/sonkal/1866/0355.html
1866,Westerås,Nora,Nora,Nora,TRUE,NA,355,https://runeberg.org/sonkal/1866/0355.html
1866,Westerås,Nora,Jernboås,Jernboås,TRUE,NA,355,https://runeberg.org/sonkal/1866/0355.html
1866,Westerås,Nora,Hjulsjö,Hjulsjö,TRUE,NA,355,https://runeberg.org/sonkal/1866/0355.html
1866,Westerås,Nora,Ljusnarsberg,Ljusnarsberg,TRUE,NA,356,https://runeberg.org/sonkal/1866/0356.html
1866,Westerås,Nora,Grythyttan,Grythyttan,TRUE,NA,356,https://runeberg.org/sonkal/1866/0356.html
1866,Westerås,Nora,Hellefors,Hellefors,TRUE,NA,356,https://runeberg.org/sonkal/1866/0356.html
1866,Westerås,Norrbärkes,Norrbärke,Norrbärke,TRUE,NA,356,https://runeberg.org/sonkal/1866/0356.html
1866,Westerås,Norrbärkes,Söderbärke,Söderbärke,TRUE,NA,356,https://runeberg.org/sonkal/1866/0356.html
1866,Westerås,Norrbärkes,Malingsbo,Malingsbo,TRUE,NA,356,https://runeberg.org/sonkal/1866/0356.html
1866,Westerås,Norrbärkes,Grangärde,Grangärde,TRUE,NA,356,https://runeberg.org/sonkal/1866/0356.html
1866,Westerås,Norrbärkes,Ludvika,Ludvika,TRUE,NA,356,https://runeberg.org/sonkal/1866/0356.html
1866,Westerås,Norrbärkes,Säfsnäs,Säfsnäs,TRUE,NA,356,https://runeberg.org/sonkal/1866/0356.html
1866,Westerås,Vester-Dals,Ploda,Ploda,TRUE,NA,356,https://runeberg.org/sonkal/1866/0356.html
1866,Westerås,Vester-Dals,Nås,Nås,TRUE,NA,356,https://runeberg.org/sonkal/1866/0356.html
1866,Westerås,Vester-Dals,Järna,Järna,TRUE,NA,356,https://runeberg.org/sonkal/1866/0356.html
1866,Westerås,Vester-Dals,Äppelbo,Äppelbo,TRUE,NA,356,https://runeberg.org/sonkal/1866/0356.html
1866,Westerås,Vester-Dals,Malung,Malung,TRUE,NA,356,https://runeberg.org/sonkal/1866/0356.html
1866,Westerås,Vester-Dals,Lima,Lima,TRUE,NA,356,https://runeberg.org/sonkal/1866/0356.html
1866,Westerås,Leksands,Leksand,Leksand,TRUE,NA,356,https://runeberg.org/sonkal/1866/0356.html
1866,Westerås,Leksands,Gagnef,Gagnef,TRUE,NA,356,https://runeberg.org/sonkal/1866/0356.html
1866,Westerås,Leksands,Al,Al,TRUE,NA,356,https://runeberg.org/sonkal/1866/0356.html
1866,Westerås,Leksands,Bjursås,Bjursås,TRUE,NA,356,https://runeberg.org/sonkal/1866/0356.html
1866,Westerås,Rättviks,Rättvik,Rättvik,TRUE,NA,356,https://runeberg.org/sonkal/1866/0356.html
1866,Westerås,Rättviks,Orsa,Orsa,TRUE,NA,356,https://runeberg.org/sonkal/1866/0356.html
1866,Westerås,Rättviks,Ore,Ore,TRUE,NA,356,https://runeberg.org/sonkal/1866/0356.html
1866,Westerås,Mora,Mora,Mora,TRUE,NA,356,https://runeberg.org/sonkal/1866/0356.html
1866,Westerås,Mora,Elfdalen,Elfdalen,TRUE,NA,356,https://runeberg.org/sonkal/1866/0356.html
1866,Westerås,Mora,Wenjan,Wenjan,TRUE,NA,356,https://runeberg.org/sonkal/1866/0356.html
1866,Westerås,Mora,Särna,Särna,TRUE,NA,356,https://runeberg.org/sonkal/1866/0356.html
1866,Westerås,Stora Tuna,Stora Tuna,Stora Tuna,TRUE,NA,356,https://runeberg.org/sonkal/1866/0356.html
1866,Westerås,Stora Tuna,Stora Schedvi,Stora Schedvi,TRUE,NA,356,https://runeberg.org/sonkal/1866/0356.html
1866,Westerås,Stora Tuna,Svärdsjö,Svärdsjö,TRUE,NA,356,https://runeberg.org/sonkal/1866/0356.html
1866,Westerås,Stora Tuna,Enviken,Enviken,TRUE,NA,356,https://runeberg.org/sonkal/1866/0356.html
1866,Westerås,Stora Tuna,Falun,Falun,TRUE,NA,356,https://runeberg.org/sonkal/1866/0356.html
1866,Westerås,Stora Tuna,Säter,Säter,TRUE,NA,356,https://runeberg.org/sonkal/1866/0356.html
1866,Westerås,Stora Tuna,Thorsång,Thorsång,TRUE,NA,356,https://runeberg.org/sonkal/1866/0356.html
1866,Westerås,Stora Tuna,Wika,Wika,TRUE,NA,356,https://runeberg.org/sonkal/1866/0356.html
1866,Westerås,Stora Tuna,Gustafs,Gustafs,TRUE,NA,356,https://runeberg.org/sonkal/1866/0356.html
1866,Westerås,Stora Tuna,Sundborn,Sundborn,TRUE,NA,356,https://runeberg.org/sonkal/1866/0356.html
1866,Westerås,Hedemora,Hedemora,Hedemora,TRUE,NA,357,https://runeberg.org/sonkal/1866/0357.html
1866,Westerås,Hedemora,Husby,Husby,TRUE,NA,357,https://runeberg.org/sonkal/1866/0357.html
1866,Westerås,Hedemora,Folkärna,Folkärna,TRUE,NA,357,https://runeberg.org/sonkal/1866/0357.html
1866,Westerås,Hedemora,By,By,TRUE,NA,357,https://runeberg.org/sonkal/1866/0357.html
1866,Westerås,Hedemora,Garpenberg,Garpenberg,TRUE,NA,357,https://runeberg.org/sonkal/1866/0357.html
1866,Westerås,Hedemora,Grytnäs,Grytnäs,TRUE,NA,357,https://runeberg.org/sonkal/1866/0357.html
1866,Westerås,Vester-Fernebo,Vester-Fernefco,Vester-Fernefco,TRUE,NA,357,https://runeberg.org/sonkal/1866/0357.html
1866,Westerås,Vester-Fernebo,Norberg,Norberg,TRUE,NA,357,https://runeberg.org/sonkal/1866/0357.html
1866,Westerås,Vester-Fernebo,Westanfors,Westanfors,TRUE,NA,357,https://runeberg.org/sonkal/1866/0357.html
1866,Westerås,Vester-Fernebo,Romfartuna,Romfartuna,TRUE,NA,357,https://runeberg.org/sonkal/1866/0357.html
1866,Westerås,Vester-Fernebo,Haraker,Haraker,TRUE,NA,357,https://runeberg.org/sonkal/1866/0357.html
1866,Westerås,Vester-Fernebo,Fläckebo,Fläckebo,TRUE,NA,357,https://runeberg.org/sonkal/1866/0357.html
1866,Westerås,Vester-Fernebo,Wester-Wåla,Wester-Wåla,TRUE,NA,357,https://runeberg.org/sonkal/1866/0357.html
1866,Westerås,Vester-Fernebo,Karbenning,Karbenning,TRUE,NA,357,https://runeberg.org/sonkal/1866/0357.html
1866,Westerås,Sala,Sala,Sala,TRUE,NA,357,https://runeberg.org/sonkal/1866/0357.html
1866,Westerås,Sala,Möklinta,Möklinta,TRUE,NA,357,https://runeberg.org/sonkal/1866/0357.html
1866,Westerås,Sala,Kila,Kila,TRUE,NA,357,https://runeberg.org/sonkal/1866/0357.html
1866,Westerås,Sala,Kumla,Kumla,TRUE,NA,357,https://runeberg.org/sonkal/1866/0357.html
1866,Westerås,Sala,Björksta,Björksta,TRUE,NA,357,https://runeberg.org/sonkal/1866/0357.html
1866,Westerås,Sala,Thortuna,Thortuna,TRUE,NA,357,https://runeberg.org/sonkal/1866/0357.html
1866,Westerås,Sala,Sevalla,Sevalla,TRUE,NA,357,https://runeberg.org/sonkal/1866/0357.html
1866,Wexiö,Kinnevalds,Wexiö,Wexiö,TRUE,NA,357,https://runeberg.org/sonkal/1866/0357.html
1866,Wexiö,Kinnevalds,Bergunda,Bergunda,TRUE,NA,357,https://runeberg.org/sonkal/1866/0357.html
1866,Wexiö,Kinnevalds,Urshult,Urshult,TRUE,NA,357,https://runeberg.org/sonkal/1866/0357.html
1866,Wexiö,Kinnevalds,Kalfsvik,Kalfsvik,TRUE,NA,358,https://runeberg.org/sonkal/1866/0358.html
1866,Wexiö,Kinnevalds,Täfvelsås,Täfvelsås,TRUE,NA,358,https://runeberg.org/sonkal/1866/0358.html
1866,Wexiö,Kinnevalds,Wederslöf,Wederslöf,TRUE,NA,358,https://runeberg.org/sonkal/1866/0358.html
1866,Wexiö,Kinnevalds,Öjaby,Öjaby,TRUE,NA,358,https://runeberg.org/sonkal/1866/0358.html
1866,Wexiö,Allbo,Skatelöf,Skatelöf,TRUE,NA,358,https://runeberg.org/sonkal/1866/0358.html
1866,Wexiö,Allbo,Wirestad,Wirestad,TRUE,NA,358,https://runeberg.org/sonkal/1866/0358.html
1866,Wexiö,Allbo,Moheda,Moheda,TRUE,NA,358,https://runeberg.org/sonkal/1866/0358.html
1866,Wexiö,Allbo,Lekaryd,Lekaryd,TRUE,NA,358,https://runeberg.org/sonkal/1866/0358.html
1866,Wexiö,Allbo,Hjortsberga,Hjortsberga,TRUE,NA,358,https://runeberg.org/sonkal/1866/0358.html
1866,Wexiö,Allbo,Slätthög,Slätthög,TRUE,NA,358,https://runeberg.org/sonkal/1866/0358.html
1866,Wexiö,Allbo,Wislanda,Wislanda,TRUE,NA,358,https://runeberg.org/sonkal/1866/0358.html
1866,Wexiö,Allbo,Stenbrohult,Stenbrohult,TRUE,NA,358,https://runeberg.org/sonkal/1866/0358.html
1866,Wexiö,Sunnerbo,Agunnaryd,Agunnaryd,TRUE,NA,358,https://runeberg.org/sonkal/1866/0358.html
1866,Wexiö,Sunnerbo,Pjetteryd,Pjetteryd,TRUE,NA,358,https://runeberg.org/sonkal/1866/0358.html
1866,Wexiö,Sunnerbo,Hallaryd,Hallaryd,TRUE,NA,358,https://runeberg.org/sonkal/1866/0358.html
1866,Wexiö,Sunnerbo,Göteryd,Göteryd,TRUE,NA,358,https://runeberg.org/sonkal/1866/0358.html
1866,Wexiö,Sunnerbo,Markaryd,Markaryd,TRUE,NA,358,https://runeberg.org/sonkal/1866/0358.html
1866,Wexiö,Sunnerbo,Hvittaryd,Hvittaryd,TRUE,NA,358,https://runeberg.org/sonkal/1866/0358.html
1866,Wexiö,Sunnerbo,Byssby,Byssby,TRUE,NA,358,https://runeberg.org/sonkal/1866/0358.html
1866,Wexiö,Sunnerbo,Ljunga,Ljunga,TRUE,NA,358,https://runeberg.org/sonkal/1866/0358.html
1866,Wexiö,Sunnerbo,Annerstad,Annerstad,TRUE,NA,358,https://runeberg.org/sonkal/1866/0358.html
1866,Wexiö,Sunnerbo,Angelstad,Angelstad,TRUE,NA,358,https://runeberg.org/sonkal/1866/0358.html
1866,Wexiö,Sunnerbo,Odensjö,Odensjö,TRUE,NA,358,https://runeberg.org/sonkal/1866/0358.html
1866,Wexiö,Konga,Wäckelsång,Wäckelsång,TRUE,NA,358,https://runeberg.org/sonkal/1866/0358.html
1866,Wexiö,Konga,Linneryd,Linneryd,TRUE,NA,358,https://runeberg.org/sonkal/1866/0358.html
1866,Wexiö,Konga,Elmeboda,Elmeboda,TRUE,NA,358,https://runeberg.org/sonkal/1866/0358.html
1866,Wexiö,Konga,Långasjö,Långasjö,TRUE,NA,358,https://runeberg.org/sonkal/1866/0358.html
1866,Wexiö,Konga,Nöbbeled,Nöbbeled,TRUE,NA,358,https://runeberg.org/sonkal/1866/0358.html
1866,Wexiö,Konga,Hofmantorp,Hofmantorp,TRUE,NA,358,https://runeberg.org/sonkal/1866/0358.html
1866,Wexiö,Konga,Hemmesjö,Hemmesjö,TRUE,NA,358,https://runeberg.org/sonkal/1866/0358.html
1866,Wexiö,Norrvidinge,Tolg,Tolg,TRUE,NA,358,https://runeberg.org/sonkal/1866/0358.html
1866,Wexiö,Norrvidinge,Berg,Berg,TRUE,NA,358,https://runeberg.org/sonkal/1866/0358.html
1866,Wexiö,Norrvidinge,Gårdsby,Gårdsby,TRUE,NA,358,https://runeberg.org/sonkal/1866/0358.html
1866,Wexiö,Upjpvidinge,Åsheda,Åsheda,TRUE,NA,358,https://runeberg.org/sonkal/1866/0358.html
1866,Wexiö,Upjpvidinge,Allgutsboda,Allgutsboda,TRUE,NA,358,https://runeberg.org/sonkal/1866/0358.html
1866,Wexiö,Upjpvidinge,Elghult,Elghult,TRUE,NA,358,https://runeberg.org/sonkal/1866/0358.html
1866,Wexiö,Upjpvidinge,Nottebäck,Nottebäck,TRUE,NA,358,https://runeberg.org/sonkal/1866/0358.html
1866,Wexiö,Upjpvidinge,Lenhofda,Lenhofda,TRUE,NA,358,https://runeberg.org/sonkal/1866/0358.html
1866,Wexiö,Upjpvidinge,Dädesjö,Dädesjö,TRUE,NA,358,https://runeberg.org/sonkal/1866/0358.html
1866,Wexiö,Upjpvidinge,Sjösås,Sjösås,TRUE,NA,358,https://runeberg.org/sonkal/1866/0358.html
1866,Wexiö,Tveta,Jönköping,Jönköping,TRUE,NA,359,https://runeberg.org/sonkal/1866/0359.html
1866,Wexiö,Tveta,Svartorp,Svartorp,TRUE,NA,359,https://runeberg.org/sonkal/1866/0359.html
1866,Wexiö,Tveta,Barkeryd,Barkeryd,TRUE,NA,359,https://runeberg.org/sonkal/1866/0359.html
1866,Wexiö,Tveta,Jersnäs,Jersnäs,TRUE,NA,359,https://runeberg.org/sonkal/1866/0359.html
1866,Wexiö,Tveta,Hakarp,Hakarp,TRUE,NA,359,https://runeberg.org/sonkal/1866/0359.html
1866,Wexiö,Tveta,Rogberga,Rogberga,TRUE,NA,359,https://runeberg.org/sonkal/1866/0359.html
1866,Wexiö,Tveta,Jerstorp,Jerstorp,TRUE,NA,359,https://runeberg.org/sonkal/1866/0359.html
1866,Wexiö,Tveta,Sandseryd,Sandseryd,TRUE,NA,359,https://runeberg.org/sonkal/1866/0359.html
1866,Wexiö,Tveta,Barnarp,Barnarp,TRUE,NA,359,https://runeberg.org/sonkal/1866/0359.html
1866,Wexiö,Östbo,Rydaholm,Rydaholm,TRUE,NA,359,https://runeberg.org/sonkal/1866/0359.html
1866,Wexiö,Östbo,Wernamo,Wernamo,TRUE,NA,359,https://runeberg.org/sonkal/1866/0359.html
1866,Wexiö,Östbo,Kärda,Kärda,TRUE,NA,359,https://runeberg.org/sonkal/1866/0359.html
1866,Wexiö,Östbo,Fryeled,Fryeled,TRUE,NA,359,https://runeberg.org/sonkal/1866/0359.html
1866,Wexiö,Östbo,Åker,Åker,TRUE,NA,359,https://runeberg.org/sonkal/1866/0359.html
1866,Wexiö,Westbo,Forsheda,Forsheda,TRUE,NA,359,https://runeberg.org/sonkal/1866/0359.html
1866,Wexiö,Westbo,Bolmsö,Bolmsö,TRUE,NA,359,https://runeberg.org/sonkal/1866/0359.html
1866,Wexiö,Westbo,Unnaryd,Unnaryd,TRUE,NA,359,https://runeberg.org/sonkal/1866/0359.html
1866,Wexiö,Westbo,Femsjö,Femsjö,TRUE,NA,359,https://runeberg.org/sonkal/1866/0359.html
1866,Wexiö,Westbo,Långaryd,Långaryd,TRUE,NA,359,https://runeberg.org/sonkal/1866/0359.html
1866,Wexiö,Westbo,Hestra,Hestra,TRUE,NA,359,https://runeberg.org/sonkal/1866/0359.html
1866,Wexiö,Westbo,Burseryd,Burseryd,TRUE,NA,359,https://runeberg.org/sonkal/1866/0359.html
1866,Wexiö,Westbo,Willstad,Willstad,TRUE,NA,359,https://runeberg.org/sonkal/1866/0359.html
1866,Wexiö,Westbo,Refteled,Refteled,TRUE,NA,359,https://runeberg.org/sonkal/1866/0359.html
1866,Wexiö,Westbo,Asenhöga,Asenhöga,TRUE,NA,359,https://runeberg.org/sonkal/1866/0359.html
1866,Wexiö,Westbo,Kulltorp,Kulltorp,TRUE,NA,359,https://runeberg.org/sonkal/1866/0359.html
1866,Wexiö,Westbo,As,As,TRUE,NA,359,https://runeberg.org/sonkal/1866/0359.html
1866,Wexiö,Westra Härads,Malmbäck,Malmbäck,TRUE,NA,359,https://runeberg.org/sonkal/1866/0359.html
1866,Wexiö,Westra Härads,Wrigstad,Wrigstad,TRUE,NA,359,https://runeberg.org/sonkal/1866/0359.html
1866,Wexiö,Westra Härads,Hjelmseryd,Hjelmseryd,TRUE,NA,359,https://runeberg.org/sonkal/1866/0359.html
1866,Wexiö,Westra Härads,Sandsjö,Sandsjö,TRUE,NA,359,https://runeberg.org/sonkal/1866/0359.html
1866,Wexiö,Westra Härads,Bringetofta,Bringetofta,TRUE,NA,359,https://runeberg.org/sonkal/1866/0359.html
1866,Wexiö,Westra Härads,Hultsjö,Hultsjö,TRUE,NA,359,https://runeberg.org/sonkal/1866/0359.html
1866,Wexiö,Westra Härads,Fröderyd,Fröderyd,TRUE,NA,359,https://runeberg.org/sonkal/1866/0359.html
1866,Wexiö,Östra Härads,Alsheda,Alsheda,TRUE,NA,359,https://runeberg.org/sonkal/1866/0359.html
1866,Wexiö,Östra Härads,Korsberga,Korsberga,TRUE,NA,359,https://runeberg.org/sonkal/1866/0359.html
1866,Wexiö,Östra Härads,Hvetlanda,Hvetlanda,TRUE,NA,359,https://runeberg.org/sonkal/1866/0359.html
1866,Wexiö,Östra Härads,Skirö,Skirö,TRUE,NA,359,https://runeberg.org/sonkal/1866/0359.html
1866,Wexiö,Östra Härads,Näshult,Näshult,TRUE,NA,359,https://runeberg.org/sonkal/1866/0359.html
1866,Wexiö,Östra Härads,Karlstorp,Karlstorp,TRUE,NA,359,https://runeberg.org/sonkal/1866/0359.html
1866,Wexiö,Östra Härads,Björkö,Björkö,TRUE,NA,359,https://runeberg.org/sonkal/1866/0359.html
1866,Wexiö,Östra Härads,Bexheda,Bexheda,TRUE,NA,360,https://runeberg.org/sonkal/1866/0360.html
1866,Wexiö,Östra Härads,Myresjö,Myresjö,TRUE,NA,360,https://runeberg.org/sonkal/1866/0360.html
1866,Wexiö,Wista,Grenna,Grenna,TRUE,NA,360,https://runeberg.org/sonkal/1866/0360.html
1866,Wexiö,Wista,Wisingsö,Wisingsö,TRUE,NA,360,https://runeberg.org/sonkal/1866/0360.html
1866,Wexiö,Wista,Skärstad,Skärstad,TRUE,NA,360,https://runeberg.org/sonkal/1866/0360.html
1866,Wexiö,Wista,Olmestad,Olmestad,TRUE,NA,360,https://runeberg.org/sonkal/1866/0360.html
1866,Lunds,Oxie,Bunkeflod,Bunkeflod,TRUE,NA,360,https://runeberg.org/sonkal/1866/0360.html
1866,Lunds,Oxie,Husie,Husie,TRUE,NA,360,https://runeberg.org/sonkal/1866/0360.html
1866,Lunds,Oxie,Arrie,Arrie,TRUE,NA,360,https://runeberg.org/sonkal/1866/0360.html
1866,Lunds,Oxie,Gessie,Gessie,TRUE,NA,360,https://runeberg.org/sonkal/1866/0360.html
1866,Lunds,Oxie,Mellan-Grefvie,Mellan-Grefvie,TRUE,NA,360,https://runeberg.org/sonkal/1866/0360.html
1866,Lunds,Oxie,Ingelstad,Ingelstad,TRUE,NA,360,https://runeberg.org/sonkal/1866/0360.html
1866,Lunds,Oxie,Fosie,Fosie,TRUE,NA,360,https://runeberg.org/sonkal/1866/0360.html
1866,Lunds,Oxie,Sallerup,Sallerup,TRUE,NA,360,https://runeberg.org/sonkal/1866/0360.html
1866,Lunds,Oxie,Tygelsjö,Tygelsjö,TRUE,NA,360,https://runeberg.org/sonkal/1866/0360.html
1866,Lunds,Oxie,Kärrstorp,Kärrstorp,TRUE,NA,360,https://runeberg.org/sonkal/1866/0360.html
1866,Lunds,Skytts,Hvellinge,Hvellinge,TRUE,NA,360,https://runeberg.org/sonkal/1866/0360.html
1866,Lunds,Skytts,Trelleborg,Trelleborg,TRUE,NA,360,https://runeberg.org/sonkal/1866/0360.html
1866,Lunds,Skytts,Beng,Beng,TRUE,NA,360,https://runeberg.org/sonkal/1866/0360.html
1866,Lunds,Skytts,Håslöf,Håslöf,TRUE,NA,360,https://runeberg.org/sonkal/1866/0360.html
1866,Lunds,Skytts,Stora Slågarp,Stora Slågarp,TRUE,NA,360,https://runeberg.org/sonkal/1866/0360.html
1866,Lunds,Skytts,Westra Alstad,Westra Alstad,TRUE,NA,360,https://runeberg.org/sonkal/1866/0360.html
1866,Lunds,Skytts,Bosarp,Bosarp,TRUE,NA,360,https://runeberg.org/sonkal/1866/0360.html
1866,Lunds,Skytts,Tommarp,Tommarp,TRUE,NA,361,https://runeberg.org/sonkal/1866/0361.html
1866,Lunds,Skytts,Hammarlöf,Hammarlöf,TRUE,NA,361,https://runeberg.org/sonkal/1866/0361.html
1866,Lunds,Skytts,Gylle,Gylle,TRUE,NA,361,https://runeberg.org/sonkal/1866/0361.html
1866,Lunds,Skytts,Dalköpinge,Dalköpinge,TRUE,NA,361,https://runeberg.org/sonkal/1866/0361.html
1866,Lunds,Torna,Silfåkra,Silfåkra,TRUE,NA,361,https://runeberg.org/sonkal/1866/0361.html
1866,Lunds,Torna,Hellestad,Hellestad,TRUE,NA,361,https://runeberg.org/sonkal/1866/0361.html
1866,Lunds,Torna,Efverlöf,Efverlöf,TRUE,NA,361,https://runeberg.org/sonkal/1866/0361.html
1866,Lunds,Torna,Hardeberga,Hardeberga,TRUE,NA,361,https://runeberg.org/sonkal/1866/0361.html
1866,Lunds,Torna,Igelösa,Igelösa,TRUE,NA,361,https://runeberg.org/sonkal/1866/0361.html
1866,Lunds,Torna,Hoby,Hoby,TRUE,NA,361,https://runeberg.org/sonkal/1866/0361.html
1866,Lunds,Torna,Stäfvie,Stäfvie,TRUE,NA,361,https://runeberg.org/sonkal/1866/0361.html
1866,Lunds,Torna,Stångby,Stångby,TRUE,NA,361,https://runeberg.org/sonkal/1866/0361.html
1866,Lunds,Torna,Borgeby,Borgeby,TRUE,NA,361,https://runeberg.org/sonkal/1866/0361.html
1866,Lunds,Torna,Stora Råby,Stora Råby,TRUE,NA,361,https://runeberg.org/sonkal/1866/0361.html
1866,Lunds,Torna,Fjelie,Fjelie,TRUE,NA,361,https://runeberg.org/sonkal/1866/0361.html
1866,Lunds,Torna,Lund,Lund,TRUE,NA,361,https://runeberg.org/sonkal/1866/0361.html
1866,Lunds,Bara,Lyngby,Lyngby,TRUE,NA,361,https://runeberg.org/sonkal/1866/0361.html
1866,Lunds,Bara,Svedala,Svedala,TRUE,NA,361,https://runeberg.org/sonkal/1866/0361.html
1866,Lunds,Bara,Hyby,Hyby,TRUE,NA,361,https://runeberg.org/sonkal/1866/0361.html
1866,Lunds,Bara,Skabersjö,Skabersjö,TRUE,NA,361,https://runeberg.org/sonkal/1866/0361.html
1866,Lunds,Bara,Bara,Bara,TRUE,NA,361,https://runeberg.org/sonkal/1866/0361.html
1866,Lunds,Bara,Kyrkheddinge,Kyrkheddinge,TRUE,NA,361,https://runeberg.org/sonkal/1866/0361.html
1866,Lunds,Bara,Knästorp,Knästorp,TRUE,NA,361,https://runeberg.org/sonkal/1866/0361.html
1866,Lunds,Bara,Burlöf,Burlöf,TRUE,NA,361,https://runeberg.org/sonkal/1866/0361.html
1866,Lunds,Bara,Stora Uppåkra,Stora Uppåkra,TRUE,NA,361,https://runeberg.org/sonkal/1866/0361.html
1866,Lunds,Bara,Bjäreshög,Bjäreshög,TRUE,NA,361,https://runeberg.org/sonkal/1866/0361.html
1866,Lunds,Bara,Brågarp,Brågarp,TRUE,NA,361,https://runeberg.org/sonkal/1866/0361.html
1866,Lunds,Bara,Lomma,Lomma,TRUE,NA,361,https://runeberg.org/sonkal/1866/0361.html
1866,Lunds,IVemmenhögs,Kjellstorp,Kjellstorp,TRUE,NA,361,https://runeberg.org/sonkal/1866/0361.html
1866,Lunds,IVemmenhögs,Gerdslöf,Gerdslöf,TRUE,NA,361,https://runeberg.org/sonkal/1866/0361.html
1866,Lunds,IVemmenhögs,Solberga,Solberga,TRUE,NA,361,https://runeberg.org/sonkal/1866/0361.html
1866,Lunds,IVemmenhögs,Östra Torp,Östra Torp,TRUE,NA,361,https://runeberg.org/sonkal/1866/0361.html
1866,Lunds,IVemmenhögs,Espö,Espö,TRUE,NA,361,https://runeberg.org/sonkal/1866/0361.html
1866,Lunds,IVemmenhögs,Gustafs,Gustafs,TRUE,NA,361,https://runeberg.org/sonkal/1866/0361.html
1866,Lunds,IVemmenhögs,Tullstorp,Tullstorp,TRUE,NA,361,https://runeberg.org/sonkal/1866/0361.html
1866,Lunds,IVemmenhögs,Skurup,Skurup,TRUE,NA,362,https://runeberg.org/sonkal/1866/0362.html
1866,Lunds,Ljunits och Herrestads,Södra Willie,Södra Willie,TRUE,NA,362,https://runeberg.org/sonkal/1866/0362.html
1866,Lunds,Ljunits och Herrestads,Nöbbelöf,Nöbbelöf,TRUE,NA,362,https://runeberg.org/sonkal/1866/0362.html
1866,Lunds,Ljunits och Herrestads,Balkåkra,Balkåkra,TRUE,NA,362,https://runeberg.org/sonkal/1866/0362.html
1866,Lunds,Ljunits och Herrestads,Sjörup,Sjörup,TRUE,NA,362,https://runeberg.org/sonkal/1866/0362.html
1866,Lunds,Ljunits och Herrestads,Ystads St,Ystads St,TRUE,NA,362,https://runeberg.org/sonkal/1866/0362.html
1866,Lunds,Ljunits och Herrestads,Stora Herrestad,Stora Herrestad,TRUE,NA,362,https://runeberg.org/sonkal/1866/0362.html
1866,Lunds,Ljunits och Herrestads,Söfvestad,Söfvestad,TRUE,NA,362,https://runeberg.org/sonkal/1866/0362.html
1866,Lunds,Ljunits och Herrestads,Högestad,Högestad,TRUE,NA,362,https://runeberg.org/sonkal/1866/0362.html
1866,Lunds,Frosta,Östra Sallerup,Östra Sallerup,TRUE,NA,362,https://runeberg.org/sonkal/1866/0362.html
1866,Lunds,Frosta,Hörby,Hörby,TRUE,NA,362,https://runeberg.org/sonkal/1866/0362.html
1866,Lunds,Frosta,Höxeröd,Höxeröd,TRUE,NA,362,https://runeberg.org/sonkal/1866/0362.html
1866,Lunds,Frosta,Fulltofta,Fulltofta,TRUE,NA,362,https://runeberg.org/sonkal/1866/0362.html
1866,Lunds,Frosta,Södra Rörum,Södra Rörum,TRUE,NA,362,https://runeberg.org/sonkal/1866/0362.html
1866,Lunds,Frosta,Hör,Hör,TRUE,NA,362,https://runeberg.org/sonkal/1866/0362.html
1866,Lunds,Frosta,Norra Rörum,Norra Rörum,TRUE,NA,362,https://runeberg.org/sonkal/1866/0362.html
1866,Lunds,Frosta,Bosjö Kloster,Bosjö Kloster,TRUE,NA,362,https://runeberg.org/sonkal/1866/0362.html
1866,Lunds,Frosta,Gudmuntorp,Gudmuntorp,TRUE,NA,362,https://runeberg.org/sonkal/1866/0362.html
1866,Lunds,Frosta,Borlunda,Borlunda,TRUE,NA,362,https://runeberg.org/sonkal/1866/0362.html
1866,Lunds,Frosta,Harlösa,Harlösa,TRUE,NA,362,https://runeberg.org/sonkal/1866/0362.html
1866,Lunds,Frosta,Strö,Strö,TRUE,NA,362,https://runeberg.org/sonkal/1866/0362.html
1866,Lunds,Frosta,Gårdstånga,Gårdstånga,TRUE,NA,362,https://runeberg.org/sonkal/1866/0362.html
1866,Lunds,Färs,Wanstad,Wanstad,TRUE,NA,362,https://runeberg.org/sonkal/1866/0362.html
1866,Lunds,Färs,Röddinge,Röddinge,TRUE,NA,362,https://runeberg.org/sonkal/1866/0362.html
1866,Lunds,Färs,Söfde,Söfde,TRUE,NA,362,https://runeberg.org/sonkal/1866/0362.html
1866,Lunds,Färs,Hstorp,Hstorp,TRUE,NA,362,https://runeberg.org/sonkal/1866/0362.html
1866,Lunds,Färs,Löfvestad,Löfvestad,TRUE,NA,362,https://runeberg.org/sonkal/1866/0362.html
1866,Lunds,Färs,Öfved,Öfved,TRUE,NA,362,https://runeberg.org/sonkal/1866/0362.html
1866,Lunds,Färs,Brandstad,Brandstad,TRUE,NA,362,https://runeberg.org/sonkal/1866/0362.html
1866,Lunds,Färs,Frenninge,Frenninge,TRUE,NA,362,https://runeberg.org/sonkal/1866/0362.html
1866,Lunds,Färs,Womb,Womb,TRUE,NA,362,https://runeberg.org/sonkal/1866/0362.html
1866,Lunds,Färs,Kerrstorp,Kerrstorp,TRUE,NA,362,https://runeberg.org/sonkal/1866/0362.html
1866,Lunds,Färs,Westerstad,Westerstad,TRUE,NA,362,https://runeberg.org/sonkal/1866/0362.html
1866,Lunds,Onsjö,Stödhaf,Stödhaf,TRUE,NA,362,https://runeberg.org/sonkal/1866/0362.html
1866,Lunds,Onsjö,Torrlösa,Torrlösa,TRUE,NA,362,https://runeberg.org/sonkal/1866/0362.html
1866,Lunds,Onsjö,Reslöf,Reslöf,TRUE,NA,362,https://runeberg.org/sonkal/1866/0362.html
1866,Lunds,Onsjö,Bosarp,Bosarp,TRUE,NA,362,https://runeberg.org/sonkal/1866/0362.html
1866,Lunds,Onsjö,Näs,Näs,TRUE,NA,362,https://runeberg.org/sonkal/1866/0362.html
1866,Lunds,Onsjö,Konga,Konga,TRUE,NA,363,https://runeberg.org/sonkal/1866/0363.html
1866,Lunds,Onsjö,Billinge,Billinge,TRUE,NA,363,https://runeberg.org/sonkal/1866/0363.html
1866,Lunds,Harjagers,Westra Karaby,Westra Karaby,TRUE,NA,363,https://runeberg.org/sonkal/1866/0363.html
1866,Lunds,Harjagers,Barsebäck,Barsebäck,TRUE,NA,363,https://runeberg.org/sonkal/1866/0363.html
1866,Lunds,Harjagers,Höj,Höj,TRUE,NA,363,https://runeberg.org/sonkal/1866/0363.html
1866,Lunds,Harjagers,Örtofta,Örtofta,TRUE,NA,363,https://runeberg.org/sonkal/1866/0363.html
1866,Lunds,Harjagers,Stora Harrie,Stora Harrie,TRUE,NA,363,https://runeberg.org/sonkal/1866/0363.html
1866,Lunds,Harjagers,Norrvidinge,Norrvidinge,TRUE,NA,363,https://runeberg.org/sonkal/1866/0363.html
1866,Lunds,Harjagers,Södervidinge,Södervidinge,TRUE,NA,363,https://runeberg.org/sonkal/1866/0363.html
1866,Lunds,Rönnebergs,Landskrona,Landskrona,TRUE,NA,363,https://runeberg.org/sonkal/1866/0363.html
1866,Lunds,Rönnebergs,Wadensjö,Wadensjö,TRUE,NA,363,https://runeberg.org/sonkal/1866/0363.html
1866,Lunds,Rönnebergs,Herslöf,Herslöf,TRUE,NA,363,https://runeberg.org/sonkal/1866/0363.html
1866,Lunds,Rönnebergs,Billeberga,Billeberga,TRUE,NA,363,https://runeberg.org/sonkal/1866/0363.html
1866,Lunds,Rönnebergs,Norra Svalöf,Norra Svalöf,TRUE,NA,363,https://runeberg.org/sonkal/1866/0363.html
1866,Lunds,Rönnebergs,Kjells-Nöbbelöf,Kjells-Nöbbelöf,TRUE,NA,363,https://runeberg.org/sonkal/1866/0363.html
1866,Lunds,Rönnebergs,St,St,TRUE,NA,363,https://runeberg.org/sonkal/1866/0363.html
1866,Lunds,Luggude,Allerum,Allerum,TRUE,NA,363,https://runeberg.org/sonkal/1866/0363.html
1866,Lunds,Luggude,Höganäs,Höganäs,TRUE,NA,363,https://runeberg.org/sonkal/1866/0363.html
1866,Lunds,Luggude,Brunnby,Brunnby,TRUE,NA,363,https://runeberg.org/sonkal/1866/0363.html
1866,Lunds,Luggude,Farhult,Farhult,TRUE,NA,363,https://runeberg.org/sonkal/1866/0363.html
1866,Lunds,Luggude,Wälinge,Wälinge,TRUE,NA,363,https://runeberg.org/sonkal/1866/0363.html
1866,Lunds,Luggude,Kropp,Kropp,TRUE,NA,363,https://runeberg.org/sonkal/1866/0363.html
1866,Lunds,Luggude,Helsingborg,Helsingborg,TRUE,NA,363,https://runeberg.org/sonkal/1866/0363.html
1866,Lunds,Luggude,Wälluf,Wälluf,TRUE,NA,363,https://runeberg.org/sonkal/1866/0363.html
1866,Lunds,Luggude,Frillestad,Frillestad,TRUE,NA,363,https://runeberg.org/sonkal/1866/0363.html
1866,Lunds,Luggude,Hesslunda,Hesslunda,TRUE,NA,363,https://runeberg.org/sonkal/1866/0363.html
1866,Lunds,Luggude,Bårslöf,Bårslöf,TRUE,NA,363,https://runeberg.org/sonkal/1866/0363.html
1866,Lunds,Luggude,Kågeröd,Kågeröd,TRUE,NA,363,https://runeberg.org/sonkal/1866/0363.html
1866,Lunds,Luggude,Halmstad,Halmstad,TRUE,NA,363,https://runeberg.org/sonkal/1866/0363.html
1866,Lunds,Luggude,Ottarp,Ottarp,TRUE,NA,363,https://runeberg.org/sonkal/1866/0363.html
1866,Lunds,Albo och Jerrestads,Raflunda,Raflunda,TRUE,NA,363,https://runeberg.org/sonkal/1866/0363.html
1866,Lunds,Albo och Jerrestads,Andrarum,Andrarum,TRUE,NA,363,https://runeberg.org/sonkal/1866/0363.html
1866,Lunds,Albo och Jerrestads,Mellby,Mellby,TRUE,NA,363,https://runeberg.org/sonkal/1866/0363.html
1866,Lunds,Albo och Jerrestads,St,St,TRUE,NA,363,https://runeberg.org/sonkal/1866/0363.html
1866,Lunds,Albo och Jerrestads,Wemmerlöf,Wemmerlöf,TRUE,NA,363,https://runeberg.org/sonkal/1866/0363.html
1866,Lunds,Albo och Jerrestads,Cimbrishamn,Cimbrishamn,TRUE,NA,363,https://runeberg.org/sonkal/1866/0363.html
1866,Lunds,Albo och Jerrestads,Gladsax,Gladsax,TRUE,NA,364,https://runeberg.org/sonkal/1866/0364.html
1866,Lunds,Albo och Jerrestads,Cimbris,Cimbris,TRUE,NA,364,https://runeberg.org/sonkal/1866/0364.html
1866,Lunds,Albo och Jerrestads,Wallby,Wallby,TRUE,NA,364,https://runeberg.org/sonkal/1866/0364.html
1866,Lunds,Albo och Jerrestads,Stiby,Stiby,TRUE,NA,364,https://runeberg.org/sonkal/1866/0364.html
1866,Lunds,Albo och Jerrestads,Borrby,Borrby,TRUE,NA,364,https://runeberg.org/sonkal/1866/0364.html
1866,Lunds,Ingelstads,Löderup,Löderup,TRUE,NA,364,https://runeberg.org/sonkal/1866/0364.html
1866,Lunds,Ingelstads,Hofby,Hofby,TRUE,NA,364,https://runeberg.org/sonkal/1866/0364.html
1866,Lunds,Ingelstads,Ingelstorp,Ingelstorp,TRUE,NA,364,https://runeberg.org/sonkal/1866/0364.html
1866,Lunds,Ingelstads,Glemminge,Glemminge,TRUE,NA,364,https://runeberg.org/sonkal/1866/0364.html
1866,Lunds,Ingelstads,Stora Köpinge,Stora Köpinge,TRUE,NA,364,https://runeberg.org/sonkal/1866/0364.html
1866,Lunds,Ingelstads,Öfraby,Öfraby,TRUE,NA,364,https://runeberg.org/sonkal/1866/0364.html
1866,Lunds,Ingelstads,Hammenhög,Hammenhög,TRUE,NA,364,https://runeberg.org/sonkal/1866/0364.html
1866,Lunds,Ingelstads,Querrestad,Querrestad,TRUE,NA,364,https://runeberg.org/sonkal/1866/0364.html
1866,Lunds,Ingelstads,Östra Herrestad,Östra Herrestad,TRUE,NA,364,https://runeberg.org/sonkal/1866/0364.html
1866,Lunds,Ingelstads,Try de,Try de,TRUE,NA,364,https://runeberg.org/sonkal/1866/0364.html
1866,Lunds,Ingelstads,Ullstorp,Ullstorp,TRUE,NA,364,https://runeberg.org/sonkal/1866/0364.html
1866,Lunds,Södra Asbo,Norra Wram,Norra Wram,TRUE,NA,364,https://runeberg.org/sonkal/1866/0364.html
1866,Lunds,Södra Asbo,Björnekulla,Björnekulla,TRUE,NA,364,https://runeberg.org/sonkal/1866/0364.html
1866,Lunds,Södra Asbo,Qvidinge,Qvidinge,TRUE,NA,364,https://runeberg.org/sonkal/1866/0364.html
1866,Lunds,Södra Asbo,Höja,Höja,TRUE,NA,364,https://runeberg.org/sonkal/1866/0364.html
1866,Lunds,Södra Asbo,Ausås,Ausås,TRUE,NA,364,https://runeberg.org/sonkal/1866/0364.html
1866,Lunds,Södra Asbo,Ströfvelstorp,Ströfvelstorp,TRUE,NA,364,https://runeberg.org/sonkal/1866/0364.html
1866,Lunds,Norra Asbo,Östra Ljungby,Östra Ljungby,TRUE,NA,364,https://runeberg.org/sonkal/1866/0364.html
1866,Lunds,Norra Asbo,Gråmanstorp,Gråmanstorp,TRUE,NA,364,https://runeberg.org/sonkal/1866/0364.html
1866,Lunds,Norra Asbo,Riseberga,Riseberga,TRUE,NA,364,https://runeberg.org/sonkal/1866/0364.html
1866,Lunds,Norra Asbo,Oderljunga,Oderljunga,TRUE,NA,364,https://runeberg.org/sonkal/1866/0364.html
1866,Lunds,Norra Asbo,Örkelljunga,Örkelljunga,TRUE,NA,364,https://runeberg.org/sonkal/1866/0364.html
1866,Lunds,Norra Asbo,Össjö,Össjö,TRUE,NA,364,https://runeberg.org/sonkal/1866/0364.html
1866,Lunds,Bjäre,Westra Karup,Westra Karup,TRUE,NA,364,https://runeberg.org/sonkal/1866/0364.html
1866,Lunds,Bjäre,Förslöf,Förslöf,TRUE,NA,364,https://runeberg.org/sonkal/1866/0364.html
1866,Lunds,Bjäre,Engelholm,Engelholm,TRUE,NA,364,https://runeberg.org/sonkal/1866/0364.html
1866,Lunds,Bjäre,Barkåkra,Barkåkra,TRUE,NA,364,https://runeberg.org/sonkal/1866/0364.html
1866,Lunds,Bjäre,Hjernarp,Hjernarp,TRUE,NA,364,https://runeberg.org/sonkal/1866/0364.html
1866,Lunds,Bjäre,Båstad,Båstad,TRUE,NA,364,https://runeberg.org/sonkal/1866/0364.html
1866,Lunds,Westra Göinge,Önnestad,Önnestad,TRUE,NA,364,https://runeberg.org/sonkal/1866/0364.html
1866,Lunds,Westra Göinge,Winslöf,Winslöf,TRUE,NA,364,https://runeberg.org/sonkal/1866/0364.html
1866,Lunds,Westra Göinge,Mälby,Mälby,TRUE,NA,364,https://runeberg.org/sonkal/1866/0364.html
1866,Lunds,Westra Göinge,Brönnestad,Brönnestad,TRUE,NA,364,https://runeberg.org/sonkal/1866/0364.html
1866,Lunds,Westra Göinge,Finja,Finja,TRUE,NA,364,https://runeberg.org/sonkal/1866/0364.html
1866,Lunds,Westra Göinge,Röke,Röke,TRUE,NA,364,https://runeberg.org/sonkal/1866/0364.html
1866,Lunds,Westra Göinge,Wankifva,Wankifva,TRUE,NA,365,https://runeberg.org/sonkal/1866/0365.html
1866,Lunds,Westra Göinge,Åkarp,Åkarp,TRUE,NA,365,https://runeberg.org/sonkal/1866/0365.html
1866,Lunds,Westra Göinge,Witseltofta,Witseltofta,TRUE,NA,365,https://runeberg.org/sonkal/1866/0365.html
1866,Lunds,Westra Göinge,Stoby,Stoby,TRUE,NA,365,https://runeberg.org/sonkal/1866/0365.html
1866,Lunds,Westra Göinge,Sorby,Sorby,TRUE,NA,365,https://runeberg.org/sonkal/1866/0365.html
1866,Lunds,Westra Göinge,Hästveda,Hästveda,TRUE,NA,365,https://runeberg.org/sonkal/1866/0365.html
1866,Lunds,Westra Göinge,Broby,Broby,TRUE,NA,365,https://runeberg.org/sonkal/1866/0365.html
1866,Lunds,Westra Göinge,Glimåkra,Glimåkra,TRUE,NA,365,https://runeberg.org/sonkal/1866/0365.html
1866,Lunds,Westra Göinge,Ousby,Ousby,TRUE,NA,365,https://runeberg.org/sonkal/1866/0365.html
1866,Lunds,Westra Göinge,Loushult,Loushult,TRUE,NA,365,https://runeberg.org/sonkal/1866/0365.html
1866,Lunds,Westra Göinge,Hjersås,Hjersås,TRUE,NA,365,https://runeberg.org/sonkal/1866/0365.html
1866,Lunds,Westra Göinge,Färlöf,Färlöf,TRUE,NA,365,https://runeberg.org/sonkal/1866/0365.html
1866,Lunds,Willands,Christianstad,Christianstad,TRUE,NA,365,https://runeberg.org/sonkal/1866/0365.html
1866,Lunds,Willands,Ifvertofta,Ifvertofta,TRUE,NA,365,https://runeberg.org/sonkal/1866/0365.html
1866,Lunds,Willands,Westra Ljungby,Westra Ljungby,TRUE,NA,365,https://runeberg.org/sonkal/1866/0365.html
1866,Lunds,Willands,Åhus,Åhus,TRUE,NA,365,https://runeberg.org/sonkal/1866/0365.html
1866,Lunds,Willands,Rinkaby,Rinkaby,TRUE,NA,365,https://runeberg.org/sonkal/1866/0365.html
1866,Lunds,Willands,Nosaby,Nosaby,TRUE,NA,365,https://runeberg.org/sonkal/1866/0365.html
1866,Lunds,Willands,Oppmanna,Oppmanna,TRUE,NA,365,https://runeberg.org/sonkal/1866/0365.html
1866,Lunds,Willands,Fjelkinge,Fjelkinge,TRUE,NA,365,https://runeberg.org/sonkal/1866/0365.html
1866,Lunds,Willands,Fjelkestad,Fjelkestad,TRUE,NA,365,https://runeberg.org/sonkal/1866/0365.html
1866,Lunds,Willands,Österslöf,Österslöf,TRUE,NA,365,https://runeberg.org/sonkal/1866/0365.html
1866,Lunds,Willands,Ifö,Ifö,TRUE,NA,365,https://runeberg.org/sonkal/1866/0365.html
1866,Lunds,Willands,Näsum,Näsum,TRUE,NA,365,https://runeberg.org/sonkal/1866/0365.html
1866,Lunds,Gärds,Träne,Träne,TRUE,NA,365,https://runeberg.org/sonkal/1866/0365.html
1866,Lunds,Gärds,Westra Wram,Westra Wram,TRUE,NA,365,https://runeberg.org/sonkal/1866/0365.html
1866,Lunds,Gärds,Efveröd,Efveröd,TRUE,NA,365,https://runeberg.org/sonkal/1866/0365.html
1866,Lunds,Gärds,Huaröd,Huaröd,TRUE,NA,365,https://runeberg.org/sonkal/1866/0365.html
1866,Lunds,Gärds,Hörröd,Hörröd,TRUE,NA,365,https://runeberg.org/sonkal/1866/0365.html
1866,Lunds,Gärds,Widtsköfie,Widtsköfie,TRUE,NA,365,https://runeberg.org/sonkal/1866/0365.html
1866,Lunds,Gärds,Köpinge,Köpinge,TRUE,NA,365,https://runeberg.org/sonkal/1866/0365.html
1866,Lunds,Gärds,Asum,Asum,TRUE,NA,365,https://runeberg.org/sonkal/1866/0365.html
1866,Lunds,Gärds,Esphult,Esphult,TRUE,NA,365,https://runeberg.org/sonkal/1866/0365.html
1866,Lunds,Östra,Carlskrona,Carlskrona,TRUE,NA,365,https://runeberg.org/sonkal/1866/0365.html
1866,Lunds,Östra,Ramdala,Ramdala,TRUE,NA,365,https://runeberg.org/sonkal/1866/0365.html
1866,Lunds,Östra,Lösen,Lösen,TRUE,NA,365,https://runeberg.org/sonkal/1866/0365.html
1866,Lunds,Östra,Christianopel,Christianopel,TRUE,NA,365,https://runeberg.org/sonkal/1866/0365.html
1866,Lunds,Östra,Thorhamn,Thorhamn,TRUE,NA,365,https://runeberg.org/sonkal/1866/0365.html
1866,Lunds,Medelstads,Ronneby,Ronneby,TRUE,NA,365,https://runeberg.org/sonkal/1866/0365.html
1866,Lunds,Medelstads,Baekaryd,Baekaryd,TRUE,NA,365,https://runeberg.org/sonkal/1866/0365.html
1866,Lunds,Medelstads,Hjortsberga,Hjortsberga,TRUE,NA,366,https://runeberg.org/sonkal/1866/0366.html
1866,Lunds,Medelstads,Tving,Tving,TRUE,NA,366,https://runeberg.org/sonkal/1866/0366.html
1866,Lunds,Medelstads,Nättraby,Nättraby,TRUE,NA,366,https://runeberg.org/sonkal/1866/0366.html
1866,Lunds,Medelstads,Listerby,Listerby,TRUE,NA,366,https://runeberg.org/sonkal/1866/0366.html
1866,Lunds,Medelstads,Fridlefstad,Fridlefstad,TRUE,NA,366,https://runeberg.org/sonkal/1866/0366.html
1866,Lunds,Listers och Bräkne,Carlshamn,Carlshamn,TRUE,NA,366,https://runeberg.org/sonkal/1866/0366.html
1866,Lunds,Listers och Bräkne,Asarum,Asarum,TRUE,NA,366,https://runeberg.org/sonkal/1866/0366.html
1866,Lunds,Listers och Bräkne,Hällarvd,Hällarvd,TRUE,NA,366,https://runeberg.org/sonkal/1866/0366.html
1866,Lunds,Listers och Bräkne,Mörrum,Mörrum,TRUE,NA,366,https://runeberg.org/sonkal/1866/0366.html
1866,Lunds,Listers och Bräkne,Mjellby,Mjellby,TRUE,NA,366,https://runeberg.org/sonkal/1866/0366.html
1866,Lunds,Listers och Bräkne,Gammalstorp,Gammalstorp,TRUE,NA,366,https://runeberg.org/sonkal/1866/0366.html
1866,Lunds,Listers och Bräkne,Jemshög,Jemshög,TRUE,NA,366,https://runeberg.org/sonkal/1866/0366.html
1866,Lunds,Listers och Bräkne,Kyrkhult,Kyrkhult,TRUE,NA,366,https://runeberg.org/sonkal/1866/0366.html
1866,Lunds,Listers och Bräkne,Sölvesborg,Sölvesborg,TRUE,NA,366,https://runeberg.org/sonkal/1866/0366.html
1866,Göteborgs,Domprosteriets Södra,Forsaml,Forsaml,TRUE,NA,366,https://runeberg.org/sonkal/1866/0366.html
1866,Göteborgs,Domprosteriets Södra,Forsaml,Forsaml,TRUE,NA,366,https://runeberg.org/sonkal/1866/0366.html
1866,Göteborgs,Domprosteriets Södra,Örgryte,Örgryte,TRUE,NA,367,https://runeberg.org/sonkal/1866/0367.html
1866,Göteborgs,Domprosteriets Södra,Landvetter,Landvetter,TRUE,NA,367,https://runeberg.org/sonkal/1866/0367.html
1866,Göteborgs,Domprosteriets Södra,Fässberg,Fässberg,TRUE,NA,367,https://runeberg.org/sonkal/1866/0367.html
1866,Göteborgs,Domprosteriets Södra,Styrsö,Styrsö,TRUE,NA,367,https://runeberg.org/sonkal/1866/0367.html
1866,Göteborgs,Domprosteriets Södra,Lundby,Lundby,TRUE,NA,367,https://runeberg.org/sonkal/1866/0367.html
1866,Göteborgs,Elfsyssels Södra,Thorslanda,Thorslanda,TRUE,NA,367,https://runeberg.org/sonkal/1866/0367.html
1866,Göteborgs,Elfsyssels Södra,Säfve,Säfve,TRUE,NA,367,https://runeberg.org/sonkal/1866/0367.html
1866,Göteborgs,Elfsyssels Södra,Kongelf,Kongelf,TRUE,NA,367,https://runeberg.org/sonkal/1866/0367.html
1866,Göteborgs,Elfsyssels Södra,Karreby,Karreby,TRUE,NA,367,https://runeberg.org/sonkal/1866/0367.html
1866,Göteborgs,Elfsyssels Södra,Thorsby,Thorsby,TRUE,NA,367,https://runeberg.org/sonkal/1866/0367.html
1866,Göteborgs,Elfsyssels Södra,Marstrand,Marstrand,TRUE,NA,367,https://runeberg.org/sonkal/1866/0367.html
1866,Göteborgs,Elfsyssels Södra,Solberga,Solberga,TRUE,NA,367,https://runeberg.org/sonkal/1866/0367.html
1866,Göteborgs,Elfsyssels Södra,Spekeröd,Spekeröd,TRUE,NA,367,https://runeberg.org/sonkal/1866/0367.html
1866,Göteborgs,Elfsyssels Södra,Hjertum,Hjertum,TRUE,NA,367,https://runeberg.org/sonkal/1866/0367.html
1866,Göteborgs,Elfsyssels Norra,Ödsmål,Ödsmål,TRUE,NA,367,https://runeberg.org/sonkal/1866/0367.html
1866,Göteborgs,Elfsyssels Norra,Forshälla,Forshälla,TRUE,NA,367,https://runeberg.org/sonkal/1866/0367.html
1866,Göteborgs,Elfsyssels Norra,Uddevalla,Uddevalla,TRUE,NA,367,https://runeberg.org/sonkal/1866/0367.html
1866,Göteborgs,Elfsyssels Norra,Skredsvik,Skredsvik,TRUE,NA,367,https://runeberg.org/sonkal/1866/0367.html
1866,Göteborgs,Elfsyssels Norra,Bokenäs,Bokenäs,TRUE,NA,367,https://runeberg.org/sonkal/1866/0367.html
1866,Göteborgs,Orousts och Tjörns,Tjörn,Tjörn,TRUE,NA,367,https://runeberg.org/sonkal/1866/0367.html
1866,Göteborgs,Orousts och Tjörns,Morlanda,Morlanda,TRUE,NA,367,https://runeberg.org/sonkal/1866/0367.html
1866,Göteborgs,Orousts och Tjörns,Tegneby,Tegneby,TRUE,NA,367,https://runeberg.org/sonkal/1866/0367.html
1866,Göteborgs,Orousts och Tjörns,Myckleby,Myckleby,TRUE,NA,367,https://runeberg.org/sonkal/1866/0367.html
1866,Göteborgs,Wikornas Södra,Foss,Foss,TRUE,NA,367,https://runeberg.org/sonkal/1866/0367.html
1866,Göteborgs,Wikornas Södra,Bro,Bro,TRUE,NA,367,https://runeberg.org/sonkal/1866/0367.html
1866,Göteborgs,Wikornas Södra,Tossene,Tossene,TRUE,NA,367,https://runeberg.org/sonkal/1866/0367.html
1866,Göteborgs,Wikornas Södra,Qville,Qville,TRUE,NA,367,https://runeberg.org/sonkal/1866/0367.html
1866,Göteborgs,Wikornas Södra,Krokstad,Krokstad,TRUE,NA,367,https://runeberg.org/sonkal/1866/0367.html
1866,Göteborgs,Wikornas Norra,Tanum,Tanum,TRUE,NA,367,https://runeberg.org/sonkal/1866/0367.html
1866,Göteborgs,Wikornas Norra,Näsinge,Näsinge,TRUE,NA,367,https://runeberg.org/sonkal/1866/0367.html
1866,Göteborgs,Wikornas Norra,Nafverstad,Nafverstad,TRUE,NA,367,https://runeberg.org/sonkal/1866/0367.html
1866,Göteborgs,Domprosteriets Norra,Lundby,Lundby,TRUE,NA,367,https://runeberg.org/sonkal/1866/0367.html
1866,Göteborgs,Domprosteriets Norra,Angered,Angered,TRUE,NA,367,https://runeberg.org/sonkal/1866/0367.html
1866,Göteborgs,Domprosteriets Norra,Starrkärr,Starrkärr,TRUE,NA,367,https://runeberg.org/sonkal/1866/0367.html
1866,Göteborgs,Domprosteriets Norra,Östad,Östad,TRUE,NA,367,https://runeberg.org/sonkal/1866/0367.html
1866,Göteborgs,Domprosteriets Norra,Skepplanda,Skepplanda,TRUE,NA,367,https://runeberg.org/sonkal/1866/0367.html
1866,Göteborgs,Domprosteriets Norra,Sköfde,Sköfde,TRUE,NA,368,https://runeberg.org/sonkal/1866/0368.html
1866,Göteborgs,Domprosteriets Norra,Komeled,Komeled,TRUE,NA,368,https://runeberg.org/sonkal/1866/0368.html
1866,Göteborgs,Marks och Bollebygds,Sätila,Sätila,TRUE,NA,368,https://runeberg.org/sonkal/1866/0368.html
1866,Göteborgs,Marks och Bollebygds,Seglora,Seglora,TRUE,NA,368,https://runeberg.org/sonkal/1866/0368.html
1866,Göteborgs,Marks och Bollebygds,Örby,Örby,TRUE,NA,368,https://runeberg.org/sonkal/1866/0368.html
1866,Göteborgs,Marks och Bollebygds,Berghem,Berghem,TRUE,NA,368,https://runeberg.org/sonkal/1866/0368.html
1866,Göteborgs,Marks och Bollebygds,Surteby,Surteby,TRUE,NA,368,https://runeberg.org/sonkal/1866/0368.html
1866,Göteborgs,Marks och Bollebygds,Istorp,Istorp,TRUE,NA,368,https://runeberg.org/sonkal/1866/0368.html
1866,Göteborgs,Marks och Bollebygds,Kongsäter,Kongsäter,TRUE,NA,368,https://runeberg.org/sonkal/1866/0368.html
1866,Göteborgs,Marks och Bollebygds,Thorestorp,Thorestorp,TRUE,NA,368,https://runeberg.org/sonkal/1866/0368.html
1866,Göteborgs,Marks och Bollebygds,Bollebygd,Bollebygd,TRUE,NA,368,https://runeberg.org/sonkal/1866/0368.html
1866,Göteborgs,Kinds,Mjöbäck,Mjöbäck,TRUE,NA,368,https://runeberg.org/sonkal/1866/0368.html
1866,Göteborgs,Kinds,Svenljunga,Svenljunga,TRUE,NA,368,https://runeberg.org/sonkal/1866/0368.html
1866,Göteborgs,Kinds,Sexdräga,Sexdräga,TRUE,NA,368,https://runeberg.org/sonkal/1866/0368.html
1866,Göteborgs,Kinds,Länghem,Länghem,TRUE,NA,368,https://runeberg.org/sonkal/1866/0368.html
1866,Göteborgs,Kinds,Gällstad,Gällstad,TRUE,NA,368,https://runeberg.org/sonkal/1866/0368.html
1866,Göteborgs,Kinds,Dalstorp,Dalstorp,TRUE,NA,368,https://runeberg.org/sonkal/1866/0368.html
1866,Göteborgs,Kinds,Tranemo,Tranemo,TRUE,NA,368,https://runeberg.org/sonkal/1866/0368.html
1866,Göteborgs,Kinds,Kalf,Kalf,TRUE,NA,368,https://runeberg.org/sonkal/1866/0368.html
1866,Göteborgs,Fjäre och Wiske,Tölö,Tölö,TRUE,NA,368,https://runeberg.org/sonkal/1866/0368.html
1866,Göteborgs,Fjäre och Wiske,Wallda,Wallda,TRUE,NA,368,https://runeberg.org/sonkal/1866/0368.html
1866,Göteborgs,Fjäre och Wiske,Onsala,Onsala,TRUE,NA,368,https://runeberg.org/sonkal/1866/0368.html
1866,Göteborgs,Fjäre och Wiske,Kongsbacka,Kongsbacka,TRUE,NA,368,https://runeberg.org/sonkal/1866/0368.html
1866,Göteborgs,Fjäre och Wiske,Fjärås,Fjärås,TRUE,NA,368,https://runeberg.org/sonkal/1866/0368.html
1866,Göteborgs,Fjäre och Wiske,Ormevalla,Ormevalla,TRUE,NA,368,https://runeberg.org/sonkal/1866/0368.html
1866,Göteborgs,Fjäre och Wiske,Frillesås,Frillesås,TRUE,NA,368,https://runeberg.org/sonkal/1866/0368.html
1866,Göteborgs,Fjäre och Wiske,W äro,W äro,TRUE,NA,368,https://runeberg.org/sonkal/1866/0368.html
1866,Göteborgs,Fjäre och Wiske,Weddige,Weddige,TRUE,NA,368,https://runeberg.org/sonkal/1866/0368.html
1866,Göteborgs,Warbergs,Hvalinge,Hvalinge,TRUE,NA,368,https://runeberg.org/sonkal/1866/0368.html
1866,Göteborgs,Warbergs,Warberg,Warberg,TRUE,NA,368,https://runeberg.org/sonkal/1866/0368.html
1866,Göteborgs,Warbergs,Träslöf,Träslöf,TRUE,NA,368,https://runeberg.org/sonkal/1866/0368.html
1866,Göteborgs,Warbergs,Hunestad,Hunestad,TRUE,NA,368,https://runeberg.org/sonkal/1866/0368.html
1866,Göteborgs,Warbergs,Grimethon,Grimethon,TRUE,NA,368,https://runeberg.org/sonkal/1866/0368.html
1866,Göteborgs,Warbergs,Tvååker,Tvååker,TRUE,NA,368,https://runeberg.org/sonkal/1866/0368.html
1866,Göteborgs,Kalkenbergs,Morup,Morup,TRUE,NA,368,https://runeberg.org/sonkal/1866/0368.html
1866,Göteborgs,Kalkenbergs,Falkenberg,Falkenberg,TRUE,NA,368,https://runeberg.org/sonkal/1866/0368.html
1866,Göteborgs,Kalkenbergs,Winberg,Winberg,TRUE,NA,368,https://runeberg.org/sonkal/1866/0368.html
1866,Göteborgs,Kalkenbergs,Ljungby,Ljungby,TRUE,NA,368,https://runeberg.org/sonkal/1866/0368.html
1866,Göteborgs,Kalkenbergs,Sibbarp,Sibbarp,TRUE,NA,368,https://runeberg.org/sonkal/1866/0368.html
1866,Göteborgs,Kalkenbergs,Okome,Okome,TRUE,NA,368,https://runeberg.org/sonkal/1866/0368.html
1866,Göteborgs,Kalkenbergs,Fagered,Fagered,TRUE,NA,369,https://runeberg.org/sonkal/1866/0369.html
1866,Göteborgs,Kalkenbergs,GäUared,GäUared,TRUE,NA,369,https://runeberg.org/sonkal/1866/0369.html
1866,Göteborgs,Halmstads,Drengsered,Drengsered,TRUE,NA,369,https://runeberg.org/sonkal/1866/0369.html
1866,Göteborgs,Halmstads,Wessige,Wessige,TRUE,NA,369,https://runeberg.org/sonkal/1866/0369.html
1866,Göteborgs,Halmstads,Abild,Abild,TRUE,NA,369,https://runeberg.org/sonkal/1866/0369.html
1866,Göteborgs,Halmstads,Slöinge,Slöinge,TRUE,NA,369,https://runeberg.org/sonkal/1866/0369.html
1866,Göteborgs,Halmstads,Getinge,Getinge,TRUE,NA,369,https://runeberg.org/sonkal/1866/0369.html
1866,Göteborgs,Halmstads,Harplinge,Harplinge,TRUE,NA,369,https://runeberg.org/sonkal/1866/0369.html
1866,Göteborgs,Halmstads,Söndrum,Söndrum,TRUE,NA,369,https://runeberg.org/sonkal/1866/0369.html
1866,Göteborgs,Halmstads,Halmstad,Halmstad,TRUE,NA,369,https://runeberg.org/sonkal/1866/0369.html
1866,Göteborgs,Halmstads,Slättåkra,Slättåkra,TRUE,NA,369,https://runeberg.org/sonkal/1866/0369.html
1866,Göteborgs,Halmstads,Thorup,Thorup,TRUE,NA,369,https://runeberg.org/sonkal/1866/0369.html
1866,Göteborgs,Laholms,Breared,Breared,TRUE,NA,369,https://runeberg.org/sonkal/1866/0369.html
1866,Göteborgs,Laholms,Enslöf,Enslöf,TRUE,NA,369,https://runeberg.org/sonkal/1866/0369.html
1866,Göteborgs,Laholms,Snöstorp,Snöstorp,TRUE,NA,369,https://runeberg.org/sonkal/1866/0369.html
1866,Göteborgs,Laholms,Eldsberga,Eldsberga,TRUE,NA,369,https://runeberg.org/sonkal/1866/0369.html
1866,Göteborgs,Laholms,Laholm,Laholm,TRUE,NA,369,https://runeberg.org/sonkal/1866/0369.html
1866,Göteborgs,Laholms,Weinge,Weinge,TRUE,NA,369,https://runeberg.org/sonkal/1866/0369.html
1866,Göteborgs,Laholms,Knäred,Knäred,TRUE,NA,369,https://runeberg.org/sonkal/1866/0369.html
1866,Göteborgs,Laholms,Renneslöf,Renneslöf,TRUE,NA,369,https://runeberg.org/sonkal/1866/0369.html
1866,Göteborgs,Laholms,Ostra Karup,Ostra Karup,TRUE,NA,369,https://runeberg.org/sonkal/1866/0369.html
1866,Göteborgs,Laholms,Hasslöf,Hasslöf,TRUE,NA,369,https://runeberg.org/sonkal/1866/0369.html
1866,Göteborgs,Laholms,Hishult,Hishult,TRUE,NA,369,https://runeberg.org/sonkal/1866/0369.html
1866,Calmar,Norra Möre,Calmar,Calmar,TRUE,NA,369,https://runeberg.org/sonkal/1866/0369.html
1866,Calmar,Norra Möre,Dörby,Dörby,TRUE,NA,369,https://runeberg.org/sonkal/1866/0369.html
1866,Calmar,Norra Möre,Ryssby,Ryssby,TRUE,NA,370,https://runeberg.org/sonkal/1866/0370.html
1866,Calmar,Norra Möre,Åby,Åby,TRUE,NA,370,https://runeberg.org/sonkal/1866/0370.html
1866,Calmar,Norra Möre,Förlösa,Förlösa,TRUE,NA,370,https://runeberg.org/sonkal/1866/0370.html
1866,Calmar,Norra Möre,Christvalla,Christvalla,TRUE,NA,370,https://runeberg.org/sonkal/1866/0370.html
1866,Calmar,Stranda,Ålem,Ålem,TRUE,NA,370,https://runeberg.org/sonkal/1866/0370.html
1866,Calmar,Stranda,Mönsterås,Mönsterås,TRUE,NA,370,https://runeberg.org/sonkal/1866/0370.html
1866,Calmar,Stranda,Döderhult,Döderhult,TRUE,NA,370,https://runeberg.org/sonkal/1866/0370.html
1866,Calmar,HandbÖrds,Högsby,Högsby,TRUE,NA,370,https://runeberg.org/sonkal/1866/0370.html
1866,Calmar,HandbÖrds,Fagerhult,Fagerhult,TRUE,NA,370,https://runeberg.org/sonkal/1866/0370.html
1866,Calmar,HandbÖrds,Kråksmåla,Kråksmåla,TRUE,NA,370,https://runeberg.org/sonkal/1866/0370.html
1866,Calmar,HandbÖrds,Fliservd,Fliservd,TRUE,NA,370,https://runeberg.org/sonkal/1866/0370.html
1866,Calmar,Södra Möre,Ljungby,Ljungby,TRUE,NA,370,https://runeberg.org/sonkal/1866/0370.html
1866,Calmar,Södra Möre,Mortorp,Mortorp,TRUE,NA,370,https://runeberg.org/sonkal/1866/0370.html
1866,Calmar,Södra Möre,Arby,Arby,TRUE,NA,370,https://runeberg.org/sonkal/1866/0370.html
1866,Calmar,Södra Möre,Halltorp,Halltorp,TRUE,NA,370,https://runeberg.org/sonkal/1866/0370.html
1866,Calmar,Södra Möre,Söderåkra,Söderåkra,TRUE,NA,370,https://runeberg.org/sonkal/1866/0370.html
1866,Calmar,Södra Möre,Thorsås,Thorsås,TRUE,NA,370,https://runeberg.org/sonkal/1866/0370.html
1866,Calmar,Södra Möre,Wissefjerda,Wissefjerda,TRUE,NA,370,https://runeberg.org/sonkal/1866/0370.html
1866,Calmar,Södra Möre,Madesjö,Madesjö,TRUE,NA,370,https://runeberg.org/sonkal/1866/0370.html
1866,Calmar,Ölands Norra,Böda,Böda,TRUE,NA,370,https://runeberg.org/sonkal/1866/0370.html
1866,Calmar,Ölands Norra,Högby,Högby,TRUE,NA,370,https://runeberg.org/sonkal/1866/0370.html
1866,Calmar,Ölands Norra,Källa,Källa,TRUE,NA,370,https://runeberg.org/sonkal/1866/0370.html
1866,Calmar,Ölands Norra,Persnäs,Persnäs,TRUE,NA,370,https://runeberg.org/sonkal/1866/0370.html
1866,Calmar,Ölands Norra,Löt,Löt,TRUE,NA,370,https://runeberg.org/sonkal/1866/0370.html
1866,Calmar,Ölands Norra,Köping,Köping,TRUE,NA,370,https://runeberg.org/sonkal/1866/0370.html
1866,Calmar,Ölands Norra,Repplinge,Repplinge,TRUE,NA,370,https://runeberg.org/sonkal/1866/0370.html
1866,Calmar,Ölands Norra,Gärdslösa,Gärdslösa,TRUE,NA,370,https://runeberg.org/sonkal/1866/0370.html
1866,Calmar,Ölands Norra,Långlöt,Långlöt,TRUE,NA,370,https://runeberg.org/sonkal/1866/0370.html
1866,Calmar,Ölands Norra,Runsten,Runsten,TRUE,NA,370,https://runeberg.org/sonkal/1866/0370.html
1866,Calmar,Ölands Norra,Norra Möckleby,Norra Möckleby,TRUE,NA,370,https://runeberg.org/sonkal/1866/0370.html
1866,Calmar,Ölands Norra,Thorslunda,Thorslunda,TRUE,NA,370,https://runeberg.org/sonkal/1866/0370.html
1866,Calmar,Ölands Norra,Glömminge,Glömminge,TRUE,NA,370,https://runeberg.org/sonkal/1866/0370.html
1866,Calmar,Ölands Norra,Sandby,Sandby,TRUE,NA,370,https://runeberg.org/sonkal/1866/0370.html
1866,Calmar,Ölands Norra,Wickleby,Wickleby,TRUE,NA,370,https://runeberg.org/sonkal/1866/0370.html
1866,Calmar,Ölands Södra,Resmo,Resmo,TRUE,NA,370,https://runeberg.org/sonkal/1866/0370.html
1866,Calmar,Ölands Södra,Kastlösa,Kastlösa,TRUE,NA,370,https://runeberg.org/sonkal/1866/0370.html
1866,Calmar,Ölands Södra,Hulterstad,Hulterstad,TRUE,NA,370,https://runeberg.org/sonkal/1866/0370.html
1866,Calmar,Ölands Södra,Smedby,Smedby,TRUE,NA,370,https://runeberg.org/sonkal/1866/0370.html
1866,Calmar,Ölands Södra,Segerstad,Segerstad,TRUE,NA,370,https://runeberg.org/sonkal/1866/0370.html
1866,Calmar,Ölands Södra,Gräsgård,Gräsgård,TRUE,NA,371,https://runeberg.org/sonkal/1866/0371.html
1866,Calmar,Ölands Södra,As,As,TRUE,NA,371,https://runeberg.org/sonkal/1866/0371.html
1866,Carlstads,Kils,Carlstad,Carlstad,TRUE,NA,371,https://runeberg.org/sonkal/1866/0371.html
1866,Carlstads,Kils,Kil,Kil,TRUE,NA,371,https://runeberg.org/sonkal/1866/0371.html
1866,Carlstads,Kils,Grafva,Grafva,TRUE,NA,371,https://runeberg.org/sonkal/1866/0371.html
1866,Carlstads,Kils,Hammarö,Hammarö,TRUE,NA,371,https://runeberg.org/sonkal/1866/0371.html
1866,Carlstads,El/dals,Ekshärad,Ekshärad,TRUE,NA,371,https://runeberg.org/sonkal/1866/0371.html
1866,Carlstads,El/dals,Elfdal,Elfdal,TRUE,NA,371,https://runeberg.org/sonkal/1866/0371.html
1866,Carlstads,Wisnums,Carlskoga,Carlskoga,TRUE,NA,371,https://runeberg.org/sonkal/1866/0371.html
1866,Carlstads,Wisnums,Wisnum,Wisnum,TRUE,NA,371,https://runeberg.org/sonkal/1866/0371.html
1866,Carlstads,Wisnums,Christineham ii,Christineham ii,TRUE,NA,371,https://runeberg.org/sonkal/1866/0371.html
1866,Carlstads,Wisnums,Rudskoga,Rudskoga,TRUE,NA,371,https://runeberg.org/sonkal/1866/0371.html
1866,Carlstads,Ny eds,Filipstad,Filipstad,TRUE,NA,371,https://runeberg.org/sonkal/1866/0371.html
1866,Carlstads,Ny eds,Gåsborn,Gåsborn,TRUE,NA,371,https://runeberg.org/sonkal/1866/0371.html
1866,Carlstads,Ny eds,Brattfors,Brattfors,TRUE,NA,371,https://runeberg.org/sonkal/1866/0371.html
1866,Carlstads,Ny eds,Wäsehärad,Wäsehärad,TRUE,NA,371,https://runeberg.org/sonkal/1866/0371.html
1866,Carlstads,Ny eds,Nyed,Nyed,TRUE,NA,371,https://runeberg.org/sonkal/1866/0371.html
1866,Carlstads,Ny eds,Ölmehärad,Ölmehärad,TRUE,NA,371,https://runeberg.org/sonkal/1866/0371.html
1866,Carlstads,Ny eds,Kroppa,Kroppa,TRUE,NA,371,https://runeberg.org/sonkal/1866/0371.html
1866,Carlstads,Fryksdals,Sunne,Sunne,TRUE,NA,371,https://runeberg.org/sonkal/1866/0371.html
1866,Carlstads,Fryksdals,Fryksände,Fryksände,TRUE,NA,371,https://runeberg.org/sonkal/1866/0371.html
1866,Carlstads,Fryksdals,Brunskog,Brunskog,TRUE,NA,371,https://runeberg.org/sonkal/1866/0371.html
1866,Carlstads,Jösse,Arvika,Arvika,TRUE,NA,372,https://runeberg.org/sonkal/1866/0372.html
1866,Carlstads,Jösse,Köln,Köln,TRUE,NA,372,https://runeberg.org/sonkal/1866/0372.html
1866,Carlstads,Nordmarks,Holmedal,Holmedal,TRUE,NA,372,https://runeberg.org/sonkal/1866/0372.html
1866,Carlstads,Nordmarks,Blomskog,Blomskog,TRUE,NA,372,https://runeberg.org/sonkal/1866/0372.html
1866,Carlstads,Nordmarks,Sillerud,Sillerud,TRUE,NA,372,https://runeberg.org/sonkal/1866/0372.html
1866,Carlstads,Nordmarks,Silbodal,Silbodal,TRUE,NA,372,https://runeberg.org/sonkal/1866/0372.html
1866,Carlstads,Gillbergs,Gillberga,Gillberga,TRUE,NA,372,https://runeberg.org/sonkal/1866/0372.html
1866,Carlstads,Gillbergs,Kila,Kila,TRUE,NA,372,https://runeberg.org/sonkal/1866/0372.html
1866,Carlstads,Gillbergs,Stafnäs,Stafnäs,TRUE,NA,372,https://runeberg.org/sonkal/1866/0372.html
1866,Carlstads,Nors,Nor,Nor,TRUE,NA,372,https://runeberg.org/sonkal/1866/0372.html
1866,Carlstads,Nors,By,By,TRUE,NA,372,https://runeberg.org/sonkal/1866/0372.html
1866,Carlstads,Nors,Millesvik,Millesvik,TRUE,NA,372,https://runeberg.org/sonkal/1866/0372.html
1866,Carlstads,Nors,Steneby,Steneby,TRUE,NA,372,https://runeberg.org/sonkal/1866/0372.html
1866,Carlstads,Nors,Edsleskog,Edsleskog,TRUE,NA,372,https://runeberg.org/sonkal/1866/0372.html
1866,Carlstads,Nors,Tössö,Tössö,TRUE,NA,372,https://runeberg.org/sonkal/1866/0372.html
1866,Carlstads,Nors,Amål,Amål,TRUE,NA,372,https://runeberg.org/sonkal/1866/0372.html
1866,Carlstads,Södra Dals,Ör,Ör,TRUE,NA,372,https://runeberg.org/sonkal/1866/0372.html
1866,Carlstads,Södra Dals,Bolstad,Bolstad,TRUE,NA,372,https://runeberg.org/sonkal/1866/0372.html
1866,Carlstads,Södra Dals,Frändefors,Frändefors,TRUE,NA,372,https://runeberg.org/sonkal/1866/0372.html
1866,Carlstads,Vestra Dals,Högsäter,Högsäter,TRUE,NA,372,https://runeberg.org/sonkal/1866/0372.html
1866,Carlstads,Vestra Dals,Ed,Ed,TRUE,NA,372,https://runeberg.org/sonkal/1866/0372.html
1866,Carlstads,Vestra Dals,Färgelanda,Färgelanda,TRUE,NA,372,https://runeberg.org/sonkal/1866/0372.html
1866,Carlstads,Vestra Dals,Rölanda,Rölanda,TRUE,NA,372,https://runeberg.org/sonkal/1866/0372.html
1866,Carlstads,Vestra Dals,Torp,Torp,TRUE,NA,372,https://runeberg.org/sonkal/1866/0372.html
1866,Hernösands,Ångermanlands Södra,Stigsjö,Stigsjö,TRUE,NA,373,https://runeberg.org/sonkal/1866/0373.html
1866,Hernösands,Ångermanlands Södra,Häggdånger,Häggdånger,TRUE,NA,373,https://runeberg.org/sonkal/1866/0373.html
1866,Hernösands,Ångermanlands Östra,Nordingrå,Nordingrå,TRUE,NA,373,https://runeberg.org/sonkal/1866/0373.html
1866,Hernösands,Ångermanlands Östra,Wibyggërå,Wibyggërå,TRUE,NA,373,https://runeberg.org/sonkal/1866/0373.html
1866,Hernösands,Ångermanlands Östra,Nora,Nora,TRUE,NA,373,https://runeberg.org/sonkal/1866/0373.html
1866,Hernösands,Ångermanlands Östra,Gudmundrå,Gudmundrå,TRUE,NA,373,https://runeberg.org/sonkal/1866/0373.html
1866,Hernösands,Ångermanlands Östra,Thorsåker,Thorsåker,TRUE,NA,373,https://runeberg.org/sonkal/1866/0373.html
1866,Hernösands,Ångermanlands Westra,Sollefteå,Sollefteå,TRUE,NA,373,https://runeberg.org/sonkal/1866/0373.html
1866,Hernösands,Ångermanlands Westra,Boteå,Boteå,TRUE,NA,373,https://runeberg.org/sonkal/1866/0373.html
1866,Hernösands,Ångermanlands Westra,Resele,Resele,TRUE,NA,373,https://runeberg.org/sonkal/1866/0373.html
1866,Hernösands,Ångermanlands Westra,Junsele,Junsele,TRUE,NA,373,https://runeberg.org/sonkal/1866/0373.html
1866,Hernösands,Ångermanlands Westra,Ramsele,Ramsele,TRUE,NA,373,https://runeberg.org/sonkal/1866/0373.html
1866,Hernösands,Ångermanlands Westra,Hellgum,Hellgum,TRUE,NA,373,https://runeberg.org/sonkal/1866/0373.html
1866,Hernösands,Ångermanlands Westra,Bodum,Bodum,TRUE,NA,373,https://runeberg.org/sonkal/1866/0373.html
1866,Hernösands,Ångermanlands Nordvestra,Nätra,Nätra,TRUE,NA,373,https://runeberg.org/sonkal/1866/0373.html
1866,Hernösands,Ångermanlands Nordvestra,Sidensjö,Sidensjö,TRUE,NA,373,https://runeberg.org/sonkal/1866/0373.html
1866,Hernösands,Ångermanlands Nordvestra,Anundsjö,Anundsjö,TRUE,NA,373,https://runeberg.org/sonkal/1866/0373.html
1866,Hernösands,Ångermanlands Nordvestra,Själevad,Själevad,TRUE,NA,373,https://runeberg.org/sonkal/1866/0373.html
1866,Hernösands,Ångermanlands Nordvestra,Mo,Mo,TRUE,NA,373,https://runeberg.org/sonkal/1866/0373.html
1866,Hernösands,Ångermanlands Nordvestra,Björna,Björna,TRUE,NA,373,https://runeberg.org/sonkal/1866/0373.html
1866,Hernösands,Ångermanlands Nordöstra,Nordmaling,Nordmaling,TRUE,NA,373,https://runeberg.org/sonkal/1866/0373.html
1866,Hernösands,Ångermanlands Nordöstra,Arnäs,Arnäs,TRUE,NA,373,https://runeberg.org/sonkal/1866/0373.html
1866,Hernösands,Ångermanlands Nordöstra,Gideå,Gideå,TRUE,NA,373,https://runeberg.org/sonkal/1866/0373.html
1866,Hernösands,Ångermanlands Nordöstra,Grundsunda,Grundsunda,TRUE,NA,373,https://runeberg.org/sonkal/1866/0373.html
1866,Hernösands,Ångermanlands Nordöstra,Bjurholm,Bjurholm,TRUE,NA,373,https://runeberg.org/sonkal/1866/0373.html
1866,Hernösands,Westerbottens lista,Umeå,Umeå,TRUE,NA,373,https://runeberg.org/sonkal/1866/0373.html
1866,Hernösands,Westerbottens lista,Wännäs,Wännäs,TRUE,NA,373,https://runeberg.org/sonkal/1866/0373.html
1866,Hernösands,Westerbottens lista,Degerfors,Degerfors,TRUE,NA,373,https://runeberg.org/sonkal/1866/0373.html
1866,Hernösands,Westerbottens lista,Bygdeå,Bygdeå,TRUE,NA,374,https://runeberg.org/sonkal/1866/0374.html
1866,Hernösands,Westerbottens lista,Nysätra,Nysätra,TRUE,NA,374,https://runeberg.org/sonkal/1866/0374.html
1866,Hernösands,Westerbottens lista,Löfånger,Löfånger,TRUE,NA,374,https://runeberg.org/sonkal/1866/0374.html
1866,Hernösands,Westerbottens 2:dra,Skellefteå,Skellefteå,TRUE,NA,374,https://runeberg.org/sonkal/1866/0374.html
1866,Hernösands,Westerbottens 2:dra,Norsjö,Norsjö,TRUE,NA,374,https://runeberg.org/sonkal/1866/0374.html
1866,Hernösands,Westerbottens 2:dra,Burträsk,Burträsk,TRUE,NA,374,https://runeberg.org/sonkal/1866/0374.html
1866,Hernösands,Westerbottens 2:dra,Piteå,Piteå,TRUE,NA,374,https://runeberg.org/sonkal/1866/0374.html
1866,Hernösands,Westerbottens 2:dra,Arvidsjaur,Arvidsjaur,TRUE,NA,374,https://runeberg.org/sonkal/1866/0374.html
1866,Hernösands,Westerbottens 2:dra,Arjeploug,Arjeploug,TRUE,NA,374,https://runeberg.org/sonkal/1866/0374.html
1866,Hernösands,Westerbottens S:dje,Luleå,Luleå,TRUE,NA,374,https://runeberg.org/sonkal/1866/0374.html
1866,Hernösands,Westerbottens S:dje,Neder-Kalix,Neder-Kalix,TRUE,NA,374,https://runeberg.org/sonkal/1866/0374.html
1866,Hernösands,Westerbottens S:dje,Öfver-Luleå,Öfver-Luleå,TRUE,NA,374,https://runeberg.org/sonkal/1866/0374.html
1866,Hernösands,Westerbottens S:dje,Råneå,Råneå,TRUE,NA,374,https://runeberg.org/sonkal/1866/0374.html
1866,Hernösands,Westerbottens S:dje,Öfver-Kalix,Öfver-Kalix,TRUE,NA,374,https://runeberg.org/sonkal/1866/0374.html
1866,Hernösands,Westerbottens S:dje,Jockmock,Jockmock,TRUE,NA,374,https://runeberg.org/sonkal/1866/0374.html
1866,Hernösands,Westerbottens S:dje,Gellivare,Gellivare,TRUE,NA,374,https://runeberg.org/sonkal/1866/0374.html
1866,Hernösands,Westerbottens 4:de,Öfver-Torneå,Öfver-Torneå,TRUE,NA,374,https://runeberg.org/sonkal/1866/0374.html
1866,Hernösands,Westerbottens 4:de,Neder-Torneå,Neder-Torneå,TRUE,NA,374,https://runeberg.org/sonkal/1866/0374.html
1866,Hernösands,Westerbottens 4:de,Pajala,Pajala,TRUE,NA,374,https://runeberg.org/sonkal/1866/0374.html
1866,Hernösands,Westerbottens 4:de,Juckasjärvi,Juckasjärvi,TRUE,NA,374,https://runeberg.org/sonkal/1866/0374.html
1866,Hernösands,Westerbottens 4:de,Karesuando,Karesuando,TRUE,NA,374,https://runeberg.org/sonkal/1866/0374.html
1866,Hernösands,Södra Lappmarkens,Lycksele,Lycksele,TRUE,NA,374,https://runeberg.org/sonkal/1866/0374.html
1866,Hernösands,Södra Lappmarkens,Stensele,Stensele,TRUE,NA,374,https://runeberg.org/sonkal/1866/0374.html
1866,Hernösands,Södra Lappmarkens,Sorsele,Sorsele,TRUE,NA,374,https://runeberg.org/sonkal/1866/0374.html
1866,Hernösands,Södra Lappmarkens,Fredrika,Fredrika,TRUE,NA,374,https://runeberg.org/sonkal/1866/0374.html
1866,Hernösands,Södra Lappmarkens,Åsele,Åsele,TRUE,NA,374,https://runeberg.org/sonkal/1866/0374.html
1866,Hernösands,Södra Lappmarkens,Dorothea,Dorothea,TRUE,NA,374,https://runeberg.org/sonkal/1866/0374.html
1866,Hernösands,Södra Lappmarkens,Wilhelmina,Wilhelmina,TRUE,NA,374,https://runeberg.org/sonkal/1866/0374.html
1866,Hernösands,Medelpads,Ljustorp,Ljustorp,TRUE,NA,374,https://runeberg.org/sonkal/1866/0374.html
1866,Hernösands,Medelpads,Sjön,Sjön,TRUE,NA,374,https://runeberg.org/sonkal/1866/0374.html
1866,Hernösands,Medelpads,Selånger,Selånger,TRUE,NA,374,https://runeberg.org/sonkal/1866/0374.html
1866,Hernösands,Medelpads,Sundsvalls stad,Sundsvalls stad,TRUE,NA,374,https://runeberg.org/sonkal/1866/0374.html
1866,Hernösands,Medelpads,Indal,Indal,TRUE,NA,374,https://runeberg.org/sonkal/1866/0374.html
1866,Hernösands,Medelpads,Torp,Torp,TRUE,NA,374,https://runeberg.org/sonkal/1866/0374.html
1866,Hernösands,Medelpads,Stode,Stode,TRUE,NA,374,https://runeberg.org/sonkal/1866/0374.html
1866,Hernösands,Medelpads,Tuna,Tuna,TRUE,NA,374,https://runeberg.org/sonkal/1866/0374.html
1866,Hernösands,Medelpads,Njurunda,Njurunda,TRUE,NA,374,https://runeberg.org/sonkal/1866/0374.html
1866,Hernösands,Medelpads,Häfverö,Häfverö,TRUE,NA,374,https://runeberg.org/sonkal/1866/0374.html
1866,Hernösands,Jemtlands Norra,Hammerdal,Hammerdal,TRUE,NA,375,https://runeberg.org/sonkal/1866/0375.html
1866,Hernösands,Jemtlands Norra,Lith,Lith,TRUE,NA,375,https://runeberg.org/sonkal/1866/0375.html
1866,Hernösands,Jemtlands Norra,Rödön,Rödön,TRUE,NA,375,https://runeberg.org/sonkal/1866/0375.html
1866,Hernösands,Jemtlands Norra,Föllinge,Föllinge,TRUE,NA,375,https://runeberg.org/sonkal/1866/0375.html
1866,Hernösands,Jemtlands Norra,Frostviken,Frostviken,TRUE,NA,375,https://runeberg.org/sonkal/1866/0375.html
1866,Hernösands,Jemtlands Östra,Refsund,Refsund,TRUE,NA,375,https://runeberg.org/sonkal/1866/0375.html
1866,Hernösands,Jemtlands Östra,Näs,Näs,TRUE,NA,375,https://runeberg.org/sonkal/1866/0375.html
1866,Hernösands,Jemtlands Östra,Sunne,Sunne,TRUE,NA,375,https://runeberg.org/sonkal/1866/0375.html
1866,Hernösands,Jemtlands Östra,Ragunda,Ragunda,TRUE,NA,375,https://runeberg.org/sonkal/1866/0375.html
1866,Hernösands,Jemtlands Södra,Berg,Berg,TRUE,NA,375,https://runeberg.org/sonkal/1866/0375.html
1866,Hernösands,Jemtlands Södra,Sveg,Sveg,TRUE,NA,375,https://runeberg.org/sonkal/1866/0375.html
1866,Hernösands,Jemtlands Södra,Hede,Hede,TRUE,NA,375,https://runeberg.org/sonkal/1866/0375.html
1866,Hernösands,Jemtlands Södra,Högdal,Högdal,TRUE,NA,375,https://runeberg.org/sonkal/1866/0375.html
1866,Hernösands,Jemtlands Westra,Oviken,Oviken,TRUE,NA,375,https://runeberg.org/sonkal/1866/0375.html
1866,Hernösands,Jemtlands Westra,Undersåker,Undersåker,TRUE,NA,375,https://runeberg.org/sonkal/1866/0375.html
1866,Hernösands,Jemtlands Westra,Alsen,Alsen,TRUE,NA,375,https://runeberg.org/sonkal/1866/0375.html
1866,Hernösands,Jemtlands Westra,Offerdal,Offerdal,TRUE,NA,375,https://runeberg.org/sonkal/1866/0375.html
1866,Wisby,NA,Wisby,Wisby,TRUE,NA,375,https://runeberg.org/sonkal/1866/0375.html
1866,Wisby,NA,Källunge,Källunge,TRUE,NA,375,https://runeberg.org/sonkal/1866/0375.html
1866,Wisby,NA,Fole,Fole,TRUE,NA,375,https://runeberg.org/sonkal/1866/0375.html
1866,Wisby,NA,Barlingbo,Barlingbo,TRUE,NA,375,https://runeberg.org/sonkal/1866/0375.html
1866,Wisby,NA,Follingbo,Follingbo,TRUE,NA,375,https://runeberg.org/sonkal/1866/0375.html
1866,Wisby,NA,Endre,Endre,TRUE,NA,375,https://runeberg.org/sonkal/1866/0375.html
1866,Wisby,NA,Weskinde,Weskinde,TRUE,NA,375,https://runeberg.org/sonkal/1866/0375.html
1866,Wisby,NA,Martebo,Martebo,TRUE,NA,375,https://runeberg.org/sonkal/1866/0375.html
1866,Wisby,NA,Stenkyrka,Stenkyrka,TRUE,NA,376,https://runeberg.org/sonkal/1866/0376.html
1866,Wisby,NA,Hangvar,Hangvar,TRUE,NA,376,https://runeberg.org/sonkal/1866/0376.html
1866,Wisby,NA,Fårö,Fårö,TRUE,NA,376,https://runeberg.org/sonkal/1866/0376.html
1866,Wisby,NA,Rute,Rute,TRUE,NA,376,https://runeberg.org/sonkal/1866/0376.html
1866,Wisby,NA,Lärbro,Lärbro,TRUE,NA,376,https://runeberg.org/sonkal/1866/0376.html
1866,Wisby,NA,Othem,Othem,TRUE,NA,376,https://runeberg.org/sonkal/1866/0376.html
1866,Wisby,NA,Hejnum,Hejnum,TRUE,NA,376,https://runeberg.org/sonkal/1866/0376.html
1866,Wisby,NA,Sanda,Sanda,TRUE,NA,376,https://runeberg.org/sonkal/1866/0376.html
1866,Wisby,NA,Eskelhem,Eskelhem,TRUE,NA,376,https://runeberg.org/sonkal/1866/0376.html
1866,Wisby,NA,Stenkumla,Stenkumla,TRUE,NA,376,https://runeberg.org/sonkal/1866/0376.html
1866,Wisby,NA,Wall,Wall,TRUE,NA,376,https://runeberg.org/sonkal/1866/0376.html
1866,Wisby,NA,Atlingbo,Atlingbo,TRUE,NA,376,https://runeberg.org/sonkal/1866/0376.html
1866,Wisby,NA,Roma,Roma,TRUE,NA,376,https://runeberg.org/sonkal/1866/0376.html
1866,Wisby,NA,Dalhem,Dalhem,TRUE,NA,376,https://runeberg.org/sonkal/1866/0376.html
1866,Wisby,NA,Hörsne,Hörsne,TRUE,NA,376,https://runeberg.org/sonkal/1866/0376.html
1866,Wisby,NA,Gothem,Gothem,TRUE,NA,376,https://runeberg.org/sonkal/1866/0376.html
1866,Wisby,NA,Ostergarn,Ostergarn,TRUE,NA,376,https://runeberg.org/sonkal/1866/0376.html
1866,Wisby,NA,Kräklingbo,Kräklingbo,TRUE,NA,376,https://runeberg.org/sonkal/1866/0376.html
1866,Wisby,NA,Sjonhem,Sjonhem,TRUE,NA,376,https://runeberg.org/sonkal/1866/0376.html
1866,Wisby,NA,Wänge,Wänge,TRUE,NA,376,https://runeberg.org/sonkal/1866/0376.html
1866,Wisby,NA,Hejde,Hejde,TRUE,NA,376,https://runeberg.org/sonkal/1866/0376.html
1866,Wisby,NA,Klinte,Klinte,TRUE,NA,376,https://runeberg.org/sonkal/1866/0376.html
1866,Wisby,NA,Eista,Eista,TRUE,NA,376,https://runeberg.org/sonkal/1866/0376.html
1866,Wisby,NA,Levede,Levede,TRUE,NA,376,https://runeberg.org/sonkal/1866/0376.html
1866,Wisby,NA,Fardhem,Fardhem,TRUE,NA,376,https://runeberg.org/sonkal/1866/0376.html
1866,Wisby,NA,Garde,Garde,TRUE,NA,376,https://runeberg.org/sonkal/1866/0376.html
1866,Wisby,NA,Älskog,Älskog,TRUE,NA,376,https://runeberg.org/sonkal/1866/0376.html
1866,Wisby,NA,När,När,TRUE,NA,376,https://runeberg.org/sonkal/1866/0376.html
1866,Wisby,NA,Burs,Burs,TRUE,NA,376,https://runeberg.org/sonkal/1866/0376.html
1866,Wisby,NA,Rone,Rone,TRUE,NA,376,https://runeberg.org/sonkal/1866/0376.html
1866,Wisby,NA,Älfva,Älfva,TRUE,NA,376,https://runeberg.org/sonkal/1866/0376.html
1866,Wisby,NA,Hablingbo,Hablingbo,TRUE,NA,376,https://runeberg.org/sonkal/1866/0376.html
1866,Wisby,NA,Hafdhem,Hafdhem,TRUE,NA,376,https://runeberg.org/sonkal/1866/0376.html
1866,Wisby,NA,Gröttlingbo,Gröttlingbo,TRUE,NA,376,https://runeberg.org/sonkal/1866/0376.html
1866,Wisby,NA,Oija,Oija,TRUE,NA,376,https://runeberg.org/sonkal/1866/0376.html
1866,Wisby,NA,Wamlingbo,Wamlingbo,TRUE,NA,376,https://runeberg.org/sonkal/1866/0376.html
