# corrections_boundary.csv - parish boundary research, 26 September 2026.
# Same columns as corrections.csv: id,kind,type_id,topo_id,name,start,end,value,source,note
# Read with readr::read_csv(..., comment = "#") or read.csv(..., comment.char = "#").
# read_corrections() in model_helpers.R picks this file up automatically.
#
# My decision on the three sets of parish-boundary discrepancies (the Rosenberg 1882
# area pairs, the differences against Lantmateriet 1999, and the missing exclaves) was "research
# each case"; this is the result.
#
# kinds used here
#   boundary_note  a geometry difference that has been explained (or explicitly not explained).
#                  NOTHING CONSUMES THIS KIND YET - it records research for a later geometry pass.
#                  `value` says what should change, how big and when; an empty `value` means the
#                  truth could not be established and `note` says exactly what was checked.
#                  For an exclave, `value` is "exclave <km2> km2 now in <host parish>" and the row
#                  records which parish the land belongs to and from when, so the polygon can be
#                  taken from the Lantmateriet distrikt layer later.
#   name           the case turned out to be a naming error, not geometry
#   membership     the case turned out to be a membership/identity matter
#
# Every row carries a citation in `source`. Quotes from the SCB volumes are verbatim but were read
# from a local OCR of the scans: obvious scan errors are corrected and diacritics are dropped in
# this file, so check the quote against the PDF before publishing it.
# SCB's Folkmangden inom administrativa omraden (annual, 1910-1961) and Folkrakningen 1910 part I
# are allowed sources. Rosenberg 1882, the Lantmateriet distrikt 1999 layer and the OSM church
# points are development benchmarks and are labelled as such. SFGT is a build input.
# Sveriges statskalender, ISOF and the held-out gold sample were not used.
id,kind,type_id,topo_id,name,start,end,value,source,note
B01,boundary_note,parish,{9396AF80-A0B0-11D3-9E53-009027B0FCE9},Klovsjo forsamling,1600-01-01,1990-12-31,no error,"SCB, Folkrakningen den 31 december 1920. I. Areal och folkmangd for sarskilda forvaltningsomraden (SOS), Tab. 1 s. 77, Jamtlands lan: Klovsjo 520:40 total / 496:10 land; same in 1930 and in Svensk uppslagsbok; https://share.scb.se/ov9993/data/historisk%20statistik//SOS%201911-/Folk-%20och%20bostadsr%C3%A4kningarna/Folkr%C3%A4kningen%201910-1960/Folkr%C3%A4kningen%201920%20(SOS)/Folkrakningen-1920_1.pdf | SCB, Folkrakningen den 31 december 1920. I, s. 5*-6*: ”I en hel del fall har emellertid genom forsorg av rikets allmanna kartverk erhallits sarskilda arealutrakningar pa grundval av den topografiska kartan, namligen for hela Norrbottens, Gavleborgs och Jamtlands lan samt nagra socknar i Vasterbottens och Kopparbergs lan”, and s. 5*: ”rikets allmanna kartverk sedan foregaende folkrakning utfort fullstandiga matningar av ytterligare tre lan - Blekinge, Malmohus och Vastmanlands” (so a 1882/1910 vs 1920 area gap in those counties is a measurement correction, not a boundary change) | C. M. Rosenberg, Geografiskt-statistiskt handlexikon ofver Sverige (1882-83), art. ”Klofsjo”: 2,253 qv.-mil = 257.4 km2, the same pre-survey figure as SCB 1910's 257:38 (development benchmark) | Lantmateriet distrikt 1999 (development benchmark); areas computed from the distrikt polygons","NO ERROR IN swehist. Klovsjo was measured at 520.40 km2 when Rikets allmanna kartverk recomputed the whole of Jamtlands lan for the 1920 census, and has been ever since; swehist has 517.5 and the 1999 distrikt 520.3. Rosenberg's 257 km2 and SCB 1910's 257:38 are the same old jordebok figure. The whole of Bergs tingslag was restated at once (Berg+Asarne 1197.3 -> 990.6, Ratan 1014.8 -> 792.5, Klovsjo 257.4 -> 520.4) and the gains and losses do not net out, which is the signature of re-measurement. Action: remove Klovsjo/Ratan from the Rosenberg pair list, and re-benchmark the Rosenberg area test against the 1920/1930 census areas."
B02,boundary_note,parish,{9396AF81-A0B0-11D3-9E53-009027B0FCE9},Ratans forsamling,1600-01-01,1990-12-31,no error,"SCB, Folkrakningen den 31 december 1920. I. Areal och folkmangd for sarskilda forvaltningsomraden (SOS), Tab. 1 s. 77, Jamtlands lan: Ratan 792:50 total / 761:10 land; same in 1930; https://share.scb.se/ov9993/data/historisk%20statistik//SOS%201911-/Folk-%20och%20bostadsr%C3%A4kningarna/Folkr%C3%A4kningen%201910-1960/Folkr%C3%A4kningen%201920%20(SOS)/Folkrakningen-1920_1.pdf | SCB, Folkrakningen den 31 december 1920. I, s. 5*-6*: ”I en hel del fall har emellertid genom forsorg av rikets allmanna kartverk erhallits sarskilda arealutrakningar pa grundval av den topografiska kartan, namligen for hela Norrbottens, Gavleborgs och Jamtlands lan samt nagra socknar i Vasterbottens och Kopparbergs lan”, and s. 5*: ”rikets allmanna kartverk sedan foregaende folkrakning utfort fullstandiga matningar av ytterligare tre lan - Blekinge, Malmohus och Vastmanlands” (so a 1882/1910 vs 1920 area gap in those counties is a measurement correction, not a boundary change) | Sveriges forsamlingar genom tiderna (Skatteverket 1989), art. Ratan (pid 2949), lan-texten: ”1891 overfort Turingen, Hede, Kroknas och Lonstersjon fran Ratan i Jamtlands lan till Havero i Vasternorrlands lan” (build input, data-raw/sfgt/)","NO ERROR IN swehist: 791.7 against a measured 792.50 from 1920 on and a 1999 distrikt of 790.2. Rosenberg's 1014.8 and SCB 1910's 1014:81 are the pre-survey figure. The 1891 transfer of Turingen, Hede, Kroknas and Lonstersjon to Havero is real but lies inside the measured series and is small."
B03,boundary_note,parish,{9396AF79-A0B0-11D3-9E53-009027B0FCE9},Bergs forsamling (Z-lan),1764-01-01,1951-12-31,"transfer to Asarne on 1952-01-01, size not established","SCB, Folkmangden inom administrativa omraden den 31 december 1951 (SOS), Anm. till Jamtlands lan: ”Den 1 jan. 1952 overflyttades till Asarne: ett omrade med 27 inv. fran Oviken, ett omrade med 149 inv. fran Berg, ett omrade med 13 inv. fran Vemdalen samt ett obebott omrade fran Myssjo”; https://share.scb.se/ov9993/data/historisk%20statistik/SOS%201911-/Befolkningsstatistik/Folkm%C3%A4ngden%20inom%20administrativa%20omr%C3%A5den%20%28SOS%29%201910-1961/Folkm%C3%A4ngden-inom-administrativa-omr%C3%A5den-1951.pdf | SCB, Folkrakningen den 31 december 1920. I. Areal och folkmangd for sarskilda forvaltningsomraden (SOS), Tab. 1 s. 77, Jamtlands lan: Berg och Asarne together 990:60 total / 921:10 land; same in 1930; https://share.scb.se/ov9993/data/historisk%20statistik//SOS%201911-/Folk-%20och%20bostadsr%C3%A4kningarna/Folkr%C3%A4kningen%201910-1960/Folkr%C3%A4kningen%201920%20(SOS)/Folkrakningen-1920_1.pdf | SCB, Folkrakningen den 31 december 1920. I, s. 5*-6*: ”I en hel del fall har emellertid genom forsorg av rikets allmanna kartverk erhallits sarskilda arealutrakningar pa grundval av den topografiska kartan, namligen for hela Norrbottens, Gavleborgs och Jamtlands lan samt nagra socknar i Vasterbottens och Kopparbergs lan”, and s. 5*: ”rikets allmanna kartverk sedan foregaende folkrakning utfort fullstandiga matningar av ytterligare tre lan - Blekinge, Malmohus och Vastmanlands” (so a 1882/1910 vs 1920 area gap in those counties is a measurement correction, not a boundary change) | Lantmateriet distrikt 1999 (development benchmark); areas computed from the distrikt polygons","The 1952-01-01 transfer of an area with 149 inhabitants from Berg to Asarne is documented and real, so Berg needs a territory period to 1951-12-31. Its SIZE is NOT established: the pre-1920 split (Berg 913 / Asarne 225 land in 1910) is a pre-survey figure, and the measured pair total from 1920 on is 990.60 against swehist's Berg 629.4 + Asarne 599.9 = 1229.3, so swehist is about 239 km2 too large for the pair as a whole and cannot be used to size the internal change either. Quote from the SCB volume as OCR'd locally; obvious scan errors corrected, diacritics dropped in this file."
B04,boundary_note,parish,{9396AF7F-A0B0-11D3-9E53-009027B0FCE9},Asarne forsamling,1764-01-01,1951-12-31,"gains on 1952-01-01 from Oviken, Berg, Vemdalen and Myssjo, size not established","SCB, Folkmangden inom administrativa omraden den 31 december 1951 (SOS), Anm. till Jamtlands lan: ”Den 1 jan. 1952 overflyttades till Asarne: ett omrade med 27 inv. fran Oviken, ett omrade med 149 inv. fran Berg, ett omrade med 13 inv. fran Vemdalen samt ett obebott omrade fran Myssjo”; https://share.scb.se/ov9993/data/historisk%20statistik/SOS%201911-/Befolkningsstatistik/Folkm%C3%A4ngden%20inom%20administrativa%20omr%C3%A5den%20%28SOS%29%201910-1961/Folkm%C3%A4ngden-inom-administrativa-omr%C3%A5den-1951.pdf | SCB, Folkrakningen den 31 december 1920. I. Areal och folkmangd for sarskilda forvaltningsomraden (SOS), Tab. 1 s. 77, Jamtlands lan: Berg och Asarne together 990:60 total / 921:10 land; https://share.scb.se/ov9993/data/historisk%20statistik//SOS%201911-/Folk-%20och%20bostadsr%C3%A4kningarna/Folkr%C3%A4kningen%201910-1960/Folkr%C3%A4kningen%201920%20(SOS)/Folkrakningen-1920_1.pdf | SCB, Folkrakningen den 31 december 1920. I, s. 5*-6*: ”I en hel del fall har emellertid genom forsorg av rikets allmanna kartverk erhallits sarskilda arealutrakningar pa grundval av den topografiska kartan, namligen for hela Norrbottens, Gavleborgs och Jamtlands lan samt nagra socknar i Vasterbottens och Kopparbergs lan”, and s. 5*: ”rikets allmanna kartverk sedan foregaende folkrakning utfort fullstandiga matningar av ytterligare tre lan - Blekinge, Malmohus och Vastmanlands” (so a 1882/1910 vs 1920 area gap in those counties is a measurement correction, not a boundary change) | Lantmateriet distrikt 1999 (development benchmark); areas computed from the distrikt polygons","Same as B03 from the other side. Asarne needs a territory period to 1951-12-31 that is smaller by the four areas transferred on 1952-01-01 (Oviken 27 inhabitants, Berg 149, Vemdalen 13, Myssjo uninhabited). Sizes not established. Quote from the SCB volume as OCR'd locally; obvious scan errors corrected, diacritics dropped in this file."
B05,boundary_note,parish,{9396AF77-A0B0-11D3-9E53-009027B0FCE9},Marby forsamling,1600-01-01,1951-12-31,+about 100 km2 on 1952-01-01,"SCB, Folkmangden inom administrativa omraden den 31 december 1951 (SOS), Anm. till Jamtlands lan: ”Den 1 jan. 1952 overflyttades ett omrade med 234 inv. fran Sunne till Marby och ett omrade med 3 inv. fran Nordero till Sunne”; https://share.scb.se/ov9993/data/historisk%20statistik/SOS%201911-/Befolkningsstatistik/Folkm%C3%A4ngden%20inom%20administrativa%20omr%C3%A5den%20%28SOS%29%201910-1961/Folkm%C3%A4ngden-inom-administrativa-omr%C3%A5den-1951.pdf | SCB, Folkrakningen den 31 december 1920. I. Areal och folkmangd for sarskilda forvaltningsomraden (SOS), Tab. 1 s. 77, Jamtlands lan: Marby 91:00 total / 85:00 land, unchanged from 1910 through 1930; https://share.scb.se/ov9993/data/historisk%20statistik//SOS%201911-/Folk-%20och%20bostadsr%C3%A4kningarna/Folkr%C3%A4kningen%201910-1960/Folkr%C3%A4kningen%201920%20(SOS)/Folkrakningen-1920_1.pdf | Svensk uppslagsbok, 2 uppl. (Malmo 1947-55), parish articles, quoted at second hand via sv.wikipedia (weak) | Lantmateriet distrikt 1999 (development benchmark); areas computed from the distrikt polygons","Marby was measured at 91.00 km2 in 1910, 1920, 1930 and (via Svensk uppslagsbok) about 1950, and Jamtland's re-measurement did not touch it. The 1999 distrikt is 192.9 and swehist 189.5. So the doubling happened after about 1950 and the documented 1952-01-01 gain from Sunne (an area with 234 inhabitants) is the cause; the source gives inhabitants, not km2. Geometry: a territory period to 1951-12-31 with Marby at 91 km2 and Sunne (Z) correspondingly larger. Quote from the SCB volume as OCR'd locally; obvious scan errors corrected, diacritics dropped in this file."
B06,boundary_note,parish,{9396AF95-A0B0-11D3-9E53-009027B0FCE9},Sunne forsamling (Z-lan),1600-01-01,1951-12-31,-about 100 km2 on 1952-01-01,"SCB, Folkmangden inom administrativa omraden den 31 december 1951 (SOS), Anm. till Jamtlands lan: ”Den 1 jan. 1952 overflyttades ett omrade med 234 inv. fran Sunne till Marby och ett omrade med 3 inv. fran Nordero till Sunne”; https://share.scb.se/ov9993/data/historisk%20statistik/SOS%201911-/Befolkningsstatistik/Folkm%C3%A4ngden%20inom%20administrativa%20omr%C3%A5den%20%28SOS%29%201910-1961/Folkm%C3%A4ngden-inom-administrativa-omr%C3%A5den-1951.pdf | Lantmateriet distrikt 1999 (development benchmark); areas computed from the distrikt polygons","The counterpart of B05: Sunne (Z) held the area with 234 inhabitants until 1951-12-31. swehist gives Sunne 99.7 km2 for 1600-1990, i.e. the post-1952 territory. Quote from the SCB volume as OCR'd locally; obvious scan errors corrected, diacritics dropped in this file."
B07,boundary_note,parish,{9396AF55-A0B0-11D3-9E53-009027B0FCE9},Naskotts forsamling,1600-01-01,1990-12-31,exclaves 27 km2 missing; no line change,"Lantmateriet distrikt 1999 (development benchmark); areas computed from the distrikt polygons | C. M. Rosenberg, Geografiskt-statistiskt handlexikon ofver Sverige (1882-83), art. ”Naskott”: 0,343 qv.-mil = 39.2 km2, out by a factor of four (development benchmark) | SCB, Folkrakningen den 31 december 1920. I, s. 5*-6*: ”I en hel del fall har emellertid genom forsorg av rikets allmanna kartverk erhallits sarskilda arealutrakningar pa grundval av den topografiska kartan, namligen for hela Norrbottens, Gavleborgs och Jamtlands lan samt nagra socknar i Vasterbottens och Kopparbergs lan”, and s. 5*: ”rikets allmanna kartverk sedan foregaende folkrakning utfort fullstandiga matningar av ytterligare tre lan - Blekinge, Malmohus och Vastmanlands” (so a 1882/1910 vs 1920 area gap in those counties is a measurement correction, not a boundary change)","swehist 116.4 km2 against a 1999 distrikt of 144.8; the difference is exactly the two detached parts, 14.5 km2 inside Offerdal and 12.5 inside Alsen (116.4 + 27.0 = 143.4). So the Naskott/Rodon 'pair' is not a boundary shift but the missing exclaves (B62, B63). Rosenberg's 39.2 km2 is wrong. Note that Jamtland's 1910 figure for Naskott (145:20) is a pre-survey figure and so cannot be used to date the exclave."
B08,boundary_note,parish,{9396AF54-A0B0-11D3-9E53-009027B0FCE9},Rodons forsamling,1600-01-01,1934-12-31,five dated losses 1935-1952 plus 43 km2 of exclaves missing,"SCB, Folkmangden inom administrativa omraden den 31 december 1934 (SOS), Anm. till Jamtlands lan: ”Den 1 jan. 1935 overflyttades ett omrade med 5 inv. fran Rodon till As”; https://share.scb.se/ov9993/data/historisk%20statistik/SOS%201911-/Befolkningsstatistik/Folkm%C3%A4ngden%20inom%20administrativa%20omr%C3%A5den%20%28SOS%29%201910-1961/Folkm%C3%A4ngden-inom-administrativa-omr%C3%A5den-1934.pdf | SCB, Folkmangden inom administrativa omraden den 31 december 1936 (SOS), Anm. till Jamtlands lan: ”Den 1 jan. 1937 overflyttades ett obebott omrade fran Rodon till Offerdal”; https://share.scb.se/ov9993/data/historisk%20statistik/SOS%201911-/Befolkningsstatistik/Folkm%C3%A4ngden%20inom%20administrativa%20omr%C3%A5den%20%28SOS%29%201910-1961/Folkm%C3%A4ngden-inom-administrativa-omr%C3%A5den-1936.pdf | SCB, Folkmangden inom administrativa omraden den 31 december 1938 (SOS), Anm. till Jamtlands lan: ”Den 1 jan. 1939 overflyttades ett obebott omrade fran Rodon till Alsen”; https://share.scb.se/ov9993/data/historisk%20statistik/SOS%201911-/Befolkningsstatistik/Folkm%C3%A4ngden%20inom%20administrativa%20omr%C3%A5den%20%28SOS%29%201910-1961/Folkm%C3%A4ngden-inom-administrativa-omr%C3%A5den-1938.pdf | SCB, Folkmangden inom administrativa omraden den 31 december 1941 (SOS), Anm. till Jamtlands lan: ”Den 1 jan. 1942 overflyttades fran Rodon till Naskott en fastighet med 5 inv.”; https://share.scb.se/ov9993/data/historisk%20statistik/SOS%201911-/Befolkningsstatistik/Folkm%C3%A4ngden%20inom%20administrativa%20omr%C3%A5den%20%28SOS%29%201910-1961/Folkm%C3%A4ngden-inom-administrativa-omr%C3%A5den-1941.pdf | SCB, Folkmangden inom administrativa omraden den 31 december 1951 (SOS), Anm. till Jamtlands lan: ”Den 1 jan. 1952 overflyttades till Naskott ett omrade med 233 inv. fran Rodon och ett omrade med 179 inv. fran Alsen”; https://share.scb.se/ov9993/data/historisk%20statistik/SOS%201911-/Befolkningsstatistik/Folkm%C3%A4ngden%20inom%20administrativa%20omr%C3%A5den%20%28SOS%29%201910-1961/Folkm%C3%A4ngden-inom-administrativa-omr%C3%A5den-1951.pdf | Lantmateriet distrikt 1999 (development benchmark); areas computed from the distrikt polygons","swehist's Rodon (117.7 km2) is 111 km2 below the 1999 distrikt (228.6). 42.7 km2 of that is its two missing exclaves (B67, B68); the rest is the five dated losses above, which need territory periods at 1935, 1937, 1939, 1942 and 1952. Sizes not given in the source. Quote from the SCB volume as OCR'd locally; obvious scan errors corrected, diacritics dropped in this file."
B09,boundary_note,parish,{9396AF98-A0B0-11D3-9E53-009027B0FCE9},Marieby forsamling,1600-01-01,1990-12-31,-13 km2 vs 1999; Rosenberg total is a misprint,"SCB, Folkrakningen den 31 december 1910 (SOS) I. Areal och folkmangd for sarskilda forvaltningsomraden, Tab. 1 s. 116, Revsunds, Brunflo och Nas tingslag: Marieby 46:50 total / 39:00 land; https://share.scb.se/ov9993/data/historisk%20statistik//SOS%201911-/Folk-%20och%20bostadsr%C3%A4kningarna/Folkr%C3%A4kningen%201910-1960/Folkr%C3%A4kningen%201910%20(SOS)/Folkrakningen-1910_1.pdf | C. M. Rosenberg, Geografiskt-statistiskt handlexikon ofver Sverige (1882-83), art. ”Marieby”: total 0,881 qv.-mil = 100.7 km2 but land 0,341 = 39.0 km2 (development benchmark) | Lantmateriet distrikt 1999 (development benchmark); areas computed from the distrikt polygons","Rosenberg's land figure (39.0) matches the 1910 land figure exactly, so his total (100.7) is a misprint: Marieby has been about 46 km2 throughout, and the Marieby/Lockne pair is not a 55 km2 change. What remains is that swehist's Marieby (32.6) is 13 km2 smaller than the 1999 distrikt (45.6), of which 4.6 km2 is a detached part now inside Brunflo (B89)."
B10,boundary_note,parish,{9396AF97-A0B0-11D3-9E53-009027B0FCE9},Lockne forsamling,1600-01-01,1951-12-31,+2 inhabitants' area on 1952-01-01 (small),"SCB, Folkmangden inom administrativa omraden den 31 december 1951 (SOS), Anm. till Jamtlands lan: ”Den 1 jan. 1952 overflyttades ett omrade med 2 inv. fran Nas till Lockne”; https://share.scb.se/ov9993/data/historisk%20statistik/SOS%201911-/Befolkningsstatistik/Folkm%C3%A4ngden%20inom%20administrativa%20omr%C3%A5den%20%28SOS%29%201910-1961/Folkm%C3%A4ngden-inom-administrativa-omr%C3%A5den-1951.pdf | Lantmateriet distrikt 1999 (development benchmark); areas computed from the distrikt polygons","Lockne: 1999 distrikt 201.2, swehist 216.8. Only the small 1952-01-01 transfer from Nas is documented; the remaining difference is a line difference with Brunflo and Marieby that is not dated. Quote from the SCB volume as OCR'd locally; obvious scan errors corrected, diacritics dropped in this file."
B11,boundary_note,parish,{9396AF7C-A0B0-11D3-9E53-009027B0FCE9},Ovikens forsamling,1600-01-01,1990-12-31,"+120 km2 (source error), plus a documented 1952-01-01 loss","SCB, Folkrakningen den 31 december 1920. I. Areal och folkmangd for sarskilda forvaltningsomraden (SOS), Tab. 1 s. 77, Jamtlands lan: Oviken 1006:60 total / 971:80 land; 1930 1006:60 / 971:30; Svensk uppslagsbok 1006:00 / 971:50; https://share.scb.se/ov9993/data/historisk%20statistik//SOS%201911-/Folk-%20och%20bostadsr%C3%A4kningarna/Folkr%C3%A4kningen%201910-1960/Folkr%C3%A4kningen%201920%20(SOS)/Folkrakningen-1920_1.pdf | SCB, Folkmangden inom administrativa omraden den 31 december 1951 (SOS), Anm. till Jamtlands lan: ”Den 1 jan. 1952 overflyttades till Asarne: ett omrade med 27 inv. fran Oviken, ett omrade med 149 inv. fran Berg, ett omrade med 13 inv. fran Vemdalen samt ett obebott omrade fran Myssjo”; https://share.scb.se/ov9993/data/historisk%20statistik/SOS%201911-/Befolkningsstatistik/Folkm%C3%A4ngden%20inom%20administrativa%20omr%C3%A5den%20%28SOS%29%201910-1961/Folkm%C3%A4ngden-inom-administrativa-omr%C3%A5den-1951.pdf | SCB, Folkrakningen den 31 december 1920. I, s. 5*-6*: ”I en hel del fall har emellertid genom forsorg av rikets allmanna kartverk erhallits sarskilda arealutrakningar pa grundval av den topografiska kartan, namligen for hela Norrbottens, Gavleborgs och Jamtlands lan samt nagra socknar i Vasterbottens och Kopparbergs lan”, and s. 5*: ”rikets allmanna kartverk sedan foregaende folkrakning utfort fullstandiga matningar av ytterligare tre lan - Blekinge, Malmohus och Vastmanlands” (so a 1882/1910 vs 1920 area gap in those counties is a measurement correction, not a boundary change) | Lantmateriet distrikt 1999 (development benchmark); areas computed from the distrikt polygons","Oviken's measured area is 1006.6 km2 from 1920 to about 1950; swehist has 1126.7 and the 1999 distrikt 1154.8. So swehist is about 120 km2 too large, which is a source error, and the documented 1952-01-01 loss of an area with 27 inhabitants to Asarne makes it worse, not better. Marby (B05) is also too large and the two are not neighbours, so the surplus comes from Hallen, Myssjo, Berg or Nordero. Quote from the SCB volume as OCR'd locally; obvious scan errors corrected, diacritics dropped in this file."
B12,boundary_note,parish,{9396AE55-A0B0-11D3-9E53-009027B0FCE9},Malingsbo forsamling,1708-01-01,1969-12-31,move the 1708 division ~235 km2 south,"SCB, Folkrakningen den 31 december 1920. I. Areal och folkmangd for sarskilda forvaltningsomraden (SOS), Tab. 1 s. 68, Kopparbergs lan: Malingsbo 137:25 total / 126:37 land, the same as 1910; 1930 136:60 / 125:00; https://share.scb.se/ov9993/data/historisk%20statistik//SOS%201911-/Folk-%20och%20bostadsr%C3%A4kningarna/Folkr%C3%A4kningen%201910-1960/Folkr%C3%A4kningen%201920%20(SOS)/Folkrakningen-1920_1.pdf | C. M. Rosenberg, Geografiskt-statistiskt handlexikon ofver Sverige (1882-83), art. ”Malingsbo”: ”Sn i Soderbarke tg, Kopparbergs lan, i sydligaste Dalarne, begransad af Vestmanlands lan i s.o. och Orebro lan i s.v. 1,155 qv.-mil, hvaraf land 1,062 eller 24,587 tnld ... Kallsjon och dennas fortsattning Malingsbosjon i o. Nastan hela sn eges af Malingsbo bruk” = 132.1 km2 (development benchmark) | Lantmateriet distrikt 1999 (development benchmark); areas computed from the distrikt polygons | OSM church points (development benchmark): Soderbarke kyrka way 437737563 (60.0752 N, 15.5658 E) lies 720 m inside swehist's Malingsbo polygon; Malingsbo kyrka way 1011196687 lies 18.6 km inside it","The union is right (Malingsbo 369.5 + Soderbarke 191.2 = 560.7 = Soderbarke 1970-1990 = the 1999 distrikt 562.3) but the internal line is badly wrong, and this is the one case in set 1 that is neither a temporal problem nor a benchmark problem: Malingsbo's measured area is 132-137 km2 in 1882, 1910, 1920 and 1930 alike. Geometric proof that the line is misplaced rather than the labels swapped: the 369.5 km2 southern polygon labelled Malingsbo contains BOTH parish churches and the 191.2 km2 northern polygon labelled Soderbarke contains neither. Geometry: redraw the 1708 division so Malingsbo is the southernmost ~135 km2 around Malingsbosjon and Kallsjon; the line moves 20-25 km south and about 235 km2 changes hands."
B13,boundary_note,parish,{9396AE52-A0B0-11D3-9E53-009027B0FCE9},Soderbarke forsamling,1708-01-01,1969-12-31,move the 1708 division ~235 km2 south,"SCB, Folkrakningen den 31 december 1920. I. Areal och folkmangd for sarskilda forvaltningsomraden (SOS), Tab. 1 s. 68, Kopparbergs lan: Soderbarke 430:05 total / 381:96 land, the same as 1910; 1930 433:90 / 386:60; https://share.scb.se/ov9993/data/historisk%20statistik//SOS%201911-/Folk-%20och%20bostadsr%C3%A4kningarna/Folkr%C3%A4kningen%201910-1960/Folkr%C3%A4kningen%201920%20(SOS)/Folkrakningen-1920_1.pdf | C. M. Rosenberg, Geografiskt-statistiskt handlexikon ofver Sverige (1882-83), art. ”Soderbarke”: 3,758 qv.-mil = 429.8 km2 (development benchmark) | Sveriges forsamlingar genom tiderna (Skatteverket 1989), art. Soderbarke (pid 3448), indelning-texten: ”1708 utbrutet Malings bo, 1970-01-01 inforlivat Malingsbo” (build input, data-raw/sfgt/) | SCB, Folkmangden inom administrativa omraden den 31 december 1940 (SOS), Anm. till Kopparbergs lan: ”Den 1 jan. 1941 overflyttades fran Soderbarke och Kopparbergs lan till Vastanfors och Vastmanlands lan Ulvsbo by med 131 inv.”; https://share.scb.se/ov9993/data/historisk%20statistik/SOS%201911-/Befolkningsstatistik/Folkm%C3%A4ngden%20inom%20administrativa%20omr%C3%A5den%20%28SOS%29%201910-1961/Folkm%C3%A4ngden-inom-administrativa-omr%C3%A5den-1940.pdf","The other side of B12: Soderbarke should hold about 430 km2 in 1708-1969, around Norra and Sodra Barken, not 191.2. The small county changes (1940-01-01 Arnebodelen av Kottarstakten from Norberg, 1941-01-01 Ulvsbo by to Vastanfors) do not affect this. Quote from the SCB volume as OCR'd locally; obvious scan errors corrected, diacritics dropped in this file."
B14,boundary_note,parish,{9396AD44-A0B0-11D3-9E53-009027B0FCE9},Gustav Adolfs forsamling (S-lan),1789-01-01,1928-12-31,+208.8 km2 on 1929-01-01,"SCB, Folkrakningen den 31 december 1930. I. Areal, folkmangd och hushall inom sarskilda forvaltningsomraden (SOS), Tab. 1 s. 91, Anm. till Varmlands lan: ”Jamlikt k. brev d. 23 mars 1928 har gransen mellan Gustav Adolfs kommun och forsamling a ena sidan, Ekshärads kommun och forsamling samt Norra Rada kommun och Hagfors kapellforsamling a den andra blivit fortydligad och reglerad fr. o. m. d. 1 jan. 1929”; Gustav Adolf 484:18 total / 433:10 land against 275:40 / 239:52 in 1910 and 1920; https://share.scb.se/ov9993/data/historisk%20statistik//SOS%201911-/Folk-%20och%20bostadsr%C3%A4kningarna/Folkr%C3%A4kningen%201910-1960/Folkr%C3%A4kningen%201930%20(SOS)/Folkrakningen-1930_1.pdf | Sveriges forsamlingar genom tiderna (Skatteverket 1989), art. Gustav Adolf (pid 1170), indelning-texten: ”1789 (beslut 1765-12-10) utbruten ur Ekshärad (och Rada) som kapellforsamling, 1928-03-23 annexforsamling” (build input, data-raw/sfgt/) | Lantmateriet distrikt 1999 (development benchmark); areas computed from the distrikt polygons","ESTABLISHED AND EXACTLY QUANTIFIED. The boundary between Gustav Adolf on one side and Ekshärad and Norra Rada/Hagfors on the other was regulated with effect from 1929-01-01 by k. brev of 23 March 1928. Gustav Adolf went from 275.40 to 484.18 km2 (+208.8); Norra Rada from 568.31 to 418.85 (-149.5) and Ekshärad from 949.20 to 889.88 (-59.3), which sum exactly to the gain. swehist's 479.0 km2 is the post-1929 state applied from 1789. Geometry: a territory period to 1928-12-31 with Gustav Adolf at 275.40 km2. The named byar/hemman that moved are not established."
B15,boundary_note,parish,{9396AD45-A0B0-11D3-9E53-009027B0FCE9},Norra Rada forsamling,1653-01-01,1928-12-31,-149.5 km2 on 1929-01-01,"SCB, Folkrakningen den 31 december 1930. I. Areal, folkmangd och hushall inom sarskilda forvaltningsomraden (SOS), Tab. 1 s. 91, Anm. till Varmlands lan, the same k. brev of 23 mars 1928; Norra Rada 418:85 total / 380:70 land against 568:31 / 519:16 in 1910 and 1920; https://share.scb.se/ov9993/data/historisk%20statistik//SOS%201911-/Folk-%20och%20bostadsr%C3%A4kningarna/Folkr%C3%A4kningen%201910-1960/Folkr%C3%A4kningen%201930%20(SOS)/Folkrakningen-1930_1.pdf | Sveriges forsamlingar genom tiderna (Skatteverket 1989), art. Norra Rada (pid 2523), indelning-texten: ”1653 utbrutet Sunnemo, 1789 (beslut 1765-12-10) del till Deglunden (Gustav Adolf) vid dess bildande, 1907 utbrutet Hagfors” (build input, data-raw/sfgt/) | Lantmateriet distrikt 1999 (development benchmark); areas computed from the distrikt polygons","The other side of B14. swehist's polygon for 1653-1906 (420.2 km2) is its post-1907 territory (282.6) plus Hagfors (137.6), i.e. the post-1929 state, and is 149.5 km2 short of the parish as it was until 1928-12-31 (568.31 km2)."
B16,boundary_note,parish,,Ekshärads forsamling,1600-01-01,1928-12-31,-59.3 km2 on 1929-01-01,"SCB, Folkrakningen den 31 december 1930. I. Areal, folkmangd och hushall inom sarskilda forvaltningsomraden (SOS), Tab. 1 s. 91, Anm. till Varmlands lan, the same k. brev of 23 mars 1928; Ekshärad 889:88 total / 821:24 land against 949:20 / 876:36 in 1910 and 1920; https://share.scb.se/ov9993/data/historisk%20statistik//SOS%201911-/Folk-%20och%20bostadsr%C3%A4kningarna/Folkr%C3%A4kningen%201910-1960/Folkr%C3%A4kningen%201930%20(SOS)/Folkrakningen-1930_1.pdf","The third party to B14, which the Rosenberg pair list does not flag. Ekshärad lost 59.3 km2 to Gustav Adolf on 1929-01-01. topo_id not looked up."
B17,boundary_note,parish,{9396AD3F-A0B0-11D3-9E53-009027B0FCE9},Rammens forsamling,1777-01-01,1990-12-31,no error,"SCB, Folkrakningen den 31 december 1930. I. Areal, folkmangd och hushall inom sarskilda forvaltningsomraden (SOS), Tab. 1 s. 0 (Varmlands lan: Rammen land 289:32); https://share.scb.se/ov9993/data/historisk%20statistik//SOS%201911-/Folk-%20och%20bostadsr%C3%A4kningarna/Folkr%C3%A4kningen%201910-1960/Folkr%C3%A4kningen%201930%20(SOS)/Folkrakningen-1930_1.pdf | Svensk uppslagsbok, 2 uppl. (Malmo 1947-55), parish articles, quoted at second hand via sv.wikipedia (weak) | C. M. Rosenberg, Geografiskt-statistiskt handlexikon ofver Sverige (1882-83), art. ”Rammen”: 1,649 qv.-mil = 188.5 km2, an understatement (development benchmark) | Lantmateriet distrikt 1999 (development benchmark); areas computed from the distrikt polygons","NO ERROR IN swehist: 314.0 km2 against a measured 289.32 land in 1930 and 312.05 total in Svensk uppslagsbok, and a 1999 distrikt of 313.2. Rosenberg's 188.5 is the outlier. Rammen was not part of the 1929 regulation. The SFGT transfers from Appelbo (1805, 1815, 1878) are all before 1882."
B18,boundary_note,parish,{9396AE31-A0B0-11D3-9E53-009027B0FCE9},Malungs forsamling,1600-01-01,1990-12-31,,"C. M. Rosenberg, Geografiskt-statistiskt handlexikon ofver Sverige (1882-83), art. ”Malung”: 16,992 qv.-mil = 1943 km2 (development benchmark) | SCB, Folkrakningen den 31 december 1920. I, s. 5*-6*: ”I en hel del fall har emellertid genom forsorg av rikets allmanna kartverk erhallits sarskilda arealutrakningar pa grundval av den topografiska kartan, namligen for hela Norrbottens, Gavleborgs och Jamtlands lan samt nagra socknar i Vasterbottens och Kopparbergs lan”, and s. 5*: ”rikets allmanna kartverk sedan foregaende folkrakning utfort fullstandiga matningar av ytterligare tre lan - Blekinge, Malmohus och Vastmanlands” (so a 1882/1910 vs 1920 area gap in those counties is a measurement correction, not a boundary change) | Lantmateriet distrikt 1999 (development benchmark); areas computed from the distrikt polygons","NOT ESTABLISHED, and probably a benchmark artefact. swehist 1842.9 = the 1999 distrikt 1841.3; Rosenberg 1943. Kopparbergs lan had 'nagra socknar' recomputed for the 1920 census, so Malung's measured area should be looked up in the 1920 and 1930 volumes before this is treated as an error. Checked: Rosenberg; the 1999 distrikt; the SCB FAO Anmarkningar 1913-1960, which mention Malung only in connection with Tyngsjo kapellag."
B19,boundary_note,parish,{9396A70A-A0B0-11D3-9E53-009027B0FCE9},Tuna forsamling (H-lan),1600-01-01,1971-12-31,-74.8 km2 on 1972-01-01,"SCB, Folkmangd 31 december 1971 (SOS), del 1, Indelningsandringar 2.1.1971-1.1.1972, s. 59: ”Fran 08 84 Vimmerby kommun och 08 84 09 Tuna forsamling har ett omrade med 236 invanare ... overflyttats till 08 82 Oskarshamns kommun och 08 82 04 Kristdala forsamling”; https://share.scb.se/OV9993/Data/Historisk%20statistik/SOS%201911-/Befolkningsstatistik/Folkm%C3%A4ngd%20Del%201-2%20Kommuner%20och%20f%C3%B6rsamlingar%20%28SOS%29%201967-1990/ | SCB, Folkrakningen den 31 december 1910 (SOS) I. Areal och folkmangd for sarskilda forvaltningsomraden, Tab. 1 s. 36, Tunalans harad: Tuna 247:06 total / 227:73 land, unchanged in 1920 and 1930; Svensk uppslagsbok 249:27 / 231:09; https://share.scb.se/ov9993/data/historisk%20statistik//SOS%201911-/Folk-%20och%20bostadsr%C3%A4kningarna/Folkr%C3%A4kningen%201910-1960/Folkr%C3%A4kningen%201910%20(SOS)/Folkrakningen-1910_1.pdf | Lantmateriet distrikt 1999 (development benchmark); areas computed from the distrikt polygons","ESTABLISHED AND QUANTIFIED. Tuna was 247-249 km2 from 1882 to about 1950 (Kalmar lan was never re-measured, and the figure is identical in 1910, 1920 and 1930) and is 174.4 in 1999 = swehist. The area transferred to Kristdala on 1972-01-01 was 74.8 km2 total, 68.0 land, with 236 inhabitants: 249.27 - 74.8 = 174.5. Geometry: a territory period to 1971-12-31 with Tuna at about 247 km2."
B20,boundary_note,parish,{9396A6EA-A0B0-11D3-9E53-009027B0FCE9},Kristdala forsamling,1600-01-01,1971-12-31,+74.8 km2 on 1972-01-01,"SCB, Folkmangd 31 december 1971 (SOS), del 1, Indelningsandringar 2.1.1971-1.1.1972, s. 59 (same quote as B19) | SCB, Folkrakningen den 31 december 1910 (SOS) I. Areal och folkmangd for sarskilda forvaltningsomraden, Tab. 1 s. 36, Kristdala 238:71 total / 217:23 land, unchanged in 1920 and 1930; https://share.scb.se/ov9993/data/historisk%20statistik//SOS%201911-/Folk-%20och%20bostadsr%C3%A4kningarna/Folkr%C3%A4kningen%201910-1960/Folkr%C3%A4kningen%201910%20(SOS)/Folkrakningen-1910_1.pdf | Lantmateriet distrikt 1999 (development benchmark); areas computed from the distrikt polygons","The other side of B19: 238.71 + 68.0 land = 306.7, which is swehist's 306.4 and the 1999 distrikt 313.6. The socken boundary did not move; the forsamling boundary did. The village list (Ishult, Syserum, Skalsebo and others) is only in Swedish Wikipedia and is therefore not treated as established."
B21,boundary_note,parish,{9396A6FE-A0B0-11D3-9E53-009027B0FCE9},Hjorteds forsamling,1600-01-01,1990-12-31,+38 km2 between 1930 and about 1950,"SCB, Folkrakningen den 31 december 1910 (SOS) I. Areal och folkmangd for sarskilda forvaltningsomraden, Tab. 1 s. 36, Sodra Tjusts harad: Hjorted 268:79 total / 241:48 land, identical in 1920 and 1930; https://share.scb.se/ov9993/data/historisk%20statistik//SOS%201911-/Folk-%20och%20bostadsr%C3%A4kningarna/Folkr%C3%A4kningen%201910-1960/Folkr%C3%A4kningen%201910%20(SOS)/Folkrakningen-1910_1.pdf | Svensk uppslagsbok, 2 uppl. (Malmo 1947-55), parish articles, quoted at second hand via sv.wikipedia (weak) | Lantmateriet distrikt 1999 (development benchmark); areas computed from the distrikt polygons","PARTLY ESTABLISHED. Hjorted held 268.79 km2 in 1910, 1920 and 1930 and 306.56 in Svensk uppslagsbok (about 1950), which is swehist's 306.8 and close to the 1999 distrikt 310.4. So a real change of about 38 km2 happened between 1930 and about 1950 and swehist has the later state. The event was NOT found: checked the SCB FAO Anmarkningar for 1913, 1914, 1920-1952, 1955 and 1960 for Hjorted, Tuna, Vastrum, Misterhult and Gladhammar in a change sentence - no hit."
B22,boundary_note,parish,{9396A6F2-A0B0-11D3-9E53-009027B0FCE9},Vastrums forsamling,1600-01-01,1990-12-31,,"SCB, Folkrakningen den 31 december 1910 (SOS) I. Areal och folkmangd for sarskilda forvaltningsomraden, Tab. 1 s. 36, Vastrum 148:37 total / 144:60 land, the same in 1930; https://share.scb.se/ov9993/data/historisk%20statistik//SOS%201911-/Folk-%20och%20bostadsr%C3%A4kningarna/Folkr%C3%A4kningen%201910-1960/Folkr%C3%A4kningen%201910%20(SOS)/Folkrakningen-1910_1.pdf | Svensk uppslagsbok, 2 uppl. (Malmo 1947-55), parish articles, quoted at second hand via sv.wikipedia (weak) | Lantmateriet distrikt 1999 (development benchmark); areas computed from the distrikt polygons","NOT ESTABLISHED. Vastrum was measured at 148.37 km2 in 1910 and 1930 and 134.15 in Svensk uppslagsbok; swehist has 102.6, which matches no measured state, and the 1999 Vastrum distrikt is 257.7, far more than the old parish, which suggests the distrikt covers more than Vastrums socken. Checked: Rosenberg; the 1910 and 1930 census volumes; Svensk uppslagsbok; the FAO Anmarkningar 1913-1960 - no hit. Both the distrikt pairing and swehist's polygon need looking at."
B23,boundary_note,parish,{9396AE6A-A0B0-11D3-9E53-009027B0FCE9},Bjursas forsamling,1600-01-01,1928-12-31,small gain on 1929-01-01; Rosenberg's 92 km2 is wrong,"SCB, Folkmangden inom administrativa omraden den 31 december 1928 (SOS), Anm. till Kopparbergs lan: ”Den 1 januari 1929 overflyttades emellertid savall denna forsamlingsdel som ytterligare ett omrade fran Al till Bjursas”; https://share.scb.se/ov9993/data/historisk%20statistik/SOS%201911-/Befolkningsstatistik/Folkm%C3%A4ngden%20inom%20administrativa%20omr%C3%A5den%20%28SOS%29%201910-1961/Folkm%C3%A4ngden-inom-administrativa-omr%C3%A5den-1928.pdf | SCB, Folkrakningen den 31 december 1910 (SOS) I. Areal och folkmangd for sarskilda forvaltningsomraden, Tab. 1 s. 104, Bjursas 163:22 total / 149:40 land, the same in 1920; https://share.scb.se/ov9993/data/historisk%20statistik//SOS%201911-/Folk-%20och%20bostadsr%C3%A4kningarna/Folkr%C3%A4kningen%201910-1960/Folkr%C3%A4kningen%201910%20(SOS)/Folkrakningen-1910_1.pdf | Svensk uppslagsbok, 2 uppl. (Malmo 1947-55), parish articles, quoted at second hand via sv.wikipedia (weak) | Lantmateriet distrikt 1999 (development benchmark); areas computed from the distrikt polygons","Rosenberg's 92.4 km2 for Bjursas is the assessed tunnland area, not a survey: the measured figure is 163.22 in both 1910 and 1920 and 167.33 in Svensk uppslagsbok, against swehist's 164.5 and a 1999 distrikt of 171.1. So the Bjursas/Stora Kopparberg pair is largely a Rosenberg error. The one dated change is the small 1929-01-01 gain from Al. Quote from the SCB volume as OCR'd locally; obvious scan errors corrected, diacritics dropped in this file."
B24,boundary_note,parish,{9396AE6B-A0B0-11D3-9E53-009027B0FCE9},Stora Kopparbergs forsamling,1665-01-01,1939-12-31,"-85 km2, most of it on 1940-01-01","SCB, Folkmangden inom administrativa omraden den 31 december 1939 (SOS), Anm. till Kopparbergs lan: ”Den 1 jan. 1940 inforlivades faludelen av Stora Kopparbergs forsamling med 4 120 inv. med Falu Kristine forsamling, vilken senare alltsa numera omfattar hela Falu stad”; https://share.scb.se/ov9993/data/historisk%20statistik/SOS%201911-/Befolkningsstatistik/Folkm%C3%A4ngden%20inom%20administrativa%20omr%C3%A5den%20%28SOS%29%201910-1961/Folkm%C3%A4ngden-inom-administrativa-omr%C3%A5den-1939.pdf | SCB, Folkmangden inom administrativa omraden den 31 december 1951 (SOS), Anm. till Kopparbergs lan: ”Den 1 jan. 1952 overflyttades ett omrade med 76 inv. fran Torsang till Stora Kopparberg”; https://share.scb.se/ov9993/data/historisk%20statistik/SOS%201911-/Befolkningsstatistik/Folkm%C3%A4ngden%20inom%20administrativa%20omr%C3%A5den%20%28SOS%29%201910-1961/Folkm%C3%A4ngden-inom-administrativa-omr%C3%A5den-1951.pdf | SCB, Folkrakningen den 31 december 1910 (SOS) I. Areal och folkmangd for sarskilda forvaltningsomraden, Tab. 1 s. 103, Stora Kopparberg (Falu landskommun) 281:46 total / 243:58 land; 1930 286:00 / 240:70; https://share.scb.se/ov9993/data/historisk%20statistik//SOS%201911-/Folk-%20och%20bostadsr%C3%A4kningarna/Folkr%C3%A4kningen%201910-1960/Folkr%C3%A4kningen%201910%20(SOS)/Folkrakningen-1910_1.pdf | Lantmateriet distrikt 1999 (development benchmark); areas computed from the distrikt polygons","Stora Kopparberg was measured at 281-286 km2 in 1910 and 1930 and swehist has 196.4, which matches no measured state; the largest documented step is the incorporation of the Falun part into Falu Kristine forsamling on 1940-01-01, followed by a small gain from Torsang on 1952-01-01. Geometry: territory periods at 1940 and 1952, and the residual checked against 286.00. Quote from the SCB volume as OCR'd locally; obvious scan errors corrected, diacritics dropped in this file."
B25,boundary_note,parish,{9396AE63-A0B0-11D3-9E53-009027B0FCE9},Sundborns forsamling,1620-01-01,1990-12-31,no material error,"SCB, Folkrakningen den 31 december 1910 (SOS) I. Areal och folkmangd for sarskilda forvaltningsomraden, Tab. 1 s. 103, Sundborn 193:19 total / 171:68 land, the same in 1920; 1930 222:00 / 193:30; https://share.scb.se/ov9993/data/historisk%20statistik//SOS%201911-/Folk-%20och%20bostadsr%C3%A4kningarna/Folkr%C3%A4kningen%201910-1960/Folkr%C3%A4kningen%201910%20(SOS)/Folkrakningen-1910_1.pdf | Lantmateriet distrikt 1999 (development benchmark); areas computed from the distrikt polygons",NO MATERIAL ERROR: swehist 217.9 against a measured 222.00 in 1930 and a 1999 distrikt of 216.6. Rosenberg's 170 km2 and the 1910/1920 figure (193.19) are earlier states. The 1920 -> 1930 rise of 29 km2 has NO note in the 1930 Anmarkningar and is not explained.
B26,boundary_note,parish,{9396AE60-A0B0-11D3-9E53-009027B0FCE9},Aspeboda forsamling,1640-01-01,1990-12-31,+30 km2 (source error),"SCB, Folkrakningen den 31 december 1910 (SOS) I. Areal och folkmangd for sarskilda forvaltningsomraden, Tab. 1 s. 103, Aspeboda 95:93 total / 90:89 land, the same in 1920; 1930 83:50 / 78:20; https://share.scb.se/ov9993/data/historisk%20statistik//SOS%201911-/Folk-%20och%20bostadsr%C3%A4kningarna/Folkr%C3%A4kningen%201910-1960/Folkr%C3%A4kningen%201910%20(SOS)/Folkrakningen-1910_1.pdf | Lantmateriet distrikt 1999 (development benchmark); areas computed from the distrikt polygons","swehist's 113.5 km2 matches no measured state (89 in Rosenberg, 95.93 in 1910 and 1920, 83.50 in 1930) and the 1999 distrikt is 111.2. The 1920 -> 1930 fall of 12 km2 has no note in the 1930 Anmarkningar. Treat as a source error of about +30 km2 against the 1930 measurement; not dated."
B27,boundary_note,parish,{9396AE61-A0B0-11D3-9E53-009027B0FCE9},Vika forsamling,1600-01-01,1990-12-31,-45 km2 (source error),"SCB, Folkrakningen den 31 december 1910 (SOS) I. Areal och folkmangd for sarskilda forvaltningsomraden, Tab. 1 s. 103, Vika 226:37 total / 187:24 land; 1920 213:28 / 185:46; 1930 212:80 / 177:90; https://share.scb.se/ov9993/data/historisk%20statistik//SOS%201911-/Folk-%20och%20bostadsr%C3%A4kningarna/Folkr%C3%A4kningen%201910-1960/Folkr%C3%A4kningen%201910%20(SOS)/Folkrakningen-1910_1.pdf | Lantmateriet distrikt 1999 (development benchmark); areas computed from the distrikt polygons","swehist's 167.8 km2 is about 45 km2 below every measured state (226.37 in 1910, 213.28 in 1920, 212.80 in 1930) and the 1999 distrikt is 170.7. The 1920 -> 1930 fall has no note. Treat as a source error; not dated."
B28,boundary_note,parish,{9396A525-A0B0-11D3-9E53-009027B0FCE9},Ostra Hargs forsamling,1600-01-01,1927-12-31,"-37 km2, part of it on 1928-01-01","SCB, Folkmangden inom administrativa omraden den 31 december 1927 (SOS), Anm. till Ostergotlands lan: ”I folkmangden for Stjarnorp inga 94 personer, utgorande folkmangden a ett omrade, som den 1 januari 1928 overflyttades fran Ostra Harg till Stjarnorp”; https://share.scb.se/ov9993/data/historisk%20statistik/SOS%201911-/Befolkningsstatistik/Folkm%C3%A4ngden%20inom%20administrativa%20omr%C3%A5den%20%28SOS%29%201910-1961/Folkm%C3%A4ngden-inom-administrativa-omr%C3%A5den-1927.pdf | C. M. Rosenberg, Geografiskt-statistiskt handlexikon ofver Sverige (1882-83), art. ”Ostra Harg”: 63 km2 (development benchmark) | Lantmateriet distrikt 1999 (development benchmark); areas computed from the distrikt polygons","Ostra Harg 63 km2 (1882) -> 25.7 (1999, swehist 28.5). The 1928-01-01 transfer to Stjarnorp (94 inhabitants) is dated; whether it is the whole 37 km2 is not established. Ostergotland was not re-measured, so the 1882 figure stands. Geometry: a territory period to 1927-12-31. Quote from the SCB volume as OCR'd locally; obvious scan errors corrected, diacritics dropped in this file."
B29,boundary_note,parish,{9396A524-A0B0-11D3-9E53-009027B0FCE9},Stjarnorps forsamling,1600-01-01,1927-12-31,"+23 km2, part of it on 1928-01-01","SCB, Folkmangden inom administrativa omraden den 31 december 1927 (SOS), Anm. till Ostergotlands lan: ”I folkmangden for Stjarnorp inga 94 personer, utgorande folkmangden a ett omrade, som den 1 januari 1928 overflyttades fran Ostra Harg till Stjarnorp”; https://share.scb.se/ov9993/data/historisk%20statistik/SOS%201911-/Befolkningsstatistik/Folkm%C3%A4ngden%20inom%20administrativa%20omr%C3%A5den%20%28SOS%29%201910-1961/Folkm%C3%A4ngden-inom-administrativa-omr%C3%A5den-1927.pdf | Lantmateriet distrikt 1999 (development benchmark); areas computed from the distrikt polygons","The other side of B28: Stjarnorp 124 km2 (1882) -> 146.8 (1999, swehist 146.2). Quote from the SCB volume as OCR'd locally; obvious scan errors corrected, diacritics dropped in this file."
B30,boundary_note,parish,{9396AD98-A0B0-11D3-9E53-009027B0FCE9},Askers forsamling,1600-01-01,1935-12-31,"+45 km2, part of it on 1936-01-01","SCB, Folkmangden inom administrativa omraden den 31 december 1935 (SOS), Anm. till Orebro lan: ”Den 1 jan. 1936 overflyttades ett omrade med 47 inv. fran Stora Mellosa till Asker”; https://share.scb.se/ov9993/data/historisk%20statistik/SOS%201911-/Befolkningsstatistik/Folkm%C3%A4ngden%20inom%20administrativa%20omr%C3%A5den%20%28SOS%29%201910-1961/Folkm%C3%A4ngden-inom-administrativa-omr%C3%A5den-1935.pdf | C. M. Rosenberg, Geografiskt-statistiskt handlexikon ofver Sverige (1882-83), art. ”Asker”: 171 km2 (development benchmark) | Lantmateriet distrikt 1999 (development benchmark); areas computed from the distrikt polygons","Asker 171 km2 (1882) -> 215.6 (1999, swehist 215.2). The 1936-01-01 gain from Stora Mellosa is dated; the rest is not. Asker's listed partner Lannas is a great-lake artefact (B31). Quote from the SCB volume as OCR'd locally; obvious scan errors corrected, diacritics dropped in this file."
B31,boundary_note,parish,{9396AD97-A0B0-11D3-9E53-009027B0FCE9},Lannas forsamling (T-lan),1600-01-01,1990-12-31,no error: Hjalmaren excluded,"C. M. Rosenberg, Geografiskt-statistiskt handlexikon ofver Sverige (1882-83), art. ”Lannas”: 164 km2 total, 97 km2 land (development benchmark) | Lantmateriet distrikt 1999 (development benchmark); areas computed from the distrikt polygons","NOT AN ERROR. Rosenberg 164 km2 total, the 1999 distrikt 166, swehist 97.2 - and Rosenberg's LAND figure (97) equals swehist exactly. swehist's parish polygons exclude the four great lakes and Lannas lies on Hjalmaren. The same applies to Ostertalje/Salem and Ostertalje/Enhorna on Malaren. These three pairs should be dropped from the Rosenberg pair list, or the benchmark should use land area for parishes on Vanern, Vattern, Malaren and Hjalmaren."
B32,boundary_note,parish,{9396A3F8-A0B0-11D3-9E53-009027B0FCE9},Soderfors forsamling,1699-01-01,1936-12-31,+12 km2 on 1937-01-01; and 19 km2 wrongly held (B55),"SCB, Folkmangden inom administrativa omraden den 31 december 1936 (SOS), Anm. till Uppsala lan: ”Den 1 jan. 1937 overflyttades ett obebott omrade fran Tierp till Soderfors”; https://share.scb.se/ov9993/data/historisk%20statistik/SOS%201911-/Befolkningsstatistik/Folkm%C3%A4ngden%20inom%20administrativa%20omr%C3%A5den%20%28SOS%29%201910-1961/Folkm%C3%A4ngden-inom-administrativa-omr%C3%A5den-1936.pdf | SCB, Folkrakningen den 31 december 1910 (SOS) I. Areal och folkmangd for sarskilda forvaltningsomraden, Tab. 1 s. 13, Soderfors 87:30 total / 70:24 land; https://share.scb.se/ov9993/data/historisk%20statistik//SOS%201911-/Folk-%20och%20bostadsr%C3%A4kningarna/Folkr%C3%A4kningen%201910-1960/Folkr%C3%A4kningen%201910%20(SOS)/Folkrakningen-1910_1.pdf | Sveriges forsamlingar genom tiderna (Skatteverket 1989), art. Soderfors (pid 3452), lan/namn-texten: ”1825-09-29 overfort Jortson fran Hedesunda, -1935 huvuddelen i Uppsala lan, del (Jortson och mojligen Sidlandet) i Gavleborgs lan, 1936-01-01 overfort Jortson till Uppsala lan och Sidlandet till Hedesunda” (build input, data-raw/sfgt/) | Lantmateriet distrikt 1999 (development benchmark); areas computed from the distrikt polygons","Soderfors 87.4 km2 (1882), 87.30 (1910; Uppsala lan was not re-measured), 99.1 (1999). swehist's 118.4 is larger than even 1999 because it swallows Tierp's 19 km2 exclave (B59). Geometry: a territory period to 1936-12-31 at about 87 km2, plus the exclave moved back to Tierp. Quote from the SCB volume as OCR'd locally; obvious scan errors corrected, diacritics dropped in this file."
B33,boundary_note,parish,{9396A3F6-A0B0-11D3-9E53-009027B0FCE9},Tierps forsamling,1699-01-01,1936-12-31,-12 km2 on 1937-01-01,"SCB, Folkmangden inom administrativa omraden den 31 december 1936 (SOS), Anm. till Uppsala lan: ”Den 1 jan. 1937 overflyttades ett obebott omrade fran Tierp till Soderfors”; https://share.scb.se/ov9993/data/historisk%20statistik/SOS%201911-/Befolkningsstatistik/Folkm%C3%A4ngden%20inom%20administrativa%20omr%C3%A5den%20%28SOS%29%201910-1961/Folkm%C3%A4ngden-inom-administrativa-omr%C3%A5den-1936.pdf | SCB, Folkrakningen den 31 december 1910 (SOS) I. Areal och folkmangd for sarskilda forvaltningsomraden, Tab. 1 s. 13, Tierp 372:49 total / 350:08 land; https://share.scb.se/ov9993/data/historisk%20statistik//SOS%201911-/Folk-%20och%20bostadsr%C3%A4kningarna/Folkr%C3%A4kningen%201910-1960/Folkr%C3%A4kningen%201910%20(SOS)/Folkrakningen-1910_1.pdf | Lantmateriet distrikt 1999 (development benchmark); areas computed from the distrikt polygons","Tierp 374.5 km2 (1882), 372.49 (1910), 377.0 (1999), swehist 359.5. swehist 359.5 + the 19 km2 exclave = 378.5, the 1999 figure, so most of the apparent shortfall is the exclave (B59). Quote from the SCB volume as OCR'd locally; obvious scan errors corrected, diacritics dropped in this file."
B34,boundary_note,parish,{9396A649-A0B0-11D3-9E53-009027B0FCE9},Skatelovs forsamling,1600-01-01,1923-12-31,-10 km2 on 1924-01-01 (the inhabited Allbo part),"SCB, Folkmangden inom administrativa omraden den 31 december 1923 (SOS), Anm. till Kronobergs lan: ”I Vastra Torsas kommuns folkmangd inga 80 pers., utgorande folkmangden a ett omrade av den till Allbo harad horande delen av Skatelov, vilket d. 1 januari 1924 overflyttades till Vastra Torsas”; https://share.scb.se/ov9993/data/historisk%20statistik/SOS%201911-/Befolkningsstatistik/Folkm%C3%A4ngden%20inom%20administrativa%20omr%C3%A5den%20%28SOS%29%201910-1961/Folkm%C3%A4ngden-inom-administrativa-omr%C3%A5den-1923.pdf | SCB, Folkrakningen den 31 december 1910 (SOS) I. Areal och folkmangd for sarskilda forvaltningsomraden, Tab. 1 s. 34, Anmarkningar till Kronobergs lan: ”Av Allbo-haradsdelen ligga tvenne omraden, benamnda Ostra och Vastra Skogen, inom Vastra Torsas socken”; Skatelov listed as two harad parts, 75:17/69:43 and 55:67/55:25; https://share.scb.se/ov9993/data/historisk%20statistik//SOS%201911-/Folk-%20och%20bostadsr%C3%A4kningarna/Folkr%C3%A4kningen%201910-1960/Folkr%C3%A4kningen%201910%20(SOS)/Folkrakningen-1910_1.pdf | Lantmateriet distrikt 1999 (development benchmark); areas computed from the distrikt polygons","Skatelov was split between Kinnevalds and Allbo harad. The inhabited part of the Allbo portion (80 persons) went to Vastra Torsas on 1924-01-01; the two uninhabited forest parcels Ostra Skogen and Vastra Skogen stayed with Skatelov and are still Skatelov in 1999 (the 7.7 km2 exclave, B60). Geometry: a territory period to 1923-12-31. Quote from the SCB volume as OCR'd locally; obvious scan errors corrected, diacritics dropped in this file."
B35,boundary_note,parish,{9396AE22-A0B0-11D3-9E53-009027B0FCE9},Munktorps forsamling,1600-01-01,1990-12-31,no material error,"SCB, Folkrakningen den 31 december 1910 (SOS) I. Areal och folkmangd for sarskilda forvaltningsomraden, Tab. 1 s. 99, Vastmanlands lan: Munktorp 120:69 total / 120:44 land; the same in 1920 after the county was fully re-surveyed; https://share.scb.se/ov9993/data/historisk%20statistik//SOS%201911-/Folk-%20och%20bostadsr%C3%A4kningarna/Folkr%C3%A4kningen%201910-1960/Folkr%C3%A4kningen%201910%20(SOS)/Folkrakningen-1910_1.pdf | SCB, Folkrakningen den 31 december 1920. I, s. 5*-6*: ”I en hel del fall har emellertid genom forsorg av rikets allmanna kartverk erhallits sarskilda arealutrakningar pa grundval av den topografiska kartan, namligen for hela Norrbottens, Gavleborgs och Jamtlands lan samt nagra socknar i Vasterbottens och Kopparbergs lan”, and s. 5*: ”rikets allmanna kartverk sedan foregaende folkrakning utfort fullstandiga matningar av ytterligare tre lan - Blekinge, Malmohus och Vastmanlands” (so a 1882/1910 vs 1920 area gap in those counties is a measurement correction, not a boundary change) | SCB, Folkmangden inom administrativa omraden den 31 december 1947 (SOS), Anm. till Vastmanlands lan: ”Den 1 jan. 1948 overflyttades vissa omraden med 276 inv. fran Munktorp till Kopings stad”; https://share.scb.se/ov9993/data/historisk%20statistik/SOS%201911-/Befolkningsstatistik/Folkm%C3%A4ngden%20inom%20administrativa%20omr%C3%A5den%20%28SOS%29%201910-1961/Folkm%C3%A4ngden-inom-administrativa-omr%C3%A5den-1947.pdf | C. M. Rosenberg, Geografiskt-statistiskt handlexikon ofver Sverige (1882-83), art. ”Munktorp”: 1,615 qv.-mil = 184.7 km2, the outlier (development benchmark) | Lantmateriet distrikt 1999 (development benchmark); areas computed from the distrikt polygons","NO MATERIAL ERROR. Vastmanlands lan was fully re-surveyed for the 1920 census and the new figures came out identical to 1910: Munktorp 120.69 km2, against swehist's 120.2 and a 1999 distrikt of 132.7. Rosenberg's 184.7 is the outlier, probably because of how he handled Sura's detached western part. Later and documented: areas with 276 inhabitants from Munktorp to Kopings stad on 1948-01-01 and 5 inhabitants to Sura on 1953-01-01. Quote from the SCB volume as OCR'd locally; obvious scan errors corrected, diacritics dropped in this file."
B36,boundary_note,parish,{9396ADD7-A0B0-11D3-9E53-009027B0FCE9},Sura forsamling,1600-01-01,1990-12-31,no material error,"SCB, Folkrakningen den 31 december 1910 (SOS) I. Areal och folkmangd for sarskilda forvaltningsomraden, Tab. 1 s. 99, Vastmanlands lan: Sura 133:22 total / 119:92 land; the same in 1920 and in Svensk uppslagsbok; https://share.scb.se/ov9993/data/historisk%20statistik//SOS%201911-/Folk-%20och%20bostadsr%C3%A4kningarna/Folkr%C3%A4kningen%201910-1960/Folkr%C3%A4kningen%201910%20(SOS)/Folkrakningen-1910_1.pdf | SCB, Folkrakningen den 31 december 1920. I, s. 5*-6*: ”I en hel del fall har emellertid genom forsorg av rikets allmanna kartverk erhallits sarskilda arealutrakningar pa grundval av den topografiska kartan, namligen for hela Norrbottens, Gavleborgs och Jamtlands lan samt nagra socknar i Vasterbottens och Kopparbergs lan”, and s. 5*: ”rikets allmanna kartverk sedan foregaende folkrakning utfort fullstandiga matningar av ytterligare tre lan - Blekinge, Malmohus och Vastmanlands” (so a 1882/1910 vs 1920 area gap in those counties is a measurement correction, not a boundary change) | C. M. Rosenberg, Geografiskt-statistiskt handlexikon ofver Sverige (1882-83), art. ”Sura”: 0,558 qv.-mil = 63.8 km2, the outlier; his text describes the parish as lying ”dels i o. kring Kolbacksan ..., dels i v. kring flere af Kopingsans o. gren upptagna sjoar” (development benchmark) | Lantmateriet distrikt 1999 (development benchmark); areas computed from the distrikt polygons","NO MATERIAL ERROR: swehist 141.3 against a measured 133.22 km2 in 1910, 1920 and about 1950, and a 1999 distrikt of 143.5. Rosenberg's 63.8 apparently covers only the eastern part of a parish that his own text says lay in two pieces. The Munktorp/Sura pair is a Rosenberg artefact."
B37,boundary_note,parish,{9396AF1D-A0B0-11D3-9E53-009027B0FCE9},Styrnas forsamling,1600-01-01,1990-12-31,-28 km2 (source error),"SCB, Folkrakningen den 31 december 1910 (SOS) I. Areal och folkmangd for sarskilda forvaltningsomraden, Tab. 1 s. 114, Vasternorrlands lan: Styrnas 149:41 total / 140:37 land; 1930 150:50 / 139:10; https://share.scb.se/ov9993/data/historisk%20statistik//SOS%201911-/Folk-%20och%20bostadsr%C3%A4kningarna/Folkr%C3%A4kningen%201910-1960/Folkr%C3%A4kningen%201910%20(SOS)/Folkrakningen-1910_1.pdf | Lantmateriet distrikt 1999 (development benchmark); areas computed from the distrikt polygons","swehist's 122.8 km2 is 28 km2 below the measured 149.41 (1910) and 150.50 (1930) and 23 km2 below the 1999 distrikt (145.7). Vasternorrland was not re-measured, so the series is consistent and swehist is simply wrong. Note that Styrnas and Vibyggera are NOT neighbours, so their Rosenberg 'pair' is spurious and B37 and B38 are two independent errors; Botea, their other listed partner, is right (188.95 in 1910, 192.20 in 1930, swehist 193.3). Rosenberg's Styrnas reads 1,49 qv.-mil = 170.4 km2, not the 162 quoted earlier."
B38,boundary_note,parish,{9396AF1A-A0B0-11D3-9E53-009027B0FCE9},Vibyggera forsamling,1600-01-01,1990-12-31,+39 km2 (source error),"SCB, Folkrakningen den 31 december 1910 (SOS) I. Areal och folkmangd for sarskilda forvaltningsomraden, Tab. 1 s. 114, Vasternorrlands lan: Vibyggera 227:22 total / 217:30 land, the same in 1920; 1930 215:80 / 204:40, as in Svensk uppslagsbok; https://share.scb.se/ov9993/data/historisk%20statistik//SOS%201911-/Folk-%20och%20bostadsr%C3%A4kningarna/Folkr%C3%A4kningen%201910-1960/Folkr%C3%A4kningen%201910%20(SOS)/Folkrakningen-1910_1.pdf | Lantmateriet distrikt 1999 (development benchmark); areas computed from the distrikt polygons","swehist's 254.9 km2 is about 39 km2 above every measured state (227.22 in 1910 and 1920, 215.80 in 1930 and about 1950) and 17 km2 above the 1999 distrikt (272.5). Not dated; treat as a source error."
B39,boundary_note,parish,{9396AF30-A0B0-11D3-9E53-009027B0FCE9},Botea forsamling,1600-01-01,1990-12-31,no error,"SCB, Folkrakningen den 31 december 1910 (SOS) I. Areal och folkmangd for sarskilda forvaltningsomraden, Tab. 1 s. 114, Vasternorrlands lan: Botea 188:95 total / 181:15 land, the same in 1920; 1930 192:20 / 181:60; https://share.scb.se/ov9993/data/historisk%20statistik//SOS%201911-/Folk-%20och%20bostadsr%C3%A4kningarna/Folkr%C3%A4kningen%201910-1960/Folkr%C3%A4kningen%201910%20(SOS)/Folkrakningen-1910_1.pdf | C. M. Rosenberg, Geografiskt-statistiskt handlexikon ofver Sverige (1882-83), art. ”Botea”: ”Sn i Botea tg, Vesternorrlands lan ... 1,42 qv.-mil, hvaraf land 1,34 eller 31,012 tnld” = 162 km2 (development benchmark) | Lantmateriet distrikt 1999 (development benchmark); areas computed from the distrikt polygons",NO ERROR: swehist 193.3 km2 against a measured 188.95 (1910) and 192.20 (1930) and a 1999 distrikt of 193.7. Rosenberg's 162 is low. Botea should be dropped from the Styrnas pair.
B40,boundary_note,parish,{9396AF20-A0B0-11D3-9E53-009027B0FCE9},Ytterlannas forsamling,1600-01-01,1990-12-31,-39 km2: Torsaker's detached part,"SCB, Folkrakningen den 31 december 1910 (SOS) I. Areal och folkmangd for sarskilda forvaltningsomraden, Tab. 1 s. 114, Vasternorrlands lan: Ytterlannas 234:66 total / 215:21 land; 1930 248:00 / 226:70; Torsaker (Angermanland) 101:89 / 101:52; https://share.scb.se/ov9993/data/historisk%20statistik//SOS%201911-/Folk-%20och%20bostadsr%C3%A4kningarna/Folkr%C3%A4kningen%201910-1960/Folkr%C3%A4kningen%201910%20(SOS)/Folkrakningen-1910_1.pdf | Lantmateriet distrikt 1999 (development benchmark); areas computed from the distrikt polygons","swehist's Ytterlannas is 285.9 km2 against a measured 234.66 (1910) / 248.00 (1930) and a 1999 distrikt of 250.1; 285.9 - 39.2 = 246.7. The 38.9 km2 piece is the detached part of Torsakers socken (Angermanland, Botea tingslag) that the source dropped (B65). Torsaker's 1910 area, 101.89 km2, includes it (swehist 56.4 + 39.2 = 95.6, 1999 95.2)."
B41,boundary_note,parish,{9396A3F5-A0B0-11D3-9E53-009027B0FCE9},Tegelsmora forsamling,1600-01-01,1990-12-31,"-12 km2, all years (source error)","SCB, Folkrakningen den 31 december 1910 (SOS) I. Areal och folkmangd for sarskilda forvaltningsomraden, Tab. 1 s. 14, Tegelsmora 111:45 total / 104:80 land; https://share.scb.se/ov9993/data/historisk%20statistik//SOS%201911-/Folk-%20och%20bostadsr%C3%A4kningarna/Folkr%C3%A4kningen%201910-1960/Folkr%C3%A4kningen%201910%20(SOS)/Folkrakningen-1910_1.pdf | C. M. Rosenberg, Geografiskt-statistiskt handlexikon ofver Sverige (1882-83), art. ”Tegelsmora”: land 0,914 qv.-mil = 104.4 km2 (development benchmark) | Lantmateriet distrikt 1999 (development benchmark); areas computed from the distrikt polygons","ESTABLISHED, the cleanest case in set 2. Tegelsmora was 104.4 km2 of land in 1882, 104.80 in 1910 and 105.51 in the 1999 distrikt, but swehist gives 117.6. The 12.4 km2 that swehist takes from Osterlovsta is wrong in every year, not a change. Geometry: move the piece to Osterlovsta for the whole period."
B42,boundary_note,parish,{9396A3FA-A0B0-11D3-9E53-009027B0FCE9},Osterlovsta forsamling,1600-01-01,1990-12-31,"+12 km2 from Tegelsmora, all years","C. M. Rosenberg, Geografiskt-statistiskt handlexikon ofver Sverige (1882-83), art. ”Lofsta”: 2,413 qv.-mil = 275.7 km2 (development benchmark) | Lantmateriet distrikt 1999 (development benchmark); areas computed from the distrikt polygons","The other side of B41. Osterlovsta 275.7 km2 (1882), swehist 279.6, the 1999 distrikt 302.9 - the 1999 figure is 23 km2 larger again, so Osterlovsta may also be missing territory; not established."
B43,boundary_note,parish,{9396AE7B-A0B0-11D3-9E53-009027B0FCE9},Silvbergs forsamling,1627-01-01,1990-12-31,-44 km2: the two Gustafs enclaves (source error),"SCB, Folkrakningen den 31 december 1910 (SOS) I. Areal och folkmangd for sarskilda forvaltningsomraden, Tab. 1 s. 103, Kopparbergs lan: Silvberg 128:87 land, Gustafs 108:76 land - i.e. the Lantmateriet split (155.2 / 127.9), not swehist's (199.0 / 84.1); https://share.scb.se/ov9993/data/historisk%20statistik//SOS%201911-/Folk-%20och%20bostadsr%C3%A4kningarna/Folkr%C3%A4kningen%201910-1960/Folkr%C3%A4kningen%201910%20(SOS)/Folkrakningen-1910_1.pdf | C. M. Rosenberg, Geografiskt-statistiskt handlexikon ofver Sverige (1882-83), art. ”Gustafs”: 78.2 km2 land in 1882 (development benchmark) | Lantmateriet distrikt 1999 (development benchmark); areas computed from the distrikt polygons","ESTABLISHED as a source error, present by 1910. In 1910 Gustafs had 108.76 km2 of land and Silvberg 128.87, which is the Lantmateriet split, not swehist's. swehist Silvberg 199.0 minus the two Gustafs enclaves (26.4 + 17.2) = 155.4 = the 1999 distrikt 155.2. Rosenberg gives Gustafs only 78.2 km2 in 1882, so the enclaves were probably added when Gustafs became its own jordebokssocken (a date of 1888-10-26 appears in Swedish Wikipedia and is NOT treated as established). Geometry: move both enclaves to Gustafs (B69, B70)."
B44,boundary_note,parish,{9396AD73-A0B0-11D3-9E53-009027B0FCE9},Viby forsamling (T-lan),1600-01-01,1990-12-31,-15 km2: a detached part of Ramundeboda inside Viby,"SCB, Folkrakningen den 31 december 1910 (SOS) I. Areal och folkmangd for sarskilda forvaltningsomraden, Tab. 1 s. 0 (Anmarkningar till Orebro lan, 1910): the farms Skarbyholm med Sagmossen, Stavana, Motorp/Sagen and Humlekarret belong to Ramundeboda but lie on Grimstens harads allmanning inside Viby socken, and a proposal to transfer them to Viby was refused by K. Maj:t on 25 April 1889; https://share.scb.se/ov9993/data/historisk%20statistik//SOS%201911-/Folk-%20och%20bostadsr%C3%A4kningarna/Folkr%C3%A4kningen%201910-1960/Folkr%C3%A4kningen%201910%20(SOS)/Folkrakningen-1910_1.pdf | C. M. Rosenberg, Geografiskt-statistiskt handlexikon ofver Sverige (1882-83), art. ”Viby”: 1,349 qv.-mil = 154.1 km2 (development benchmark) | Lantmateriet distrikt 1999 (development benchmark); areas computed from the distrikt polygons","RECLASSIFIED: this is not a moved boundary but a detached part of Ramundeboda lying inside Viby, named in the 1910 census Anmarkningar, with a transfer to Viby refused in 1889. swehist gives the land to Viby (153.0 km2, matching Rosenberg's 154.1) while Lantmateriet gives it to Ramundeboda (Viby 137.3, Ramundeboda 179.5). Geometry: treat it as an exclave of Ramundeboda, present from at least 1889. Also: the parish was called Bodarne until K. brev of 21 October 1910."
B45,boundary_note,parish,{9396AD6C-A0B0-11D3-9E53-009027B0FCE9},Ramundeboda forsamling,1600-01-01,1990-12-31,+15 km2: its detached part inside Viby,"C. M. Rosenberg, Geografiskt-statistiskt handlexikon ofver Sverige (1882-83), art. ”Bodarne”: 1,217 qv.-mil = 139.0 km2 (development benchmark) | Lantmateriet distrikt 1999 (development benchmark); areas computed from the distrikt polygons",The other side of B44.
B46,boundary_note,parish,{9396A423-A0B0-11D3-9E53-009027B0FCE9},Knivsta forsamling,1600-01-01,1990-12-31,,"C. M. Rosenberg, Geografiskt-statistiskt handlexikon ofver Sverige (1882-83), art. ”Knifsta”: 41.5 km2 land in 1882 (development benchmark) | C. M. Rosenberg, Geografiskt-statistiskt handlexikon ofver Sverige (1882-83), art. ”Alsike”: 34.1 km2 land in 1882 (development benchmark) | SCB, Folkrakningen den 31 december 1910 (SOS) I. Areal och folkmangd for sarskilda forvaltningsomraden, Tab. 1 s. 12, Knivsta 41:88 land, Alsike 35:97 land; https://share.scb.se/ov9993/data/historisk%20statistik//SOS%201911-/Folk-%20och%20bostadsr%C3%A4kningarna/Folkr%C3%A4kningen%201910-1960/Folkr%C3%A4kningen%201910%20(SOS)/Folkrakningen-1910_1.pdf | Lantmateriet distrikt 1999 (development benchmark); areas computed from the distrikt polygons","NOT ESTABLISHED. Alsike 34.1 (1882) / 35.97 (1910) / 43.1 (swehist) / 48.40 (1999); Knivsta 41.5 / 41.88 / 44.9 / 40.07. The relative shift is the 5.4 km2 piece, but no transfer is recorded and Alsike's absolute growth from 36 to 48 km2 is unexplained. Checked: Rosenberg; the 1910 census and its Uppsala Anmarkningar; SFGT; the SCB FAO Anmarkningar 1913-1952, 1955, 1960; the SCB Indelningsandringar appendices 1967-1996 - no hit. Gap: the 1953-54, 1956-59 and 1961-66 change lists (Statistiska meddelanden, Be-series) were not obtained. Note the two parishes were in Stockholms lan until 1971."
B47,boundary_note,parish,{9396AE4C-A0B0-11D3-9E53-009027B0FCE9},Sarna forsamling 1652-,1652-01-01,1915-12-31,no parish line before 1916,"Sveriges forsamlingar genom tiderna (Skatteverket 1989), art. Alvdalen (pid 90), indelning-texten: ”1645-12-24 inforlivat Sarna och Idre, 1651-12-12 ater utbrutet Sarna (inklusive Idre)” (build input, data-raw/sfgt/) | Idre was a kapellag inside Sarna socken until 1916; the avvittring and storskifte of northern Dalarna (K. Maj:t 27 June 1879, completed 1893) left the besparingsskog undivided between them in the shares 63.285 per cent Sarna and 36.715 per cent Idre, which is a documented reason for a schematically straight boundary segment | Lantmateriet distrikt 1999 (development benchmark); areas computed from the distrikt polygons","RECLASSIFIED. There was no Sarna/Idre parish boundary before 1916: Idre was a kapellag within Sarna socken, and swehist models both as separate territorial parishes from 1652. That explains why the 49.4 km2 difference runs along one long straight segment: the land between them was held in undivided shares, not divided on the ground. The pair total is right (swehist Sarna 2264.1 + Idre 2381.5 = 4645.6, no overlap, against about 4850 km2 for the 1910 Sarna och Idre tingslag). WHERE the 1916 line runs is NOT established; an objective anchor on the modern line is the boundary point at RT90 (2.5 gon V) 6849.6 / 1330.2 from SKSFS 1991:3. Geometry: model Idre as a non-territorial kapellag inside Sarna to 1915-12-31, or keep the split and correct the line."
B48,boundary_note,parish,{9396AE4E-A0B0-11D3-9E53-009027B0FCE9},Idre forsamling 1652-,1652-01-01,1915-12-31,no parish line before 1916,"Sveriges forsamlingar genom tiderna (Skatteverket 1989), art. Alvdalen (pid 90), indelning-texten: ”1645-12-24 inforlivat Sarna och Idre, 1651-12-12 ater utbrutet Sarna (inklusive Idre)” (build input, data-raw/sfgt/) | Lantmateriet distrikt 1999 (development benchmark); areas computed from the distrikt polygons",The other side of B47.
B49,name,parish,{9396AE1D-A0B0-11D3-9E53-009027B0FCE9},Kolsva forsamling,1943-01-01,1950-12-31,Bro-Malma,"SCB, Folkmangden inom administrativa omraden den 31 december 1950 (SOS), Anm. till Vastmanlands lan: ”Enl. k. beslut den 20 okt. 1950 skall Bro-Malma socken, kommun och forsamling benamnas Kolsva”; https://share.scb.se/ov9993/data/historisk%20statistik/SOS%201911-/Befolkningsstatistik/Folkm%C3%A4ngden%20inom%20administrativa%20omr%C3%A5den%20%28SOS%29%201910-1961/Folkm%C3%A4ngden-inom-administrativa-omr%C3%A5den-1950.pdf","swehist dates 'Kolsva forsamling' 1943-1990, which is the right period for the unit but the wrong name for 1943-1950: it was Bro-Malma then, formed from Bro and Malma in 1943 (swehist has Bro forsamling 1600-1942), and renamed Kolsva with effect from 1951-01-01. Quote from the SCB volume as OCR'd locally; obvious scan errors corrected, diacritics dropped in this file."
B50,boundary_note,parish,{9396AE1D-A0B0-11D3-9E53-009027B0FCE9},Kolsva forsamling,1943-01-01,1990-12-31,no error: the 33 km2 moved in 1995,"SCB, Befolkningsstatistik 1994, del 1 (SOS), Bilaga 2, s. 185-186: ”ett omrade med 241 personer overforts fran 198304 Kolsva forsamling till 198303 Himmeta-Bro forsamling”; https://share.scb.se/OV9993/Data/Historisk%20statistik/SOS%201911-/Befolkningsstatistik/ | Lantmateriet distrikt 1999 (development benchmark); areas computed from the distrikt polygons","NO ERROR IN swehist. The 33.4 km2 difference against the 1999 Himmeta-Bro distrikt is a real transfer that took effect on 1995-01-01, when Himmeta was also renamed Himmeta-Bro: the southern part of the old Bro socken went from Kolsva to Himmeta-Bro. That is after swehist's period, so the 1999 layer is simply later. Action: exclude post-1990 changes from the distrikt benchmark, or date them."
B51,boundary_note,parish,,Lastringe forsamling,1600-01-01,1990-12-31,no error: the 33 km2 moved in 1992,"SCB, Befolkningsstatistik 1991, del 1 (SOS), Bilaga 2 avd. B, s. 185: ”ett omrade med 122 personer overforts fran 0480 Nykopings kommun, 048023 Lastringe forsamling till 0461 Gnesta kommun, 046101 Frustuna-Kattnas forsamling”; https://share.scb.se/OV9993/Data/Historisk%20statistik/SOS%201911-/Befolkningsstatistik/ | SCB, Folkmangd 31 december 1979 (SOS), del 1, Bilaga 1: Bogsta, Sattersta and Torsaker joined Lastringe on 1980-01-01 | Lantmateriet distrikt 1999 (development benchmark); areas computed from the distrikt polygons","NO ERROR IN swehist, and not a pairing artefact of unrelated units either. The 32.9 km2 piece is the old Torsakers socken (Rono harad, D-lan), 33.7 km2 in 1882, which joined Lastringe on 1980-01-01 and then went to Frustuna-Kattnas on 1992-01-01 - after swehist's period. Tell-tale: the parish comparison with the distrikt layer has no Torsaker (D-lan) row at all. topo_id not looked up."
B52,membership,parish,{9396A788-A0B0-11D3-9E53-009027B0FCE9},Tjurko forsamling,1952-01-01,1963-12-31,Karlskrona stad,"SCB, Folkmangden inom administrativa omraden den 31 december 1951 (SOS), Anm. till Blekinge lan: ”Den 1 jan. 1952 inforlivades Tjurko och Aspo med Karlskrona stad”; https://share.scb.se/ov9993/data/historisk%20statistik/SOS%201911-/Befolkningsstatistik/Folkm%C3%A4ngden%20inom%20administrativa%20omr%C3%A5den%20%28SOS%29%201910-1961/Folkm%C3%A4ngden-inom-administrativa-omr%C3%A5den-1951.pdf | Kungsholmen was transferred from Tjurko to Karlskrona on 1904-01-01 (K. brev 1902-09-05)","Tjurko and Aspo kommuner became part of Karlskrona stad on 1952-01-01 while the forsamling ran to 1963 (swehist 1888-1963). A membership and identity matter; the 6.6 km2 boundary difference itself is B53. Quote from the SCB volume as OCR'd locally; obvious scan errors corrected, diacritics dropped in this file."
B53,boundary_note,parish,{9396A786-A0B0-11D3-9E53-009027B0FCE9},Karlskrona stadsforsamling,1964-01-01,1988-12-31,-6.6 km2 on 1989-01-01,"SCB, Folkmangd 31 december 1988 (SOS), del 1-2 (SOS), Bilaga 2 avd. C, s. 94: ”Inom 1080 Karlskronas kommun har ett omrade med 160 personer overforts fran 108001 Karlskrona stadsforsamling till 108011 Sturko forsamling”; https://share.scb.se/OV9993/Data/Historisk%20statistik/SOS%201911-/Befolkningsstatistik/ | Lantmateriet distrikt 1999 (development benchmark); areas computed from the distrikt polygons | Caveat: for coastal units the Lantmateriet distrikt area includes sea, so those km2 are not comparable with historical land areas (iou_land is far above iou for Marstrand, Lycke, Sturko and Norrkopings Hedvig)","ESTABLISHED AND DATED, and inside swehist's period. The 6.6 km2 that swehist keeps in Karlskrona stadsforsamling (as Tjurko before 1964) went to Sturko forsamling on 1989-01-01. Geometry: a territory period ending 1988-12-31 for Karlskrona stadsforsamling and a new one for Sturko from 1989-01-01."
B54,boundary_note,parish,{9396AA7F-A0B0-11D3-9E53-009027B0FCE9},Marstrands forsamling,1600-01-01,1990-12-31,-7 km2: Lycke's islands (source error),"C. M. Rosenberg, Geografiskt-statistiskt handlexikon ofver Sverige (1882-83), art. ”Marstrand”: Marstrands stad 7.34 km2 = Marstrandson, Koon and a few holmar (development benchmark) | SCB, Folkrakningen den 31 december 1910 (SOS) I. Areal och folkmangd for sarskilda forvaltningsomraden, Tab. 1 s. 0 (Goteborgs och Bohus lan): Marstrand 8:33 total / 7:83 land; the 1952 figure is 8:19 / 8:13; Lycke socken 36.1 km2 land of which 17.7 km2 islands (Kloveron, Inston, Krakeron, Nordon); https://share.scb.se/ov9993/data/historisk%20statistik//SOS%201911-/Folk-%20och%20bostadsr%C3%A4kningarna/Folkr%C3%A4kningen%201910-1960/Folkr%C3%A4kningen%201910%20(SOS)/Folkrakningen-1910_1.pdf | Lantmateriet distrikt 1999 (development benchmark); areas computed from the distrikt polygons | Caveat: for coastal units the Lantmateriet distrikt area includes sea, so those km2 are not comparable with historical land areas (iou_land is far above iou for Marstrand, Lycke, Sturko and Norrkopings Hedvig)","ESTABLISHED as a source error: Marstrands stad never grew. It was 7.34 km2 in 1882, 8.33 in 1910 and 8.19 in 1952, and MIS 1986:5 shows no enlargement 1952-86. The islands Kloveron, Inston, Krakeron and Nordon belong to Lycke socken. swehist's Lycke (18.3 km2) is roughly Lycke's mainland only: it has lost the islands, and about 7 km2 of them are given to Marstrand. Geometry: give the islands back to Lycke. Note that the 1999 distrikt areas here include sea and are not comparable with the historical land areas."
B55,boundary_note,parish,{9396AA82-A0B0-11D3-9E53-009027B0FCE9},Lycke forsamling,1600-01-01,1990-12-31,+18 km2 of islands missing (source error),"SCB, Folkrakningen den 31 december 1910 (SOS) I. Areal och folkmangd for sarskilda forvaltningsomraden, Tab. 1 s. 0 (Goteborgs och Bohus lan): Lycke socken 36.1 km2 land, of which 17.7 km2 islands; https://share.scb.se/ov9993/data/historisk%20statistik//SOS%201911-/Folk-%20och%20bostadsr%C3%A4kningarna/Folkr%C3%A4kningen%201910-1960/Folkr%C3%A4kningen%201910%20(SOS)/Folkrakningen-1910_1.pdf | Lantmateriet distrikt 1999 (development benchmark); areas computed from the distrikt polygons | Caveat: for coastal units the Lantmateriet distrikt area includes sea, so those km2 are not comparable with historical land areas (iou_land is far above iou for Marstrand, Lycke, Sturko and Norrkopings Hedvig)","The other side of B54: Lycke should hold about 36 km2 of land including Kloveron, Inston, Krakeron and Nordon; swehist has 18.3 km2, about the mainland only. This is the same failure mode as B43 and B62 - the source loses a parish's detached parts - and is worth a targeted build check."
B56,boundary_note,parish,,Styrstads forsamling,1600-01-01,1990-12-31,,"SCB, Folkrakningen den 31 december 1910 (SOS) I. Areal och folkmangd for sarskilda forvaltningsomraden, Tab. 1 s. 0 (Ostergotlands lan): Styrstad 20:49 km2; https://share.scb.se/ov9993/data/historisk%20statistik//SOS%201911-/Folk-%20och%20bostadsr%C3%A4kningarna/Folkr%C3%A4kningen%201910-1960/Folkr%C3%A4kningen%201910%20(SOS)/Folkrakningen-1910_1.pdf | SCB, Folkmangden inom administrativa omraden den 31 december 1951 (SOS), Anm. till Ostergotlands lan: ”Den 1 jan. 1952 inforlivades Styrstad och Tingstad med Norrkoping”; https://share.scb.se/ov9993/data/historisk%20statistik/SOS%201911-/Befolkningsstatistik/Folkm%C3%A4ngden%20inom%20administrativa%20omr%C3%A5den%20%28SOS%29%201910-1961/Folkm%C3%A4ngden-inom-administrativa-omr%C3%A5den-1951.pdf | SCB, Folkmangden inom administrativa omraden den 31 december 1947 (SOS), Anm. till Ostergotlands lan: ”Den 1 jan. 1948 overflyttades obebodda omraden fran S:t Olai och Ostra Eneby till Hedvig”; https://share.scb.se/ov9993/data/historisk%20statistik/SOS%201911-/Befolkningsstatistik/Folkm%C3%A4ngden%20inom%20administrativa%20omr%C3%A5den%20%28SOS%29%201910-1961/Folkm%C3%A4ngden-inom-administrativa-omr%C3%A5den-1947.pdf | Lantmateriet distrikt 1999 (development benchmark); areas computed from the distrikt polygons | Caveat: for coastal units the Lantmateriet distrikt area includes sea, so those km2 are not comparable with historical land areas (iou_land is far above iou for Marstrand, Lycke, Sturko and Norrkopings Hedvig)","NOT ESTABLISHED, probably a source error. Styrstad was 20.49 km2 in 1910, is 20.88 in swehist and 19.45 in the 1999 distrikt, so nothing of 6 km2 left it; Norrkopings Hedvig grew from 4.12 to 25.50 km2, but the documented gains are from S:t Olai and Ostra Eneby in 1948, not from Styrstad. Checked: the 1910 census; the FAO Anmarkningar 1913-1952, 1955, 1960; the SCB Indelningsandringar 1967-1996 (Vrinnevi was broken out of Hedvig in 1992). Gap: the 1953-54, 1956-59 and 1961-66 change lists. topo_id not looked up. Quote from the SCB volume as OCR'd locally; obvious scan errors corrected, diacritics dropped in this file."
B57,boundary_note,parish,{9396ABC3-A0B0-11D3-9E53-009027B0FCE9},Habo forsamling,1780-01-01,1990-12-31,,"C. M. Rosenberg, Geografiskt-statistiskt handlexikon ofver Sverige (1882-83), art. ”Gustav Adolf (R-lan)”: 106.2 km2 in 1882, close to the 1999 distrikt 111.2 (development benchmark) | SCB, Folkrakningen den 31 december 1910 (SOS) I. Areal och folkmangd for sarskilda forvaltningsomraden, Tab. 1 s. 0 (Skaraborgs lan): Gustav Adolf 85:2 km2, close to swehist's 92.6; https://share.scb.se/ov9993/data/historisk%20statistik//SOS%201911-/Folk-%20och%20bostadsr%C3%A4kningarna/Folkr%C3%A4kningen%201910-1960/Folkr%C3%A4kningen%201910%20(SOS)/Folkrakningen-1910_1.pdf | Sveriges forsamlingar genom tiderna (Skatteverket 1989), art. Habo (pid 1180), lan-texten: ”-1889 huvuddelen i Skaraborgs lan, del (Aplaskifte, Drottningstorp, Fexhult, Gigared, Karshult, Roshult, Algafall och Lilla-Falla) i Jonkopings lan, 1890 overfort delen i Jonkopings lan utom Lilla-Falla till Skaraborgs lan samt Lilla-Falla till Bottnaryd i Jonkopings lan” (build input, data-raw/sfgt/) | Lantmateriet distrikt 1999 (development benchmark); areas computed from the distrikt polygons","NOT ESTABLISHED for the 14 km2 that swehist takes from Gustav Adolf (R-lan). The two area series straddle the difference - Rosenberg 1882 gives Gustav Adolf 106.2 km2, close to the 1999 distrikt (111.2), while the 1910 census gives 85.2, close to swehist (92.6) - and no change is recorded in between. Two premise corrections that came out of this: Gustav Adolf (R) was formed in 1780, and Habo and Mullsjo moved from Skaraborgs to Jonkopings lan on 1998-01-01, not in 1974. Checked: Rosenberg; the 1910 census and its Skaraborg Anmarkningar; SFGT; the FAO Anmarkningar 1913-1960; the SCB Indelningsandringar 1967-1996."
B58,boundary_note,parish,{9396AF85-A0B0-11D3-9E53-009027B0FCE9},Linsells forsamling,1798-01-01,1990-12-31,,"C. M. Rosenberg, Geografiskt-statistiskt handlexikon ofver Sverige (1882-83), art. ”Linsell”: 1182 km2 (development benchmark) | SCB, Folkrakningen den 31 december 1920. I, s. 5*-6*: ”I en hel del fall har emellertid genom forsorg av rikets allmanna kartverk erhallits sarskilda arealutrakningar pa grundval av den topografiska kartan, namligen for hela Norrbottens, Gavleborgs och Jamtlands lan samt nagra socknar i Vasterbottens och Kopparbergs lan”, and s. 5*: ”rikets allmanna kartverk sedan foregaende folkrakning utfort fullstandiga matningar av ytterligare tre lan - Blekinge, Malmohus och Vastmanlands” (so a 1882/1910 vs 1920 area gap in those counties is a measurement correction, not a boundary change) | Lantmateriet distrikt 1999 (development benchmark); areas computed from the distrikt polygons","NOT ESTABLISHED. The 35.6 km2 piece between swehist's Linsell and the 1999 Hede distrikt is unexplained, and the published figures scatter by more than 35 km2 - partly because Jamtlands lan was recomputed for the 1920 census. An objective anchor on the modern line is the boundary point at RT90 (2.5 gon V) 6900.36 / 1375.36 from SKSFS 1991:3. Checked: Rosenberg; the 1910 census (Hede tingslag, Linsell's row not legible); the FAO Anmarkningar 1913-1960; the SCB Indelningsandringar 1967-1996."
B59,boundary_note,parish,{9396A3F6-A0B0-11D3-9E53-009027B0FCE9},Tierps forsamling,1600-01-01,1990-12-31,exclave 19.0 km2 now in Soderfors; before 1885,"SCB, Folkrakningen den 31 december 1910 (SOS) I, Anmarkningar till Uppsala lan, tryckt s. 14: ”Till Tierps socken hora dels 1/2 mtl Grimsarbo (gamla) n:r 3 och 3 1/2 mtl Mehede by, vilka skiljas fran socknen i ovrigt genom Soderfors socken, och dels torpen Ostanas, Siggeboda och Mellanbrunn, vilka aro belagna inom Tolfta socken. Forslag att overflytta dessa torp till Tolfta socken har av K. Majt d. 19 maj 1885 ej bifallits. Likaledes har forslag att overflytta Grimsarbo (gamla) n:r 3 och Mehede by fran Tierp till Soderfors av K. Majt ... ej bifallits”; https://share.scb.se/ov9993/data/historisk%20statistik//SOS%201911-/Folk-%20och%20bostadsr%C3%A4kningarna/Folkr%C3%A4kningen%201910-1960/Folkr%C3%A4kningen%201910%20(SOS)/Folkrakningen-1910_1.pdf | C. M. Rosenberg, Geografiskt-statistiskt handlexikon ofver Sverige (1882-83): Tierp described as reaching ”i n. med en flik naende Dalelfven” (development benchmark; his land areas are printed in tunnland, 1 tnld = 4936.4 m2, and agree with the 1999 forsamling land areas to about 1 per cent on controls)","ESTABLISHED AND NAMED: the exclave is 1/2 mantal Grimsarbo (gamla) nr 3 and 3 1/2 mantal Mehede by, separated from the rest of Tierp by Soderfors socken. It existed before the 1885 refusal (the Tolfta torp); a second reading of the same note dates the Soderfors refusal to 1889-03-16. Arithmetic: swehist Tierp 359.5 + 19.0 = 378.5 against the 1999 distrikt's 377.0, and the 1910 figure of 372.49 includes it. Note 19 of the same page records Soderfors' own detached part the other way (1 mtl Gortson in Hedesunda kommun and Gavleborgs lan), which SFGT dates 1825-09-29 to 1935. Soderfors was cut out of Tierp on 1699-11-02."
B60,boundary_note,parish,{9396A649-A0B0-11D3-9E53-009027B0FCE9},Skatelovs forsamling,1600-01-01,1990-12-31,exclave 7.7 km2 now in Vastra Torsas; before 1889,"SCB, Folkrakningen den 31 december 1910 (SOS) I, Anmarkningar till Kronobergs lan, tryckt s. 34: ”Av Allbo-haradsdelen ligga tvenne omraden, benamnda Ostra och Vastra Skogen, inom Vastra Torsas socken. Forslag ... blev av K. Majt d. 29 mars 1889 ej bifallet”; https://share.scb.se/ov9993/data/historisk%20statistik//SOS%201911-/Folk-%20och%20bostadsr%C3%A4kningarna/Folkr%C3%A4kningen%201910-1960/Folkr%C3%A4kningen%201910%20(SOS)/Folkrakningen-1910_1.pdf","ESTABLISHED AND NAMED: the two forest parcels Ostra Skogen and Vastra Skogen belong to Skatelov (its Allbo harad part) and lie inside Vastra Torsas; a regulation was refused on 1889-03-29. Skatelov was split between Allbo and Kinnevald hundreds. The inhabited part of the Allbo portion went to Vastra Torsas on 1924-01-01 (B34); these uninhabited parcels did not, and are still Skatelov in 1999."
B61,boundary_note,parish,{9396ACE0-A0B0-11D3-9E53-009027B0FCE9},Fryksande forsamling,1600-01-01,1990-12-31,"exclave 26.5 km2 now in Vitsand; probably from 1822, present by 1882","Lantmateriet distrikt 1999 (development benchmark) | SCB, Folkrakningen den 31 december 1910 (SOS) I, Anmarkningar till Varmlands lan, tryckt s. 92: ”(for the neighbouring Ostmark boundary) hemman tillhorande Fryksande socken ... blev av K. Majt d. 3 nov. 1893 ej bifallet”; https://share.scb.se/ov9993/data/historisk%20statistik//SOS%201911-/Folk-%20och%20bostadsr%C3%A4kningarna/Folkr%C3%A4kningen%201910-1960/Folkr%C3%A4kningen%201910%20(SOS)/Folkrakningen-1910_1.pdf | C. M. Rosenberg, Geografiskt-statistiskt handlexikon ofver Sverige (1882-83): Fryksande's area is unchanged between 1882 and 1999, and the 1910 figure of 522.13 km2 includes the exclave (development benchmark; his land areas are printed in tunnland, 1 tnld = 4936.4 m2, and agree with the 1999 forsamling land areas to about 1 per cent on controls)","WEAK TO MODERATE. Vitsand was carved out of Fryksande in 1822 and Fryksande's area is unchanged from 1882 to 1999, so the exclave most likely dates from that split: jordebok hemman of the mother parish were left inside the daughter parish. The mechanism is documented verbatim for Fryksande's boundary with Ostmark rather than with Vitsand (refusal 1893-11-03). The Vitsand piece itself is not named in any source found."
B62,boundary_note,parish,{9396AF55-A0B0-11D3-9E53-009027B0FCE9},Naskotts forsamling,1600-01-01,1990-12-31,"exclave 14.5 km2 now in Offerdal; described as fabodland, not dated","Lantmateriet distrikt 1999 (development benchmark) | The piece is described as a fabodland with the fabodar Alisandbodarna and Gammalbodarna, west of Akersjon between Follinge and Offerdal - the clearest statement of the avvittring and fabod pattern found, but undated and Wikipedia-only, so WEAK","Owner certain from the area arithmetic (swehist Naskott 116.4 + 14.5 + 12.5 = 143.4 against the 1999 distrikt's 144.8); origin NOT established. Naskott's 1910 area (145:20) is a pre-survey figure for a county recomputed for the 1920 census, so it cannot date the exclave either, and Rosenberg's Naskott figure (39.2 km2) is out by a factor of four."
B63,boundary_note,parish,{9396AF55-A0B0-11D3-9E53-009027B0FCE9},Naskotts forsamling,1600-01-01,1990-12-31,exclave 12.5 km2 now in Alsen; candidate 1952-01-01,"Lantmateriet distrikt 1999 (development benchmark) | SCB, Folkmangden inom administrativa omraden den 31 december 1951 (SOS), Anm. till Jamtlands lan, tryckt s. 48: ”Den 1 jan. 1952 overflyttades till Naskott ett omrade med 233 inv. fran Rodon och ett omrade med 179 inv. fran Alsen”","Owner certain; the documented transfer of an area with 179 inhabitants from Alsen to Naskott on 1952-01-01 is a candidate for this piece, but the source gives inhabitants, not an area or a location, so it is NOT established that this is the same land."
B64,boundary_note,parish,{9396AEB1-A0B0-11D3-9E53-009027B0FCE9},Ramsjo forsamling,1852-01-01,1990-12-31,exclave 7.9 km2 now in Ljusdal; inferred 1852,Lantmateriet distrikt 1999 (development benchmark) | Ramsjo was carved out of Ljusdals socken on 1852-02-10,"WEAK. Ramsjo cannot have had an exclave before it existed, and it was carved out of Ljusdal on 1852-02-10, so 1852 is the natural date; the exclave itself is undocumented. Arithmetic: swehist Ramsjo 761.7 + 7.9 = 769.6 against the 1910 figure of 768.95 and the 1999 distrikt's 772.8; note that Gavleborgs lan was recomputed for the 1920 census, so the 1910 figure is a pre-survey one."
B65,boundary_note,parish,{9396AF1F-A0B0-11D3-9E53-009027B0FCE9},Torsakers forsamling (Y-lan),1600-01-01,1990-12-31,exclave 39.2 km2 now in Ytterlannas; since at least 1882,"C. M. Rosenberg, Geografiskt-statistiskt handlexikon ofver Sverige (1882-83): Torsaker (Vasternorrland) land 18,514 tnld = 91.4 km2, against 91.10 km2 of land in the 1999 forsamling (development benchmark; his land areas are printed in tunnland, 1 tnld = 4936.4 m2, and agree with the 1999 forsamling land areas to about 1 per cent on controls) | Lantmateriet distrikt 1999 (development benchmark): swehist 56.4 + 39.2 = 95.6 against a distrikt total of 95.2","ESTABLISHED as Torsaker's by 1882: its contiguous body is only about 52 km2, so the 39 km2 exclave is inside the 1882 figure of 91.4. NB the exclave is separated from the parish by DALS socken, not by Ytterlannas; Ytterlannas is only the swehist polygon that absorbs it. Origin date not established. This also accounts for the 38.9 km2 difference between swehist's Ytterlannas and the 1999 distrikt (B40)."
B66,boundary_note,parish,{9396AEA8-A0B0-11D3-9E53-009027B0FCE9},Ljusdals forsamling,1852-01-01,1990-12-31,exclave 105.7 km2 now in Farila; since at least 1882,"C. M. Rosenberg, Geografiskt-statistiskt handlexikon ofver Sverige (1882-83): Ljusdal land 222,979 tnld = 1100.8 km2 and Farila 249,094 tnld = 1229.8 km2, against 1089.76 and 1221.56 km2 of land in the 1999 forsamlingar (development benchmark; his land areas are printed in tunnland, 1 tnld = 4936.4 m2, and agree with the 1999 forsamling land areas to about 1 per cent on controls) | Lantmateriet distrikt 1999 (development benchmark): swehist Ljusdal 1206.7 + 105.7 = 1312.4 against a distrikt total of 1303.9, and swehist Farila 1022.1 - 105.7 = 916.4 exactly matches the Farila distrikt","ESTABLISHED that the land was Ljusdal's by 1882: Rosenberg's 1882 land area for Ljusdal already includes it and Farila's does not, and the same arithmetic holds against the 1999 areas. The largest exclave in the set. ORIGIN date NOT established - no text names the piece. Checked: the SCB FAO Anmarkningar 1913-1960 for Ljusdal and Farila (only Karbole broken out of Farila on 1923-01-01 and a small 1940-01-01 transfer of fastigheter from Ljusdal to Farila); the 1910 Gavleborg Anmarkningar. Note on the 1910 Anmarkningar: they are a selective register, not a census of exclaves - only jordebok-level irregularities that had been petitioned to K. Majt, all traceable to the 1882 committee report (Underdanigt betankande angaende reglering av oregelbundenheter i rikets administrativa, judiciella, ecklesiastika och kommunala indelningar, 9 okt. 1882). Large uncontested utskogar, skogsskiften and fabodskogar are not listed, so absence from them is no evidence that an exclave did not exist; all ten relevant county blocks were read in full and 5 of the 20 largest exclaves are there. No digitised copy of the 1882 betankande was found; it is the highest-value unread source for this set."
B67,boundary_note,parish,{9396AF54-A0B0-11D3-9E53-009027B0FCE9},Rodons forsamling,1600-01-01,1990-12-31,,"Lantmateriet distrikt 1999 (development benchmark) | C. M. Rosenberg, Geografiskt-statistiskt handlexikon ofver Sverige (1882-83): Rodon land 112.4 km2 and Aspas 232.1 km2 in 1882, against 148.54 and 198.30 km2 in the 1999 forsamlingar - i.e. Rodon GREW by 36 km2 and Aspas SHRANK by 34, which argues for a date later than 1882 (development benchmark; his land areas are printed in tunnland, 1 tnld = 4936.4 m2, and agree with the 1999 forsamling land areas to about 1 per cent on controls)","NOT ESTABLISHED, and probably not early. The exclaves are described as fabod land north of the parish core (one splits Aspas in two), which fits the avvittring pattern, but the 1882-1999 area arithmetic runs the wrong way for an ancient holding and the six documented Rodon transfers of 1935-1952 all run out of Rodon. Window 1882-1952. Checked: Rosenberg 1882; the 1910 Jamtland Anmarkningar; the SCB FAO Anmarkningar 1913-1960. The description of the exclaves is Wikipedia-only wording and is treated as weak. Note on the 1910 Anmarkningar: they are a selective register, not a census of exclaves - only jordebok-level irregularities that had been petitioned to K. Majt, all traceable to the 1882 committee report (Underdanigt betankande angaende reglering av oregelbundenheter i rikets administrativa, judiciella, ecklesiastika och kommunala indelningar, 9 okt. 1882). Large uncontested utskogar, skogsskiften and fabodskogar are not listed, so absence from them is no evidence that an exclave did not exist; all ten relevant county blocks were read in full and 5 of the 20 largest exclaves are there. No digitised copy of the 1882 betankande was found; it is the highest-value unread source for this set."
B68,boundary_note,parish,{9396AF54-A0B0-11D3-9E53-009027B0FCE9},Rodons forsamling,1600-01-01,1990-12-31,,Lantmateriet distrikt 1999 (development benchmark); areas computed from the distrikt polygons (the exclave verified absent from the raw Riksarkivet polygons),Second Rodon exclave; see B67. NOT ESTABLISHED.
B69,boundary_note,parish,{9396AE7A-A0B0-11D3-9E53-009027B0FCE9},Gustafs forsamling,1633-01-01,1990-12-31,exclave 26.4 km2 now in Silvberg; present by 1910,"SCB, Folkrakningen den 31 december 1910 (SOS) I, Tab. 1, Kopparbergs lan s. 103: Gustafs 108:76 km2 land and Silvberg 128:87, i.e. the Lantmateriet split (127.9 / 155.2) rather than swehist's (84.1 / 199.0) | C. M. Rosenberg, Geografiskt-statistiskt handlexikon ofver Sverige (1882-83): Gustafs only 78.2 km2 of land in 1882, when Gustafs and Silvberg were still counted together in the jordebok (development benchmark; his land areas are printed in tunnland, 1 tnld = 4936.4 m2, and agree with the 1999 forsamling land areas to about 1 per cent on controls)","ESTABLISHED as present by 1910 (the 1910 division of land between Gustafs and Silvberg is Lantmateriet's, not swehist's); ORIGIN not established. Both were kapell of Stora Tuna and became separate jordeboksocknar only by a decision of 1888-10-26 (Wikipedia-only, weak), and Rosenberg 1882 still gives them a joint area, so the enclaves may date from 1775 or from 1888. Geometry: move both enclaves to Gustafs; this also fixes B43."
B70,boundary_note,parish,{9396AE7A-A0B0-11D3-9E53-009027B0FCE9},Gustafs forsamling,1633-01-01,1990-12-31,exclave 17.2 km2 now in Silvberg; present by 1910,Lantmateriet distrikt 1999 (development benchmark); areas computed from the distrikt polygons (the exclave verified absent from the raw Riksarkivet polygons),Second Gustafs enclave; see B69.
B71,boundary_note,parish,{9396AE3C-A0B0-11D3-9E53-009027B0FCE9},Djura forsamling,1640-01-01,1990-12-31,,Lantmateriet distrikt 1999 (development benchmark); areas computed from the distrikt polygons (the exclave verified absent from the raw Riksarkivet polygons),"NOT ESTABLISHED. No source describes a detached part of Djura. Djura was never a socken: it is a kapellforsamling carved out of Leksand about 1640, 'nagra byar pa v. sidan af Osterdalelfven', an annexforsamling from 1923-08-09, so Rosenberg gives no separate area for it. Checked: Rosenberg 1882; the 1910 Kopparberg Anmarkningar; the SCB FAO Anmarkningar 1913-1960. Note on the 1910 Anmarkningar: they are a selective register, not a census of exclaves - only jordebok-level irregularities that had been petitioned to K. Majt, all traceable to the 1882 committee report (Underdanigt betankande angaende reglering av oregelbundenheter i rikets administrativa, judiciella, ecklesiastika och kommunala indelningar, 9 okt. 1882). Large uncontested utskogar, skogsskiften and fabodskogar are not listed, so absence from them is no evidence that an exclave did not exist; all ten relevant county blocks were read in full and 5 of the 20 largest exclaves are there. No digitised copy of the 1882 betankande was found; it is the highest-value unread source for this set."
B72,boundary_note,parish,{9396AE3C-A0B0-11D3-9E53-009027B0FCE9},Djura forsamling,1640-01-01,1990-12-31,,Lantmateriet distrikt 1999 (development benchmark); areas computed from the distrikt polygons (the exclave verified absent from the raw Riksarkivet polygons),Second Djura exclave; see B71. NOT ESTABLISHED.
B73,boundary_note,parish,{9396AE44-A0B0-11D3-9E53-009027B0FCE9},Boda forsamling (W-lan),1618-01-01,1990-12-31,,Lantmateriet distrikt 1999 (development benchmark); areas computed from the distrikt polygons (the exclave verified absent from the raw Riksarkivet polygons),"NOT ESTABLISHED; best candidate 1888-10-26. Boda's eastward enclaves are confirmed to exist and look like the forest and fabod land of Boda's villages, but Boda was a chapel of Rattvik from 1618 and stood in the jordebok under Rattvik until a decision of 1888-10-26 (Wikipedia-only, weak), so Rosenberg 1882 still counts Boda's area inside Rattvik's. Rosenberg's land area for Boda is about 51 km2 below the 1999 figure. Bingsjo-Dadrans forsamling existed only 1918-1992. Checked: Rosenberg; the 1910 Kopparberg Anmarkningar; the FAO Anmarkningar 1913-1960."
B74,boundary_note,parish,{9396AF96-A0B0-11D3-9E53-009027B0FCE9},Nas forsamling (Z-lan),1600-01-01,1990-12-31,,Lantmateriet distrikt 1999 (development benchmark); areas computed from the distrikt polygons (the exclave verified absent from the raw Riksarkivet polygons),"NOT ESTABLISHED. No source checked mentions a detached part of Nas socken (Z-lan). The only documented change is the transfer of an area with 2 inhabitants from Nas to Lockne on 1952-01-01. Checked: Rosenberg 1882; the 1910 Jamtland Anmarkningar; the SCB FAO Anmarkningar 1913-1960. Note on the 1910 Anmarkningar: they are a selective register, not a census of exclaves - only jordebok-level irregularities that had been petitioned to K. Majt, all traceable to the 1882 committee report (Underdanigt betankande angaende reglering av oregelbundenheter i rikets administrativa, judiciella, ecklesiastika och kommunala indelningar, 9 okt. 1882). Large uncontested utskogar, skogsskiften and fabodskogar are not listed, so absence from them is no evidence that an exclave did not exist; all ten relevant county blocks were read in full and 5 of the 20 largest exclaves are there. No digitised copy of the 1882 betankande was found; it is the highest-value unread source for this set."
B75,boundary_note,parish,{9396A416-A0B0-11D3-9E53-009027B0FCE9},Skuttunge forsamling,1600-01-01,1990-12-31,"exclave 20.2 km2 now in Balinge (C-lan); since at least 1882, cause pre-1882","SCB, Folkrakningen den 31 december 1910 (SOS) I, Anmarkningar till Uppsala lan, tryckt s. 14: ”Genom fordelning av Balinge harads allmanning pa hemmanen i haradets samtliga socknar avensom pa atskilliga hemman i Gamla Uppsala socken, hava granserna mellan Akerby, Jumkils, Balinge och Skuttunge socknar samt hithorande del av Harbo blivit i hogsta matto oregelbundna. Forslag att i allo forlagga delarna av forna haradsallmanningen till de socknar, dit delarna hora, blev av K. Majt d. 7 april 1893 ej bifallet”; https://share.scb.se/ov9993/data/historisk%20statistik//SOS%201911-/Folk-%20och%20bostadsr%C3%A4kningarna/Folkr%C3%A4kningen%201910-1960/Folkr%C3%A4kningen%201910%20(SOS)/Folkrakningen-1910_1.pdf | C. M. Rosenberg, Geografiskt-statistiskt handlexikon ofver Sverige (1882-83): Skuttunge, ”i synnerhet en franskild nordvestlig del vid den (numera dock betydligt invallade) sjon Temnaren”; land 15,804 tnld = 78.03 km2, against 78.0 km2 in the 1999 forsamling (development benchmark; his land areas are printed in tunnland, 1 tnld = 4936.4 m2, and agree with the 1999 forsamling land areas to about 1 per cent on controls)","ESTABLISHED WITH A CAUSE, the best documented case in the set. Skuttunge had a detached north-western part at Lake Tamnaren in 1882, and the 1910 note names the cause: the division of Balinge harads allmanning among the farms of all the parishes of the hundred, which made the Akerby/Jumkil/Balinge/Skuttunge boundaries 'i hogsta matto oregelbundna'. A proposal to place the pieces of the former hundred common in the parishes they lie in was refused on 1893-04-07. The division is already 'forna haradsallmanningen' in 1910 and so predates 1882; its year was not found. A partial regulation followed on 1972-01-01, when an uninhabited area went from Skuttunge to Balinge (SCB, Folkmangd 31 december 1971), so the exclave survived a 20th-century tidying-up. The same cause covers the small Akerby exclaves in Balinge and Jumkil."
B76,boundary_note,parish,{9396AF99-A0B0-11D3-9E53-009027B0FCE9},Brunflo forsamling,1821-01-01,1990-12-31,,Lantmateriet distrikt 1999 (development benchmark); areas computed from the distrikt polygons (the exclave verified absent from the raw Riksarkivet polygons),"NOT ESTABLISHED. Brunflo does have an outlying part north-east of Lake Ismunden with former fabodar (Klappebodarna), about 10 km2, but no source dates it, and the detached Brunflo holding that the 1910 notes DO record is a different one: 'Till Brunflo socken horande 7/24 mtl Lugmanslandet ligger inom Sundsjo socken', refused 1883-03-09. Checked: Rosenberg; the 1910 Jamtland Anmarkningar; the FAO Anmarkningar 1913-1960."
B77,boundary_note,parish,{9396AF99-A0B0-11D3-9E53-009027B0FCE9},Brunflo forsamling,1821-01-01,1990-12-31,,Lantmateriet distrikt 1999 (development benchmark); areas computed from the distrikt polygons (the exclave verified absent from the raw Riksarkivet polygons),"Second Brunflo exclave; see B76. NOT ESTABLISHED, and the direction of ownership needs checking on a map, because Lockne also has enclaves in that area."
B78,boundary_note,parish,{9396AFEB-A0B0-11D3-9E53-009027B0FCE9},Skeleftea landsforsamling,1600-01-01,1990-12-31,,"Lantmateriet distrikt 1999 (development benchmark); areas computed from the distrikt polygons (the exclave verified absent from the raw Riksarkivet polygons) | SCB, Folkmangden inom administrativa omraden den 31 december 1948 (SOS), Anm. till Vasterbottens lan: ”Vid samma tidpunkt overflyttades ett omrade med 14 inv. fran Skellefteå landskommun (Kagedalens forsamling) till Byske (Fallfors forsamling)”; https://share.scb.se/ov9993/data/historisk%20statistik/SOS%201911-/Befolkningsstatistik/Folkm%C3%A4ngden%20inom%20administrativa%20omr%C3%A5den%20%28SOS%29%201910-1961/Folkm%C3%A4ngden-inom-administrativa-omr%C3%A5den-1948.pdf","NOT ESTABLISHED; candidate 1933. Kagedalens forsamling was carved out of Skellefteå landsforsamling in 1933, not in 1961-62 (the 1962 division produced Boliden), so the exclave cannot be older than 1933, but no source describes or dates it. swehist's Kagedalen (329.1 km2) matches the 1999 distrikt (326.8). Checked: the SCB FAO Anmarkningar 1913-1960 for Skellefteå and Kagedalen - only the 1948 transfer of an area with 14 inhabitants from Kagedalen to Byske/Fallfors."
B79,boundary_note,parish,{9396AF72-A0B0-11D3-9E53-009027B0FCE9},Mattmars forsamling,1600-01-01,1990-12-31,,"SCB, Folkrakningen den 31 december 1910 (SOS) I. Areal och folkmangd for sarskilda forvaltningsomraden, Tab. 1 s. 117, Mattmar 228:80 total / 203:00 land; https://share.scb.se/ov9993/data/historisk%20statistik//SOS%201911-/Folk-%20och%20bostadsr%C3%A4kningarna/Folkr%C3%A4kningen%201910-1960/Folkr%C3%A4kningen%201910%20(SOS)/Folkrakningen-1910_1.pdf | Lantmateriet distrikt 1999 (development benchmark); areas computed from the distrikt polygons (the exclave verified absent from the raw Riksarkivet polygons)","NOT ESTABLISHED. No source names the piece, and Mattmar's land area nearly doubled between 1882 (113.9 km2) and 1999 (203.00), so its 1999 territory is not its 1882 territory and the areas cannot date the exclave. Checked: Rosenberg; the 1910 census (Mattmar 228:80 / 203:00) and its Jamtland Anmarkningar; the FAO Anmarkningar 1913-1960."
B80,boundary_note,parish,{9396AE35-A0B0-11D3-9E53-009027B0FCE9},Mockfjards forsamling,1600-01-01,1990-12-31,exclave 7.8 km2 now in Gagnef; candidate 1934-01-01,"Lantmateriet distrikt 1999 (development benchmark) | Candidate event: on 1934-01-01 (decision 1933-02-24) Gagnef transferred to Mockfjard 'Grada bys utskog' plus parts of Kraftbolaget 16-17, 67.00 km2 of which 64.30 land - more than half of Mockfjard (129.3 km2 in 1976). The only source found for this is the Swedish Wikipedia article on Mockfjard, WHICH IS NOT AN ACCEPTABLE CITATION; the figures were not found in SCB's 1933 or 1934 annuals and the primary source (probably Sveriges forsamlingar genom tiderna) was not consulted","WEAK. The candidate is precise and self-consistent, and an utskog moved without its village is exactly how an exclave arises, but it is NOT established. Checked: the SCB FAO Anmarkningar for 1933 and 1934 (no such note); the 1910 census, where 'Gagnef och Mockfjards kapell utgora en kommun', so no separate 1910 area exists. Arithmetic: swehist Mockfjard 46.8 + 7.8 + 5.7 = 60.3 against the 1999 distrikt's 61.1."
B81,boundary_note,parish,{9396AE35-A0B0-11D3-9E53-009027B0FCE9},Mockfjards forsamling,1600-01-01,1990-12-31,exclave 5.7 km2 now in Gagnef; candidate 1934-01-01,Lantmateriet distrikt 1999 (development benchmark); areas computed from the distrikt polygons (the exclave verified absent from the raw Riksarkivet polygons),Second Mockfjard exclave; see B80. WEAK.
B82,boundary_note,parish,{9396A796-A0B0-11D3-9E53-009027B0FCE9},Fridlevstads forsamling,1846-01-01,1990-12-31,exclave 7.5 km2 now in Sillhovda; before 1885,"SCB, Folkrakningen den 31 december 1910 (SOS) I, Anmarkningar till Blekinge lan, tryckt s. 45: ”Hemmanen Eskilsmala och Holmamala, om 1/4 mtl vartdera, tillhora Fridlevstads socken, men skiljas darifran genom omgivande delar av Sillhovda och Rodeby socknar. Forslag att overflytta hemmanen till Sillhovda blev av K. Majt d. 13 febr. 1885 ej bifallet”; https://share.scb.se/ov9993/data/historisk%20statistik//SOS%201911-/Folk-%20och%20bostadsr%C3%A4kningarna/Folkr%C3%A4kningen%201910-1960/Folkr%C3%A4kningen%201910%20(SOS)/Folkrakningen-1910_1.pdf","ESTABLISHED AND NAMED: the detached part is the hemman Eskilsmala and Holmamala, a quarter mantal each, belonging to Fridlevstad but surrounded by parts of Sillhovda and Rodeby. A transfer to Sillhovda was refused on 1885-02-13. Arithmetic: swehist Fridlevstad 96.6 + 7.5 = 104.1 against the 1999 distrikt's 105.1. Origin not established."
B83,boundary_note,parish,{9396AE6A-A0B0-11D3-9E53-009027B0FCE9},Bjursas forsamling,1600-01-01,1990-12-31,,Lantmateriet distrikt 1999 (development benchmark); areas computed from the distrikt polygons (the exclave verified absent from the raw Riksarkivet polygons),"NOT ESTABLISHED. Bjursas has exclaves in Leksands socken and on the Leksand/Rattvik line, but no source dates them and Bjursas's land area grew from 82.6 km2 (1882) to 152.91 (1999), so the areas cannot date them either. Bjursas was taken out of Als socken in 1583/1607, enlarged in 1792 with 'Gopa tunnlag' and gained Vrebro by on 1929-01-01. Checked: Rosenberg; the 1910 census and its Kopparberg Anmarkningar; the FAO Anmarkningar 1913-1960."
B84,boundary_note,parish,{9396A6E5-A0B0-11D3-9E53-009027B0FCE9},Sankt Sigfrids forsamling,1856-01-01,1990-12-31,exclave 6.3 km2 now in Madesjo; from 1856,"SCB, Folkrakningen den 31 december 1910 (SOS) I, Anmarkningar till Kalmar lan, tryckt s. 41: ”S:t Sigfrids socken delas i tva delar genom 1/2 mtl Uddabo, som tillhor Ljungby socken. Forslag ... blev av K. Majt d. 16 febr. 1884 ej bifallet”; https://share.scb.se/ov9993/data/historisk%20statistik//SOS%201911-/Folk-%20och%20bostadsr%C3%A4kningarna/Folkr%C3%A4kningen%201910-1960/Folkr%C3%A4kningen%201910%20(SOS)/Folkrakningen-1910_1.pdf","ESTABLISHED that the parish has been in two parts since it was created: Sankt Sigfrid was formed in 1856 from 16 named Ljungby villages plus Gardsryd from Mortorp in 1860 and became its own jordebokssocken in 1880; the 1910 note says the socken is divided in two by half a mantal Uddabo belonging to Ljungby, with a refusal on 1884-02-16. Arithmetic: swehist 40.1 + 6.3 = 46.4 against the 1999 distrikt's 46.3. NOT verified: that the modern holder of the dividing strip is Madesjo rather than Ljungby."
B85,boundary_note,parish,{9396B037-A0B0-11D3-9E53-009027B0FCE9},Pitea stadsforsamling,1686-01-01,1990-12-31,exclave 6.1 km2 now in Hortlax,Lantmateriet distrikt 1999 (development benchmark); areas computed from the distrikt polygons (the exclave verified absent from the raw Riksarkivet polygons),"Owner certain, origin date not established."
B86,boundary_note,parish,{9396AEC7-A0B0-11D3-9E53-009027B0FCE9},Soderhamns forsamling,1620-01-01,1990-12-31,exclave 5.5 km2 now in Norrala,Lantmateriet distrikt 1999 (development benchmark); areas computed from the distrikt polygons (the exclave verified absent from the raw Riksarkivet polygons),"Owner certain, origin date not established."
B87,boundary_note,parish,,Horns forsamling (R-lan),1600-01-01,1990-12-31,exclave 5.3 km2 now in Timmersdala,Lantmateriet distrikt 1999 (development benchmark); areas computed from the distrikt polygons (the exclave verified absent from the raw Riksarkivet polygons),"Owner certain, origin date not established. A second, 2.0 km2 Horn exclave lies in Frosve. topo_id not looked up."
B88,boundary_note,parish,{9396A587-A0B0-11D3-9E53-009027B0FCE9},Allhelgona forsamling (E-lan),1600-01-01,1990-12-31,exclave 4.9 km2 now in Skanninge,Lantmateriet distrikt 1999 (development benchmark); areas computed from the distrikt polygons (the exclave verified absent from the raw Riksarkivet polygons),"Owner certain, origin date not established. Allhelgona and Skanninge are the town and its rural parish, so this may be a town/parish boundary matter rather than a forest exclave."
B89,boundary_note,parish,{9396AF98-A0B0-11D3-9E53-009027B0FCE9},Marieby forsamling,1600-01-01,1990-12-31,exclave 4.6 km2 now in Brunflo,Lantmateriet distrikt 1999 (development benchmark); areas computed from the distrikt polygons (the exclave verified absent from the raw Riksarkivet polygons),"Owner certain, origin date not established. Together with B09 this accounts for swehist's Marieby being 13 km2 smaller than the 1999 distrikt."
B90,boundary_note,parish,{9396A945-A0B0-11D3-9E53-009027B0FCE9},Jonstorps forsamling,1600-01-01,1990-12-31,exclave 4.5 km2 now in Vasby,"SCB, Folkrakningen den 31 december 1910 (SOS) I. Areal och folkmangd for sarskilda forvaltningsomraden, Tab. 1 s. 60, Anmarkningar till Malmohus lan: ”Av Brunnby socken ligga dessutom 6 hemmansdelar inom Jonstorps sockenomrade”; https://share.scb.se/ov9993/data/historisk%20statistik//SOS%201911-/Folk-%20och%20bostadsr%C3%A4kningarna/Folkr%C3%A4kningen%201910-1960/Folkr%C3%A4kningen%201910%20(SOS)/Folkrakningen-1910_1.pdf | Lantmateriet distrikt 1999 (development benchmark); areas computed from the distrikt polygons (the exclave verified absent from the raw Riksarkivet polygons)","Owner certain, origin date not established. The 1910 Malmohus Anmarkningar record detached hemmansdelar in this neighbourhood (Brunnby inside Jonstorp), which shows the phenomenon there but is not the same piece."
B91,boundary_note,parish,,(54 further exclaves below 4.1 km2),1600-01-01,1990-12-31,exclaves 78 km2 in total,Lantmateriet distrikt 1999 (development benchmark); areas computed from the distrikt polygons (the exclave verified absent from the raw Riksarkivet polygons),"The remaining 54 distrikt exclaves that swehist lacks, each below 4.1 km2 and together about 78 km2, are the same class: territory the Riksarkivet source dropped and the enclosing parish absorbed. They are listed in that file with the owner (the distrikt name) and the host (the swehist parish). No source research was done on them individually. Geometry: handle them in the same mechanical pass as B59-B90."
B92,boundary_note,parish,,(about 35 further Rosenberg pairs),1600-01-01,1990-12-31,,"C. M. Rosenberg, Geografiskt-statistiskt handlexikon ofver Sverige (1882-83), art. ”various” (development benchmark) | Lantmateriet distrikt 1999 (development benchmark); areas computed from the distrikt polygons","NOT DATED, as a class. Ostra Emtervik/Stora Kil, Torrskog/Nossemark, Langared/Ostad, Tonnersjo/Breared, Hassleby/Ingatorp, Bringetofta/Savsjo/Malmback, Backe/Odskolt/Raggard, Dagsas/Sibbarp, Bjorsater/Bredsater, Lagmansered/Stora Mellby, Rada (O)/Partille/Landvetter/Orgryte, Habo/Bottnaryd, Fora/Alboke/Persnas, Kattnas/Dillnas, Markim/Skanela, Glostorp/Lockarp, Solberga/Katslosa, Kyrkokopinge/Gylle, Bjorkeberg, and the Skaraborg cluster (Segerstad/Stenstorp/Norra Lundby/Varnhem/Brunnhem, Sventorp/Locketorp/Suntetorp/Forsby, Asaka/Trassberg, Skallmeja/Vastra Gerum/Saleby, Kyrketorp/Hogstena). For every one of these swehist agrees with the 1999 distrikt to within a few per cent and disagrees with Rosenberg 1882, so the class is an unmodelled boundary change between 1882 and 1999. Checked for each name: the SCB FAO Anmarkningar for 1913, 1914, 1920-1952, 1955 and 1960, both as single names in a change sentence and as pairs within one 350-character window - no hit. Likely reasons: the change was before 1911, or it was a fastighetsreglering that SCB did not report, or it falls in the volumes not held (1915-1919, 1953-54, 1956-59). Next source: SFS, andring i rikets indelning, year by year per county."
